waypoint,x,y
0,0.000000,0.000000
1,48.013038,0.000000
2,48.176845,-85.903595
3,-8.392549,-87.577262
4,-36.959296,-100.764218
5,-36.996728,-100.947604
6,-37.064709,-101.121990
7,-37.161271,-101.282325
8,-37.283617,-101.423970
9,-37.428206,-101.542822
10,-37.590851,-101.635440
11,-37.766844,-101.699144
12,-37.951089,-101.732088
13,-38.138253,-101.733319
14,-38.322916,-101.702802
15,-38.499732,-101.641419
16,-38.663582,-101.550949
17,-65.139482,-113.772731
18,-65.211407,-113.930884
19,-65.307337,-114.075740
20,-65.424878,-114.203684
21,-65.561099,-114.311525
22,-65.712600,-114.396573
23,-65.875602,-114.456706
24,-66.046039,-114.490424
25,-66.219660,-114.496885
26,-66.392132,-114.475929
27,-66.559153,-114.428078
28,-114.295994,-136.464317
29,-114.301342,-136.651826
30,-114.338473,-136.835699
31,-114.406306,-137.010590
32,-114.502868,-137.171413
33,-114.625352,-137.313490
34,-114.770196,-137.432690
35,-114.933186,-137.525546
36,-115.109584,-137.589358
37,-115.294259,-137.622270
38,-115.481842,-137.623326
39,-115.666876,-137.592493
40,-115.843980,-137.530670
41,-116.008005,-137.439654
42,-116.154181,-137.322091
43,-142.428059,-149.450616
44,-142.469546,-149.627081
45,-142.539452,-149.794336
46,-142.635879,-149.947839
47,-142.756207,-150.083421
48,-142.897168,-150.197400
49,-143.054935,-150.286679
50,-143.225222,-150.348836
51,-143.403406,-150.382181
52,-143.584646,-150.385808
53,-143.764021,-150.359621
54,-143.936660,-150.304329
55,-144.097873,-150.221434
56,-170.619005,-162.464096
57,-170.702157,-162.627649
58,-170.811339,-162.775107
59,-170.943511,-162.902365
60,-171.094997,-163.005884
61,-171.261583,-163.082783
62,-171.438633,-163.130923
63,-171.621222,-163.148964
64,-171.804269,-163.136405
65,-171.982683,-163.093596
66,-219.867127,-185.197971
67,-219.963688,-185.358043
68,-220.085959,-185.499453
69,-220.230410,-185.618116
70,-220.392868,-185.710606
71,-220.568642,-185.774251
72,-220.752654,-185.807212
73,-220.939591,-185.808539
74,-221.124052,-185.778191
75,-235.103338,-192.231297
76,-289.802867,-196.001661
77,-289.792632,-194.998582
78,-130.023317,-183.985902
79,-17.933383,-175.257323
80,-289.782397,-193.995504
81,-289.772162,-192.992426
82,-10.992227,-173.776506
83,-11.060993,-172.778873
84,-289.761927,-191.989348
85,-289.751691,-190.986269
86,-284.406602,-190.617840
87,-284.249090,-190.683983
88,-284.083237,-190.724940
89,-283.913042,-190.739723
90,-283.742611,-190.727975
91,-283.576054,-190.689981
92,-283.417389,-190.626655
93,-283.270442,-190.539526
94,-11.129758,-171.781240
95,-11.198524,-170.783607
96,-171.237384,-181.814867
97,-171.395411,-181.895664
98,-171.564376,-181.949995
99,-171.739879,-181.976445
100,-171.917352,-181.974325
101,-172.092173,-181.943691
102,-172.259792,-181.885340
103,-178.140392,-182.290682
104,-178.297319,-182.393869
105,-178.469513,-182.468856
106,-178.651953,-182.513457
107,-178.839321,-182.526372
108,-179.026156,-182.507225
109,-179.207010,-182.456573
110,-179.376611,-182.375893
111,-185.065081,-182.767991
112,-185.213949,-182.887774
113,-185.381300,-182.979988
114,-185.562083,-183.041851
115,-185.750844,-183.071497
116,-185.941887,-183.068031
117,-186.129449,-183.031557
118,-186.307869,-182.963176
119,-186.471764,-182.864952
120,-192.004375,-183.246308
121,-192.142287,-183.378613
122,-192.301017,-183.485051
123,-192.475773,-183.562410
124,-192.661282,-183.608353
125,-192.851943,-183.621495
126,-193.042001,-183.601439
127,-193.225719,-183.548790
128,-193.397551,-183.465136
129,-193.552312,-183.353005
130,-198.954633,-183.725379
131,-199.080414,-183.867211
132,-199.228680,-183.985340
133,-199.395026,-184.076258
134,-199.574513,-184.137265
135,-199.761808,-184.166549
136,-199.951351,-184.163240
137,-200.137510,-184.127437
138,-200.314758,-184.060202
139,-200.477829,-183.963533
140,-200.621881,-183.840300
141,-205.913478,-184.205043
142,-206.026766,-184.354206
143,-206.163719,-184.481986
144,-206.320366,-184.584677
145,-206.492165,-184.659304
146,-206.674134,-184.703701
147,-206.860997,-184.716581
148,-207.047337,-184.697571
149,-207.227750,-184.647222
150,-207.397005,-184.566994
151,-207.550195,-184.459214
152,-207.682878,-184.327005
153,-212.879570,-184.685206
154,-212.980385,-184.839970
155,-213.105674,-184.975684
156,-213.251905,-185.088521
157,-213.414954,-185.175300
158,-213.590224,-185.233575
159,-213.772774,-185.261701
160,-213.957456,-185.258887
161,-214.139065,-185.225212
162,-214.312478,-185.161625
163,-214.472807,-185.069918
164,-214.615532,-184.952679
165,-214.736628,-184.813211
166,-219.851922,-185.165801
167,-219.940475,-185.324791
168,-220.054030,-185.467004
169,-220.189479,-185.588549
170,-220.343113,-185.686098
171,-220.510729,-185.756982
172,-220.687737,-185.799259
173,-220.869294,-185.811774
174,-221.050429,-185.794182
175,-221.226185,-185.746967
176,-221.391751,-185.671420
177,-221.542595,-185.569609
178,-221.674589,-185.444321
179,-221.784119,-185.298985
180,-226.829864,-185.646781
181,-226.906464,-185.808858
182,-227.008372,-185.956341
183,-227.132883,-186.085312
184,-227.276688,-186.192347
185,-227.435969,-186.274603
186,-227.606495,-186.329894
187,-227.783738,-186.356754
188,-227.962990,-186.354467
189,-228.139490,-186.323096
190,-228.308551,-186.263472
191,-228.465682,-186.177180
192,-228.606710,-186.066512
193,-228.727890,-185.934406
194,-228.826003,-185.784372
195,-233.812794,-186.128105
196,-233.883407,-186.303667
197,-233.983065,-186.464529
198,-234.108818,-186.605931
199,-234.256946,-186.723687
200,-234.423064,-186.814313
201,-234.602257,-186.875128
202,-234.789221,-186.904330
203,-234.978424,-186.901056
204,-235.164266,-186.865403
205,-235.341247,-186.798427
206,-235.504131,-186.702108
207,-235.648096,-186.579298
208,-235.768882,-186.433630
209,-235.862916,-186.269417
210,-240.800368,-186.609749
211,-240.858559,-186.786121
212,-240.945593,-186.950189
213,-241.058990,-187.097276
214,-241.195515,-187.223189
215,-241.351277,-187.324339
216,-241.521837,-187.397842
217,-241.702332,-187.441603
218,-241.887616,-187.454374
219,-242.072407,-187.435792
220,-242.251439,-187.386386
221,-242.419607,-187.307564
222,-242.572117,-187.201574
223,-242.704622,-187.071436
224,-242.813344,-186.920861
225,-242.895184,-186.754142
226,-247.792310,-187.091694
227,-247.838581,-187.268209
228,-247.913397,-187.434646
229,-248.014698,-187.586424
230,-248.139697,-187.719367
231,-248.284955,-187.829816
232,-248.446473,-187.914732
233,-248.619806,-187.971777
234,-248.800185,-187.999382
235,-248.982646,-187.996787
236,-249.162167,-187.964064
237,-249.333809,-187.902113
238,-249.492847,-187.812638
239,-249.634904,-187.698103
240,-249.756072,-187.561659
241,-249.853017,-187.407061
242,-249.923069,-187.238564
243,-254.788363,-187.573922
244,-254.826266,-187.760821
245,-254.895880,-187.938365
246,-254.995113,-188.101217
247,-255.120981,-188.244483
248,-255.269702,-188.363857
249,-255.436805,-188.455751
250,-255.617269,-188.517402
251,-255.805668,-188.546958
252,-255.996341,-188.543531
253,-256.183557,-188.507223
254,-256.361688,-188.439126
255,-256.525381,-188.341287
256,-256.669716,-188.216645
257,-256.790354,-188.068948
258,-256.883670,-187.902635
259,-256.946859,-187.722704
260,-261.788392,-188.056425
261,-261.814343,-188.241785
262,-261.871345,-188.420063
263,-261.957746,-188.586096
264,-262.071045,-188.735078
265,-262.207961,-188.862694
266,-262.364531,-188.965251
267,-262.536222,-189.039779
268,-262.718062,-189.084120
269,-262.904788,-189.096991
270,-263.090993,-189.078019
271,-263.271285,-189.027752
272,-263.440446,-188.947648
273,-263.593577,-188.840024
274,-263.726245,-188.707996
275,-263.834610,-188.555388
276,-263.915533,-188.386617
277,-263.966672,-188.206570
278,-268.792288,-188.539194
279,-268.806767,-188.722585
280,-268.851607,-188.900999
281,-268.925552,-189.069445
282,-269.026535,-189.223213
283,-269.151732,-189.358001
284,-269.297641,-189.470039
285,-269.460181,-189.556195
286,-269.634806,-189.614058
287,-269.816633,-189.642011
288,-270.000574,-189.639270
289,-270.181487,-189.605914
290,-270.354311,-189.542874
291,-270.514212,-189.451915
292,-270.656719,-189.335579
293,-270.777845,-189.197121
294,-270.874203,-189.040414
295,-270.943098,-188.869839
296,-270.982602,-188.690169
297,-275.799985,-189.022225
298,-275.804443,-189.213285
299,-275.841904,-189.400691
300,-275.911235,-189.578785
301,-276.010345,-189.742190
302,-276.136242,-189.885975
303,-276.285125,-190.005800
304,-276.452501,-190.098047
305,-276.633317,-190.159932
306,-276.822115,-190.189587
307,-277.013197,-190.186116
308,-277.200794,-190.149626
309,-277.379243,-190.081216
310,-277.543159,-189.982952
311,-277.687594,-189.857801
312,-277.808186,-189.709539
313,-277.901298,-189.542642
314,-277.964117,-189.362149
315,-277.994748,-189.173507
316,-282.811463,-189.505516
317,-282.849467,-189.324233
318,-282.917349,-189.151896
319,-283.013184,-188.993392
320,-283.134256,-188.853215
321,-283.277131,-188.735340
322,-283.437759,-188.643109
323,-283.611585,-188.579136
324,-283.793680,-188.545236
325,-283.978882,-188.542371
326,-284.161939,-188.570620
327,-284.337661,-188.629184
328,-284.501066,-188.716401
329,-284.647520,-188.829799
330,-284.772871,-188.966163
331,-284.873565,-189.121626
332,-284.946746,-189.291780
333,-284.990340,-189.471800
334,-285.003112,-189.656583
335,-289.741456,-189.983191
336,-289.731221,-188.980113
337,-277.435491,-188.132585
338,-277.288811,-188.064048
339,-277.133661,-188.017784
340,-276.973399,-187.994794
341,-276.811500,-187.995578
342,-276.651468,-188.020117
343,-276.496773,-188.067880
344,-270.542640,-187.657470
345,-270.391938,-187.564647
346,-270.228299,-187.497195
347,-270.055960,-187.456861
348,-269.879383,-187.444690
349,-269.703140,-187.460996
350,-269.531794,-187.505358
351,-269.369781,-187.576627
352,-263.623820,-187.180565
353,-263.478429,-187.069795
354,-263.316703,-186.984628
355,-263.143108,-186.927417
356,-262.962435,-186.899742
357,-262.779674,-186.902366
358,-262.599870,-186.935218
359,-262.427988,-186.997389
360,-262.268775,-187.087164
361,-256.688750,-186.702540
362,-256.552583,-186.578131
363,-256.397543,-186.478221
364,-256.227990,-186.405621
365,-256.048689,-186.362371
366,-255.864683,-186.349688
367,-255.681144,-186.367928
368,-255.503233,-186.416577
369,-255.335951,-186.494270
370,-255.184002,-186.598820
371,-249.741809,-186.223697
372,-249.616602,-186.088812
373,-249.470659,-185.976689
374,-249.308065,-185.890467
375,-249.133372,-185.832561
376,-248.951469,-185.804590
377,-248.767449,-185.807338
378,-248.586463,-185.840728
379,-248.413577,-185.903825
380,-248.253630,-185.994864
381,-248.111100,-186.111295
382,-242.785514,-185.744209
383,-242.671975,-185.601256
384,-242.536356,-185.479050
385,-242.382394,-185.380956
386,-242.214329,-185.309677
387,-242.036789,-185.267175
388,-241.854665,-185.254622
389,-241.672973,-185.272362
390,-241.496717,-185.319908
391,-241.330752,-185.395949
392,-241.179648,-185.498392
393,-241.047569,-185.624415
394,-235.821649,-185.264200
395,-235.719972,-185.114988
396,-235.595255,-184.984420
397,-235.450857,-184.876015
398,-235.290671,-184.792691
399,-235.119012,-184.736696
400,-234.940505,-184.709538
401,-234.759960,-184.711947
402,-234.582241,-184.743860
403,-234.412138,-184.804417
404,-234.254232,-184.891986
405,-234.112780,-185.004207
406,-233.991592,-185.138056
407,-228.851241,-184.783739
408,-228.761361,-184.629731
409,-228.647780,-184.492268
410,-228.513480,-184.374963
411,-228.361992,-184.280899
412,-228.197296,-184.212547
413,-228.023721,-184.171703
414,-227.845826,-184.159441
415,-227.668288,-184.176083
416,-227.495771,-184.221192
417,-227.332810,-184.293581
418,-227.183686,-184.391350
419,-227.052318,-184.511929
420,-226.942158,-184.652148
421,-221.875033,-184.302878
422,-221.789697,-184.133710
423,-221.676595,-183.981696
424,-221.539084,-183.851346
425,-221.381244,-183.746528
426,-221.207757,-183.670352
427,-221.023772,-183.625077
428,-220.834747,-183.612048
429,-220.646290,-183.631651
430,-220.463992,-183.683303
431,-220.293263,-183.765473
432,-220.139168,-183.875723
433,-220.006279,-184.010782
434,-219.898538,-184.166641
435,-214.893689,-183.821664
436,-214.821004,-183.650426
437,-214.720504,-183.493885
438,-214.595061,-183.356518
439,-214.448266,-183.242253
440,-214.284314,-183.154359
441,-214.107897,-183.095348
442,-213.924058,-183.066909
443,-213.738056,-183.069855
444,-213.555210,-183.104102
445,-213.380749,-183.168671
446,-213.219664,-183.261714
447,-213.076561,-183.380571
448,-212.955532,-183.521842
449,-212.860040,-183.681487
450,-207.907587,-183.340121
451,-207.847079,-183.167629
452,-207.758840,-183.007538
453,-207.645309,-182.864271
454,-207.509619,-182.741783
455,-207.355518,-182.643458
456,-207.187261,-182.572010
457,-207.009496,-182.529413
458,-206.827131,-182.516843
459,-206.645202,-182.534647
460,-206.468734,-182.582333
461,-206.302600,-182.658585
462,-206.151387,-182.761297
463,-206.019272,-182.887632
464,-205.909903,-183.034102
465,-205.826300,-183.196661
466,-200.917047,-182.858273
467,-200.868272,-182.685218
468,-200.791958,-182.522421
469,-200.690142,-182.374231
470,-200.565545,-182.244606
471,-200.421496,-182.137010
472,-200.261844,-182.054318
473,-200.090853,-181.998739
474,-199.913092,-181.971757
475,-199.733311,-181.974094
476,-199.556311,-182.005687
477,-199.386823,-182.065692
478,-199.229374,-182.152505
479,-199.088170,-182.263809
480,-198.966985,-182.396628
481,-198.869055,-182.547415
482,-198.796997,-182.712141
483,-193.922298,-182.376135
484,-193.881576,-182.192551
485,-193.810181,-182.018586
486,-193.710198,-181.859323
487,-193.584550,-181.719417
488,-193.436908,-181.602956
489,-193.271587,-181.513344
490,-193.093419,-181.453200
491,-192.907611,-181.424281
492,-192.719591,-181.427432
493,-192.534856,-181.462562
494,-192.358804,-181.528644
495,-192.196579,-181.623746
496,-192.052923,-181.745089
497,-191.932034,-181.889128
498,-191.837445,-182.051652
499,-191.771920,-182.227912
500,-186.923545,-181.893720
501,-186.894633,-181.711306
502,-186.835610,-181.536301
503,-186.748138,-181.373637
504,-186.634685,-181.227901
505,-186.498448,-181.103201
506,-186.343268,-181.003052
507,-186.173519,-180.930277
508,-185.993988,-180.886929
509,-185.809734,-180.874228
510,-185.625953,-180.892534
511,-185.447824,-180.941330
512,-185.280371,-181.019240
513,-185.128313,-181.124069
514,-184.995937,-181.252860
515,-184.886974,-181.401984
516,-184.804497,-181.567236
517,-184.750831,-181.743958
518,-179.920894,-181.411037
519,-179.903349,-181.230239
520,-179.856289,-181.054794
521,-179.780998,-180.889486
522,-179.679528,-180.738822
523,-179.554648,-180.606911
524,-179.409761,-180.497351
525,-179.248820,-180.413128
526,-179.076212,-180.356539
527,-178.896645,-180.329128
528,-178.715016,-180.331643
529,-178.536276,-180.364013
530,-178.365301,-180.425357
531,-178.206753,-180.514003
532,-178.064954,-180.627532
533,-177.943772,-180.762848
534,-177.846512,-180.916263
535,-177.775825,-181.083592
536,-177.733639,-181.260272
537,-172.914428,-180.928091
538,-172.906628,-180.739459
539,-172.866689,-180.554938
540,-172.795785,-180.379965
541,-172.696005,-180.219694
542,-172.570289,-180.078845
543,-172.422340,-179.961567
544,-172.256516,-179.871316
545,-172.077701,-179.810750
546,-171.891163,-179.781652
547,-171.702398,-179.784881
548,-171.516964,-179.820340
549,-171.340325,-179.886986
550,-171.177684,-179.982854
551,-171.033832,-180.105122
552,-170.913006,-180.250188
553,-170.818765,-180.413778
554,-170.753886,-180.591073
555,-170.720279,-180.776851
556,-165.904177,-180.444884
557,-165.869008,-180.629103
558,-165.803056,-180.804670
559,-165.708239,-180.966482
560,-165.587311,-181.109834
561,-165.443789,-181.230561
562,-165.281844,-181.325152
563,-165.106185,-181.390858
564,-164.921917,-181.425768
565,-164.734397,-181.428868
566,-164.549075,-181.400069
567,-164.371340,-181.340206
568,-164.206357,-181.251020
569,-164.058922,-181.135104
570,-163.933322,-180.995827
571,-163.833207,-180.837238
572,-163.761487,-180.663947
573,-163.720248,-180.480992
574,-163.710688,-180.293690
575,-158.890137,-179.961416
576,-158.843075,-180.146494
577,-158.764713,-180.320645
578,-158.657411,-180.478617
579,-158.524405,-180.615652
580,-158.369703,-180.727617
581,-158.197967,-180.811139
582,-158.014374,-180.863700
583,-157.824458,-180.883716
584,-157.633941,-180.870584
585,-157.448567,-180.824700
586,-157.273922,-180.747446
587,-157.115270,-180.641151
588,-156.977393,-180.509018
589,-156.864447,-180.355031
590,-156.779835,-180.183830
591,-156.726108,-180.000575
592,-156.704885,-179.810789
593,-151.872266,-179.477683
594,-151.817270,-179.652584
595,-151.733986,-179.815921
596,-151.624730,-179.963156
597,-151.492536,-180.090199
598,-151.341077,-180.193520
599,-151.174561,-180.270249
600,-150.997613,-180.318254
601,-150.815149,-180.336203
602,-150.632239,-180.323595
603,-150.453964,-180.280781
604,-150.285276,-180.208952
605,-150.130862,-180.110101
606,-149.995012,-179.986977
607,-149.881499,-179.842998
608,-149.793478,-179.682165
609,-149.733393,-179.508946
610,-149.702913,-179.328153
611,-144.850508,-178.993683
612,-144.783770,-179.167954
613,-144.688534,-179.328435
614,-144.567542,-179.470509
615,-144.424275,-179.590087
616,-144.262857,-179.683726
617,-144.087933,-179.748732
618,-143.904538,-179.783235
619,-143.717949,-179.786240
620,-143.533538,-179.757662
621,-143.356611,-179.698323
622,-143.192261,-179.609931
623,-143.045217,-179.495030
624,-142.919712,-179.356926
625,-142.819357,-179.199595
626,-142.747041,-179.027565
627,-142.704845,-178.845785
628,-137.824679,-178.509402
629,-137.745773,-178.682451
630,-137.638239,-178.839321
631,-137.505291,-178.975324
632,-137.350904,-179.086393
633,-137.179692,-179.169208
634,-136.996775,-179.221295
635,-136.807619,-179.241095
636,-136.617881,-179.228016
637,-136.433231,-179.182450
638,-136.259189,-179.105759
639,-136.100960,-179.000236
640,-135.963272,-178.869034
641,-135.850242,-178.716077
642,-135.765248,-178.545936
643,-135.710832,-178.363698
644,-130.794614,-178.024829
645,-130.710104,-178.185118
646,-130.600426,-178.329357
647,-130.468556,-178.453634
648,-130.318072,-178.554575
649,-130.153059,-178.629442
650,-129.977994,-178.676203
651,-129.797628,-178.693589
652,-129.616854,-178.681129
653,-129.440579,-178.639160
654,-129.273586,-178.568821
655,-129.120405,-178.472022
656,-128.985195,-178.351388
657,-128.871624,-178.210193
658,-128.782773,-178.052270
659,-128.721054,-177.881902
660,-123.760112,-177.539951
661,-123.663888,-177.697127
662,-123.542775,-177.836032
663,-123.400171,-177.952768
664,-123.240079,-178.044059
665,-123.066994,-178.107341
666,-122.885773,-178.140839
667,-122.701502,-178.143612
668,-122.519355,-178.115582
669,-122.344444,-178.057537
670,-122.181678,-177.971105
671,-122.035626,-177.858712
672,-121.910388,-177.723514
673,-121.809478,-177.569305
674,-121.735730,-177.400413
675,-116.720743,-177.054737
676,-116.612478,-177.207884
677,-116.479769,-177.340413
678,-116.326476,-177.448472
679,-116.157053,-177.528918
680,-115.976427,-177.579413
681,-115.789849,-177.598489
682,-115.602741,-177.585592
683,-115.420544,-177.541096
684,-115.248555,-177.466296
685,-115.091772,-177.363365
686,-114.954755,-177.235296
687,-114.841485,-177.085812
688,-114.755256,-176.919258
689,-109.676100,-176.569159
690,-109.555491,-176.717214
691,-109.411093,-176.842178
692,-109.247259,-176.940286
693,-109.068926,-177.008581
694,-108.881469,-177.045005
695,-108.690537,-177.048459
696,-108.501885,-177.018841
697,-108.321198,-176.957041
698,-108.153922,-176.864924
699,-108.005098,-176.745265
700,-107.879212,-176.601670
701,-107.780057,-176.438467
702,-102.625579,-176.083176
703,-102.504417,-176.213968
704,-102.363718,-176.323468
705,-102.207177,-176.408800
706,-102.038907,-176.467723
707,-101.863329,-176.498689
708,-101.685054,-176.500883
709,-101.508767,-176.474249
710,-101.339097,-176.419486
711,-101.180504,-176.338033
712,-101.037151,-176.232030
713,-100.912806,-176.104260
714,-100.810736,-175.958082
715,-95.568433,-175.596737
716,-95.436769,-175.719424
717,-95.286862,-175.819001
718,-95.122725,-175.892802
719,-94.948750,-175.938851
720,-94.769596,-175.955917
721,-94.590056,-175.943541
722,-94.414937,-175.902056
723,-94.248926,-175.832572
724,-94.096467,-175.736949
725,-93.961640,-175.617746
726,-93.848055,-175.478154
727,-88.503321,-175.109748
728,-88.361736,-175.222465
729,-88.203586,-175.310441
730,-88.033152,-175.371296
731,-87.855046,-175.403382
732,-87.674090,-175.405831
733,-87.495181,-175.378577
734,-87.323162,-175.322357
735,-87.162689,-175.238693
736,-87.018105,-175.129850
737,-86.893325,-174.998774
738,-81.428554,-174.622094
739,-81.278284,-174.722527
740,-81.113596,-174.796997
741,-80.938936,-174.843493
742,-80.759020,-174.860759
743,-80.578705,-174.848331
744,-80.402860,-174.806542
745,-80.236231,-174.736522
746,-80.083319,-174.640160
747,-79.948250,-174.520059
748,-74.341444,-174.133590
749,-74.184965,-174.218821
750,-74.016779,-174.277671
751,-73.841297,-174.308594
752,-73.663125,-174.310779
753,-73.486938,-174.284168
754,-73.317359,-174.229461
755,-73.158837,-174.148092
756,-73.015533,-174.042196
757,-67.236670,-173.643867
758,-67.079153,-173.710017
759,-66.913293,-173.750978
760,-66.743090,-173.765763
761,-66.572651,-173.754014
762,-66.406087,-173.716017
763,-66.247416,-173.652686
764,-66.100464,-173.565550
765,-11.267289,-169.785974
766,-11.336055,-168.788341
767,-16.642834,-169.154130
768,-16.713446,-169.329696
769,-16.813103,-169.490561
770,-16.938857,-169.631965
771,-17.086985,-169.749723
772,-17.253105,-169.840351
773,-17.432299,-169.901167
774,-17.619265,-169.930369
775,-17.808470,-169.927096
776,-17.994314,-169.891442
777,-18.171297,-169.824464
778,-18.334182,-169.728143
779,-18.478148,-169.605330
780,-18.598934,-169.459660
781,-18.692966,-169.295443
782,-23.630409,-169.635774
783,-23.688599,-169.812149
784,-23.775632,-169.976219
785,-23.889028,-170.123309
786,-24.025554,-170.249224
787,-24.181318,-170.350376
788,-24.351879,-170.423881
789,-24.532375,-170.467642
790,-24.717661,-170.480414
791,-24.902455,-170.461831
792,-25.081488,-170.412424
793,-25.249657,-170.333600
794,-25.402168,-170.227608
795,-25.534673,-170.097468
796,-25.643395,-169.946890
797,-25.725234,-169.780168
798,-30.622352,-170.117719
799,-30.668621,-170.294237
800,-30.743436,-170.460676
801,-30.844737,-170.612457
802,-30.969736,-170.745402
803,-31.114995,-170.855853
804,-31.276514,-170.940770
805,-31.449849,-170.997816
806,-31.630230,-171.025422
807,-31.812692,-171.022827
808,-31.992215,-170.990103
809,-32.163858,-170.928150
810,-32.322897,-170.838674
811,-32.464955,-170.724137
812,-32.586123,-170.587690
813,-32.683067,-170.433090
814,-32.753118,-170.264590
815,-37.618405,-170.599948
816,-37.656307,-170.786849
817,-37.725920,-170.964395
818,-37.825152,-171.127250
819,-37.951020,-171.270518
820,-38.099742,-171.389894
821,-38.266846,-171.481789
822,-38.447311,-171.543441
823,-38.635713,-171.572998
824,-38.826387,-171.569570
825,-39.013605,-171.533262
826,-39.191737,-171.465164
827,-39.355431,-171.367322
828,-39.499766,-171.242679
829,-39.620404,-171.094979
830,-39.713719,-170.928664
831,-39.776906,-170.748730
832,-44.618435,-171.082450
833,-44.644385,-171.267813
834,-44.701385,-171.446093
835,-44.787785,-171.612128
836,-44.901084,-171.761112
837,-45.038001,-171.888730
838,-45.194572,-171.991289
839,-45.366264,-172.065818
840,-45.548106,-172.110160
841,-45.734833,-172.123031
842,-45.921039,-172.104058
843,-46.101333,-172.053791
844,-46.270495,-171.973685
845,-46.423627,-171.866059
846,-46.556296,-171.734029
847,-46.664660,-171.581419
848,-46.745582,-171.412646
849,-46.796719,-171.232596
850,-51.622332,-171.565219
851,-51.636810,-171.748613
852,-51.681647,-171.927028
853,-51.755592,-172.095477
854,-51.856575,-172.249246
855,-51.981772,-172.384036
856,-52.127682,-172.496076
857,-52.290223,-172.582233
858,-52.464849,-172.640098
859,-52.646677,-172.668050
860,-52.830620,-172.665310
861,-53.011534,-172.631952
862,-53.184360,-172.568912
863,-53.344262,-172.477951
864,-53.486769,-172.361613
865,-53.607895,-172.223153
866,-53.704252,-172.066444
867,-53.773146,-171.895867
868,-53.812648,-171.716195
869,-58.630030,-172.048250
870,-58.634486,-172.239313
871,-58.671945,-172.426721
872,-58.741275,-172.604816
873,-58.840385,-172.768224
874,-58.966282,-172.912011
875,-59.115166,-173.031837
876,-59.282543,-173.124085
877,-59.463360,-173.185971
878,-59.652160,-173.215626
879,-59.843243,-173.212156
880,-60.030841,-173.175664
881,-60.209292,-173.107254
882,-60.373209,-173.008988
883,-60.517643,-172.883835
884,-60.638236,-172.735571
885,-60.731346,-172.568672
886,-60.794164,-172.388177
887,-60.824793,-172.199532
888,-65.641509,-172.531542
889,-65.679515,-172.350261
890,-65.747398,-172.177926
891,-65.843234,-172.019424
892,-65.964306,-171.879250
893,-66.107181,-171.761376
894,-66.267807,-171.669146
895,-66.441632,-171.605175
896,-66.623726,-171.571276
897,-66.808926,-171.568410
898,-66.991982,-171.596659
899,-67.167703,-171.655222
900,-67.331106,-171.742438
901,-67.477560,-171.855835
902,-67.602911,-171.992196
903,-67.703605,-172.147657
904,-67.776787,-172.317809
905,-67.820383,-172.497828
906,-67.833156,-172.682609
907,-72.656786,-173.015096
908,-72.706526,-172.833278
909,-72.786578,-172.662623
910,-72.894591,-172.508141
911,-73.027392,-172.374368
912,-73.181084,-172.265232
913,-73.351151,-172.183939
914,-73.532601,-172.132875
915,-73.720105,-172.113541
916,-73.908157,-172.126503
917,-74.091235,-172.171381
918,-74.263962,-172.246858
919,-74.421268,-172.350716
920,-74.558531,-172.479907
921,-74.671723,-172.630636
922,-74.757518,-172.798477
923,-74.813398,-172.978502
924,-74.837721,-173.165424
925,-79.675893,-173.498913
926,-79.733258,-173.327386
927,-79.817956,-173.167578
928,-79.927696,-173.023810
929,-80.059511,-172.899967
930,-80.209838,-172.799399
931,-80.374613,-172.724823
932,-80.549380,-172.678257
933,-80.729416,-172.660959
934,-80.909853,-172.673396
935,-81.085813,-172.715233
936,-81.252539,-172.785338
937,-81.405523,-172.881816
938,-81.540630,-173.002059
939,-81.654207,-173.142816
940,-81.743183,-173.300282
941,-81.805153,-173.470199
942,-81.838441,-173.647975
943,-86.698972,-173.983004
944,-86.767888,-173.812467
945,-86.864257,-173.655798
946,-86.985384,-173.517377
947,-87.127883,-173.401074
948,-87.287768,-173.310141
949,-87.460571,-173.247121
950,-87.641459,-173.213776
951,-87.825374,-173.211039
952,-88.007174,-173.238985
953,-88.181775,-173.296833
954,-88.344297,-173.382966
955,-88.490194,-173.494976
956,-88.615388,-173.629731
957,-88.716377,-173.783462
958,-88.790339,-173.951872
959,-88.835204,-174.130252
960,-93.726154,-174.467378
961,-93.807000,-174.298437
962,-93.915333,-174.145659
963,-94.048014,-174.013474
964,-94.201196,-173.905714
965,-94.370439,-173.825502
966,-94.550837,-173.775164
967,-94.737159,-173.756159
968,-94.924005,-173.769038
969,-95.105957,-173.813428
970,-95.277742,-173.888041
971,-95.434379,-173.990716
972,-95.571327,-174.118474
973,-95.684617,-174.267614
974,-95.770964,-174.433810
975,-95.827865,-174.612246
976,-100.757600,-174.952046
977,-100.850789,-174.785370
978,-100.971399,-174.637321
979,-101.115796,-174.512362
980,-101.279628,-174.414258
981,-101.457958,-174.345967
982,-101.645411,-174.309545
983,-101.836338,-174.306091
984,-102.024986,-174.335709
985,-102.205669,-174.397505
986,-102.372942,-174.489619
987,-102.521764,-174.609273
988,-102.647651,-174.752863
989,-102.746807,-174.916060
990,-102.816245,-175.093946
991,-107.793670,-175.437033
992,-107.891155,-175.284480
993,-108.012342,-175.149983
994,-108.153948,-175.037185
995,-108.312138,-174.949141
996,-108.482627,-174.888237
997,-108.660797,-174.856123
998,-108.841821,-174.853667
999,-109.020796,-174.880937
1000,-109.192874,-174.937194
1001,-109.353394,-175.020914
1002,-109.498008,-175.129829
1003,-109.622799,-175.260989
1004,-109.724386,-175.410842
1005,-109.800018,-175.575328
1006,-114.834696,-175.922361
1007,-114.943825,-175.774287
1008,-115.076102,-175.646468
1009,-115.227828,-175.542477
1010,-115.394762,-175.465224
1011,-115.572235,-175.416868
1012,-115.755285,-175.398761
1013,-115.938792,-175.411410
1014,-116.117627,-175.454461
1015,-116.286786,-175.526710
1016,-116.441542,-175.626137
1017,-116.577566,-175.749962
1018,-116.691054,-175.894721
1019,-116.778834,-176.056368
1020,-121.881173,-176.408065
1021,-122.002146,-176.265589
1022,-122.145494,-176.145650
1023,-122.307079,-176.051711
1024,-122.482234,-175.986485
1025,-122.665905,-175.951855
1026,-122.852786,-175.948819
1027,-123.037484,-175.977467
1028,-123.214666,-176.036971
1029,-123.379216,-176.125612
1030,-123.526383,-176.240833
1031,-123.651919,-176.379306
1032,-123.752200,-176.537033
1033,-128.933690,-176.894186
1034,-129.066611,-176.758633
1035,-129.220860,-176.647955
1036,-129.391841,-176.565447
1037,-129.574464,-176.513567
1038,-129.763286,-176.493862
1039,-129.952685,-176.506917
1040,-130.137019,-176.552343
1041,-130.310796,-176.628789
1042,-130.468840,-176.733976
1043,-130.606444,-176.864772
1044,-130.719509,-177.017280
1045,-135.993323,-177.380797
1046,-136.124038,-177.264335
1047,-136.271574,-177.170087
1048,-136.432194,-177.100439
1049,-136.601829,-177.057155
1050,-136.776183,-177.041332
1051,-136.950839,-177.053371
1052,-137.121373,-177.092967
1053,-137.283465,-177.159116
1054,-137.433010,-177.250143
1055,-137.566219,-177.363743
1056,-137.679718,-177.497038
1057,-143.061341,-177.867985
1058,-143.200957,-177.762138
1059,-143.355608,-177.679799
1060,-143.521371,-177.623060
1061,-143.694039,-177.593358
1062,-143.869233,-177.591448
1063,-144.042509,-177.617377
1064,-144.209469,-177.670489
1065,-144.365879,-177.749436
1066,-144.507770,-177.852214
1067,-144.631543,-177.976217
1068,-150.139655,-178.355884
1069,-150.286542,-178.263020
1070,-150.446222,-178.194449
1071,-150.614707,-178.151880
1072,-150.787795,-178.136378
1073,-150.961163,-178.148328
1074,-151.130487,-178.187432
1075,-151.291538,-178.252715
1076,-151.440299,-178.342547
1077,-151.573056,-178.454686
1078,-157.231856,-178.844740
1079,-157.382798,-178.767963
1080,-157.543737,-178.715265
1081,-157.710857,-178.687894
1082,-157.880198,-178.686500
1083,-158.047746,-178.711115
1084,-158.209530,-178.761157
1085,-158.361716,-178.835438
1086,-158.500697,-178.932199
1087,-164.344195,-179.334984
1088,-164.518126,-179.270912
1089,-164.700346,-179.236955
1090,-164.885681,-179.234076
1091,-165.068867,-179.262357
1092,-165.244705,-179.320994
1093,-165.408200,-179.408324
1094,-289.720986,-187.977035
1095,-289.710751,-186.973956
1096,-60.265507,-171.158609
1097,-60.118836,-171.090080
1098,-59.963694,-171.043821
1099,-59.803444,-171.020834
1100,-59.641555,-171.021617
1101,-59.481534,-171.046152
1102,-59.326847,-171.093908
1103,-53.372664,-170.683495
1104,-53.221966,-170.590678
1105,-53.058332,-170.523231
1106,-52.886001,-170.482900
1107,-52.709431,-170.470730
1108,-52.533195,-170.487034
1109,-52.361856,-170.531392
1110,-52.199848,-170.602654
1111,-46.453848,-170.206590
1112,-46.308460,-170.095825
1113,-46.146738,-170.010663
1114,-45.973147,-169.953456
1115,-45.792479,-169.925782
1116,-45.609724,-169.928405
1117,-45.429925,-169.961254
1118,-45.258048,-170.023422
1119,-45.098837,-170.113191
1120,-39.518780,-169.728565
1121,-39.382615,-169.604161
1122,-39.227578,-169.504255
1123,-39.058028,-169.431658
1124,-38.878731,-169.388410
1125,-38.694729,-169.375727
1126,-38.511195,-169.393966
1127,-38.333287,-169.442613
1128,-38.166009,-169.520302
1129,-38.014062,-169.624847
1130,-32.571842,-169.249722
1131,-32.446636,-169.114841
1132,-32.300694,-169.002722
1133,-32.138103,-168.916504
1134,-31.963413,-168.858599
1135,-31.781514,-168.830629
1136,-31.597497,-168.833377
1137,-31.416515,-168.866766
1138,-31.243631,-168.929860
1139,-31.083687,-169.020895
1140,-30.941158,-169.137322
1141,-25.615549,-168.770235
1142,-25.502009,-168.627286
1143,-25.366392,-168.505083
1144,-25.212431,-168.406992
1145,-25.044368,-168.335715
1146,-24.866832,-168.293215
1147,-24.684711,-168.280661
1148,-24.503022,-168.298401
1149,-24.326769,-168.345945
1150,-24.160806,-168.421984
1151,-24.009704,-168.524423
1152,-23.877625,-168.650442
1153,-18.651685,-168.290225
1154,-18.550008,-168.141017
1155,-18.425291,-168.010453
1156,-18.280895,-167.902050
1157,-18.120711,-167.818729
1158,-17.949054,-167.762735
1159,-17.770549,-167.735577
1160,-17.590007,-167.737987
1161,-17.412291,-167.769899
1162,-17.242189,-167.830453
1163,-17.084286,-167.918019
1164,-16.942834,-168.030237
1165,-16.821646,-168.164083
1166,-11.404820,-167.790708
1167,-11.473586,-166.793076
1168,-289.700515,-185.970878
1169,-289.690280,-184.967800
1170,-10.898140,-165.751038
1171,-10.966905,-164.753405
1172,-289.680045,-183.964722
1173,-289.669810,-182.961643
1174,-11.035671,-163.755772
1175,-11.104436,-162.758140
1176,-199.140100,-175.719181
1177,-199.284110,-175.802109
1178,-199.438969,-175.862397
1179,-199.601143,-175.898668
1180,-199.766930,-175.910096
1181,-199.932547,-175.896418
1182,-200.094213,-175.857948
1183,-200.248239,-175.795564
1184,-206.052295,-176.195629
1185,-206.193945,-176.297888
1186,-206.349997,-176.376431
1187,-206.516517,-176.429277
1188,-206.689303,-176.455093
1189,-206.863997,-176.453229
1190,-207.036192,-176.423730
1191,-207.201546,-176.367341
1192,-207.355886,-176.285484
1193,-212.982992,-176.673353
1194,-213.117192,-176.790306
1195,-213.268499,-176.884083
1196,-213.432950,-176.952226
1197,-213.606239,-176.992951
1198,-213.783828,-177.005192
1199,-213.961066,-176.988628
1200,-214.133312,-176.943693
1201,-214.296054,-176.871564
1202,-214.445031,-176.774129
1203,-219.926657,-177.151970
1204,-220.051075,-177.280264
1205,-220.194626,-177.386717
1206,-220.353520,-177.468520
1207,-220.523564,-177.523514
1208,-220.700268,-177.550246
1209,-220.878969,-177.548011
1210,-221.054950,-177.516869
1211,-221.223565,-177.457641
1212,-221.380364,-177.371890
1213,-221.521208,-177.261880
1214,-226.880337,-177.631278
1215,-226.993916,-177.768363
1216,-227.128120,-177.885331
1217,-227.279434,-177.979120
1218,-227.443896,-178.047272
1219,-227.617197,-178.088002
1220,-227.794799,-178.100244
1221,-227.972050,-178.083677
1222,-228.144307,-178.038734
1223,-228.307059,-177.966594
1224,-228.456042,-177.869145
1225,-228.587355,-177.748940
1226,-233.842011,-178.111137
1227,-233.944335,-178.255099
1228,-234.068381,-178.380828
1229,-234.210950,-178.485084
1230,-234.368366,-178.565178
1231,-234.536573,-178.619046
1232,-234.711233,-178.645298
1233,-234.887843,-178.643258
1234,-235.061849,-178.612979
1235,-235.228767,-178.555241
1236,-235.384292,-178.471532
1237,-235.524415,-178.364011
1238,-235.645523,-178.235450
1239,-240.810525,-178.591467
1240,-240.910144,-178.752516
1241,-241.035909,-178.894093
1242,-241.184093,-179.012001
1243,-241.350304,-179.102746
1244,-241.529616,-179.163639
1245,-241.716715,-179.192874
1246,-241.906056,-179.189586
1247,-242.092028,-179.153872
1248,-242.269118,-179.086790
1249,-242.432078,-178.990329
1250,-242.576079,-178.867347
1251,-242.696852,-178.721489
1252,-247.785052,-179.072211
1253,-247.871917,-179.236813
1254,-247.985289,-179.384413
1255,-248.121921,-179.510788
1256,-248.277904,-179.612319
1257,-248.448771,-179.686099
1258,-248.629631,-179.730017
1259,-248.815306,-179.742815
1260,-249.000481,-179.724128
1261,-249.179855,-179.674489
1262,-249.348293,-179.595320
1263,-249.500973,-179.488887
1264,-249.633524,-179.358238
1265,-249.742152,-179.207112
1266,-254.764870,-179.553321
1267,-254.839385,-179.720460
1268,-254.940578,-179.872932
1269,-255.065648,-180.006519
1270,-255.211135,-180.117522
1271,-255.373010,-180.202870
1272,-255.546795,-180.260200
1273,-255.727680,-180.287926
1274,-255.910658,-180.285281
1275,-256.090666,-180.252337
1276,-256.262720,-180.190007
1277,-256.422061,-180.100015
1278,-256.564277,-179.984852
1279,-256.685434,-179.847705
1280,-256.782176,-179.692371
1281,-261.749563,-180.034766
1282,-261.812142,-180.203578
1283,-261.901420,-180.359921
1284,-262.015005,-180.499606
1285,-262.149854,-180.618893
1286,-262.302356,-180.714585
1287,-262.468424,-180.784118
1288,-262.643611,-180.825632
1289,-262.823222,-180.838012
1290,-263.002448,-180.820928
1291,-263.176486,-180.774837
1292,-263.340674,-180.700974
1293,-263.490615,-180.601318
1294,-263.622292,-180.478538
1295,-263.732176,-180.335923
1296,-263.817326,-180.177294
1297,-268.738803,-180.516525
1298,-268.794223,-180.697252
1299,-268.879769,-180.865821
1300,-268.992912,-181.017255
1301,-269.130312,-181.147081
1302,-269.287911,-181.251465
1303,-269.461056,-181.327325
1304,-269.644631,-181.372421
1305,-269.833217,-181.385420
1306,-270.021244,-181.365938
1307,-270.203159,-181.314552
1308,-270.373590,-181.232778
1309,-270.527503,-181.123032
1310,-270.660354,-180.988554
1311,-270.768219,-180.833316
1312,-270.847913,-180.661903
1313,-275.732278,-180.998575
1314,-275.775551,-181.179004
1315,-275.848535,-181.349593
1316,-275.949152,-181.505487
1317,-276.074540,-181.642253
1318,-276.221132,-181.755998
1319,-276.384756,-181.843487
1320,-276.560757,-181.902230
1321,-276.744127,-181.930555
1322,-276.929650,-181.927657
1323,-277.112046,-181.893618
1324,-277.286127,-181.829407
1325,-277.446938,-181.736851
1326,-277.589905,-181.618582
1327,-277.710961,-181.477967
1328,-277.806660,-181.319006
1329,-277.874280,-181.146221
1330,-282.729822,-181.480907
1331,-282.761426,-181.660510
1332,-282.822268,-181.832424
1333,-282.910676,-181.991923
1334,-283.024221,-182.134625
1335,-283.159782,-182.256606
1336,-283.313633,-182.354514
1337,-283.481546,-182.425659
1338,-283.658905,-182.468084
1339,-283.840836,-182.480624
1340,-284.022338,-182.462935
1341,-284.198424,-182.415502
1342,-284.364254,-182.339629
1343,-284.515269,-182.237401
1344,-284.647320,-182.111628
1345,-284.756776,-181.965767
1346,-284.840630,-181.803827
1347,-284.896577,-181.630258
1348,-289.659575,-181.958565
1349,-289.649340,-180.955487
1350,-284.608121,-180.608002
1351,-284.474401,-180.492700
1352,-284.323955,-180.400278
1353,-284.160661,-180.333118
1354,-283.988724,-180.292950
1355,-283.812576,-180.280808
1356,-283.636754,-180.297006
1357,-283.465789,-180.341126
1358,-283.304085,-180.412032
1359,-283.155809,-180.507897
1360,-277.665214,-180.129437
1361,-277.541003,-180.002604
1362,-277.398008,-179.897402
1363,-277.239952,-179.816573
1364,-277.070953,-179.762221
1365,-276.895411,-179.735763
1366,-276.717899,-179.737886
1367,-276.543041,-179.768536
1368,-276.375390,-179.826915
1369,-276.219313,-179.911501
1370,-276.078875,-180.020093
1371,-270.712205,-179.650176
1372,-270.598644,-179.514361
1373,-270.464767,-179.398523
1374,-270.314040,-179.305661
1375,-270.150368,-179.238182
1376,-269.977992,-179.197832
1377,-269.801375,-179.185658
1378,-269.625092,-179.201975
1379,-269.453710,-179.246360
1380,-269.291668,-179.317662
1381,-269.143162,-179.414037
1382,-269.012041,-179.532986
1383,-263.750956,-179.170347
1384,-263.638091,-179.015414
1385,-263.500045,-178.882427
1386,-263.341008,-178.775423
1387,-263.165811,-178.697652
1388,-262.979774,-178.651474
1389,-262.788544,-178.638293
1390,-262.597930,-178.658508
1391,-262.413719,-178.711506
1392,-262.241506,-178.795678
1393,-262.086518,-178.908467
1394,-261.953464,-179.046448
1395,-256.782871,-178.690046
1396,-256.683019,-178.530127
1397,-256.557326,-178.389607
1398,-256.409484,-178.272616
1399,-256.243836,-178.182588
1400,-256.065247,-178.122169
1401,-255.878964,-178.093134
1402,-255.690459,-178.096336
1403,-255.505269,-178.131680
1404,-255.328835,-178.198128
1405,-255.166339,-178.293729
1406,-255.022555,-178.415673
1407,-254.901707,-178.560380
1408,-249.808765,-178.209330
1409,-249.721587,-178.045719
1410,-249.608171,-177.899071
1411,-249.471739,-177.773552
1412,-249.316165,-177.672728
1413,-249.145869,-177.599462
1414,-248.965687,-177.555835
1415,-248.780738,-177.543087
1416,-248.596274,-177.561579
1417,-248.417536,-177.610787
1418,-248.249600,-177.689312
1419,-248.097236,-177.794924
1420,-247.964772,-177.924624
1421,-247.855970,-178.074727
1422,-242.829246,-177.728242
1423,-242.754342,-177.562012
1424,-242.653009,-177.410439
1425,-242.528031,-177.277686
1426,-242.382842,-177.167400
1427,-242.221430,-177.082612
1428,-242.048229,-177.025651
1429,-241.868000,-176.998082
1430,-241.685692,-177.000662
1431,-241.506314,-177.033320
1432,-241.334795,-177.095160
1433,-241.175847,-177.184481
1434,-241.033837,-177.298831
1435,-240.912665,-177.435068
1436,-240.815662,-177.589448
1437,-235.844867,-177.246818
1438,-235.781845,-177.078823
1439,-235.692349,-176.923309
1440,-235.578762,-176.784414
1441,-235.444106,-176.665832
1442,-235.291963,-176.570719
1443,-235.126381,-176.501606
1444,-234.951766,-176.460331
1445,-234.772764,-176.447992
1446,-234.594137,-176.464919
1447,-234.420638,-176.510660
1448,-234.256884,-176.583998
1449,-234.107231,-176.682983
1450,-233.975661,-176.804980
1451,-233.865675,-176.946744
1452,-233.780198,-177.104503
1453,-228.855943,-176.765081
1454,-228.800021,-176.585121
1455,-228.714203,-176.417347
1456,-228.601007,-176.266683
1457,-228.463756,-176.137552
1458,-228.306478,-176.033742
1459,-228.133789,-175.958301
1460,-227.950757,-175.913442
1461,-227.762755,-175.900484
1462,-227.575299,-175.919805
1463,-227.393893,-175.970838
1464,-227.223859,-176.052087
1465,-227.070188,-176.161166
1466,-226.937391,-176.294874
1467,-226.829365,-176.449286
1468,-226.749280,-176.619872
1469,-221.862726,-176.283048
1470,-221.818901,-176.103321
1471,-221.745578,-175.933480
1472,-221.644830,-175.778328
1473,-221.519506,-175.642254
1474,-221.373151,-175.529105
1475,-221.209905,-175.442083
1476,-221.034384,-175.383648
1477,-220.851552,-175.355453
1478,-220.666581,-175.358296
1479,-220.484703,-175.392096
1480,-220.311060,-175.455897
1481,-220.150565,-175.547895
1482,-220.007756,-175.665487
1483,-219.886673,-175.805348
1484,-219.790741,-175.963523
1485,-219.722671,-176.135537
1486,-214.865449,-175.800735
1487,-214.833263,-175.621758
1488,-214.772030,-175.450529
1489,-214.683423,-175.291728
1490,-214.569865,-175.149695
1491,-214.434458,-175.028311
1492,-214.280904,-174.930895
1493,-214.113399,-174.860108
1494,-213.936520,-174.817885
1495,-213.755102,-174.805380
1496,-213.574103,-174.822935
1497,-213.398469,-174.870070
1498,-213.233001,-174.945496
1499,-213.082220,-175.047153
1500,-212.950248,-175.172262
1501,-212.840691,-175.317404
1502,-212.756544,-175.478612
1503,-212.700105,-175.651481
1504,-207.864234,-175.318151
1505,-207.841137,-175.130079
1506,-207.786107,-174.948761
1507,-207.700775,-174.779578
1508,-207.587674,-174.627549
1509,-207.450161,-174.497186
1510,-207.292314,-174.392357
1511,-207.118819,-174.316173
1512,-206.934824,-174.270894
1513,-206.745788,-174.257864
1514,-206.557320,-174.277470
1515,-206.375013,-174.329129
1516,-206.204276,-174.411309
1517,-206.050177,-174.521572
1518,-205.917286,-174.656644
1519,-205.809549,-174.812520
1520,-205.730161,-174.984572
1521,-205.681478,-175.167697
1522,-200.859174,-174.835302
1523,-200.847673,-174.649507
1524,-200.805008,-174.468312
1525,-200.732401,-174.296906
1526,-200.631931,-174.140197
1527,-200.506475,-174.002674
1528,-200.359627,-173.888274
1529,-200.195591,-173.800274
1530,-200.019065,-173.741193
1531,-199.835104,-173.712725
1532,-199.648978,-173.715684
1533,-199.466015,-173.749985
1534,-199.291456,-173.814646
1535,-199.130300,-173.907816
1536,-198.987162,-174.026826
1537,-198.866140,-174.168267
1538,-198.770702,-174.328090
1539,-198.703580,-174.501718
1540,-198.666696,-174.684177
1541,-193.850329,-174.352192
1542,-193.818515,-174.539711
1543,-193.754874,-174.718947
1544,-193.661309,-174.884541
1545,-193.540617,-175.031542
1546,-193.396407,-175.155555
1547,-193.232991,-175.252872
1548,-193.055253,-175.320584
1549,-192.868508,-175.356667
1550,-192.678338,-175.360041
1551,-192.490431,-175.330606
1552,-192.310402,-175.269243
1553,-192.143636,-175.177784
1554,-191.995117,-175.058966
1555,-191.869286,-174.916339
1556,-191.769905,-174.754169
1557,-191.699945,-174.577304
1558,-191.661498,-174.391031
1559,-191.655714,-174.200920
1560,-186.837699,-173.868821
1561,-186.797123,-174.047313
1562,-186.727508,-174.216604
1563,-186.630785,-174.372008
1564,-186.509630,-174.509221
1565,-186.367399,-174.624443
1566,-186.208030,-174.714484
1567,-186.035936,-174.776850
1568,-185.855882,-174.809815
1569,-185.672856,-174.812465
1570,-185.491923,-174.784728
1571,-185.318096,-174.727370
1572,-185.156187,-174.641982
1573,-185.010679,-174.530926
1574,-184.885602,-174.397279
1575,-184.784419,-174.244741
1576,-184.709932,-174.077536
1577,-184.664204,-173.900294
1578,-184.648501,-173.717922
1579,-179.821259,-173.385187
1580,-179.769100,-173.563913
1581,-179.687547,-173.731283
1582,-179.578935,-173.882501
1583,-179.446377,-174.013236
1584,-179.293668,-174.119743
1585,-179.125185,-174.198970
1586,-178.945754,-174.248648
1587,-178.760515,-174.267354
1588,-178.574774,-174.254551
1589,-178.393853,-174.210606
1590,-178.222935,-174.136779
1591,-178.066915,-174.035185
1592,-177.930265,-173.908733
1593,-177.816897,-173.761046
1594,-177.730061,-173.596356
1595,-177.672243,-173.419380
1596,-177.645100,-173.235187
1597,-172.800965,-172.901288
1598,-172.736843,-173.079777
1599,-172.643015,-173.244599
1600,-172.522269,-173.390854
1601,-172.378195,-173.514194
1602,-172.215075,-173.610952
1603,-172.037760,-173.678253
1604,-171.851520,-173.714095
1605,-171.661891,-173.717413
1606,-171.474511,-173.688108
1607,-171.294950,-173.627052
1608,-171.128546,-173.536059
1609,-170.980245,-173.417835
1610,-170.854456,-173.275894
1611,-170.754919,-173.114455
1612,-170.684593,-172.938318
1613,-170.645567,-172.752719
1614,-165.776656,-172.417112
1615,-165.705798,-172.584120
1616,-165.608452,-172.737211
1617,-165.487268,-172.872219
1618,-165.345542,-172.985473
1619,-165.187128,-173.073892
1620,-165.016335,-173.135070
1621,-164.837810,-173.167345
1622,-164.656408,-173.169837
1623,-164.477064,-173.142479
1624,-164.304656,-173.086015
1625,-164.143873,-173.001982
1626,-163.999088,-172.892664
1627,-163.874241,-172.761036
1628,-163.772727,-172.610677
1629,-163.697307,-172.445678
1630,-163.650033,-172.270527
1631,-158.748190,-171.932649
1632,-158.665633,-172.097714
1633,-158.556641,-172.246653
1634,-158.424281,-172.375273
1635,-158.272281,-172.479954
1636,-158.104919,-172.557749
1637,-157.926906,-172.606467
1638,-157.743254,-172.624738
1639,-157.559131,-172.612046
1640,-157.379722,-172.568750
1641,-157.210077,-172.496069
1642,-157.054972,-172.396047
1643,-156.918772,-172.271501
1644,-156.805312,-172.125936
1645,-156.717786,-171.963452
1646,-156.658657,-171.788621
1647,-151.715338,-171.447884
1648,-151.620708,-171.610280
1649,-151.499812,-171.754195
1650,-151.356180,-171.875428
1651,-151.194006,-171.970438
1652,-151.018024,-172.036452
1653,-150.833373,-172.071542
1654,-150.645443,-172.074684
1655,-150.459722,-172.045787
1656,-150.281632,-171.985693
1657,-150.116372,-171.896158
1658,-149.968767,-171.779795
1659,-149.843127,-171.640002
1660,-149.743121,-171.480861
1661,-149.671667,-171.307017
1662,-144.677853,-170.962800
1663,-144.570754,-171.121706
1664,-144.437703,-171.259615
1665,-144.282737,-171.372340
1666,-144.110560,-171.456462
1667,-143.926397,-171.509426
1668,-143.735836,-171.529626
1669,-143.544661,-171.516449
1670,-143.358675,-171.470294
1671,-143.183520,-171.392562
1672,-143.024513,-171.285613
1673,-142.886480,-171.152691
1674,-142.773609,-170.997832
1675,-142.689325,-170.825734
1676,-137.635229,-170.477362
1677,-137.525429,-170.620661
1678,-137.393670,-170.744071
1679,-137.243499,-170.844269
1680,-137.078962,-170.918554
1681,-136.904491,-170.964927
1682,-136.724784,-170.982138
1683,-136.544683,-170.969724
1684,-136.369037,-170.928019
1685,-136.202579,-170.858146
1686,-136.049790,-170.761988
1687,-135.914787,-170.642134
1688,-135.801207,-170.501813
1689,-135.712107,-170.344803
1690,-130.586973,-169.991535
1691,-130.465818,-170.128766
1692,-130.323583,-170.244004
1693,-130.164206,-170.334058
1694,-129.992102,-170.396434
1695,-129.812036,-170.429404
1696,-129.628996,-170.432056
1697,-129.448051,-170.404315
1698,-129.274211,-170.346951
1699,-129.112293,-170.261551
1700,-128.966779,-170.150481
1701,-128.841701,-170.016818
1702,-128.740521,-169.864262
1703,-123.532430,-169.505275
1704,-123.399959,-169.635049
1705,-123.247570,-169.740726
1706,-123.079594,-169.819301
1707,-122.900806,-169.868543
1708,-122.716286,-169.887050
1709,-122.531280,-169.874298
1710,-122.351045,-169.830648
1711,-122.180704,-169.757342
1712,-122.025098,-169.656462
1713,-121.888650,-169.530877
1714,-121.775237,-169.384154
1715,-116.470414,-169.018500
1716,-116.326933,-169.139042
1717,-116.165072,-169.233480
1718,-115.989531,-169.299074
1719,-115.805402,-169.333919
1720,-115.618031,-169.337004
1721,-115.432856,-169.308239
1722,-115.255250,-169.248461
1723,-115.090368,-169.159402
1724,-114.942996,-169.043649
1725,-114.817410,-168.904561
1726,-109.399489,-168.531111
1727,-109.245807,-168.640221
1728,-109.075755,-168.721494
1729,-108.894324,-168.772545
1730,-108.706842,-168.791873
1731,-108.518812,-168.778913
1732,-108.335754,-168.734043
1733,-108.163044,-168.658582
1734,-108.005751,-168.554746
1735,-107.868493,-168.425581
1736,-102.317306,-168.042945
1737,-102.155217,-168.137801
1738,-101.979354,-168.203701
1739,-101.794844,-168.238725
1740,-101.607066,-168.241851
1741,-101.421492,-168.212990
1742,-101.243533,-168.152982
1743,-101.078375,-168.063575
1744,-100.930833,-167.947378
1745,-95.220008,-167.553738
1746,-95.053314,-167.630690
1747,-94.876143,-167.678844
1748,-94.693430,-167.696860
1749,-94.510266,-167.684234
1750,-94.331753,-167.641320
1751,-94.162865,-167.569313
1752,-94.008305,-167.470217
1753,-88.099283,-167.062916
1754,-87.936620,-167.117036
1755,-87.767524,-167.145225
1756,-87.596101,-167.146799
1757,-87.426516,-167.121720
1758,-87.262887,-167.070596
1759,-87.109188,-166.994671
1760,-11.173202,-161.760507
1761,-11.241967,-160.762874
1762,-16.672047,-161.137162
1763,-16.774371,-161.281127
1764,-16.898416,-161.406860
1765,-17.040987,-161.511119
1766,-17.198406,-161.591216
1767,-17.366615,-161.645085
1768,-17.541277,-161.671338
1769,-17.717890,-161.669298
1770,-17.891899,-161.639017
1771,-18.058819,-161.581277
1772,-18.214346,-161.497566
1773,-18.354470,-161.390042
1774,-18.475578,-161.261477
1775,-23.640562,-161.617492
1776,-23.740180,-161.778545
1777,-23.865945,-161.920125
1778,-24.014131,-162.038036
1779,-24.180343,-162.128783
1780,-24.359658,-162.189678
1781,-24.546760,-162.218914
1782,-24.736103,-162.215625
1783,-24.922077,-162.179910
1784,-25.099169,-162.112826
1785,-25.262131,-162.016362
1786,-25.406132,-161.893377
1787,-25.526906,-161.747515
1788,-30.615090,-162.098237
1789,-30.701954,-162.262841
1790,-30.815326,-162.410445
1791,-30.951959,-162.536822
1792,-31.107943,-162.638355
1793,-31.278812,-162.712138
1794,-31.459674,-162.756057
1795,-31.645352,-162.768855
1796,-31.830529,-162.750167
1797,-32.009905,-162.700526
1798,-32.178345,-162.621355
1799,-32.331026,-162.514920
1800,-32.463577,-162.384267
1801,-32.572204,-162.233138
1802,-37.594909,-162.579346
1803,-37.669423,-162.746488
1804,-37.770616,-162.898964
1805,-37.895686,-163.032553
1806,-38.041174,-163.143559
1807,-38.203051,-163.228908
1808,-38.376838,-163.286240
1809,-38.557724,-163.313966
1810,-38.740705,-163.311320
1811,-38.920714,-163.278376
1812,-39.092771,-163.216044
1813,-39.252112,-163.126050
1814,-39.394330,-163.010884
1815,-39.515486,-162.873735
1816,-39.612228,-162.718397
1817,-44.579603,-163.060792
1818,-44.642181,-163.229606
1819,-44.731458,-163.385952
1820,-44.845043,-163.525640
1821,-44.979893,-163.644928
1822,-45.132396,-163.740622
1823,-45.298466,-163.810157
1824,-45.473654,-163.851671
1825,-45.653268,-163.864052
1826,-45.832495,-163.846967
1827,-46.006535,-163.800875
1828,-46.170725,-163.727011
1829,-46.320666,-163.627352
1830,-46.452343,-163.504570
1831,-46.562227,-163.361952
1832,-46.647376,-163.203320
1833,-51.568844,-163.542550
1834,-51.624263,-163.723280
1835,-51.709807,-163.891852
1836,-51.822951,-164.043288
1837,-51.960351,-164.173116
1838,-52.117952,-164.277503
1839,-52.291097,-164.353364
1840,-52.474675,-164.398460
1841,-52.663262,-164.411459
1842,-52.851291,-164.391977
1843,-53.033208,-164.340590
1844,-53.203640,-164.258815
1845,-53.357554,-164.149066
1846,-53.490405,-164.014586
1847,-53.598270,-163.859345
1848,-53.677962,-163.687929
1849,-58.562320,-164.024601
1850,-58.605592,-164.205032
1851,-58.678574,-164.375623
1852,-58.779191,-164.531520
1853,-58.904579,-164.668288
1854,-59.051172,-164.782035
1855,-59.214797,-164.869525
1856,-59.390799,-164.928269
1857,-59.574172,-164.956595
1858,-59.759696,-164.953696
1859,-59.942094,-164.919657
1860,-60.116176,-164.855445
1861,-60.276988,-164.762886
1862,-60.419956,-164.644616
1863,-60.541011,-164.503998
1864,-60.636709,-164.345034
1865,-60.704328,-164.172247
1866,-65.559866,-164.506932
1867,-65.591467,-164.686538
1868,-65.652308,-164.858454
1869,-65.740716,-165.017956
1870,-65.854261,-165.160659
1871,-65.989822,-165.282642
1872,-66.143674,-165.380552
1873,-66.311588,-165.451698
1874,-66.488948,-165.494124
1875,-66.670881,-165.506664
1876,-66.852385,-165.488974
1877,-67.028472,-165.441540
1878,-67.194303,-165.365665
1879,-67.345319,-165.263436
1880,-67.477370,-165.137661
1881,-67.586826,-164.991798
1882,-67.670679,-164.829855
1883,-67.726625,-164.656284
1884,-72.561342,-164.989535
1885,-72.583796,-165.178200
1886,-72.638381,-165.360186
1887,-72.723468,-165.530065
1888,-72.836518,-165.682769
1889,-72.974158,-165.813741
1890,-73.132283,-165.919075
1891,-73.306175,-165.995627
1892,-73.490646,-166.041114
1893,-73.680193,-166.054179
1894,-73.869160,-166.034433
1895,-74.051911,-165.982463
1896,-74.222993,-165.899822
1897,-74.377302,-165.788973
1898,-74.510235,-165.653225
1899,-74.617825,-165.496627
1900,-74.696863,-165.323850
1901,-74.744991,-165.140051
1902,-79.566654,-165.472401
1903,-79.577505,-165.658706
1904,-79.619693,-165.840495
1905,-79.692004,-166.012536
1906,-79.792357,-166.169878
1907,-79.917863,-166.307991
1908,-80.064911,-166.422901
1909,-80.229266,-166.511300
1910,-80.406200,-166.570643
1911,-80.590619,-166.599223
1912,-80.777215,-166.596217
1913,-80.960617,-166.561711
1914,-81.135547,-166.496699
1915,-81.296970,-166.403051
1916,-81.440239,-166.283464
1917,-81.561231,-166.141380
1918,-81.656463,-165.980887
1919,-81.723195,-165.806605
1920,-81.759505,-165.623551
1921,-86.575756,-165.955529
1922,-86.608187,-165.768603
1923,-86.672255,-165.590030
1924,-86.766054,-165.425121
1925,-86.886794,-165.278783
1926,-87.030884,-165.155368
1927,-87.194037,-165.058547
1928,-87.371399,-164.991200
1929,-87.557696,-164.955331
1930,-87.747385,-164.952007
1931,-87.934825,-164.981326
1932,-88.114438,-165.042417
1933,-88.280883,-165.133462
1934,-88.429209,-165.251752
1935,-88.555002,-165.393770
1936,-88.654522,-165.555291
1937,-88.724807,-165.731510
1938,-88.763768,-165.917184
1939,-88.770245,-166.106792
1940,-93.588641,-166.438918
1941,-93.629777,-166.261048
1942,-93.699764,-166.092432
1943,-93.796675,-165.937714
1944,-93.917842,-165.801155
1945,-94.059926,-165.686518
1946,-94.219013,-165.596959
1947,-94.390722,-165.534945
1948,-94.570323,-165.502186
1949,-94.752868,-165.499583
1950,-94.933330,-165.527208
1951,-95.106737,-165.584299
1952,-95.268314,-165.669286
1953,-95.413609,-165.779825
1954,-95.538620,-165.912873
1955,-95.639904,-166.064765
1956,-95.714671,-166.231317
1957,-95.760861,-166.407941
1958,-95.777203,-166.589772
1959,-100.605319,-166.922568
1960,-100.657990,-166.744515
1961,-100.739857,-166.577858
1962,-100.848590,-166.427345
1963,-100.981090,-166.297265
1964,-101.133581,-166.191324
1965,-101.301718,-166.112541
1966,-101.480711,-166.063161
1967,-101.665460,-166.044590
1968,-101.850700,-166.057359
1969,-102.031154,-166.101102
1970,-102.201679,-166.174574
1971,-102.357417,-166.275681
1972,-102.493930,-166.401543
1973,-102.607329,-166.548572
1974,-102.694382,-166.712580
1975,-102.752609,-166.888894
1976,-102.780351,-167.072490
1977,-107.625899,-167.406487
1978,-107.690504,-167.228758
1979,-107.784597,-167.064721
1980,-107.905395,-166.919224
1981,-108.049328,-166.796568
1982,-108.212143,-166.700377
1983,-108.389028,-166.633494
1984,-108.574754,-166.597896
1985,-108.763833,-166.594635
1986,-108.950676,-166.623808
1987,-109.129761,-166.684552
1988,-109.295796,-166.775072
1989,-109.443874,-166.892692
1990,-109.569617,-167.033937
1991,-109.669309,-167.194632
1992,-109.740005,-167.370027
1993,-109.779614,-167.554939
1994,-114.650481,-167.890682
1995,-114.721757,-167.724458
1996,-114.819308,-167.572161
1997,-114.940495,-167.437908
1998,-115.082044,-167.325327
1999,-115.240127,-167.237462
2000,-115.410471,-167.176689
2001,-115.588471,-167.144650
2002,-115.769315,-167.142211
2003,-115.948115,-167.169439
2004,-116.120035,-167.225598
2005,-116.280430,-167.309168
2006,-116.424963,-167.417892
2007,-116.549726,-167.548830
2008,-116.651347,-167.698441
2009,-116.727079,-167.862682
2010,-116.774875,-168.037113
2011,-121.679235,-168.375164
2012,-121.762157,-168.210961
2013,-121.871283,-168.062873
2014,-122.003561,-167.935040
2015,-122.155293,-167.831039
2016,-122.322233,-167.753777
2017,-122.499715,-167.705415
2018,-122.682774,-167.687306
2019,-122.866292,-167.699955
2020,-123.045135,-167.743010
2021,-123.214303,-167.815266
2022,-123.369064,-167.914703
2023,-123.505091,-168.038539
2024,-123.618579,-168.183312
2025,-123.706355,-168.344972
2026,-123.765963,-168.518999
2027,-128.712344,-168.859947
2028,-128.807270,-168.698475
2029,-128.928215,-168.555450
2030,-129.071672,-168.435018
2031,-129.233482,-168.340672
2032,-129.408954,-168.275145
2033,-129.592998,-168.240340
2034,-129.780280,-168.237264
2035,-129.965368,-168.266007
2036,-130.142897,-168.325735
2037,-130.307718,-168.414717
2038,-130.455053,-168.530373
2039,-130.580630,-168.669349
2040,-130.680807,-168.827616
2041,-130.752681,-169.000584
2042,-135.750205,-169.345057
2043,-135.857529,-169.187191
2044,-135.990530,-169.050257
2045,-136.145202,-168.938379
2046,-136.316886,-168.854925
2047,-136.500414,-168.802410
2048,-136.690257,-168.782415
2049,-136.880698,-168.795542
2050,-137.066002,-168.841396
2051,-137.240588,-168.918595
2052,-137.399199,-169.024815
2053,-137.537058,-169.156857
2054,-137.650013,-169.310744
2055,-137.734662,-169.481843
2056,-142.793189,-169.830520
2057,-142.903119,-169.688281
2058,-143.034748,-169.565846
2059,-143.184563,-169.466487
2060,-143.348560,-169.392855
2061,-143.522360,-169.346919
2062,-143.701321,-169.329905
2063,-143.880664,-169.342267
2064,-144.055598,-169.383675
2065,-144.221452,-169.453023
2066,-144.373795,-169.548459
2067,-144.508560,-169.667434
2068,-144.622146,-169.806771
2069,-144.711520,-169.962748
2070,-149.841775,-170.316369
2071,-149.962948,-170.180276
2072,-150.104926,-170.066054
2073,-150.263812,-169.976838
2074,-150.435246,-169.915075
2075,-150.614525,-169.882462
2076,-150.796727,-169.879892
2077,-150.976854,-169.907437
2078,-151.149962,-169.964340
2079,-151.311301,-170.049040
2080,-151.456443,-170.159212
2081,-151.581406,-170.291834
2082,-151.682761,-170.443266
2083,-156.896851,-170.802666
2084,-157.029197,-170.674174
2085,-157.181154,-170.569603
2086,-157.348448,-170.491895
2087,-157.526375,-170.443235
2088,-157.709931,-170.424990
2089,-157.893956,-170.437675
2090,-158.073273,-170.480932
2091,-158.242840,-170.553544
2092,-158.397890,-170.653471
2093,-158.534062,-170.777902
2094,-158.647527,-170.923338
2095,-163.959411,-171.289479
2096,-164.102576,-171.170353
2097,-164.263786,-171.077087
2098,-164.438420,-171.012355
2099,-164.621471,-170.978013
2100,-164.807692,-170.975044
2101,-164.991745,-171.003535
2102,-165.168353,-171.062668
2103,-165.332454,-171.150749
2104,-165.479343,-171.265251
2105,-165.604809,-171.402894
2106,-171.031008,-171.776914
2107,-171.184107,-171.669375
2108,-171.353217,-171.589337
2109,-171.533444,-171.539115
2110,-171.719576,-171.520163
2111,-171.906227,-171.533029
2112,-172.087998,-171.577340
2113,-172.259630,-171.651815
2114,-172.416159,-171.754299
2115,-172.553055,-171.881827
2116,-178.113934,-172.265131
2117,-178.275076,-172.171986
2118,-178.449616,-172.107343
2119,-178.632555,-172.073053
2120,-178.818657,-172.070097
2121,-179.002593,-172.098559
2122,-179.179098,-172.157626
2123,-179.343117,-172.245605
2124,-179.489955,-172.359978
2125,-185.212608,-172.754433
2126,-185.377723,-172.679441
2127,-185.552915,-172.632596
2128,-185.733423,-172.615172
2129,-185.914341,-172.627643
2130,-186.090752,-172.669668
2131,-186.257860,-172.740107
2132,-186.411124,-172.837045
2133,-192.335403,-173.245397
2134,-192.495391,-173.193472
2135,-192.661424,-173.166546
2136,-192.829622,-173.165249
2137,-192.996052,-173.189611
2138,-193.156821,-173.239063
2139,-193.308171,-173.312449
2140,-289.639104,-179.952409
2141,-289.628869,-178.949330
2142,-81.278616,-164.588032
2143,-81.111313,-164.495880
2144,-80.930593,-164.434059
2145,-80.741903,-164.404431
2146,-80.550932,-164.407889
2147,-80.363438,-164.444330
2148,-80.185075,-164.512655
2149,-74.367819,-164.111680
2150,-74.227065,-164.011313
2151,-74.072324,-163.934238
2152,-73.907418,-163.882358
2153,-73.736421,-163.856955
2154,-73.563555,-163.858656
2155,-73.393091,-163.887419
2156,-73.229239,-163.942534
2157,-73.076044,-164.022640
2158,-67.438151,-163.634027
2159,-67.304432,-163.518730
2160,-67.153990,-163.426313
2161,-66.990698,-163.359156
2162,-66.818766,-163.318989
2163,-66.642622,-163.306848
2164,-66.466805,-163.323044
2165,-66.295844,-163.367162
2166,-66.134144,-163.438064
2167,-65.985870,-163.533924
2168,-60.495246,-163.155462
2169,-60.371036,-163.028633
2170,-60.228043,-162.923436
2171,-60.069990,-162.842610
2172,-59.900994,-162.788260
2173,-59.725456,-162.761802
2174,-59.547948,-162.763925
2175,-59.373093,-162.794574
2176,-59.205445,-162.852950
2177,-59.049370,-162.937533
2178,-58.908933,-163.046120
2179,-53.542239,-162.676201
2180,-53.428679,-162.540390
2181,-53.294802,-162.424555
2182,-53.144077,-162.331697
2183,-52.980408,-162.264220
2184,-52.808034,-162.223872
2185,-52.631421,-162.211698
2186,-52.455141,-162.228014
2187,-52.283762,-162.272397
2188,-52.121722,-162.343697
2189,-51.973218,-162.440067
2190,-51.842097,-162.559013
2191,-46.580991,-162.196372
2192,-46.468127,-162.041444
2193,-46.330081,-161.908460
2194,-46.171046,-161.801459
2195,-45.995851,-161.723690
2196,-45.809817,-161.677514
2197,-45.618590,-161.664333
2198,-45.427979,-161.684547
2199,-45.243771,-161.737543
2200,-45.071559,-161.821712
2201,-44.916573,-161.934497
2202,-44.783519,-162.072474
2203,-39.612908,-161.716071
2204,-39.513056,-161.556156
2205,-39.387363,-161.415640
2206,-39.239522,-161.298651
2207,-39.073875,-161.208626
2208,-38.895289,-161.148208
2209,-38.709008,-161.119174
2210,-38.520506,-161.122375
2211,-38.335319,-161.157718
2212,-38.158887,-161.224164
2213,-37.996392,-161.319762
2214,-37.852609,-161.441703
2215,-37.731760,-161.586406
2216,-32.638803,-161.235356
2217,-32.551624,-161.071747
2218,-32.438208,-160.925103
2219,-32.301776,-160.799587
2220,-32.146204,-160.698765
2221,-31.975910,-160.625501
2222,-31.795730,-160.581875
2223,-31.610783,-160.569127
2224,-31.426322,-160.587618
2225,-31.247586,-160.636824
2226,-31.079651,-160.715347
2227,-30.927288,-160.820957
2228,-30.794825,-160.950654
2229,-30.686022,-161.100753
2230,-25.659285,-160.754267
2231,-25.584380,-160.588040
2232,-25.483047,-160.436470
2233,-25.358069,-160.303720
2234,-25.212881,-160.193436
2235,-25.051470,-160.108650
2236,-24.878272,-160.051690
2237,-24.698044,-160.024122
2238,-24.515738,-160.026701
2239,-24.336362,-160.059359
2240,-24.164845,-160.121197
2241,-24.005898,-160.210516
2242,-23.863889,-160.324864
2243,-23.742717,-160.461097
2244,-23.645713,-160.615474
2245,-18.674908,-160.272844
2246,-18.611884,-160.104852
2247,-18.522388,-159.949340
2248,-18.408801,-159.810447
2249,-18.274145,-159.691868
2250,-18.122003,-159.596757
2251,-17.956422,-159.527644
2252,-17.781809,-159.486370
2253,-17.602809,-159.474032
2254,-17.424184,-159.490958
2255,-17.250687,-159.536698
2256,-17.086934,-159.610035
2257,-16.937282,-159.709017
2258,-16.805713,-159.831012
2259,-16.695726,-159.972773
2260,-16.610249,-160.130529
2261,-11.310733,-159.765241
2262,-11.379498,-158.767608
2263,-289.618634,-177.946252
2264,-289.608399,-176.943174
2265,-11.448264,-157.769975
2266,-11.517029,-156.772342
2267,-289.598164,-175.940095
2268,-289.587928,-174.937017
2269,-10.761254,-155.717875
2270,-10.830019,-154.720242
2271,-289.577693,-173.933939
2272,-289.567458,-172.930861
2273,-10.898784,-153.722609
2274,-10.967550,-152.724977
2275,-255.123586,-169.554319
2276,-255.282104,-169.635684
2277,-255.451679,-169.690388
2278,-255.627861,-169.716998
2279,-255.806028,-169.714813
2280,-255.981505,-169.683892
2281,-256.149687,-169.625047
2282,-262.026876,-170.030153
2283,-262.184103,-170.133872
2284,-262.356721,-170.209247
2285,-262.539666,-170.254068
2286,-262.727577,-170.267021
2287,-262.914942,-170.247725
2288,-263.096268,-170.196747
2289,-263.266239,-170.115581
2290,-268.951965,-170.507490
2291,-269.100983,-170.627691
2292,-269.268585,-170.720233
2293,-269.449695,-170.782313
2294,-269.638826,-170.812050
2295,-269.830247,-170.808544
2296,-270.018162,-170.771900
2297,-270.196877,-170.703229
2298,-270.360978,-170.604611
2299,-275.891446,-170.985819
2300,-276.029431,-171.118491
2301,-276.188325,-171.225233
2302,-276.363319,-171.302814
2303,-276.549112,-171.348883
2304,-276.740078,-171.362046
2305,-276.930435,-171.341904
2306,-277.114418,-171.289067
2307,-277.286456,-171.205136
2308,-277.441338,-171.092651
2309,-282.841771,-171.464896
2310,-282.967575,-171.607084
2311,-283.115955,-171.725523
2312,-283.282490,-171.816683
2313,-283.462220,-171.877851
2314,-283.649791,-171.907202
2315,-283.839615,-171.903864
2316,-284.026037,-171.867935
2317,-284.203505,-171.800486
2318,-284.366732,-171.703526
2319,-284.510856,-171.579943
2320,-289.557223,-171.927782
2321,-289.546988,-170.924704
2322,-284.804816,-170.597833
2323,-284.751658,-170.413748
2324,-284.667364,-170.241681
2325,-284.554490,-170.086851
2326,-284.416462,-169.953956
2327,-284.257467,-169.847029
2328,-284.082330,-169.769314
2329,-283.896364,-169.723168
2330,-283.705211,-169.709992
2331,-283.514673,-169.730186
2332,-283.330529,-169.783136
2333,-283.158367,-169.867237
2334,-283.003410,-169.979937
2335,-282.870360,-170.117816
2336,-282.763254,-170.276690
2337,-282.685342,-170.451740
2338,-277.810147,-170.115700
2339,-277.769297,-169.932272
2340,-277.697820,-169.758474
2341,-277.597804,-169.599379
2342,-277.472168,-169.459629
2343,-277.324577,-169.343304
2344,-277.159341,-169.253798
2345,-276.981280,-169.193723
2346,-276.795592,-169.164834
2347,-276.607697,-169.167973
2348,-276.423078,-169.203048
2349,-276.247123,-169.269036
2350,-276.084968,-169.364011
2351,-275.941345,-169.485201
2352,-275.820446,-169.629069
2353,-275.725800,-169.791416
2354,-275.660169,-169.967505
2355,-270.811454,-169.633289
2356,-270.782407,-169.451014
2357,-270.723291,-169.276162
2358,-270.635771,-169.113656
2359,-270.522312,-168.968070
2360,-270.386108,-168.843506
2361,-270.230993,-168.743468
2362,-270.061336,-168.670775
2363,-269.881912,-168.627473
2364,-269.697774,-168.614781
2365,-269.514105,-168.633055
2366,-269.336079,-168.681783
2367,-269.168705,-168.759592
2368,-269.016698,-168.864291
2369,-268.884337,-168.992932
2370,-268.775348,-169.141893
2371,-268.692801,-169.306981
2372,-268.639019,-169.483546
2373,-263.808861,-169.150610
2374,-263.791160,-168.969948
2375,-263.743987,-168.794657
2376,-263.668628,-168.629511
2377,-263.567136,-168.479007
2378,-263.442272,-168.347244
2379,-263.297439,-168.237811
2380,-263.136581,-168.153688
2381,-262.964078,-168.097165
2382,-262.784628,-168.069782
2383,-262.603118,-168.072284
2384,-262.424491,-168.104604
2385,-262.253611,-168.165862
2386,-262.095133,-168.254388
2387,-261.953373,-168.367773
2388,-261.832190,-168.502928
2389,-261.734884,-168.656172
2390,-261.664107,-168.823333
2391,-261.621786,-168.999858
2392,-256.802452,-168.667668
2393,-256.794500,-168.479150
2394,-256.754446,-168.294765
2395,-256.683471,-168.119938
2396,-256.583661,-167.959813
2397,-256.457955,-167.819100
2398,-256.310050,-167.701941
2399,-256.144298,-167.611782
2400,-255.965577,-167.551277
2401,-255.779145,-167.522205
2402,-255.590487,-167.525423
2403,-255.405155,-167.560834
2404,-255.228601,-167.627398
2405,-255.066020,-167.723156
2406,-254.922195,-167.845290
2407,-254.801360,-167.990207
2408,-254.707068,-168.153642
2409,-254.642095,-168.330788
2410,-254.608352,-168.516432
2411,-249.792259,-168.184465
2412,-249.757224,-168.368820
2413,-249.691365,-168.544537
2414,-249.596596,-168.706503
2415,-249.475677,-168.850004
2416,-249.332126,-168.970864
2417,-249.170120,-169.065565
2418,-248.994376,-169.131352
2419,-248.810007,-169.166310
2420,-248.622378,-169.169422
2421,-248.436951,-169.140596
2422,-248.259122,-169.080672
2423,-248.094066,-168.991394
2424,-247.946587,-168.875361
2425,-247.820976,-168.735948
2426,-247.720889,-168.577213
2427,-247.649239,-168.403776
2428,-247.608112,-168.220684
2429,-247.598703,-168.033266
2430,-242.778294,-167.701002
2431,-242.731372,-167.886247
2432,-242.653098,-168.060576
2433,-242.545835,-168.218728
2434,-242.412820,-168.355930
2435,-242.258067,-168.468041
2436,-242.086247,-168.551678
2437,-241.902544,-168.604317
2438,-241.712504,-168.624368
2439,-241.521861,-168.611227
2440,-241.336369,-168.565291
2441,-241.161626,-168.487945
2442,-241.002906,-168.381525
2443,-240.864999,-168.249241
2444,-240.752067,-168.095086
2445,-240.667517,-167.923713
2446,-240.613903,-167.740293
2447,-240.592841,-167.550362
2448,-235.760487,-167.217274
2449,-235.705615,-167.392348
2450,-235.622407,-167.555867
2451,-235.513178,-167.703280
2452,-235.380966,-167.830489
2453,-235.229450,-167.933952
2454,-235.062844,-168.010793
2455,-234.885784,-168.058873
2456,-234.703196,-168.076855
2457,-234.520159,-168.064238
2458,-234.341764,-168.021374
2459,-234.172976,-167.949455
2460,-234.018489,-167.850482
2461,-233.882601,-167.727208
2462,-233.769093,-167.583063
2463,-233.681123,-167.422057
2464,-233.621137,-167.248668
2465,-233.590805,-167.067721
2466,-228.738766,-166.733276
2467,-228.672132,-166.907720
2468,-228.576951,-167.068379
2469,-228.455967,-167.210623
2470,-228.312666,-167.330353
2471,-228.151177,-167.424119
2472,-227.976155,-167.489218
2473,-227.792644,-167.523775
2474,-227.605931,-167.526793
2475,-227.421399,-167.498186
2476,-227.244364,-167.438777
2477,-227.079929,-167.350280
2478,-226.932833,-167.235243
2479,-226.807314,-167.096984
2480,-226.706991,-166.939485
2481,-226.634754,-166.767286
2482,-226.592684,-166.585350
2483,-221.713035,-166.249002
2484,-221.634232,-166.422261
2485,-221.526741,-166.579341
2486,-221.393782,-166.715540
2487,-221.239335,-166.826779
2488,-221.068023,-166.909729
2489,-220.884977,-166.961906
2490,-220.695676,-166.981747
2491,-220.505790,-166.968658
2492,-220.321002,-166.923032
2493,-220.146846,-166.846234
2494,-219.988535,-166.740563
2495,-219.850811,-166.609185
2496,-219.737796,-166.456031
2497,-219.652875,-166.285688
2498,-219.598589,-166.103257
2499,-214.683043,-165.764435
2500,-214.598617,-165.924938
2501,-214.488966,-166.069389
2502,-214.357072,-166.193861
2503,-214.206519,-166.294969
2504,-214.041399,-166.369967
2505,-213.866201,-166.416816
2506,-213.685686,-166.434241
2507,-213.504762,-166.421771
2508,-213.328345,-166.379742
2509,-213.161232,-166.309299
2510,-213.007964,-166.212355
2511,-212.872707,-166.091545
2512,-212.759138,-165.950155
2513,-212.670344,-165.792025
2514,-212.608739,-165.621456
2515,-207.648568,-165.279558
2516,-207.552406,-165.436948
2517,-207.431299,-165.576059
2518,-207.288651,-165.692979
2519,-207.128472,-165.784421
2520,-206.955267,-165.847814
2521,-206.773905,-165.881377
2522,-206.589484,-165.884165
2523,-206.407190,-165.856100
2524,-206.232148,-165.797971
2525,-206.069278,-165.711412
2526,-205.923161,-165.598857
2527,-205.797904,-165.463471
2528,-205.697029,-165.309059
2529,-205.623371,-165.139964
2530,-200.609275,-164.794349
2531,-200.501054,-164.947732
2532,-200.368328,-165.080480
2533,-200.214964,-165.188729
2534,-200.045428,-165.269324
2535,-199.864656,-165.319919
2536,-199.677914,-165.339041
2537,-199.490640,-165.326132
2538,-199.308288,-165.281569
2539,-199.136168,-165.206650
2540,-198.979293,-165.103555
2541,-198.842231,-164.975289
2542,-198.728975,-164.825585
2543,-198.642822,-164.658804
2544,-193.564782,-164.308782
2545,-193.444196,-164.457122
2546,-193.299748,-164.582344
2547,-193.135801,-164.680667
2548,-192.957307,-164.749120
2549,-192.769658,-164.785636
2550,-192.578519,-164.789112
2551,-192.389666,-164.759444
2552,-192.208801,-164.697526
2553,-192.041387,-164.605230
2554,-191.892482,-164.485343
2555,-191.766581,-164.341486
2556,-191.667488,-164.178004
2557,-186.514365,-163.822806
2558,-186.393198,-163.953888
2559,-186.252425,-164.063645
2560,-186.095754,-164.149189
2561,-185.927309,-164.208267
2562,-185.751527,-164.239322
2563,-185.573037,-164.241536
2564,-185.396538,-164.214853
2565,-185.226679,-164.159973
2566,-185.067934,-164.078343
2567,-184.924481,-163.972112
2568,-184.800099,-163.844077
2569,-184.698063,-163.697611
2570,-179.457253,-163.336369
2571,-179.325550,-163.459346
2572,-179.175537,-163.559171
2573,-179.011240,-163.633166
2574,-178.837066,-163.679345
2575,-178.657691,-163.696469
2576,-178.477926,-163.684078
2577,-178.302596,-163.642505
2578,-178.136405,-163.572865
2579,-177.983814,-163.477027
2580,-177.848917,-163.357564
2581,-177.735333,-163.217679
2582,-172.392371,-162.849396
2583,-172.250693,-162.962465
2584,-172.092370,-163.050731
2585,-171.921701,-163.111797
2586,-171.743320,-163.144007
2587,-171.562072,-163.146484
2588,-171.382878,-163.119162
2589,-171.210604,-163.062782
2590,-171.049928,-162.978877
2591,-170.905213,-162.869723
2592,-170.780388,-162.738285
2593,-165.317784,-162.361755
2594,-165.167350,-162.462578
2595,-165.002412,-162.537353
2596,-164.827442,-162.584052
2597,-164.647180,-162.601410
2598,-164.466513,-162.588957
2599,-164.290337,-162.547030
2600,-164.123429,-162.476765
2601,-163.970310,-162.380068
2602,-163.835133,-162.259558
2603,-158.230776,-161.873257
2604,-158.074054,-161.958883
2605,-157.905541,-162.018020
2606,-157.729681,-162.049109
2607,-157.551107,-162.051332
2608,-157.374527,-162.024629
2609,-157.204595,-161.969704
2610,-157.045790,-161.888006
2611,-156.902299,-161.781687
2612,-151.126326,-161.383557
2613,-150.968411,-161.450146
2614,-150.802071,-161.491399
2615,-150.631341,-161.506313
2616,-150.460367,-161.494528
2617,-150.293298,-161.456330
2618,-150.134191,-161.392644
2619,-149.986906,-161.305018
2620,-11.036315,-151.727344
2621,-11.105081,-150.729711
2622,-37.953605,-152.580343
2623,-38.112130,-152.661716
2624,-38.281714,-152.716426
2625,-38.457905,-152.743037
2626,-38.636082,-152.740852
2627,-38.811568,-152.709927
2628,-38.979758,-152.651074
2629,-44.856902,-153.056178
2630,-45.014133,-153.159904
2631,-45.186755,-153.235284
2632,-45.369707,-153.280107
2633,-45.557624,-153.293060
2634,-45.744996,-153.273763
2635,-45.926329,-153.222780
2636,-46.096305,-153.141608
2637,-51.781994,-153.533515
2638,-51.931014,-153.653722
2639,-52.098620,-153.746268
2640,-52.279734,-153.808351
2641,-52.468870,-153.838090
2642,-52.660297,-153.834583
2643,-52.848217,-153.797937
2644,-53.026935,-153.729262
2645,-53.191039,-153.630639
2646,-58.721478,-154.011844
2647,-58.859463,-154.144521
2648,-59.018360,-154.251267
2649,-59.193357,-154.328851
2650,-59.379154,-154.374922
2651,-59.570125,-154.388085
2652,-59.760486,-154.367942
2653,-59.944473,-154.315103
2654,-60.116513,-154.231168
2655,-60.271397,-154.118678
2656,-65.671805,-154.490921
2657,-65.797609,-154.633114
2658,-65.945990,-154.751556
2659,-66.112528,-154.842720
2660,-66.292261,-154.903889
2661,-66.479835,-154.933242
2662,-66.669663,-154.929903
2663,-66.856089,-154.893973
2664,-67.033560,-154.826521
2665,-67.196788,-154.729557
2666,-67.340913,-154.605970
2667,-72.630783,-154.970593
2668,-72.744052,-155.120078
2669,-72.881070,-155.248147
2670,-73.037853,-155.351078
2671,-73.209843,-155.425879
2672,-73.392040,-155.470374
2673,-73.579147,-155.483272
2674,-73.765726,-155.464195
2675,-73.946352,-155.413700
2676,-74.115775,-155.333254
2677,-74.269069,-155.225195
2678,-74.401777,-155.092666
2679,-79.597042,-155.450768
2680,-79.697813,-155.605793
2681,-79.823125,-155.741750
2682,-79.969439,-155.854796
2683,-80.132621,-155.941739
2684,-80.308060,-156.000122
2685,-80.490800,-156.028294
2686,-80.675676,-156.025461
2687,-80.857467,-155.991702
2688,-81.031034,-155.927971
2689,-81.191475,-155.836068
2690,-81.334257,-155.718591
2691,-81.455344,-155.578858
2692,-86.569484,-155.931369
2693,-86.657971,-156.090593
2694,-86.771522,-156.233031
2695,-86.907022,-156.354776
2696,-87.060756,-156.452490
2697,-87.228508,-156.523493
2698,-87.405678,-156.565839
2699,-87.587407,-156.578365
2700,-87.768711,-156.560729
2701,-87.944618,-156.513414
2702,-88.110305,-156.437717
2703,-88.261228,-156.335714
2704,-88.393248,-156.210203
2705,-88.502745,-156.064626
2706,-93.547470,-156.412352
2707,-93.623978,-156.574661
2708,-93.725857,-156.722371
2709,-93.850396,-156.851553
2710,-93.994279,-156.958768
2711,-94.153680,-157.041164
2712,-94.324356,-157.096548
2713,-94.501765,-157.123446
2714,-94.681187,-157.121144
2715,-94.857848,-157.089701
2716,-95.027046,-157.029955
2717,-95.184280,-156.943495
2718,-95.325365,-156.832623
2719,-95.446547,-156.700288
2720,-95.544601,-156.550012
2721,-100.530511,-156.893684
2722,-100.601023,-157.069449
2723,-100.700638,-157.230515
2724,-100.826405,-157.372107
2725,-100.974594,-157.490029
2726,-101.140813,-157.580785
2727,-101.320136,-157.641684
2728,-101.507247,-157.670923
2729,-101.696600,-157.667633
2730,-101.882583,-157.631914
2731,-102.059682,-157.564823
2732,-102.222649,-157.468349
2733,-102.366653,-157.345351
2734,-102.487426,-157.199476
2735,-102.581387,-157.035048
2736,-107.518153,-157.375332
2737,-107.576233,-157.551886
2738,-107.663208,-157.716142
2739,-107.776595,-157.863409
2740,-107.913159,-157.989485
2741,-108.068999,-158.090768
2742,-108.239666,-158.164369
2743,-108.420289,-158.208185
2744,-108.605711,-158.220966
2745,-108.790637,-158.202347
2746,-108.969789,-158.152859
2747,-109.138052,-158.073915
2748,-109.290622,-157.967769
2749,-109.423144,-157.837452
2750,-109.531833,-157.686683
2751,-109.613587,-157.519768
2752,-114.510144,-157.857281
2753,-114.556281,-158.033975
2754,-114.631016,-158.200602
2755,-114.732289,-158.352568
2756,-114.857307,-158.485685
2757,-115.002627,-158.596283
2758,-115.164241,-158.681315
2759,-115.337697,-158.738437
2760,-115.518212,-158.766075
2761,-115.700813,-158.763466
2762,-115.880465,-158.730684
2763,-116.052218,-158.668630
2764,-116.211338,-158.579016
2765,-116.353439,-158.464312
2766,-116.474604,-158.327678
2767,-116.571494,-158.172881
2768,-116.641439,-158.004188
2769,-121.506265,-158.339514
2770,-121.544019,-158.526584
2771,-121.613538,-158.704313
2772,-121.712730,-158.867352
2773,-121.838608,-159.010793
2774,-121.987383,-159.130319
2775,-122.154579,-159.222331
2776,-122.335161,-159.284062
2777,-122.523695,-159.313651
2778,-122.714506,-159.310209
2779,-122.901850,-159.273840
2780,-123.080089,-159.205637
2781,-123.243857,-159.107655
2782,-123.388226,-158.982842
2783,-123.508849,-158.834954
2784,-123.602096,-158.668444
2785,-123.665160,-158.488323
2786,-128.506364,-158.822021
2787,-128.532174,-159.007520
2788,-128.589078,-159.185951
2789,-128.675426,-159.352144
2790,-128.788716,-159.501279
2791,-128.925664,-159.629034
2792,-129.082299,-159.731705
2793,-129.254081,-159.806316
2794,-129.436030,-159.850704
2795,-129.622873,-159.863583
2796,-129.809192,-159.844579
2797,-129.989586,-159.794243
2798,-130.158827,-159.714034
2799,-130.312008,-159.606277
2800,-130.444689,-159.474096
2801,-130.553023,-159.321323
2802,-130.633870,-159.152387
2803,-130.684887,-158.972184
2804,-135.510321,-159.304794
2805,-135.524638,-159.488320
2806,-135.569359,-159.666888
2807,-135.643232,-159.835498
2808,-135.744188,-159.989428
2809,-135.869400,-160.124367
2810,-136.015362,-160.236535
2811,-136.177985,-160.322792
2812,-136.352715,-160.380723
2813,-136.534660,-160.408703
2814,-136.718722,-160.405951
2815,-136.899748,-160.372543
2816,-137.072668,-160.309414
2817,-137.232640,-160.218333
2818,-137.375182,-160.101850
2819,-137.496304,-159.963228
2820,-137.592612,-159.806348
2821,-137.661411,-159.635605
2822,-137.700773,-159.455779
2823,-142.518082,-159.787830
2824,-142.522364,-159.979015
2825,-142.559693,-160.166570
2826,-142.628941,-160.344826
2827,-142.728014,-160.508394
2828,-142.853919,-160.652333
2829,-143.002851,-160.772290
2830,-143.170307,-160.864642
2831,-143.351227,-160.926595
2832,-143.540142,-160.956279
2833,-143.731344,-160.952796
2834,-143.919054,-160.916252
2835,-144.097597,-160.847750
2836,-144.261578,-160.749361
2837,-144.406042,-160.624059
2838,-144.526621,-160.475630
2839,-144.619671,-160.308562
2840,-144.682381,-160.127902
2841,-144.712855,-159.939112
2842,-149.529611,-160.271125
2843,-149.567746,-160.089981
2844,-149.635717,-159.917798
2845,-149.731599,-159.759450
2846,-149.852676,-159.619423
2847,-149.995520,-159.501682
2848,-150.156085,-159.409562
2849,-150.329823,-159.345670
2850,-150.511816,-159.311818
2851,-150.696908,-159.308963
2852,-150.879858,-159.337187
2853,-151.055485,-159.395689
2854,-151.218814,-159.482814
2855,-151.365221,-159.596094
2856,-151.490559,-159.732320
2857,-151.591279,-159.887635
2858,-151.664528,-160.057641
2859,-151.708232,-160.237522
2860,-151.721152,-160.422185
2861,-156.544946,-160.754682
2862,-156.594808,-160.573018
2863,-156.674936,-160.402526
2864,-156.782980,-160.248206
2865,-156.915771,-160.114584
2866,-157.069414,-160.005580
2867,-157.239403,-159.924390
2868,-157.420753,-159.873396
2869,-157.608145,-159.854093
2870,-157.796082,-159.867047
2871,-157.979052,-159.911879
2872,-158.151690,-159.987273
2873,-158.308932,-160.091018
2874,-158.446166,-160.220072
2875,-158.559368,-160.370650
2876,-158.645216,-160.538334
2877,-158.701194,-160.718208
2878,-158.725660,-160.904996
2879,-163.564136,-161.238505
2880,-163.621621,-161.067154
2881,-163.706389,-160.907528
2882,-163.816152,-160.763939
2883,-163.947946,-160.640261
2884,-164.098214,-160.539834
2885,-164.262898,-160.465369
2886,-164.437553,-160.418876
2887,-164.617463,-160.401611
2888,-164.797772,-160.414039
2889,-164.973613,-160.455826
2890,-165.140237,-160.525842
2891,-165.293146,-160.622199
2892,-165.428214,-160.742293
2893,-165.541792,-160.882885
2894,-165.630815,-161.040176
2895,-165.692880,-161.209923
2896,-165.726311,-161.387541
2897,-170.587283,-161.722601
2898,-170.656308,-161.552257
2899,-170.752732,-161.395784
2900,-170.873864,-161.257550
2901,-171.016321,-161.141415
2902,-171.176127,-161.050620
2903,-171.348820,-160.987702
2904,-171.529579,-160.954416
2905,-171.713356,-160.951692
2906,-171.895022,-160.979605
2907,-172.069504,-161.037378
2908,-172.231931,-161.123395
2909,-172.377768,-161.235257
2910,-172.502944,-161.369840
2911,-172.603964,-161.523387
2912,-172.678007,-161.691610
2913,-172.723007,-161.869814
2914,-177.614497,-162.206978
2915,-177.695430,-162.038228
2916,-177.803798,-161.885642
2917,-177.936465,-161.753634
2918,-178.089589,-161.646028
2919,-178.258740,-161.565936
2920,-178.439019,-161.515679
2921,-178.625209,-161.496711
2922,-178.811919,-161.509581
2923,-178.993745,-161.553916
2924,-179.165424,-161.628433
2925,-179.321986,-161.730975
2926,-179.458898,-161.858574
2927,-179.572198,-162.007535
2928,-179.658606,-162.173547
2929,-179.715620,-162.351805
2930,-184.646054,-162.691653
2931,-184.739325,-162.525209
2932,-184.859953,-162.377386
2933,-185.004310,-162.252631
2934,-185.168053,-162.154697
2935,-185.346255,-162.086530
2936,-185.533556,-162.050181
2937,-185.724321,-162.046744
2938,-185.912809,-162.076322
2939,-186.093352,-162.138026
2940,-186.260516,-162.229999
2941,-186.409273,-162.349473
2942,-186.535148,-162.492855
2943,-186.634353,-162.655831
2944,-186.703905,-162.833498
2945,-191.682204,-163.176645
2946,-191.779750,-163.024330
2947,-191.900937,-162.890060
2948,-192.042490,-162.777464
2949,-192.200581,-162.689586
2950,-192.370935,-162.628804
2951,-192.548947,-162.596760
2952,-192.729803,-162.594320
2953,-192.908615,-162.621551
2954,-193.080547,-162.677717
2955,-193.240950,-162.761298
2956,-193.385488,-162.870035
2957,-193.510254,-163.000988
2958,-193.611873,-163.150616
2959,-193.687598,-163.314874
2960,-198.723256,-163.661976
2961,-198.832421,-163.514138
2962,-198.964675,-163.386538
2963,-199.116326,-163.282737
2964,-199.283142,-163.205632
2965,-199.460467,-163.157375
2966,-199.643351,-163.139313
2967,-199.826690,-163.151950
2968,-200.005367,-163.194934
2969,-200.174393,-163.267065
2970,-200.329053,-163.366329
2971,-200.465028,-163.489956
2972,-200.578523,-163.634495
2973,-200.666372,-163.795912
2974,-205.769820,-164.147686
2975,-205.890806,-164.005470
2976,-206.034101,-163.885765
2977,-206.195578,-163.792020
2978,-206.370584,-163.726936
2979,-206.554076,-163.692388
2980,-206.740768,-163.689372
2981,-206.925280,-163.717975
2982,-207.102297,-163.777372
2983,-207.266718,-163.865852
2984,-207.413805,-163.980866
2985,-207.539322,-164.119100
2986,-207.639650,-164.276570
2987,-212.822515,-164.633818
2988,-212.955416,-164.498582
2989,-213.109566,-164.388178
2990,-213.280386,-164.305886
2991,-213.462801,-164.254152
2992,-213.651389,-164.234513
2993,-213.840549,-164.247551
2994,-214.024660,-164.292880
2995,-214.198250,-164.369154
2996,-214.356164,-164.474104
2997,-214.493709,-164.604615
2998,-214.606797,-164.756806
2999,-219.882275,-165.120438
3000,-220.012935,-165.004297
3001,-220.160344,-164.910322
3002,-220.320779,-164.840886
3003,-220.490189,-164.797744
3004,-220.664293,-164.781984
3005,-220.838695,-164.794005
3006,-221.008991,-164.833504
3007,-221.170879,-164.899482
3008,-221.320269,-164.990274
3009,-221.453390,-165.103585
3010,-221.566879,-165.236555
3011,-226.950342,-165.607630
3012,-227.089860,-165.502102
3013,-227.244342,-165.420026
3014,-227.409882,-165.363478
3015,-227.582293,-165.333886
3016,-227.757215,-165.332001
3017,-227.930224,-165.357869
3018,-228.096945,-165.410836
3019,-228.253160,-165.489563
3020,-228.394920,-165.592059
3021,-228.518640,-165.715731
3022,-234.028958,-166.095549
3023,-234.175660,-166.003077
3024,-234.335072,-165.934808
3025,-234.503232,-165.892442
3026,-234.675960,-165.877029
3027,-234.848965,-165.888954
3028,-235.017945,-165.927920
3029,-235.178701,-165.992959
3030,-235.327239,-166.082453
3031,-235.459865,-166.194180
3032,-241.121431,-166.584424
3033,-241.272072,-166.508081
3034,-241.432625,-166.455697
3035,-241.599304,-166.428508
3036,-241.768181,-166.427153
3037,-241.935274,-166.451666
3038,-242.096646,-166.501467
3039,-242.248493,-166.575384
3040,-242.387235,-166.671674
3041,-248.234005,-167.074684
3042,-248.407405,-167.011109
3043,-248.588997,-166.977442
3044,-248.773662,-166.974629
3045,-248.956195,-167.002752
3046,-249.131450,-167.061017
3047,-249.294488,-167.147782
3048,-289.536753,-169.921626
3049,-289.526517,-168.918548
3050,-144.151288,-158.898031
3051,-144.005246,-158.830137
3052,-143.850856,-158.784294
3053,-143.691426,-158.761487
3054,-143.530376,-158.762204
3055,-143.371156,-158.786430
3056,-143.217180,-158.833645
3057,-137.259018,-158.422957
3058,-137.108664,-158.330677
3059,-136.945492,-158.263620
3060,-136.773698,-158.223511
3061,-136.597702,-158.211379
3062,-136.422030,-158.227539
3063,-136.251200,-158.271574
3064,-136.089606,-158.342351
3065,-130.340653,-157.946083
3066,-130.195440,-157.835740
3067,-130.033990,-157.750907
3068,-129.860743,-157.693917
3069,-129.680461,-157.666335
3070,-129.498099,-157.668920
3071,-129.318671,-157.701601
3072,-129.147109,-157.763480
3073,-128.988129,-157.852856
3074,-123.405695,-157.468066
3075,-123.269629,-157.344069
3076,-123.114789,-157.244499
3077,-122.945513,-157.172147
3078,-122.766541,-157.129037
3079,-122.582886,-157.116378
3080,-122.399692,-157.134524
3081,-122.222090,-157.182967
3082,-122.055053,-157.260350
3083,-121.903260,-157.364505
3084,-116.458930,-156.989235
3085,-116.333761,-156.854714
3086,-116.187945,-156.742906
3087,-116.025552,-156.656929
3088,-115.851114,-156.599185
3089,-115.669496,-156.571283
3090,-115.485769,-156.574002
3091,-115.305057,-156.607267
3092,-115.132403,-156.670148
3093,-114.972626,-156.760893
3094,-114.830183,-156.876968
3095,-109.502845,-156.509762
3096,-109.389299,-156.367103
3097,-109.253748,-156.245161
3098,-109.099917,-156.147285
3099,-108.932030,-156.076163
3100,-108.754702,-156.033751
3101,-108.572805,-156.021213
3102,-108.391334,-156.038894
3103,-108.215278,-156.086308
3104,-108.049472,-156.162152
3105,-107.898471,-156.264343
3106,-107.766426,-156.390073
3107,-102.539088,-156.029759
3108,-102.437375,-155.880812
3109,-102.312688,-155.750487
3110,-102.168381,-155.642291
3111,-102.008332,-155.559131
3112,-101.836845,-155.503243
3113,-101.658531,-155.476130
3114,-101.478183,-155.478521
3115,-101.300650,-155.510351
3116,-101.130705,-155.570765
3117,-100.972917,-155.658139
3118,-100.831529,-155.770123
3119,-100.710340,-155.903706
3120,-95.568725,-155.549302
3121,-95.478781,-155.395554
3122,-95.365201,-155.258339
3123,-95.230965,-155.141255
3124,-95.079590,-155.047372
3125,-94.915048,-154.979151
3126,-94.741652,-154.938381
3127,-94.563950,-154.926133
3128,-94.386600,-154.942726
3129,-94.214253,-154.987725
3130,-94.051430,-155.059951
3131,-93.902398,-155.157510
3132,-93.771066,-155.277844
3133,-93.660877,-155.417796
3134,-88.592650,-155.068450
3135,-88.507233,-154.899511
3136,-88.394115,-154.747719
3137,-88.256646,-154.617570
3138,-88.098898,-154.512918
3139,-87.925543,-154.436863
3140,-87.741715,-154.391657
3141,-87.552857,-154.378639
3142,-87.364565,-154.398196
3143,-87.182414,-154.449746
3144,-87.011799,-154.531764
3145,-86.857773,-154.641821
3146,-86.724898,-154.776657
3147,-86.617110,-154.932279
3148,-81.611382,-154.587241
3149,-81.538602,-154.416209
3150,-81.438064,-154.259873
3151,-81.312639,-154.122696
3152,-81.165908,-154.008596
3153,-81.002060,-153.920830
3154,-80.825774,-153.861905
3155,-80.642084,-153.833502
3156,-80.456234,-153.836433
3157,-80.273530,-153.870614
3158,-80.099190,-153.935069
3159,-79.938191,-154.027958
3160,-79.795131,-154.146628
3161,-79.674094,-154.287691
3162,-79.578536,-154.447120
3163,-74.625324,-154.105702
3164,-74.564699,-153.933412
3165,-74.476400,-153.773529
3166,-74.362864,-153.630461
3167,-74.227219,-153.508151
3168,-74.073205,-153.409972
3169,-73.905070,-153.338631
3170,-73.727447,-153.296094
3171,-73.545235,-153.283534
3172,-73.363456,-153.301298
3173,-73.187122,-153.348896
3174,-73.021094,-153.425014
3175,-72.869951,-153.527556
3176,-72.737858,-153.653694
3177,-72.628458,-153.799950
3178,-72.544766,-153.962292
3179,-67.634857,-153.623858
3180,-67.581698,-153.439776
3181,-67.497403,-153.267712
3182,-67.384529,-153.112884
3183,-67.246501,-152.979992
3184,-67.087507,-152.873066
3185,-66.912371,-152.795352
3186,-66.726407,-152.749207
3187,-66.535257,-152.736032
3188,-66.344720,-152.756225
3189,-66.160578,-152.809174
3190,-65.988417,-152.893274
3191,-65.833461,-153.005971
3192,-65.700411,-153.143847
3193,-65.593305,-153.302719
3194,-65.515391,-153.477766
3195,-60.640189,-153.141725
3196,-60.599337,-152.958300
3197,-60.527860,-152.784504
3198,-60.427844,-152.625411
3199,-60.302207,-152.485664
3200,-60.154617,-152.369340
3201,-59.989382,-152.279836
3202,-59.811323,-152.219762
3203,-59.625637,-152.190874
3204,-59.437743,-152.194012
3205,-59.253125,-152.229087
3206,-59.077172,-152.295073
3207,-58.915018,-152.390047
3208,-58.771396,-152.511235
3209,-58.650497,-152.655100
3210,-58.555850,-152.817445
3211,-58.490217,-152.993531
3212,-53.641498,-152.659315
3213,-53.612448,-152.477042
3214,-53.553331,-152.302192
3215,-53.465811,-152.139688
3216,-53.352352,-151.994105
3217,-53.216148,-151.869542
3218,-53.061034,-151.769506
3219,-52.891378,-151.696814
3220,-52.711956,-151.653512
3221,-52.527819,-151.640820
3222,-52.344152,-151.659095
3223,-52.166127,-151.707821
3224,-51.998755,-151.785629
3225,-51.846748,-151.890326
3226,-51.714387,-152.018964
3227,-51.605398,-152.167923
3228,-51.522850,-152.333009
3229,-51.469066,-152.509572
3230,-46.638905,-152.176636
3231,-46.621202,-151.995976
3232,-46.574028,-151.820686
3233,-46.498668,-151.655542
3234,-46.397175,-151.505041
3235,-46.272312,-151.373280
3236,-46.127480,-151.263848
3237,-45.966623,-151.179726
3238,-45.794121,-151.123204
3239,-45.614672,-151.095821
3240,-45.433164,-151.098324
3241,-45.254538,-151.130643
3242,-45.083660,-151.191899
3243,-44.925183,-151.280424
3244,-44.783422,-151.393807
3245,-44.662239,-151.528960
3246,-44.564934,-151.682202
3247,-44.494156,-151.849361
3248,-44.451832,-152.025884
3249,-39.632497,-151.693694
3250,-39.624542,-151.505178
3251,-39.584487,-151.320795
3252,-39.513511,-151.145970
3253,-39.413701,-150.985846
3254,-39.287995,-150.845136
3255,-39.140090,-150.727978
3256,-38.974340,-150.637821
3257,-38.795620,-150.577316
3258,-38.609189,-150.548245
3259,-38.420533,-150.551462
3260,-38.235202,-150.586873
3261,-38.058649,-150.653436
3262,-37.896069,-150.749192
3263,-37.752245,-150.871324
3264,-37.631410,-151.016239
3265,-37.537117,-151.179672
3266,-37.472143,-151.356816
3267,-37.438398,-151.542458
3268,-32.622304,-151.210491
3269,-32.587272,-151.394848
3270,-32.521414,-151.570567
3271,-32.426646,-151.732535
3272,-32.305726,-151.876038
3273,-32.162175,-151.996900
3274,-32.000169,-152.091603
3275,-31.824423,-152.157391
3276,-31.640052,-152.192350
3277,-31.452423,-152.195461
3278,-31.266994,-152.166635
3279,-31.089164,-152.106711
3280,-30.924107,-152.017432
3281,-30.776626,-151.901396
3282,-30.651015,-151.761981
3283,-30.550929,-151.603244
3284,-30.479280,-151.429805
3285,-30.438155,-151.246712
3286,-30.428748,-151.059292
3287,-25.608340,-150.727028
3288,-25.561420,-150.912275
3289,-25.483148,-151.086607
3290,-25.375885,-151.244761
3291,-25.242870,-151.381965
3292,-25.088116,-151.494078
3293,-24.916295,-151.577716
3294,-24.732591,-151.630356
3295,-24.542549,-151.650408
3296,-24.351905,-151.637267
3297,-24.166411,-151.591330
3298,-23.991667,-151.513983
3299,-23.832946,-151.407561
3300,-23.695038,-151.275275
3301,-23.582106,-151.121118
3302,-23.497558,-150.949743
3303,-23.443945,-150.766320
3304,-23.422885,-150.576388
3305,-18.590535,-150.243300
3306,-18.535664,-150.418376
3307,-18.452457,-150.581897
3308,-18.343228,-150.729313
3309,-18.211016,-150.856524
3310,-18.059499,-150.959989
3311,-17.892893,-151.036831
3312,-17.715831,-151.084912
3313,-17.533241,-151.102894
3314,-17.350202,-151.090278
3315,-17.171806,-151.047413
3316,-17.003016,-150.975493
3317,-16.848529,-150.876518
3318,-16.712641,-150.753243
3319,-16.599133,-150.609095
3320,-16.511163,-150.448087
3321,-16.451179,-150.274696
3322,-16.420849,-150.093747
3323,-11.173846,-149.732078
3324,-11.242612,-148.734445
3325,-16.859020,-149.121576
3326,-17.005719,-149.029109
3327,-17.165128,-148.960844
3328,-17.333283,-148.918480
3329,-17.506007,-148.903069
3330,-17.679007,-148.914993
3331,-17.847982,-148.953958
3332,-18.008735,-149.018993
3333,-18.157270,-149.108483
3334,-18.289895,-149.220205
3335,-23.951495,-149.610451
3336,-24.102133,-149.534114
3337,-24.262681,-149.481734
3338,-24.429354,-149.454547
3339,-24.598225,-149.453193
3340,-24.765313,-149.477704
3341,-24.926680,-149.527503
3342,-25.078522,-149.601415
3343,-25.217261,-149.697699
3344,-31.064076,-150.100712
3345,-31.237468,-150.037144
3346,-31.419051,-150.003480
3347,-31.603707,-150.000669
3348,-31.786230,-150.028789
3349,-31.961477,-150.087049
3350,-32.124508,-150.173806
3351,-289.516282,-167.915469
3352,-289.506047,-166.912391
3353,-11.311377,-147.736812
3354,-11.380143,-146.739179
3355,-289.495812,-165.909313
3356,-289.485577,-164.906235
3357,-11.448908,-145.741547
3358,-10.693133,-144.687079
3359,-289.475341,-163.903156
3360,-289.465106,-162.900078
3361,-10.761898,-143.689446
3362,-10.830664,-142.691814
3363,-289.454871,-161.897000
3364,-289.444636,-160.893922
3365,-284.676087,-160.565232
3366,-284.607075,-160.735600
3367,-284.510658,-160.892098
3368,-284.389527,-161.030355
3369,-284.247064,-161.146512
3370,-284.087248,-161.237323
3371,-283.914541,-161.300254
3372,-283.733767,-161.333548
3373,-283.549972,-161.336274
3374,-283.368290,-161.308356
3375,-283.193793,-161.250574
3376,-283.031354,-161.164542
3377,-282.885509,-161.052662
3378,-282.760331,-160.918057
3379,-282.659315,-160.764488
3380,-282.585282,-160.596241
3381,-282.540299,-160.418015
3382,-277.648844,-160.080854
3383,-277.567914,-160.249610
3384,-277.459547,-160.402203
3385,-277.326880,-160.534217
3386,-277.173753,-160.641829
3387,-277.004599,-160.721925
3388,-276.824316,-160.772185
3389,-276.638121,-160.791154
3390,-276.451406,-160.778284
3391,-276.269575,-160.733947
3392,-276.097892,-160.659427
3393,-275.941328,-160.556880
3394,-275.804414,-160.429276
3395,-275.691115,-160.280308
3396,-275.604709,-160.114289
3397,-275.547699,-159.936025
3398,-270.617288,-159.596178
3399,-270.524021,-159.762629
3400,-270.403393,-159.910460
3401,-270.259035,-160.035222
3402,-270.095289,-160.133162
3403,-269.917082,-160.201333
3404,-269.729776,-160.237684
3405,-269.539007,-160.241121
3406,-269.350513,-160.211542
3407,-269.169966,-160.149835
3408,-269.002798,-160.057858
3409,-268.854039,-159.938378
3410,-268.728164,-159.794989
3411,-268.628960,-159.632006
3412,-268.559412,-159.454332
3413,-263.581194,-159.111190
3414,-263.483655,-159.263535
3415,-263.362468,-159.397834
3416,-263.220908,-159.510455
3417,-263.062805,-159.598353
3418,-262.892434,-159.659151
3419,-262.714402,-159.691204
3420,-262.533525,-159.693645
3421,-262.354693,-159.666409
3422,-262.182743,-159.610233
3423,-262.022325,-159.526634
3424,-261.877777,-159.417875
3425,-261.753008,-159.286896
3426,-261.651394,-159.137239
3427,-261.575680,-158.972952
3428,-256.540092,-158.625856
3429,-256.430928,-158.773702
3430,-256.298674,-158.901310
3431,-256.147019,-159.005118
3432,-255.980199,-159.082228
3433,-255.802869,-159.130489
3434,-255.619979,-159.148552
3435,-255.436634,-159.135914
3436,-255.257952,-159.092928
3437,-255.088921,-159.020794
3438,-254.934258,-158.921524
3439,-254.798281,-158.797890
3440,-254.684786,-158.653343
3441,-254.596940,-158.491917
3442,-249.493531,-158.140146
3443,-249.372546,-158.282372
3444,-249.229248,-158.402085
3445,-249.067768,-158.495837
3446,-248.892756,-158.560926
3447,-248.709258,-158.595476
3448,-248.522559,-158.598493
3449,-248.338040,-158.569889
3450,-248.161018,-158.510488
3451,-247.996592,-158.422002
3452,-247.849502,-158.306981
3453,-247.723985,-158.168739
3454,-247.623658,-158.011259
3455,-242.440919,-157.654019
3456,-242.308015,-157.789295
3457,-242.153853,-157.899734
3458,-241.983012,-157.982052
3459,-241.800572,-158.033805
3460,-241.611954,-158.053452
3461,-241.422764,-158.040412
3462,-241.238626,-157.995070
3463,-241.065012,-157.918776
3464,-240.907082,-157.813795
3465,-240.769530,-157.683249
3466,-240.656444,-157.531018
3467,-235.381174,-157.167401
3468,-235.250507,-157.283582
3469,-235.103083,-157.377591
3470,-234.942624,-157.447053
3471,-234.773187,-157.490214
3472,-234.599051,-157.505981
3473,-234.424617,-157.493957
3474,-234.254292,-157.454447
3475,-234.092378,-157.388447
3476,-233.942968,-157.297626
3477,-233.809836,-157.184279
3478,-233.696346,-157.051268
3479,-228.313022,-156.680203
3480,-228.173501,-156.785742
3481,-228.019012,-156.867827
3482,-227.853464,-156.924383
3483,-227.681044,-156.953978
3484,-227.506112,-156.955864
3485,-227.333094,-156.929994
3486,-227.166365,-156.877022
3487,-227.010142,-156.798287
3488,-226.868377,-156.695781
3489,-226.744656,-156.572098
3490,-221.234535,-156.192292
3491,-221.087810,-156.284814
3492,-220.928365,-156.353120
3493,-220.760164,-156.395512
3494,-220.587391,-156.410936
3495,-220.414341,-156.399008
3496,-220.245318,-156.360025
3497,-220.084524,-156.294955
3498,-219.935959,-156.205419
3499,-219.803316,-156.093640
3500,-214.142097,-155.703420
3501,-213.991418,-155.779818
3502,-213.830817,-155.832241
3503,-213.664082,-155.859453
3504,-213.495148,-155.860812
3505,-213.327997,-155.836287
3506,-213.166573,-155.786455
3507,-213.014684,-155.712493
3508,-212.875912,-155.616144
3509,-207.029387,-155.213151
3510,-206.855969,-155.276743
3511,-206.674354,-155.310421
3512,-206.489665,-155.313236
3513,-206.307109,-155.285108
3514,-206.131833,-155.226829
3515,-205.968779,-155.140045
3516,-10.899429,-141.694181
3517,-10.968195,-140.696548
3518,-93.941781,-146.415804
3519,-94.087910,-146.483786
3520,-94.242404,-146.529686
3521,-94.401946,-146.552518
3522,-94.563113,-146.551792
3523,-94.722443,-146.527524
3524,-94.876518,-146.480234
3525,-100.834280,-146.890894
3526,-100.984649,-146.983198
3527,-101.147843,-147.050273
3528,-101.319661,-147.090392
3529,-101.495683,-147.102525
3530,-101.671381,-147.086359
3531,-101.842233,-147.042310
3532,-102.003846,-146.971511
3533,-107.752660,-147.367769
3534,-107.897882,-147.478133
3535,-108.059345,-147.562982
3536,-108.232609,-147.619984
3537,-108.412911,-147.647570
3538,-108.595292,-147.644983
3539,-108.774739,-147.612293
3540,-108.946316,-147.550400
3541,-109.105308,-147.461005
3542,-114.687530,-147.845780
3543,-114.823610,-147.969834
3544,-114.978477,-148.069449
3545,-115.147791,-148.141836
3546,-115.326808,-148.184964
3547,-115.510510,-148.197627
3548,-115.693751,-148.179468
3549,-115.871396,-148.130997
3550,-116.038466,-148.053572
3551,-116.190280,-147.949363
3552,-121.634319,-148.324613
3553,-121.759494,-148.459183
3554,-121.905327,-148.571035
3555,-122.067747,-148.657044
3556,-122.242220,-148.714811
3557,-122.423876,-148.742722
3558,-122.607644,-148.739999
3559,-122.788393,-148.706717
3560,-122.961078,-148.643806
3561,-123.120879,-148.553022
3562,-123.263333,-148.436898
3563,-128.590492,-148.804092
3564,-128.704038,-148.946765
3565,-128.839592,-149.068720
3566,-128.993430,-149.166607
3567,-129.161325,-149.237737
3568,-129.338664,-149.280153
3569,-129.520573,-149.292692
3570,-129.702054,-149.275008
3571,-129.878120,-149.227588
3572,-130.043934,-149.151734
3573,-130.194939,-149.049531
3574,-130.326987,-148.923786
3575,-135.554254,-149.284095
3576,-135.655966,-149.433056
3577,-135.780654,-149.563392
3578,-135.924966,-149.671598
3579,-136.085022,-149.754766
3580,-136.256517,-149.810659
3581,-136.434841,-149.837775
3582,-136.615198,-149.835383
3583,-136.792740,-149.803549
3584,-136.962693,-149.743128
3585,-137.120487,-149.655744
3586,-137.261879,-149.543749
3587,-137.383067,-149.410152
3588,-142.524574,-149.764549
3589,-142.614509,-149.918333
3590,-142.728089,-150.055581
3591,-142.862334,-150.172695
3592,-143.013724,-150.266603
3593,-143.178287,-150.334842
3594,-143.351707,-150.375622
3595,-143.529436,-150.387872
3596,-143.706812,-150.371273
3597,-143.879181,-150.326258
3598,-144.042024,-150.254010
3599,-144.191068,-150.156422
3600,-144.322405,-150.036055
3601,-144.432590,-149.896066
3602,-149.500702,-150.245404
3603,-149.586115,-150.414355
3604,-149.699232,-150.566158
3605,-149.836703,-150.696317
3606,-149.994455,-150.800977
3607,-150.167817,-150.877038
3608,-150.351653,-150.922247
3609,-150.540518,-150.935265
3610,-150.728819,-150.915707
3611,-150.910977,-150.864152
3612,-151.081598,-150.782126
3613,-151.235627,-150.672059
3614,-151.368502,-150.537212
3615,-151.476289,-150.381579
3616,-156.481973,-150.726614
3617,-156.554749,-150.897656
3618,-156.655285,-151.054002
3619,-156.780711,-151.191188
3620,-156.927445,-151.305297
3621,-157.091298,-151.393069
3622,-157.267590,-151.451998
3623,-157.451288,-151.480403
3624,-157.637146,-151.477471
3625,-157.819856,-151.443287
3626,-157.994202,-151.378827
3627,-158.155205,-151.285930
3628,-158.298267,-151.167251
3629,-158.419304,-151.026177
3630,-158.514859,-150.866738
3631,-163.468009,-151.208152
3632,-163.528619,-151.380469
3633,-163.616909,-151.540380
3634,-163.730445,-151.683476
3635,-163.866096,-151.805810
3636,-164.020121,-151.904009
3637,-164.188273,-151.975364
3638,-164.365915,-152.017909
3639,-164.548148,-152.030470
3640,-164.729948,-152.012701
3641,-164.906300,-151.965092
3642,-165.072342,-151.888955
3643,-165.223495,-151.786390
3644,-165.355591,-151.660225
3645,-165.464987,-151.513940
3646,-165.548666,-151.351569
3647,-170.458486,-151.689996
3648,-170.511627,-151.874104
3649,-170.595912,-152.046197
3650,-170.708783,-152.201051
3651,-170.846816,-152.333968
3652,-171.005821,-152.440914
3653,-171.180972,-152.518643
3654,-171.366955,-152.564796
3655,-171.558126,-152.577973
3656,-171.748683,-152.557774
3657,-171.932843,-152.504812
3658,-172.105017,-152.420694
3659,-172.259981,-152.307973
3660,-172.393032,-152.170070
3661,-172.500132,-152.011169
3662,-172.578031,-151.836093
3663,-177.453176,-152.172130
3664,-177.494021,-152.355564
3665,-177.565495,-152.529368
3666,-177.665509,-152.688469
3667,-177.791146,-152.828224
3668,-177.938739,-152.944554
3669,-178.103978,-153.034064
3670,-178.282043,-153.094141
3671,-178.467735,-153.123031
3672,-178.655635,-153.119892
3673,-178.840258,-153.084815
3674,-179.016217,-153.018824
3675,-179.178374,-152.923844
3676,-179.321998,-152.802648
3677,-179.442896,-152.658774
3678,-179.537541,-152.496421
3679,-179.603168,-152.320326
3680,-184.451870,-152.654541
3681,-184.480913,-152.836821
3682,-184.540026,-153.011679
3683,-184.627543,-153.174191
3684,-184.741002,-153.319781
3685,-184.877208,-153.444351
3686,-185.032325,-153.544392
3687,-185.201986,-153.617088
3688,-185.381413,-153.660392
3689,-185.565556,-153.673085
3690,-185.749228,-153.654809
3691,-185.927259,-153.606079
3692,-186.094635,-153.528266
3693,-186.246644,-153.423563
3694,-186.379005,-153.294917
3695,-186.487993,-153.145949
3696,-186.570538,-152.980856
3697,-186.624316,-152.804284
3698,-191.454465,-153.137220
3699,-191.472147,-153.317899
3700,-191.519305,-153.493210
3701,-191.594656,-153.658376
3702,-191.696146,-153.808900
3703,-191.821011,-153.940681
3704,-191.965851,-154.050130
3705,-192.126719,-154.134266
3706,-192.299236,-154.190797
3707,-192.478700,-154.218184
3708,-192.660226,-154.215680
3709,-192.838867,-154.183353
3710,-193.009758,-154.122085
3711,-193.168245,-154.033544
3712,-193.310010,-153.920141
3713,-193.431193,-153.784966
3714,-193.528493,-153.631700
3715,-193.599258,-153.464518
3716,-193.641563,-153.287974
3717,-198.460876,-153.620162
3718,-198.468824,-153.808684
3719,-198.508873,-153.993074
3720,-198.579846,-154.167906
3721,-198.679654,-154.328037
3722,-198.805361,-154.468755
3723,-198.953268,-154.585918
3724,-199.119022,-154.676080
3725,-199.297746,-154.736587
3726,-199.484182,-154.765660
3727,-199.672844,-154.762442
3728,-199.858180,-154.727029
3729,-200.034737,-154.660462
3730,-200.197320,-154.564700
3731,-200.341145,-154.442562
3732,-200.461981,-154.297639
3733,-200.556270,-154.134198
3734,-200.621240,-153.957047
3735,-200.654979,-153.771399
3736,-205.471072,-154.103366
3737,-205.506111,-153.919016
3738,-205.571974,-153.743304
3739,-205.666745,-153.581343
3740,-205.787664,-153.437848
3741,-205.931214,-153.316992
3742,-206.093217,-153.222295
3743,-206.268959,-153.156511
3744,-206.453325,-153.121555
3745,-206.640949,-153.118444
3746,-206.826372,-153.147268
3747,-207.004198,-153.207190
3748,-207.169251,-153.296465
3749,-207.316729,-153.412494
3750,-207.442340,-153.551902
3751,-207.542428,-153.710632
3752,-207.614080,-153.884063
3753,-207.655211,-154.067150
3754,-207.664625,-154.254564
3755,-212.485056,-154.586830
3756,-212.531996,-154.401606
3757,-212.610280,-154.227299
3758,-212.717548,-154.069169
3759,-212.850562,-153.931988
3760,-213.005309,-153.819895
3761,-213.177119,-153.736273
3762,-213.360807,-153.683644
3763,-213.550832,-153.663597
3764,-213.741459,-153.676737
3765,-213.926937,-153.722667
3766,-214.101667,-153.800001
3767,-214.260379,-153.906406
3768,-214.398282,-154.038671
3769,-214.511216,-154.192804
3770,-214.595773,-154.364156
3771,-214.649402,-154.547556
3772,-214.670484,-154.737469
3773,-219.502871,-155.070558
3774,-219.557758,-154.895506
3775,-219.640976,-154.732010
3776,-219.750208,-154.584619
3777,-219.882418,-154.457431
3778,-220.033927,-154.353986
3779,-220.200522,-154.277159
3780,-220.377567,-154.229088
3781,-220.560140,-154.211110
3782,-220.743162,-154.223726
3783,-220.921541,-154.266584
3784,-221.090317,-154.338491
3785,-221.244795,-154.437449
3786,-221.380678,-154.560704
3787,-221.494186,-154.704829
3788,-221.582163,-154.865814
3789,-221.642161,-155.039181
3790,-221.672512,-155.220109
3791,-226.524571,-155.554555
3792,-226.591209,-155.380117
3793,-226.686391,-155.219465
3794,-226.807376,-155.077227
3795,-226.950676,-154.957502
3796,-227.112162,-154.863740
3797,-227.287181,-154.798644
3798,-227.470688,-154.764090
3799,-227.657396,-154.761072
3800,-227.841924,-154.789679
3801,-228.018955,-154.849085
3802,-228.183387,-154.937578
3803,-228.330481,-155.052610
3804,-228.455999,-155.190864
3805,-228.556324,-155.348357
3806,-228.628564,-155.520549
3807,-228.670638,-155.702480
3808,-233.550340,-156.038831
3809,-233.629156,-155.865599
3810,-233.736652,-155.708545
3811,-233.869610,-155.572371
3812,-234.024050,-155.461153
3813,-234.195349,-155.378220
3814,-234.378379,-155.326054
3815,-234.567661,-155.306219
3816,-234.757529,-155.319306
3817,-234.942300,-155.364925
3818,-235.116442,-155.441709
3819,-235.274742,-155.547361
3820,-235.412462,-155.678718
3821,-235.525478,-155.831847
3822,-235.610409,-156.002164
3823,-235.664711,-156.184572
3824,-240.580341,-156.523400
3825,-240.664778,-156.362923
3826,-240.774432,-156.218498
3827,-240.906323,-156.094051
3828,-241.056867,-155.992963
3829,-241.221974,-155.917982
3830,-241.397155,-155.871144
3831,-241.577651,-155.853724
3832,-241.758557,-155.866193
3833,-241.934956,-155.908214
3834,-242.102055,-155.978645
3835,-242.255312,-156.075571
3836,-242.390562,-156.196358
3837,-242.504132,-156.337724
3838,-242.592932,-156.495828
3839,-242.654552,-156.666372
3840,-247.614776,-157.008274
3841,-247.710940,-156.850891
3842,-247.832048,-156.711788
3843,-247.974694,-156.594874
3844,-248.134870,-156.503438
3845,-248.308071,-156.440048
3846,-248.489428,-156.406488
3847,-248.673843,-156.403701
3848,-248.856132,-156.431764
3849,-249.031170,-156.489890
3850,-249.194035,-156.576444
3851,-249.340150,-156.688993
3852,-249.465407,-156.824373
3853,-249.566283,-156.978777
3854,-249.639944,-157.147866
3855,-254.654072,-157.493483
3856,-254.762295,-157.340108
3857,-254.895020,-157.207368
3858,-255.048381,-157.099126
3859,-255.217914,-157.018536
3860,-255.398680,-156.967945
3861,-255.585416,-156.948825
3862,-255.772684,-156.961733
3863,-255.955031,-157.006293
3864,-256.127146,-157.081209
3865,-256.284018,-157.184297
3866,-256.421078,-157.312557
3867,-256.534335,-157.462253
3868,-256.620491,-157.629025
3869,-261.698633,-157.979055
3870,-261.819223,-157.830750
3871,-261.963664,-157.705560
3872,-262.127597,-157.607264
3873,-262.306071,-157.538831
3874,-262.493697,-157.502326
3875,-262.684809,-157.498853
3876,-262.873637,-157.528515
3877,-263.054480,-157.590418
3878,-263.221876,-157.682692
3879,-263.370772,-157.802550
3880,-263.496671,-157.946375
3881,-263.595771,-158.109822
3882,-268.748988,-158.465026
3883,-268.870155,-158.333954
3884,-269.010925,-158.224204
3885,-269.167593,-158.138667
3886,-269.336032,-158.079595
3887,-269.511807,-158.048543
3888,-269.690291,-158.046329
3889,-269.866782,-158.073011
3890,-270.036635,-158.127887
3891,-270.195376,-158.209511
3892,-270.338825,-158.315735
3893,-270.463206,-158.443761
3894,-270.565243,-158.590218
3895,-275.806104,-158.951463
3896,-275.937806,-158.828497
3897,-276.087815,-158.728680
3898,-276.252106,-158.654693
3899,-276.426273,-158.608518
3900,-276.605641,-158.591397
3901,-276.785398,-158.603787
3902,-276.960720,-158.645357
3903,-277.126904,-158.714991
3904,-277.279490,-158.810821
3905,-277.414385,-158.930275
3906,-277.527969,-159.070149
3907,-282.871091,-159.438443
3908,-283.012757,-159.325419
3909,-283.171058,-159.237189
3910,-283.341698,-159.176149
3911,-283.520044,-159.143955
3912,-283.701256,-159.141481
3913,-283.880415,-159.168795
3914,-284.052657,-159.225154
3915,-284.213308,-159.309030
3916,-284.358006,-159.418145
3917,-284.482825,-159.549538
3918,-289.434401,-159.890843
3919,-289.424166,-158.887765
3920,-200.139678,-152.733507
3921,-199.981177,-152.652163
3922,-199.811624,-152.597471
3923,-199.635466,-152.570868
3924,-199.457324,-152.573050
3925,-199.281871,-152.603960
3926,-199.113708,-152.662788
3927,-193.236265,-152.257664
3928,-193.079075,-152.154012
3929,-192.906511,-152.078685
3930,-192.723628,-152.033892
3931,-192.535786,-152.020944
3932,-192.348487,-152.040221
3933,-192.167219,-152.091159
3934,-191.997294,-152.172264
3935,-186.311324,-151.780338
3936,-186.162311,-151.660152
3937,-185.994717,-151.567621
3938,-185.813619,-151.505549
3939,-185.624502,-151.475815
3940,-185.433093,-151.479320
3941,-185.245191,-151.515958
3942,-185.066487,-151.584618
3943,-184.902393,-151.683222
3944,-179.371849,-151.302009
3945,-179.233867,-151.169350
3946,-179.074978,-151.062619
3947,-178.899993,-150.985046
3948,-178.714210,-150.938982
3949,-178.523254,-150.925819
3950,-178.332908,-150.945958
3951,-178.148935,-150.998788
3952,-177.976904,-151.082710
3953,-177.822026,-151.195182
3954,-172.421452,-150.822928
3955,-172.295650,-150.680784
3956,-172.147285,-150.562384
3957,-171.980773,-150.471253
3958,-171.801074,-150.410106
3959,-171.613537,-150.380763
3960,-171.423749,-150.384098
3961,-171.237359,-150.420011
3962,-171.059918,-150.487433
3963,-170.896711,-150.584357
3964,-170.752596,-150.707896
3965,-165.462492,-150.343256
3966,-165.349219,-150.193815
3967,-165.212210,-150.065785
3968,-165.055446,-149.962887
3969,-164.883483,-149.888110
3970,-164.701317,-149.843628
3971,-164.514242,-149.830733
3972,-164.327696,-149.849800
3973,-164.147099,-149.900276
3974,-163.977699,-149.980692
3975,-163.824419,-150.088713
3976,-163.691714,-150.221199
3977,-158.496302,-149.863086
3978,-158.395530,-149.708074
3979,-158.270218,-149.572129
3980,-158.123908,-149.459093
3981,-157.960733,-149.372158
3982,-157.785302,-149.313781
3983,-157.602572,-149.285611
3984,-157.417705,-149.288443
3985,-157.235923,-149.322198
3986,-157.062363,-149.385922
3987,-156.901928,-149.477815
3988,-156.759149,-149.595280
3989,-156.638061,-149.735000
3990,-151.523865,-149.382486
3991,-151.435374,-149.223273
3992,-151.321824,-149.080846
3993,-151.186326,-148.959111
3994,-151.032597,-148.861405
3995,-150.864851,-148.790408
3996,-150.687690,-148.748065
3997,-150.505969,-148.735540
3998,-150.324674,-148.753174
3999,-150.148773,-148.800484
4000,-149.983092,-148.876174
4001,-149.832173,-148.978167
4002,-149.700155,-149.103667
4003,-149.590657,-149.249232
4004,-144.545845,-148.901500
4005,-144.469325,-148.739223
4006,-144.367442,-148.591544
4007,-144.242907,-148.462391
4008,-144.099034,-148.355200
4009,-143.939650,-148.272823
4010,-143.768994,-148.217452
4011,-143.591607,-148.190558
4012,-143.412208,-148.192859
4013,-143.235570,-148.224292
4014,-143.066390,-148.284021
4015,-142.909170,-148.370458
4016,-142.768093,-148.481303
4017,-142.646911,-148.613607
4018,-142.548849,-148.763850
4019,-137.562846,-148.420172
4020,-137.492328,-148.244416
4021,-137.392711,-148.083360
4022,-137.266945,-147.941777
4023,-137.118760,-147.823864
4024,-136.952545,-147.733114
4025,-136.773229,-147.672219
4026,-136.586125,-147.642982
4027,-136.396779,-147.646271
4028,-136.210803,-147.681987
4029,-136.033709,-147.749073
4030,-135.870746,-147.845539
4031,-135.726744,-147.968527
4032,-135.605971,-148.114392
4033,-135.512007,-148.278810
4034,-130.575207,-147.938523
4035,-130.517122,-147.761978
4036,-130.430144,-147.597732
4037,-130.316756,-147.450473
4038,-130.180194,-147.324406
4039,-130.024358,-147.223129
4040,-129.853696,-147.149533
4041,-129.673079,-147.105719
4042,-129.487664,-147.092939
4043,-129.302744,-147.111556
4044,-129.123598,-147.161040
4045,-128.955340,-147.239978
4046,-128.802773,-147.346116
4047,-128.670252,-147.476425
4048,-128.561562,-147.627184
4049,-128.479803,-147.794090
4050,-123.583203,-147.456574
4051,-123.537047,-147.279903
4052,-123.462301,-147.113303
4053,-123.361025,-146.961362
4054,-123.236009,-146.828269
4055,-123.090698,-146.717691
4056,-122.929096,-146.632675
4057,-122.755657,-146.575563
4058,-122.575160,-146.547930
4059,-122.392579,-146.550537
4060,-122.212944,-146.583311
4061,-122.041206,-146.645351
4062,-121.882098,-146.734946
4063,-121.740003,-146.849627
4064,-121.618837,-146.986235
4065,-121.521940,-147.141005
4066,-121.451980,-147.309672
4067,-116.587091,-146.974341
4068,-116.549316,-146.787295
4069,-116.479784,-146.609591
4070,-116.380587,-146.446577
4071,-116.254710,-146.303160
4072,-116.105942,-146.183655
4073,-115.938759,-146.091658
4074,-115.758193,-146.029939
4075,-115.569677,-146.000354
4076,-115.378885,-146.003794
4077,-115.191559,-146.040155
4078,-115.013335,-146.108343
4079,-114.849577,-146.206306
4080,-114.705213,-146.331096
4081,-114.584588,-146.478957
4082,-114.491331,-146.645440
4083,-114.428250,-146.825535
4084,-109.587005,-146.491835
4085,-109.561188,-146.306343
4086,-109.504279,-146.127919
4087,-109.417928,-145.961735
4088,-109.304638,-145.812607
4089,-109.167692,-145.684859
4090,-109.011060,-145.582194
4091,-108.839283,-145.507586
4092,-108.657338,-145.463200
4093,-108.470502,-145.450322
4094,-108.284189,-145.469325
4095,-108.103799,-145.519657
4096,-107.934562,-145.599861
4097,-107.781384,-145.707611
4098,-107.648704,-145.839784
4099,-107.540368,-145.992549
4100,-107.459517,-146.161478
4101,-107.408494,-146.341673
4102,-102.583051,-146.009062
4103,-102.568727,-145.825542
4104,-102.524001,-145.646981
4105,-102.450124,-145.478378
4106,-102.349167,-145.324456
4107,-102.223955,-145.189524
4108,-102.077996,-145.077361
4109,-101.915377,-144.991108
4110,-101.740651,-144.933181
4111,-101.558712,-144.905202
4112,-101.374655,-144.907953
4113,-101.193634,-144.941359
4114,-101.020718,-145.004484
4115,-100.860750,-145.095560
4116,-100.718209,-145.212036
4117,-100.597087,-145.350651
4118,-100.500776,-145.507523
4119,-100.431973,-145.678259
4120,-100.392605,-145.858078
4121,-95.575301,-145.526027
4122,-95.570994,-145.334859
4123,-95.533647,-145.147324
4124,-95.464388,-144.969091
4125,-95.365310,-144.805544
4126,-95.239406,-144.661627
4127,-95.090481,-144.541687
4128,-94.923036,-144.449350
4129,-94.742130,-144.387406
4130,-94.553230,-144.357725
4131,-94.362045,-144.361207
4132,-94.174351,-144.397744
4133,-93.995820,-144.466234
4134,-93.831848,-144.564606
4135,-93.687388,-144.689887
4136,-93.566807,-144.838293
4137,-93.473748,-145.005338
4138,-93.411024,-145.185975
4139,-93.380529,-145.374745
4140,-88.563767,-145.042732
4141,-88.525638,-145.223882
4142,-88.457672,-145.396073
4143,-88.361792,-145.554429
4144,-88.240715,-145.694463
4145,-88.097870,-145.812211
4146,-87.937302,-145.904337
4147,-87.763559,-145.968232
4148,-87.581561,-146.002086
4149,-87.396464,-146.004942
4150,-87.213508,-145.976717
4151,-87.037877,-145.918211
4152,-86.874544,-145.831082
4153,-86.728134,-145.717797
4154,-86.602796,-145.581564
4155,-86.502077,-145.426241
4156,-86.428832,-145.256228
4157,-86.385133,-145.076340
4158,-86.372220,-144.891672
4159,-81.548435,-144.559175
4160,-81.498579,-144.740846
4161,-81.418454,-144.911347
4162,-81.310412,-145.065675
4163,-81.177620,-145.199304
4164,-81.023975,-145.308315
4165,-80.853982,-145.389510
4166,-80.672627,-145.440507
4167,-80.485230,-145.459812
4168,-80.297287,-145.446857
4169,-80.114311,-145.402023
4170,-79.941669,-145.326625
4171,-79.784424,-145.222874
4172,-79.647188,-145.093813
4173,-79.533987,-144.943228
4174,-79.448141,-144.775536
4175,-79.392168,-144.595654
4176,-79.367710,-144.408860
4177,-74.529272,-144.075353
4178,-74.471804,-144.246729
4179,-74.387045,-144.406380
4180,-74.277286,-144.549994
4181,-74.145489,-144.673695
4182,-73.995213,-144.774141
4183,-73.830517,-144.848621
4184,-73.655846,-144.895124
4185,-73.475918,-144.912394
4186,-73.295591,-144.899964
4187,-73.119735,-144.858171
4188,-72.953097,-144.788142
4189,-72.800177,-144.691769
4190,-72.665104,-144.571654
4191,-72.551526,-144.431040
4192,-72.462509,-144.273724
4193,-72.400457,-144.103954
4194,-72.367046,-143.926314
4195,-67.506135,-143.591258
4196,-67.437125,-143.761629
4197,-67.340709,-143.918129
4198,-67.219577,-144.056389
4199,-67.077114,-144.172547
4200,-66.917297,-144.263361
4201,-66.744589,-144.326293
4202,-66.563813,-144.359587
4203,-66.380016,-144.362313
4204,-66.198332,-144.334395
4205,-66.023834,-144.276612
4206,-65.861394,-144.190579
4207,-65.715548,-144.078697
4208,-65.590370,-143.944090
4209,-65.489354,-143.790518
4210,-65.415322,-143.622269
4211,-65.370341,-143.444041
4212,-60.478893,-143.106880
4213,-60.397964,-143.275639
4214,-60.289598,-143.428235
4215,-60.156930,-143.560251
4216,-60.003803,-143.667865
4217,-59.834648,-143.747963
4218,-59.654363,-143.798224
4219,-59.468166,-143.817194
4220,-59.281449,-143.804324
4221,-59.099617,-143.759986
4222,-58.927933,-143.685464
4223,-58.771367,-143.582915
4224,-58.634453,-143.455309
4225,-58.521154,-143.306338
4226,-58.434749,-143.140317
4227,-58.377740,-142.962050
4228,-53.447339,-142.622204
4229,-53.354072,-142.788659
4230,-53.233445,-142.936492
4231,-53.089086,-143.061257
4232,-52.925339,-143.159199
4233,-52.747131,-143.227371
4234,-52.559823,-143.263723
4235,-52.369051,-143.267161
4236,-52.180555,-143.237581
4237,-52.000006,-143.175873
4238,-51.832837,-143.083894
4239,-51.684077,-142.964411
4240,-51.558202,-142.821020
4241,-51.458999,-142.658034
4242,-51.389453,-142.480357
4243,-46.411245,-142.137216
4244,-46.313707,-142.289564
4245,-46.192520,-142.423866
4246,-46.050960,-142.536490
4247,-45.892855,-142.624390
4248,-45.722482,-142.685189
4249,-45.544449,-142.717243
4250,-45.363569,-142.719685
4251,-45.184735,-142.692448
4252,-45.012783,-142.636270
4253,-44.852364,-142.552670
4254,-44.707815,-142.443909
4255,-44.583046,-142.312927
4256,-44.481432,-142.163268
4257,-44.405719,-141.998978
4258,-39.370144,-141.651883
4259,-39.260981,-141.799732
4260,-39.128726,-141.927343
4261,-38.977071,-142.031153
4262,-38.810249,-142.108266
4263,-38.632917,-142.156528
4264,-38.450024,-142.174592
4265,-38.266677,-142.161954
4266,-38.087993,-142.118967
4267,-37.918960,-142.046830
4268,-37.764296,-141.947558
4269,-37.628318,-141.823922
4270,-37.514823,-141.679371
4271,-37.426978,-141.517943
4272,-32.323585,-141.166173
4273,-32.202600,-141.308402
4274,-32.059302,-141.428118
4275,-31.897819,-141.521873
4276,-31.722806,-141.586964
4277,-31.539305,-141.621516
4278,-31.352604,-141.624532
4279,-31.168082,-141.595928
4280,-30.991057,-141.536525
4281,-30.826630,-141.448037
4282,-30.679539,-141.333013
4283,-30.554021,-141.194768
4284,-30.453695,-141.037284
4285,-25.270974,-140.680046
4286,-25.138070,-140.815326
4287,-24.983906,-140.925768
4288,-24.813064,-141.008089
4289,-24.630621,-141.059843
4290,-24.442000,-141.079492
4291,-24.252807,-141.066451
4292,-24.068666,-141.021109
4293,-23.895049,-140.944812
4294,-23.737118,-140.839828
4295,-23.599565,-140.709279
4296,-23.486479,-140.557043
4297,-18.211231,-140.193428
4298,-18.080563,-140.309613
4299,-17.933137,-140.403626
4300,-17.772676,-140.473090
4301,-17.603236,-140.516252
4302,-17.429097,-140.532021
4303,-17.254660,-140.519997
4304,-17.084331,-140.480485
4305,-16.922416,-140.414483
4306,-16.773003,-140.323659
4307,-16.639870,-140.210308
4308,-16.526380,-140.077293
4309,-11.036960,-139.698915
4310,-11.105725,-138.701282
4311,-16.380389,-139.064857
4312,-16.459206,-138.891628
4313,-16.566703,-138.734577
4314,-16.699661,-138.598405
4315,-16.854100,-138.487189
4316,-17.025398,-138.404258
4317,-17.208426,-138.352094
4318,-17.397707,-138.332258
4319,-17.587573,-138.345345
4320,-17.772342,-138.390963
4321,-17.946482,-138.467747
4322,-18.104781,-138.573397
4323,-18.242500,-138.704751
4324,-18.355517,-138.857877
4325,-18.440449,-139.028192
4326,-18.494752,-139.210598
4327,-23.410391,-139.549426
4328,-23.494829,-139.388952
4329,-23.604483,-139.244530
4330,-23.736374,-139.120085
4331,-23.886917,-139.019000
4332,-24.052022,-138.944020
4333,-24.227202,-138.897184
4334,-24.407697,-138.879763
4335,-24.588600,-138.892233
4336,-24.764998,-138.934253
4337,-24.932095,-139.004682
4338,-25.085351,-139.101606
4339,-25.220601,-139.222391
4340,-25.334170,-139.363755
4341,-25.422972,-139.521856
4342,-25.484593,-139.692398
4343,-30.444827,-140.034300
4344,-30.540992,-139.876920
4345,-30.662100,-139.737820
4346,-30.804746,-139.620909
4347,-30.964920,-139.529475
4348,-31.138119,-139.466087
4349,-31.319474,-139.432527
4350,-31.503888,-139.429740
4351,-31.686175,-139.457804
4352,-31.861210,-139.515928
4353,-32.024074,-139.602481
4354,-32.170188,-139.715027
4355,-32.295444,-139.850404
4356,-32.396322,-140.004806
4357,-32.469984,-140.173891
4358,-37.484124,-140.519509
4359,-37.592347,-140.366138
4360,-37.725072,-140.233400
4361,-37.878433,-140.125162
4362,-38.047964,-140.044574
4363,-38.228728,-139.993984
4364,-38.415462,-139.974864
4365,-38.602728,-139.987772
4366,-38.785072,-140.032332
4367,-38.957186,-140.107245
4368,-39.114056,-140.210332
4369,-39.251115,-140.338588
4370,-39.364372,-140.488281
4371,-39.450529,-140.655051
4372,-44.528687,-141.005081
4373,-44.649276,-140.856780
4374,-44.793717,-140.731594
4375,-44.957649,-140.633301
4376,-45.136120,-140.564869
4377,-45.323743,-140.528366
4378,-45.514853,-140.524892
4379,-45.703679,-140.554554
4380,-45.884519,-140.616455
4381,-46.051914,-140.708727
4382,-46.200808,-140.828582
4383,-46.326707,-140.972403
4384,-46.425809,-141.135847
4385,-51.579043,-141.491053
4386,-51.700210,-141.359984
4387,-51.840979,-141.250238
4388,-51.997645,-141.164704
4389,-52.166081,-141.105633
4390,-52.341854,-141.074583
4391,-52.520335,-141.072369
4392,-52.696824,-141.099050
4393,-52.866674,-141.153924
4394,-53.025413,-141.235546
4395,-53.168861,-141.341767
4396,-53.293242,-141.469790
4397,-53.395279,-141.616243
4398,-58.636160,-141.977490
4399,-58.767861,-141.854528
4400,-58.917869,-141.754715
4401,-59.082158,-141.680730
4402,-59.256322,-141.634557
4403,-59.435687,-141.617436
4404,-59.615440,-141.629827
4405,-59.790760,-141.671395
4406,-59.956941,-141.741027
4407,-60.109526,-141.836854
4408,-60.244420,-141.956305
4409,-60.358004,-142.096174
4410,-65.701149,-142.464470
4411,-65.842814,-142.351450
4412,-66.001113,-142.263224
4413,-66.171750,-142.202187
4414,-66.350092,-142.169994
4415,-66.531300,-142.167521
4416,-66.710455,-142.194834
4417,-66.882694,-142.251191
4418,-67.043343,-142.335064
4419,-67.188040,-142.444175
4420,-67.312858,-142.575563
4421,-72.775760,-142.952113
4422,-72.926172,-142.851344
4423,-73.091075,-142.776611
4424,-73.266003,-142.729940
4425,-73.446217,-142.712594
4426,-73.626836,-142.725044
4427,-73.802966,-142.766952
4428,-73.969836,-142.837183
4429,-74.122926,-142.933835
4430,-74.258089,-143.054288
4431,-79.862663,-143.440604
4432,-80.019373,-143.354998
4433,-80.187869,-143.295875
4434,-80.363711,-143.264794
4435,-80.542265,-143.262573
4436,-80.718825,-143.289271
4437,-80.888740,-143.344185
4438,-81.047530,-143.425867
4439,-81.191013,-143.532165
4440,-86.967129,-143.930305
4441,-87.125024,-143.863738
4442,-87.291341,-143.822500
4443,-87.462044,-143.807591
4444,-87.632992,-143.819375
4445,-87.800035,-143.857563
4446,-87.959121,-143.921231
4447,-88.106389,-144.008833
4448,-289.413930,-157.884687
4449,-289.403695,-156.881609
4450,-11.174491,-137.703649
4451,-11.243256,-136.706016
4452,-289.393460,-155.878530
4453,-289.383225,-154.875452
4454,-11.312022,-135.708384
4455,-10.556246,-134.653916
4456,-289.372990,-153.872374
4457,-289.362754,-152.869295
4458,-10.625012,-133.656283
4459,-10.693777,-132.658650
4460,-289.352519,-151.866217
4461,-289.342284,-150.863139
4462,-284.232469,-150.510926
4463,-284.079352,-150.618514
4464,-283.910213,-150.698591
4465,-283.729948,-150.748838
4466,-283.543774,-150.767802
4467,-283.357080,-150.754933
4468,-283.175269,-150.710605
4469,-283.003603,-150.636099
4470,-282.847051,-150.533574
4471,-282.710143,-150.405995
4472,-277.149439,-150.022703
4473,-276.988289,-150.115861
4474,-276.813739,-150.180515
4475,-276.630786,-150.214811
4476,-276.444670,-150.217769
4477,-276.260721,-150.189303
4478,-276.084204,-150.130229
4479,-275.920175,-150.042238
4480,-275.773331,-149.927850
4481,-270.050775,-149.533402
4482,-269.885647,-149.608409
4483,-269.710439,-149.655264
4484,-269.529913,-149.672693
4485,-269.348977,-149.660221
4486,-269.172550,-149.618188
4487,-269.005427,-149.547737
4488,-268.852152,-149.450782
4489,-262.928206,-149.042453
4490,-262.768134,-149.094446
4491,-262.602005,-149.121411
4492,-262.433706,-149.122716
4493,-262.267178,-149.098332
4494,-262.106319,-149.048828
4495,-261.954895,-148.975364
4496,-10.762543,-131.661018
4497,-10.831308,-130.663385
4498,-156.814675,-140.725819
4499,-156.981999,-140.817998
4500,-157.162747,-140.879838
4501,-157.351469,-140.909474
4502,-157.542472,-140.906012
4503,-157.729996,-140.869557
4504,-157.908385,-140.801207
4505,-163.725360,-141.202163
4506,-163.866146,-141.302595
4507,-164.020932,-141.379720
4508,-164.185893,-141.431633
4509,-164.356952,-141.457050
4510,-164.529880,-141.455344
4511,-164.700404,-141.426555
4512,-164.864308,-141.371397
4513,-165.017542,-141.291231
4514,-170.655064,-141.679818
4515,-170.788799,-141.795172
4516,-170.939272,-141.887636
4517,-171.102603,-141.954827
4518,-171.274582,-141.995012
4519,-171.450775,-142.007157
4520,-171.626641,-141.990948
4521,-171.797646,-141.946802
4522,-171.959382,-141.875858
4523,-172.107680,-141.779945
4524,-177.598083,-142.158391
4525,-177.722295,-142.285236
4526,-177.865295,-142.390448
4527,-178.023357,-142.471285
4528,-178.192365,-142.525642
4529,-178.367916,-142.552103
4530,-178.545438,-142.549979
4531,-178.720305,-142.519324
4532,-178.887964,-142.460939
4533,-179.044047,-142.376343
4534,-179.184488,-142.267740
4535,-184.551096,-142.637653
4536,-184.664657,-142.773478
4537,-184.798538,-142.889326
4538,-184.949269,-142.982195
4539,-185.112947,-143.049680
4540,-185.285332,-143.090032
4541,-185.461957,-143.102207
4542,-185.638247,-143.085888
4543,-185.809637,-143.041499
4544,-185.971685,-142.970189
4545,-186.120194,-142.873806
4546,-186.251317,-142.754847
4547,-191.512288,-143.117478
4548,-191.625149,-143.272450
4549,-191.763202,-143.405472
4550,-191.922254,-143.512506
4551,-192.097474,-143.590299
4552,-192.283540,-143.636489
4553,-192.474799,-143.649672
4554,-192.665442,-143.629448
4555,-192.849678,-143.576432
4556,-193.021912,-143.492234
4557,-193.176911,-143.379411
4558,-193.309968,-143.241390
4559,-198.480438,-143.597783
4560,-198.580288,-143.757711
4561,-198.705981,-143.898239
4562,-198.853826,-144.015238
4563,-199.019479,-144.105272
4564,-199.198074,-144.165694
4565,-199.384363,-144.194731
4566,-199.572875,-144.191529
4567,-199.758071,-144.156182
4568,-199.934510,-144.089729
4569,-200.097010,-143.994121
4570,-200.240796,-143.872168
4571,-200.361644,-143.727452
4572,-205.454547,-144.078499
4573,-205.541722,-144.242119
4574,-205.655138,-144.388774
4575,-205.791572,-144.514300
4576,-205.947149,-144.615130
4577,-206.117450,-144.688400
4578,-206.297637,-144.732029
4579,-206.482593,-144.744778
4580,-206.667062,-144.726284
4581,-206.845806,-144.677073
4582,-207.013746,-144.598543
4583,-207.166112,-144.492924
4584,-207.298577,-144.363216
4585,-207.407378,-144.213105
4586,-212.434033,-144.559585
4587,-212.508925,-144.725843
4588,-212.610254,-144.877445
4589,-212.735235,-145.010224
4590,-212.880434,-145.120531
4591,-213.041860,-145.205337
4592,-213.215079,-145.262309
4593,-213.395329,-145.289883
4594,-213.577658,-145.287301
4595,-213.757055,-145.254634
4596,-213.928590,-145.192779
4597,-214.087551,-145.103437
4598,-214.229568,-144.989062
4599,-214.350738,-144.852797
4600,-214.447733,-144.698387
4601,-219.418422,-145.041010
4602,-219.481431,-145.209030
4603,-219.570919,-145.364569
4604,-219.684506,-145.503490
4605,-219.819169,-145.622093
4606,-219.971323,-145.717224
4607,-220.136920,-145.786351
4608,-220.311553,-145.827633
4609,-220.490574,-145.839973
4610,-220.669219,-145.823041
4611,-220.842735,-145.777290
4612,-221.006503,-145.703935
4613,-221.156165,-145.604929
4614,-221.287738,-145.482907
4615,-221.397721,-145.341117
4616,-221.483188,-145.183331
4617,-226.407376,-145.522749
4618,-226.463294,-145.702715
4619,-226.549110,-145.870496
4620,-226.662306,-146.021166
4621,-226.799558,-146.150303
4622,-226.956839,-146.254118
4623,-227.129531,-146.329562
4624,-227.312568,-146.374423
4625,-227.500575,-146.387382
4626,-227.688035,-146.368059
4627,-227.869446,-146.317023
4628,-228.039483,-146.235770
4629,-228.193156,-146.126685
4630,-228.325953,-145.992971
4631,-228.433978,-145.838552
4632,-228.514060,-145.667960
4633,-233.400581,-146.004781
4634,-233.444389,-146.184530
4635,-233.517701,-146.354394
4636,-233.618446,-146.509569
4637,-233.743771,-146.645665
4638,-233.890134,-146.758832
4639,-234.053392,-146.845869
4640,-234.228928,-146.904313
4641,-234.411776,-146.932512
4642,-234.596764,-146.929667
4643,-234.778659,-146.895860
4644,-234.952315,-146.832046
4645,-235.112820,-146.740031
4646,-235.255634,-146.622418
4647,-235.376716,-146.482533
4648,-235.472641,-146.324334
4649,-235.540697,-146.152296
4650,-240.397866,-146.487094
4651,-240.430034,-146.666091
4652,-240.491255,-146.837342
4653,-240.579856,-146.996164
4654,-240.693414,-147.138218
4655,-240.828825,-147.259620
4656,-240.982389,-147.357052
4657,-241.149907,-147.427850
4658,-241.326801,-147.470079
4659,-241.508235,-147.482585
4660,-241.689249,-147.465026
4661,-241.864897,-147.417882
4662,-242.030377,-147.342442
4663,-242.181164,-147.240767
4664,-242.313139,-147.115637
4665,-242.422693,-146.970473
4666,-242.506831,-146.809242
4667,-242.563254,-146.636352
4668,-247.399092,-146.969679
4669,-247.422184,-147.157756
4670,-247.477211,-147.339079
4671,-247.562540,-147.508268
4672,-247.675641,-147.660302
4673,-247.813155,-147.790670
4674,-247.971004,-147.895503
4675,-248.144502,-147.971690
4676,-248.328501,-148.016971
4677,-248.517542,-148.030001
4678,-248.706014,-148.010395
4679,-248.888324,-147.958733
4680,-249.059063,-147.876549
4681,-249.213165,-147.766282
4682,-249.346055,-147.631203
4683,-249.453792,-147.475322
4684,-249.533177,-147.303264
4685,-249.581855,-147.120134
4686,-254.404154,-147.452529
4687,-254.415650,-147.638327
4688,-254.458311,-147.819527
4689,-254.530915,-147.990939
4690,-254.631384,-148.147653
4691,-254.756841,-148.285181
4692,-254.903691,-148.399585
4693,-255.067730,-148.487589
4694,-255.244259,-148.546671
4695,-255.428223,-148.575140
4696,-255.614354,-148.572181
4697,-255.797320,-148.537878
4698,-255.971882,-148.473214
4699,-256.133040,-148.380041
4700,-256.276179,-148.261026
4701,-256.397200,-148.119579
4702,-256.492637,-147.959750
4703,-256.559756,-147.786118
4704,-256.596635,-147.603653
4705,-261.413010,-147.935639
4706,-261.444843,-147.748138
4707,-261.508498,-147.568923
4708,-261.602070,-147.403350
4709,-261.722763,-147.256370
4710,-261.866969,-147.132376
4711,-262.030378,-147.035074
4712,-262.208104,-146.967373
4713,-262.394836,-146.931297
4714,-262.584990,-146.927924
4715,-262.772883,-146.957355
4716,-262.952899,-147.018711
4717,-263.119655,-147.110156
4718,-263.268168,-147.228959
4719,-263.393998,-147.371566
4720,-263.493383,-147.533716
4721,-263.563353,-147.710561
4722,-263.601816,-147.896815
4723,-263.607622,-148.086911
4724,-268.425633,-148.419010
4725,-268.466214,-148.240523
4726,-268.535831,-148.071237
4727,-268.632556,-147.915838
4728,-268.753711,-147.778631
4729,-268.895941,-147.663413
4730,-269.055308,-147.573377
4731,-269.227399,-147.511013
4732,-269.407449,-147.478050
4733,-269.590472,-147.475400
4734,-269.771400,-147.503137
4735,-269.945224,-147.560492
4736,-270.107131,-147.645877
4737,-270.252637,-147.756929
4738,-270.377713,-147.890571
4739,-270.478897,-148.043104
4740,-270.553386,-148.210304
4741,-270.599118,-148.387541
4742,-270.614826,-148.569908
4743,-275.442076,-148.902644
4744,-275.494238,-148.723923
4745,-275.575794,-148.556559
4746,-275.684407,-148.405347
4747,-275.816965,-148.274617
4748,-275.969671,-148.168115
4749,-276.138152,-148.088891
4750,-276.317579,-148.039216
4751,-276.502815,-148.020512
4752,-276.688551,-148.033314
4753,-276.869468,-148.077257
4754,-277.040384,-148.151081
4755,-277.196401,-148.252672
4756,-277.333050,-148.379119
4757,-277.446418,-148.526800
4758,-277.533256,-148.691485
4759,-277.591077,-148.868456
4760,-277.618225,-149.052643
4761,-282.462399,-149.386545
4762,-282.526535,-149.208079
4763,-282.620372,-149.043282
4764,-282.741120,-148.897050
4765,-282.885189,-148.773732
4766,-283.048299,-148.676991
4767,-283.225601,-148.609703
4768,-283.411825,-148.573869
4769,-283.601437,-148.570553
4770,-283.788801,-148.599853
4771,-283.968347,-148.660900
4772,-284.134740,-148.751878
4773,-284.283034,-148.870083
4774,-284.408821,-149.012003
4775,-284.508363,-149.173418
4776,-284.578701,-149.349532
4777,-284.617745,-149.535110
4778,-289.332049,-149.860061
4779,-289.321814,-148.856982
4780,-256.123171,-146.568645
4781,-255.979173,-146.485735
4782,-255.824330,-146.425460
4783,-255.662175,-146.389196
4784,-255.496407,-146.377769
4785,-255.330810,-146.391442
4786,-255.169161,-146.429902
4787,-255.015150,-146.492271
4788,-249.210988,-146.092198
4789,-249.069345,-145.989954
4790,-248.913303,-145.911423
4791,-248.746796,-145.858585
4792,-248.574024,-145.832772
4793,-248.399345,-145.834635
4794,-248.227163,-145.864128
4795,-248.061822,-145.920507
4796,-247.907491,-146.002350
4797,-242.280195,-145.614468
4798,-242.146010,-145.497566
4799,-241.994730,-145.403831
4800,-241.830314,-145.335719
4801,-241.657067,-145.295011
4802,-241.479523,-145.282773
4803,-241.302329,-145.299326
4804,-241.130123,-145.344235
4805,-240.967412,-145.416326
4806,-240.818457,-145.513712
4807,-235.336553,-145.135852
4808,-235.212141,-145.007604
4809,-235.068608,-144.901189
4810,-234.909740,-144.819417
4811,-234.739728,-144.764443
4812,-234.563060,-144.737720
4813,-234.384396,-144.739951
4814,-234.208450,-144.771078
4815,-234.039864,-144.830280
4816,-233.883088,-144.915994
4817,-233.742256,-145.025959
4818,-228.382964,-144.656551
4819,-228.269386,-144.519476
4820,-228.135185,-144.402517
4821,-227.983875,-144.308736
4822,-227.819420,-144.240590
4823,-227.646126,-144.199863
4824,-227.468532,-144.187621
4825,-227.291289,-144.204186
4826,-227.119040,-144.249124
4827,-226.956294,-144.321258
4828,-226.807314,-144.418698
4829,-226.676003,-144.538892
4830,-221.421233,-144.176688
4831,-221.318905,-144.032762
4832,-221.194865,-143.907066
4833,-221.052309,-143.802839
4834,-220.894911,-143.722766
4835,-220.726729,-143.668913
4836,-220.552095,-143.642667
4837,-220.375513,-143.644705
4838,-220.201532,-143.674973
4839,-220.034636,-143.732692
4840,-219.879128,-143.816374
4841,-219.739015,-143.923863
4842,-219.617907,-144.052387
4843,-214.452733,-143.696359
4844,-214.353107,-143.535345
4845,-214.227344,-143.393801
4846,-214.079170,-143.275921
4847,-213.912976,-143.185198
4848,-213.733687,-143.124320
4849,-213.546613,-143.095091
4850,-213.357298,-143.098376
4851,-213.171351,-143.134079
4852,-212.994281,-143.201141
4853,-212.831335,-143.297576
4854,-212.687341,-143.420526
4855,-212.566565,-143.566348
4856,-207.478260,-143.215618
4857,-207.391393,-143.051025
4858,-207.278020,-142.903432
4859,-207.141389,-142.777065
4860,-206.985410,-142.675540
4861,-206.814548,-142.601763
4862,-206.633694,-142.557848
4863,-206.448024,-142.545050
4864,-206.262855,-142.563736
4865,-206.083486,-142.613371
4866,-205.915052,-142.692535
4867,-205.762375,-142.798961
4868,-205.629825,-142.929602
4869,-205.521195,-143.080720
4870,-200.498445,-142.734509
4871,-200.423927,-142.567377
4872,-200.322733,-142.414912
4873,-200.197663,-142.281332
4874,-200.052179,-142.170334
4875,-199.890307,-142.084991
4876,-199.716527,-142.027664
4877,-199.535647,-141.999939
4878,-199.352675,-142.002584
4879,-199.172672,-142.035525
4880,-199.000622,-142.097852
4881,-198.841284,-142.187838
4882,-198.699069,-142.302995
4883,-198.577913,-142.440134
4884,-198.481168,-142.595461
4885,-193.513727,-142.253062
4886,-193.451134,-142.084275
4887,-193.361849,-141.927958
4888,-193.248264,-141.788297
4889,-193.113420,-141.669033
4890,-192.960930,-141.573359
4891,-192.794877,-141.503838
4892,-192.619708,-141.462332
4893,-192.440116,-141.449953
4894,-192.260909,-141.467032
4895,-192.086887,-141.513112
4896,-191.922712,-141.586959
4897,-191.772780,-141.686594
4898,-191.641107,-141.809350
4899,-191.531219,-141.951938
4900,-191.446060,-142.110540
4901,-186.524517,-141.771305
4902,-186.469092,-141.590585
4903,-186.383545,-141.422022
4904,-186.270401,-141.270594
4905,-186.133002,-141.140774
4906,-185.975405,-141.036394
4907,-185.802265,-140.960538
4908,-185.618694,-140.915444
4909,-185.430113,-140.902446
4910,-185.242090,-140.921926
4911,-185.060180,-140.973309
4912,-184.889752,-141.055078
4913,-184.735840,-141.164819
4914,-184.602990,-141.299291
4915,-184.495124,-141.454522
4916,-184.415427,-141.625928
4917,-179.531044,-141.289255
4918,-179.487766,-141.108832
4919,-179.414780,-140.938249
4920,-179.314162,-140.782360
4921,-179.188774,-140.645600
4922,-179.042184,-140.531860
4923,-178.878563,-140.444375
4924,-178.702566,-140.385635
4925,-178.519200,-140.357310
4926,-178.333682,-140.360208
4927,-178.151290,-140.394245
4928,-177.977213,-140.458453
4929,-177.816404,-140.551004
4930,-177.673438,-140.669267
4931,-177.552382,-140.809877
4932,-177.456681,-140.968832
4933,-177.389058,-141.141610
4934,-172.533493,-140.806923
4935,-172.501872,-140.627339
4936,-172.441018,-140.455446
4937,-172.352603,-140.295969
4938,-172.239057,-140.153288
4939,-172.103501,-140.031325
4940,-171.949660,-139.933432
4941,-171.781760,-139.862299
4942,-171.604416,-139.819880
4943,-171.422501,-139.807341
4944,-171.241014,-139.825026
4945,-171.064942,-139.872450
4946,-170.899123,-139.948309
4947,-170.748115,-140.050519
4948,-170.616067,-140.176271
4949,-170.506608,-140.322110
4950,-170.422744,-140.484028
4951,-170.366782,-140.657574
4952,-165.532026,-140.324321
4953,-165.509550,-140.135677
4954,-165.454949,-139.953713
4955,-165.369854,-139.783857
4956,-165.256803,-139.631177
4957,-165.119166,-139.500226
4958,-164.961051,-139.394909
4959,-164.787173,-139.318370
4960,-164.602718,-139.272889
4961,-164.413188,-139.259825
4962,-164.224238,-139.279567
4963,-164.041502,-139.331526
4964,-163.870432,-139.414152
4965,-163.716130,-139.524980
4966,-163.583199,-139.660706
4967,-163.475604,-139.817279
4968,-163.396554,-139.990031
4969,-163.348407,-140.173807
4970,-158.526719,-139.841455
4971,-158.515860,-139.655156
4972,-158.473667,-139.473374
4973,-158.401352,-139.301340
4974,-158.300998,-139.144005
4975,-158.175492,-139.005899
4976,-158.028448,-138.890995
4977,-157.864095,-138.802601
4978,-157.687167,-138.743261
4979,-157.502753,-138.714682
4980,-157.316162,-138.717688
4981,-157.132765,-138.752191
4982,-156.957839,-138.817199
4983,-156.796419,-138.910841
4984,-156.653152,-139.030422
4985,-156.532159,-139.172499
4986,-156.436925,-139.332984
4987,-156.370189,-139.507258
4988,-156.333872,-139.690305
4989,-151.517619,-139.358327
4990,-151.485195,-139.545260
4991,-151.421132,-139.723841
4992,-151.327336,-139.888757
4993,-151.206596,-140.035103
4994,-151.062505,-140.158525
4995,-150.899350,-140.255351
4996,-150.721983,-140.322702
4997,-150.535681,-140.358573
4998,-150.345986,-140.361898
4999,-150.158542,-140.332578
5000,-149.978924,-140.271484
5001,-149.812475,-140.180434
5002,-149.664147,-140.062138
5003,-149.538354,-139.920113
5004,-149.438835,-139.758585
5005,-149.368553,-139.582359
5006,-149.329598,-139.396678
5007,-149.323129,-139.207064
5008,-144.504752,-138.874940
5009,-144.463636,-139.052831
5010,-144.393662,-139.221470
5011,-144.296757,-139.376212
5012,-144.175590,-139.512793
5013,-144.033502,-139.627450
5014,-143.874405,-139.717026
5015,-143.702682,-139.779051
5016,-143.523066,-139.811817
5017,-143.340504,-139.814422
5018,-143.160027,-139.786793
5019,-142.986605,-139.729693
5020,-142.825017,-139.644693
5021,-142.679715,-139.534136
5022,-142.554701,-139.401067
5023,-142.453421,-139.249153
5024,-142.378663,-139.082579
5025,-142.332489,-138.905934
5026,-142.316169,-138.724084
5027,-137.488062,-138.391289
5028,-137.435398,-138.569350
5029,-137.353534,-138.736015
5030,-137.244802,-138.886536
5031,-137.112302,-139.016624
5032,-136.959809,-139.122571
5033,-136.791667,-139.201359
5034,-136.612669,-139.250742
5035,-136.427915,-139.269314
5036,-136.242669,-139.256546
5037,-136.062210,-139.212800
5038,-135.891680,-139.139324
5039,-135.735939,-139.038211
5040,-135.599424,-138.912343
5041,-135.486026,-138.765306
5042,-135.398975,-138.601290
5043,-135.340752,-138.424969
5044,-135.313017,-138.241366
5045,-130.467486,-137.907370
5046,-130.402885,-138.085108
5047,-130.308796,-138.249153
5048,-130.187999,-138.394659
5049,-130.044064,-138.517323
5050,-129.881245,-138.613520
5051,-129.704356,-138.680408
5052,-129.518624,-138.716008
5053,-129.329539,-138.719270
5054,-129.142690,-138.690096
5055,-128.963599,-138.629348
5056,-128.797560,-138.538823
5057,-128.649480,-138.421196
5058,-128.523737,-138.279943
5059,-128.424046,-138.119240
5060,-128.353354,-137.943836
5061,-128.313751,-137.758916
5062,-123.442940,-137.423178
5063,-123.371678,-137.589428
5064,-123.274135,-137.741752
5065,-123.152947,-137.876032
5066,-123.011392,-137.988636
5067,-122.853298,-138.076519
5068,-122.682938,-138.137307
5069,-122.504920,-138.169353
5070,-122.324057,-138.171794
5071,-122.145239,-138.144561
5072,-121.973302,-138.088392
5073,-121.812894,-138.004806
5074,-121.668353,-137.896062
5075,-121.543587,-137.765101
5076,-121.441969,-137.615464
5077,-121.366248,-137.451197
5078,-121.318470,-137.276741
5079,-116.414196,-136.938696
5080,-116.331287,-137.102929
5081,-116.222165,-137.251046
5082,-116.089884,-137.378905
5083,-115.938143,-137.482930
5084,-115.771188,-137.560210
5085,-115.593688,-137.608584
5086,-115.410609,-137.626699
5087,-115.227070,-137.614048
5088,-115.048208,-137.570985
5089,-114.879024,-137.498714
5090,-114.724251,-137.399258
5091,-114.588218,-137.275398
5092,-114.474731,-137.130598
5093,-114.386964,-136.968909
5094,-114.327372,-136.794854
5095,-109.381050,-136.453911
5096,-109.286128,-136.615393
5097,-109.165183,-136.758428
5098,-109.021724,-136.878869
5099,-108.859910,-136.973224
5100,-108.684432,-137.038756
5101,-108.500381,-137.073565
5102,-108.313092,-137.076641
5103,-108.127996,-137.047897
5104,-107.950461,-136.988164
5105,-107.785635,-136.899175
5106,-107.638297,-136.783512
5107,-107.512719,-136.644526
5108,-107.412544,-136.486249
5109,-107.340675,-136.313271
5110,-102.343193,-135.968801
5111,-102.235871,-136.126679
5112,-102.102870,-136.263624
5113,-101.948195,-136.375511
5114,-101.776505,-136.458972
5115,-101.592970,-136.511492
5116,-101.403119,-136.531490
5117,-101.212670,-136.518362
5118,-101.027358,-136.472505
5119,-100.852765,-136.395300
5120,-100.694150,-136.289072
5121,-100.556289,-136.157020
5122,-100.443335,-136.003122
5123,-100.358690,-135.832012
5124,-95.300277,-135.483343
5125,-95.190351,-135.625618
5126,-95.058716,-135.748086
5127,-94.908890,-135.847474
5128,-94.744874,-135.921128
5129,-94.571051,-135.967079
5130,-94.392065,-135.984100
5131,-94.212696,-135.971736
5132,-94.037737,-135.930318
5133,-93.871863,-135.860952
5134,-93.719504,-135.765491
5135,-93.584731,-135.646486
5136,-93.471145,-135.507116
5137,-93.381780,-135.351103
5138,-88.251632,-134.997489
5139,-88.130459,-135.133596
5140,-87.988478,-135.247829
5141,-87.829586,-135.337055
5142,-87.658144,-135.398825
5143,-87.478857,-135.431442
5144,-87.296645,-135.434013
5145,-87.116508,-135.406466
5146,-86.943392,-135.349558
5147,-86.782046,-135.264850
5148,-86.636900,-135.154667
5149,-86.511935,-135.022033
5150,-86.410583,-134.870588
5151,-81.196561,-134.511193
5152,-81.064213,-134.639700
5153,-80.912251,-134.744283
5154,-80.744950,-134.822000
5155,-80.567013,-134.870667
5156,-80.383446,-134.888915
5157,-80.199411,-134.876229
5158,-80.020083,-134.832968
5159,-79.850507,-134.760348
5160,-79.695451,-134.660410
5161,-79.559276,-134.535966
5162,-79.445811,-134.390516
5163,-74.134102,-134.024387
5164,-73.990926,-134.143562
5165,-73.829694,-134.236867
5166,-73.655029,-134.301629
5167,-73.471941,-134.335988
5168,-73.285680,-134.338961
5169,-73.101589,-134.310460
5170,-72.924947,-134.251305
5171,-72.760819,-134.163191
5172,-72.613914,-134.048646
5173,-72.488443,-133.910954
5174,-67.062529,-133.536953
5175,-66.909409,-133.644546
5176,-66.740267,-133.724627
5177,-66.559999,-133.774876
5178,-66.373821,-133.793841
5179,-66.187122,-133.780972
5180,-66.005307,-133.736642
5181,-65.833638,-133.662134
5182,-65.677083,-133.559604
5183,-65.540174,-133.432019
5184,-59.979501,-133.048730
5185,-59.818348,-133.141894
5186,-59.643794,-133.206551
5187,-59.460836,-133.240850
5188,-59.274715,-133.243808
5189,-59.090760,-133.215341
5190,-58.914238,-133.156264
5191,-58.750206,-133.068268
5192,-58.603359,-132.953874
5193,-52.880842,-132.559429
5194,-52.715709,-132.634443
5195,-52.540494,-132.681302
5196,-52.359961,-132.698733
5197,-52.179018,-132.686260
5198,-52.002584,-132.644225
5199,-51.835456,-132.573768
5200,-51.682177,-132.476807
5201,-45.758279,-132.068480
5202,-45.598199,-132.120481
5203,-45.432059,-132.147450
5204,-45.263750,-132.148756
5205,-45.097212,-132.124369
5206,-44.936344,-132.074860
5207,-44.784913,-132.001388
5208,-10.900074,-129.665752
5209,-10.968839,-128.668119
5210,-16.230624,-129.030807
5211,-16.274429,-129.210558
5212,-16.347741,-129.380424
5213,-16.448485,-129.535602
5214,-16.573811,-129.671700
5215,-16.720173,-129.784869
5216,-16.883433,-129.871907
5217,-17.058970,-129.930352
5218,-17.241820,-129.958551
5219,-17.426810,-129.955707
5220,-17.608706,-129.921899
5221,-17.782364,-129.858084
5222,-17.942870,-129.766067
5223,-18.085684,-129.648451
5224,-18.206766,-129.508564
5225,-18.302691,-129.350363
5226,-18.370745,-129.178322
5227,-23.227909,-129.513120
5228,-23.260076,-129.692119
5229,-23.321295,-129.863372
5230,-23.409895,-130.022197
5231,-23.523453,-130.164253
5232,-23.658865,-130.285656
5233,-23.812429,-130.383090
5234,-23.979949,-130.453889
5235,-24.156844,-130.496118
5236,-24.338280,-130.508625
5237,-24.519296,-130.491065
5238,-24.694945,-130.443920
5239,-24.860426,-130.368478
5240,-25.011215,-130.266802
5241,-25.143189,-130.141670
5242,-25.252743,-129.996504
5243,-25.336880,-129.835270
5244,-25.393302,-129.662378
5245,-30.229136,-129.995705
5246,-30.252226,-130.183784
5247,-30.307251,-130.365109
5248,-30.392580,-130.534300
5249,-30.505680,-130.686336
5250,-30.643195,-130.816706
5251,-30.801045,-130.921541
5252,-30.974544,-130.997729
5253,-31.158545,-131.043010
5254,-31.347587,-131.056041
5255,-31.536060,-131.036434
5256,-31.718372,-130.984771
5257,-31.889113,-130.902586
5258,-32.043215,-130.792317
5259,-32.176105,-130.657236
5260,-32.283841,-130.501353
5261,-32.363225,-130.329292
5262,-32.411902,-130.146160
5263,-37.234199,-130.478554
5264,-37.245692,-130.664355
5265,-37.288352,-130.845557
5266,-37.360955,-131.016970
5267,-37.461424,-131.173686
5268,-37.586880,-131.311216
5269,-37.733731,-131.425622
5270,-37.897771,-131.513627
5271,-38.074302,-131.572710
5272,-38.258267,-131.601180
5273,-38.444400,-131.598221
5274,-38.627367,-131.563917
5275,-38.801930,-131.499252
5276,-38.963090,-131.406077
5277,-39.106229,-131.287060
5278,-39.227250,-131.145611
5279,-39.322686,-130.985781
5280,-39.389804,-130.812146
5281,-39.426681,-130.629679
5282,-44.243055,-130.961665
5283,-44.274891,-130.774166
5284,-44.338546,-130.594953
5285,-44.432119,-130.429382
5286,-44.552813,-130.282404
5287,-44.697019,-130.158412
5288,-44.860426,-130.061112
5289,-45.038152,-129.993412
5290,-45.224881,-129.957336
5291,-45.415034,-129.953964
5292,-45.602926,-129.983395
5293,-45.782940,-130.044749
5294,-45.949696,-130.136193
5295,-46.098208,-130.254994
5296,-46.224038,-130.397600
5297,-46.323423,-130.559747
5298,-46.393394,-130.736591
5299,-46.431859,-130.922843
5300,-46.437667,-131.112937
5301,-51.255679,-131.445036
5302,-51.296262,-131.266551
5303,-51.365881,-131.097267
5304,-51.462606,-130.941871
5305,-51.583761,-130.804665
5306,-51.725991,-130.689450
5307,-51.885357,-130.599414
5308,-52.057446,-130.537052
5309,-52.237495,-130.504090
5310,-52.420516,-130.501440
5311,-52.601443,-130.529176
5312,-52.775266,-130.586530
5313,-52.937171,-130.671914
5314,-53.082677,-130.782964
5315,-53.207753,-130.916605
5316,-53.308937,-131.069136
5317,-53.383427,-131.236333
5318,-53.429160,-131.413569
5319,-53.444870,-131.595934
5320,-58.272123,-131.928670
5321,-58.324287,-131.749951
5322,-58.405844,-131.582590
5323,-58.514457,-131.431380
5324,-58.647015,-131.300652
5325,-58.799721,-131.194152
5326,-58.968200,-131.114930
5327,-59.147626,-131.065255
5328,-59.332860,-131.046551
5329,-59.518595,-131.059354
5330,-59.699510,-131.103296
5331,-59.870424,-131.177119
5332,-60.026440,-131.278708
5333,-60.163090,-131.405153
5334,-60.276457,-131.552832
5335,-60.363296,-131.717515
5336,-60.421119,-131.894483
5337,-60.448269,-132.078669
5338,-65.292447,-132.412571
5339,-65.356585,-132.234108
5340,-65.450422,-132.069313
5341,-65.571170,-131.923084
5342,-65.715239,-131.799767
5343,-65.878348,-131.703028
5344,-66.055649,-131.635742
5345,-66.241871,-131.599908
5346,-66.431481,-131.596592
5347,-66.618843,-131.625892
5348,-66.798388,-131.686938
5349,-66.964780,-131.777914
5350,-67.113073,-131.896118
5351,-67.238860,-132.038035
5352,-67.338403,-132.199448
5353,-67.408742,-132.375560
5354,-67.447787,-132.561136
5355,-72.316764,-132.896748
5356,-72.387637,-132.729766
5357,-72.484990,-132.576703
5358,-72.606174,-132.441720
5359,-72.747894,-132.328489
5360,-72.906297,-132.240089
5361,-73.077074,-132.178925
5362,-73.255581,-132.146659
5363,-73.436964,-132.144168
5364,-73.616290,-132.171522
5365,-73.788682,-132.227975
5366,-73.949452,-132.311993
5367,-74.094227,-132.421290
5368,-74.219072,-132.552895
5369,-74.320589,-132.703228
5370,-74.396020,-132.868201
5371,-74.443312,-133.043328
5372,-79.345201,-133.381208
5373,-79.427762,-133.216153
5374,-79.536756,-133.067224
5375,-79.669114,-132.938612
5376,-79.821111,-132.833939
5377,-79.988468,-132.756150
5378,-80.166476,-132.707436
5379,-80.350122,-132.689167
5380,-80.534237,-132.701858
5381,-80.713640,-132.745151
5382,-80.883279,-132.817828
5383,-81.038381,-132.917844
5384,-81.174579,-133.042382
5385,-81.288039,-133.187937
5386,-81.375568,-133.350413
5387,-81.434702,-133.525235
5388,-86.378056,-133.865973
5389,-86.472690,-133.703588
5390,-86.593586,-133.559683
5391,-86.737216,-133.438460
5392,-86.899386,-133.343457
5393,-87.075362,-133.277449
5394,-87.260006,-133.242362
5395,-87.447929,-133.239221
5396,-87.633643,-133.268116
5397,-87.811726,-133.328206
5398,-87.976981,-133.417735
5399,-88.124583,-133.534089
5400,-88.250222,-133.673873
5401,-88.350231,-133.833004
5402,-88.421689,-134.006838
5403,-93.415599,-134.351062
5404,-93.522706,-134.192191
5405,-93.655756,-134.054316
5406,-93.810711,-133.941619
5407,-93.982871,-133.857521
5408,-94.167013,-133.804572
5409,-94.357549,-133.784379
5410,-94.548699,-133.797554
5411,-94.734662,-133.843699
5412,-94.909797,-133.921413
5413,-95.068791,-134.028337
5414,-95.206818,-134.161228
5415,-95.319692,-134.316055
5416,-95.403988,-134.488119
5417,-100.458173,-134.836497
5418,-100.567974,-134.693209
5419,-100.699732,-134.569810
5420,-100.849899,-134.469622
5421,-101.014429,-134.395344
5422,-101.188893,-134.348976
5423,-101.368592,-134.331767
5424,-101.548685,-134.344180
5425,-101.724322,-134.385882
5426,-101.890774,-134.455749
5427,-102.043558,-134.551899
5428,-102.178558,-134.671743
5429,-102.292139,-134.812053
5430,-102.381241,-134.969051
5431,-107.506433,-135.322324
5432,-107.627588,-135.185106
5433,-107.769820,-135.069879
5434,-107.929192,-134.979835
5435,-108.101289,-134.917466
5436,-108.281345,-134.884500
5437,-108.464376,-134.881849
5438,-108.645312,-134.909587
5439,-108.819142,-134.966947
5440,-108.981054,-135.052338
5441,-109.126564,-135.163398
5442,-109.251641,-135.297050
5443,-109.352823,-135.449593
5444,-114.561064,-135.808590
5445,-114.693531,-135.678859
5446,-114.845905,-135.573220
5447,-115.013858,-135.494674
5448,-115.192616,-135.445453
5449,-115.377103,-135.426954
5450,-115.562076,-135.439704
5451,-115.742280,-135.483341
5452,-115.912594,-135.556623
5453,-116.068182,-135.657470
5454,-116.204621,-135.783017
5455,-116.318035,-135.929695
5456,-121.623098,-136.295366
5457,-121.766569,-136.174872
5458,-121.928407,-136.080474
5459,-122.103918,-136.014910
5460,-122.288009,-135.980082
5461,-122.475341,-135.977001
5462,-122.660479,-136.005756
5463,-122.838051,-136.065513
5464,-123.002906,-136.154538
5465,-123.150262,-136.270248
5466,-123.275844,-136.409288
5467,-128.693935,-136.782749
5468,-128.847611,-136.673657
5469,-129.017653,-136.592397
5470,-129.199070,-136.541356
5471,-129.386538,-136.522032
5472,-129.574552,-136.534991
5473,-129.757595,-136.579854
5474,-129.930294,-136.655304
5475,-130.087578,-136.759126
5476,-130.224833,-136.888272
5477,-135.776128,-137.270915
5478,-135.938207,-137.176079
5479,-136.114055,-137.110194
5480,-136.298546,-137.075178
5481,-136.486306,-137.072054
5482,-136.671861,-137.100910
5483,-136.849803,-137.160908
5484,-137.014948,-137.250298
5485,-137.162482,-137.366475
5486,-142.873599,-137.760134
5487,-143.040239,-137.683249
5488,-143.217343,-137.635140
5489,-143.399981,-137.617145
5490,-143.583069,-137.629765
5491,-143.761510,-137.672649
5492,-143.930338,-137.744603
5493,-144.084854,-137.843624
5494,-149.994188,-138.250947
5495,-150.156821,-138.196852
5496,-150.325883,-138.168677
5497,-150.497270,-138.167106
5498,-150.666821,-138.192177
5499,-150.830418,-138.243282
5500,-150.984092,-138.319179
5501,-289.311579,-147.853904
5502,-289.301343,-146.850826
5503,-38.953192,-129.594670
5504,-38.809200,-129.511766
5505,-38.654363,-129.451496
5506,-38.492215,-129.415235
5507,-38.326456,-129.403809
5508,-38.160866,-129.417480
5509,-37.999224,-129.455936
5510,-37.845219,-129.518298
5511,-32.041014,-129.118223
5512,-31.899375,-129.015985
5513,-31.743336,-128.937458
5514,-31.576835,-128.884623
5515,-31.404069,-128.858811
5516,-31.229395,-128.860675
5517,-31.057219,-128.890165
5518,-30.891882,-128.946540
5519,-30.737554,-129.028377
5520,-25.110225,-128.640493
5521,-24.976041,-128.523596
5522,-24.824764,-128.429866
5523,-24.660352,-128.361757
5524,-24.487109,-128.321050
5525,-24.309569,-128.308813
5526,-24.132380,-128.325364
5527,-23.960178,-128.370271
5528,-23.797471,-128.442358
5529,-23.648518,-128.539739
5530,-18.166585,-128.161877
5531,-18.042174,-128.033633
5532,-17.898643,-127.927223
5533,-17.739777,-127.845453
5534,-17.569769,-127.790482
5535,-17.393104,-127.763759
5536,-17.214444,-127.765990
5537,-17.038501,-127.797115
5538,-16.869919,-127.856315
5539,-16.713145,-127.942025
5540,-16.572314,-128.051986
5541,-11.037605,-127.670486
5542,-11.106370,-126.672853
5543,-289.291108,-145.847748
5544,-289.280873,-144.844669
5545,-10.467653,-125.626455
5546,-10.536418,-124.628822
5547,-289.270638,-143.841591
5548,-289.260403,-142.838513
5549,-10.605184,-123.631189
5550,-10.673949,-122.633556
5551,-268.834877,-140.428236
5552,-268.997328,-140.514284
5553,-269.171840,-140.572075
5554,-269.353540,-140.599997
5555,-269.537352,-140.597269
5556,-269.718143,-140.563968
5557,-269.890864,-140.501024
5558,-275.741503,-140.904301
5559,-275.879991,-141.000091
5560,-276.031477,-141.073622
5561,-276.192411,-141.123170
5562,-276.359022,-141.147573
5563,-276.527406,-141.146260
5564,-276.693616,-141.119262
5565,-276.853759,-141.067212
5566,-277.004080,-140.991329
5567,-282.668584,-141.381775
5568,-282.801072,-141.493065
5569,-282.949372,-141.582202
5570,-283.109815,-141.646982
5571,-283.278431,-141.685801
5572,-283.451048,-141.697699
5573,-283.623396,-141.682382
5574,-283.791210,-141.640229
5575,-283.950337,-141.572282
5576,-284.096841,-141.480223
5577,-289.250167,-141.835435
5578,-289.239932,-140.832356
5579,-284.536492,-140.508155
5580,-284.506316,-140.327044
5581,-284.446436,-140.153476
5582,-284.358521,-139.992286
5583,-284.245018,-139.847964
5584,-284.109091,-139.724533
5585,-283.954527,-139.625429
5586,-283.785632,-139.553416
5587,-283.607112,-139.510498
5588,-283.423939,-139.497872
5589,-283.241218,-139.515890
5590,-283.064040,-139.564049
5591,-282.897340,-139.641008
5592,-282.745763,-139.744623
5593,-282.613533,-139.872006
5594,-282.504332,-140.019610
5595,-282.421204,-140.183320
5596,-282.366464,-140.358578
5597,-277.534388,-140.025509
5598,-277.513498,-139.835424
5599,-277.460003,-139.651829
5600,-277.375521,-139.480274
5601,-277.262603,-139.325941
5602,-277.124664,-139.193497
5603,-276.965872,-139.086943
5604,-276.791025,-139.009501
5605,-276.605409,-138.963509
5606,-276.414632,-138.950359
5607,-276.224460,-138.970448
5608,-276.040642,-139.023169
5609,-275.868731,-139.106927
5610,-275.713925,-139.219193
5611,-275.580900,-139.356573
5612,-275.473678,-139.514915
5613,-275.395499,-139.689433
5614,-275.348726,-139.874854
5615,-270.528454,-139.542600
5616,-270.519239,-139.355035
5617,-270.478253,-139.171770
5618,-270.406693,-138.998148
5619,-270.306642,-138.839228
5620,-270.181018,-138.699642
5621,-270.033482,-138.583459
5622,-269.868333,-138.494064
5623,-269.690385,-138.434063
5624,-269.504824,-138.405205
5625,-269.317058,-138.408330
5626,-269.132561,-138.443348
5627,-268.956708,-138.509238
5628,-268.794626,-138.604080
5629,-268.651038,-138.725110
5630,-268.530129,-138.868799
5631,-268.435423,-139.030961
5632,-268.369681,-139.206868
5633,-268.334817,-139.391395
5634,-263.518744,-139.059430
5635,-263.484841,-139.244916
5636,-263.419759,-139.421887
5637,-263.325408,-139.585143
5638,-263.204561,-139.729886
5639,-263.060770,-139.851864
5640,-262.898260,-139.947492
5641,-262.721804,-140.013961
5642,-262.536590,-140.049317
5643,-262.348058,-140.052521
5644,-262.161749,-140.023479
5645,-261.983137,-139.963045
5646,-261.817470,-139.872995
5647,-261.669617,-139.755974
5648,-261.543922,-139.615421
5649,-261.444078,-139.455465
5650,-261.373019,-139.280808
5651,-261.332833,-139.096581
5652,-261.324701,-138.908198
5653,-256.505243,-138.575999
5654,-256.462777,-138.752359
5655,-256.391905,-138.919342
5656,-256.294553,-139.072407
5657,-256.173368,-139.207390
5658,-256.031648,-139.320622
5659,-255.873245,-139.409023
5660,-255.702467,-139.470188
5661,-255.523959,-139.502454
5662,-255.342575,-139.504945
5663,-255.163249,-139.477591
5664,-254.990856,-139.421137
5665,-254.830086,-139.337119
5666,-254.685310,-139.227821
5667,-254.560465,-139.096215
5668,-254.458948,-138.945881
5669,-254.383517,-138.780907
5670,-254.336226,-138.605779
5671,-254.318360,-138.425260
5672,-249.487919,-138.092304
5673,-249.433991,-138.268672
5674,-249.351355,-138.433551
5675,-249.242333,-138.582306
5676,-249.109991,-138.710756
5677,-248.958049,-138.815290
5678,-248.790778,-138.892970
5679,-248.612879,-138.941611
5680,-248.429355,-138.959847
5681,-248.245363,-138.947165
5682,-248.066076,-138.903921
5683,-247.896534,-138.831331
5684,-247.741503,-138.731435
5685,-247.605340,-138.607043
5686,-247.491874,-138.461649
5687,-247.404293,-138.299343
5688,-247.345061,-138.124685
5689,-247.315841,-137.942586
5690,-242.466722,-137.608343
5691,-242.400967,-137.784230
5692,-242.306254,-137.946371
5693,-242.185344,-138.090040
5694,-242.041760,-138.211051
5695,-241.879686,-138.305878
5696,-241.703845,-138.371757
5697,-241.519361,-138.406768
5698,-241.331611,-138.409892
5699,-241.146064,-138.381038
5700,-240.968129,-138.321045
5701,-240.802990,-138.231663
5702,-240.655460,-138.115495
5703,-240.529837,-137.975928
5704,-240.429783,-137.817028
5705,-240.358212,-137.643426
5706,-240.317212,-137.460180
5707,-235.441476,-137.124102
5708,-235.363452,-137.298931
5709,-235.256298,-137.457583
5710,-235.123259,-137.595254
5711,-234.968364,-137.707773
5712,-234.796307,-137.791731
5713,-234.612299,-137.844586
5714,-234.421913,-137.864736
5715,-234.230917,-137.851571
5716,-234.045097,-137.805489
5717,-233.870081,-137.727887
5718,-233.711170,-137.621116
5719,-233.573179,-137.488409
5720,-233.460287,-137.333787
5721,-233.375914,-137.161932
5722,-233.322615,-136.978052
5723,-228.412025,-136.639572
5724,-228.328243,-136.801689
5725,-228.218811,-136.947724
5726,-228.086742,-137.073657
5727,-227.935670,-137.176023
5728,-227.769753,-137.252005
5729,-227.593558,-137.299510
5730,-227.411934,-137.317233
5731,-227.229879,-137.304684
5732,-227.052403,-137.262209
5733,-226.884393,-137.190978
5734,-226.730470,-137.092951
5735,-226.594872,-136.970825
5736,-226.481331,-136.827962
5737,-226.392971,-136.668293
5738,-226.332224,-136.496214
5739,-221.378176,-136.154738
5740,-221.282544,-136.313920
5741,-221.161497,-136.454747
5742,-221.018485,-136.573205
5743,-220.857585,-136.665918
5744,-220.683382,-136.730245
5745,-220.500841,-136.764350
5746,-220.315164,-136.767264
5747,-220.131642,-136.738902
5748,-219.955507,-136.680073
5749,-219.791777,-136.592454
5750,-219.645119,-136.478541
5751,-219.519714,-136.341581
5752,-219.419134,-136.185478
5753,-219.346246,-136.014680
5754,-214.339515,-135.669573
5755,-214.231673,-135.824924
5756,-214.098815,-135.959507
5757,-213.944868,-136.069344
5758,-213.774383,-136.151190
5759,-213.592399,-136.202625
5760,-213.404294,-136.222128
5761,-213.215628,-136.209124
5762,-213.031978,-136.163996
5763,-212.858772,-136.088078
5764,-212.701129,-135.983615
5765,-212.563708,-135.853694
5766,-212.450572,-135.702155
5767,-212.365065,-135.533477
5768,-207.295653,-135.184049
5769,-207.185435,-135.323726
5770,-207.054141,-135.443806
5771,-206.905205,-135.541148
5772,-206.742523,-135.613205
5773,-206.570353,-135.658092
5774,-206.393198,-135.674634
5775,-206.215694,-135.662399
5776,-206.042484,-135.621707
5777,-205.878101,-135.553622
5778,-205.726844,-135.459925
5779,-205.592673,-135.343069
5780,-205.479096,-135.206110
5781,-205.389085,-135.052632
5782,-200.246009,-134.698127
5783,-200.124821,-134.831381
5784,-199.983512,-134.943071
5785,-199.825870,-135.030203
5786,-199.656122,-135.090440
5787,-199.478819,-135.122168
5788,-199.298715,-135.124536
5789,-199.120640,-135.097479
5790,-198.949367,-135.041725
5791,-198.789489,-134.958766
5792,-198.645293,-134.850829
5793,-198.520645,-134.720807
5794,-198.418887,-134.572186
5795,-193.189874,-134.211757
5796,-193.057868,-134.337154
5797,-192.906986,-134.439058
5798,-192.741361,-134.514678
5799,-192.565531,-134.561942
5800,-192.384313,-134.579555
5801,-192.202673,-134.567035
5802,-192.025586,-134.524724
5803,-191.857904,-134.453782
5804,-191.704221,-134.356153
5805,-191.568747,-134.234510
5806,-191.455194,-134.092188
5807,-186.125970,-133.724852
5808,-185.983618,-133.840559
5809,-185.824017,-133.930999
5810,-185.651605,-133.993659
5811,-185.471177,-134.026794
5812,-185.287751,-134.029483
5813,-185.106429,-134.001652
5814,-184.932254,-133.944075
5815,-184.770069,-133.858352
5816,-184.624386,-133.746869
5817,-184.499256,-133.612725
5818,-179.052711,-133.237302
5819,-178.901081,-133.341049
5820,-178.734298,-133.418112
5821,-178.557015,-133.466341
5822,-178.374178,-133.484391
5823,-178.190887,-133.471757
5824,-178.012255,-133.428792
5825,-177.843266,-133.356695
5826,-177.688634,-133.257477
5827,-177.552673,-133.133906
5828,-171.967602,-132.748935
5829,-171.808890,-132.837856
5830,-171.637693,-132.899402
5831,-171.458693,-132.931890
5832,-171.276787,-132.934431
5833,-171.096949,-132.906955
5834,-170.924099,-132.850215
5835,-170.762966,-132.765762
5836,-170.617955,-132.655905
5837,-164.865775,-132.259415
5838,-164.704618,-132.329685
5839,-164.534324,-132.373382
5840,-164.359243,-132.389390
5841,-164.183848,-132.377300
5842,-164.012620,-132.337422
5843,-163.849932,-132.270773
5844,-163.699940,-132.179056
5845,-157.737594,-131.768080
5846,-157.584367,-131.814728
5847,-157.425990,-131.838630
5848,-157.265821,-131.839279
5849,-157.107256,-131.816660
5850,-156.953656,-131.771254
5851,-156.808279,-131.704023
5852,-10.742715,-121.635923
5853,-10.811480,-120.638290
5854,-51.664897,-123.454261
5855,-51.827355,-123.540316
5856,-52.001875,-123.598112
5857,-52.183584,-123.626037
5858,-52.367406,-123.623308
5859,-52.548206,-123.590003
5860,-52.720934,-123.527052
5861,-58.571529,-123.930325
5862,-58.710020,-124.026122
5863,-58.861511,-124.099657
5864,-59.022450,-124.149208
5865,-59.189067,-124.173613
5866,-59.357456,-124.172300
5867,-59.523672,-124.145299
5868,-59.683819,-124.093245
5869,-59.834145,-124.017356
5870,-65.498613,-124.407800
5871,-65.631103,-124.519095
5872,-65.779406,-124.608236
5873,-65.939852,-124.673019
5874,-66.108473,-124.711840
5875,-66.281095,-124.723739
5876,-66.453447,-124.708420
5877,-66.621265,-124.666264
5878,-66.780396,-124.598314
5879,-66.926903,-124.506250
5880,-72.439632,-124.886235
5881,-72.563288,-125.009525
5882,-72.704896,-125.111694
5883,-72.860887,-125.190168
5884,-73.027331,-125.242968
5885,-73.200032,-125.268765
5886,-73.374640,-125.266908
5887,-73.546754,-125.237444
5888,-73.712037,-125.181115
5889,-73.866324,-125.099342
5890,-74.005726,-124.994184
5891,-79.391230,-125.365399
5892,-79.504707,-125.498029
5893,-79.637736,-125.611039
5894,-79.786965,-125.701584
5895,-79.948638,-125.767383
5896,-80.118684,-125.806780
5897,-80.292821,-125.818783
5898,-80.466664,-125.803090
5899,-80.635836,-125.760095
5900,-80.796078,-125.690882
5901,-80.943353,-125.597193
5902,-81.073955,-125.481387
5903,-86.351178,-125.845139
5904,-86.464291,-125.997000
5905,-86.601773,-126.127211
5906,-86.759550,-126.231914
5907,-86.932946,-126.308007
5908,-87.116823,-126.353234
5909,-87.305732,-126.366255
5910,-87.494076,-126.346685
5911,-87.676272,-126.295103
5912,-87.846922,-126.213037
5913,-88.000970,-126.102921
5914,-88.133849,-125.968016
5915,-93.318211,-126.325367
5916,-93.418595,-126.482542
5917,-93.544088,-126.620500
5918,-93.691083,-126.735275
5919,-93.855355,-126.823569
5920,-94.032181,-126.882843
5921,-94.216479,-126.911393
5922,-94.402952,-126.908400
5923,-94.586239,-126.873948
5924,-94.761071,-126.809028
5925,-94.922424,-126.715507
5926,-95.065659,-126.596072
5927,-95.186658,-126.454156
5928,-100.291434,-126.806021
5929,-100.379368,-126.967150
5930,-100.492872,-127.111412
5931,-100.628786,-127.234791
5932,-100.783324,-127.333850
5933,-100.952183,-127.405832
5934,-101.130662,-127.448732
5935,-101.313788,-127.461354
5936,-101.496465,-127.443349
5937,-101.673603,-127.395216
5938,-101.840271,-127.318297
5939,-101.991828,-127.214733
5940,-102.124052,-127.087409
5941,-102.233263,-126.939869
5942,-107.270073,-127.287050
5943,-107.345895,-127.451070
5944,-107.447547,-127.600463
5945,-107.572285,-127.731199
5946,-107.716744,-127.839750
5947,-107.877026,-127.923186
5948,-108.048804,-127.979255
5949,-108.227444,-128.006446
5950,-108.408125,-128.004023
5951,-108.585972,-127.972053
5952,-108.756185,-127.911397
5953,-108.914172,-127.823694
5954,-109.055668,-127.711309
5955,-109.176856,-127.577275
5956,-109.274466,-127.425210
5957,-114.253683,-127.768420
5958,-114.323352,-127.945857
5959,-114.422608,-128.108602
5960,-114.548470,-128.251767
5961,-114.697159,-128.371054
5962,-114.864210,-128.462879
5963,-115.044605,-128.524485
5964,-115.232927,-128.554022
5965,-115.423520,-128.550603
5966,-115.610662,-128.514331
5967,-115.788731,-128.446294
5968,-115.952381,-128.348537
5969,-116.096696,-128.223995
5970,-116.217343,-128.076408
5971,-116.310698,-127.910208
5972,-121.241890,-128.250108
5973,-121.299034,-128.428160
5974,-121.385512,-128.593959
5975,-121.498823,-128.742716
5976,-121.635694,-128.870130
5977,-121.792169,-128.972519
5978,-121.963725,-129.046925
5979,-122.145406,-129.091197
5980,-122.331960,-129.104056
5981,-122.517997,-129.085130
5982,-122.698140,-129.034966
5983,-122.867184,-128.955015
5984,-123.020242,-128.847585
5985,-123.152892,-128.715783
5986,-123.261300,-128.563416
5987,-123.342333,-128.394889
5988,-128.234429,-128.732094
5989,-128.279570,-128.910114
5990,-128.353699,-129.078142
5991,-128.454750,-129.231495
5992,-128.579908,-129.365898
5993,-128.725682,-129.477605
5994,-128.888010,-129.563502
5995,-129.062366,-129.621194
5996,-129.243891,-129.649074
5997,-129.427525,-129.646364
5998,-129.608148,-129.613140
5999,-129.780726,-129.550328
6000,-129.940448,-129.459678
6001,-130.082863,-129.343718
6002,-130.204000,-129.205680
6003,-130.300482,-129.049412
6004,-130.369621,-128.879270
6005,-135.231055,-129.214362
6006,-135.264635,-129.391816
6007,-135.326799,-129.561383
6008,-135.415872,-129.718493
6009,-135.529452,-129.858910
6010,-135.664477,-129.978850
6011,-135.817309,-130.075079
6012,-135.983827,-130.145003
6013,-136.159541,-130.186737
6014,-136.339717,-130.199156
6015,-136.519496,-130.181926
6016,-136.694033,-130.135510
6017,-136.858622,-130.061161
6018,-137.008827,-129.960882
6019,-137.140599,-129.837376
6020,-137.250386,-129.693973
6021,-137.335227,-129.534539
6022,-137.392837,-129.363371
6023,-142.231639,-129.696903
6024,-142.256268,-129.883535
6025,-142.312359,-130.063234
6026,-142.398269,-130.230738
6027,-142.511482,-130.381140
6028,-142.648682,-130.510037
6029,-142.805850,-130.613652
6030,-142.978385,-130.688951
6031,-143.161232,-130.733729
6032,-143.349036,-130.746674
6033,-143.536298,-130.727407
6034,-143.717532,-130.676493
6035,-143.887431,-130.595422
6036,-144.041018,-130.486569
6037,-144.173796,-130.353123
6038,-144.281876,-130.198990
6039,-144.362093,-130.028686
6040,-144.412096,-129.847199
6041,-149.236077,-130.179709
6042,-149.249183,-130.364222
6043,-149.293022,-130.543931
6044,-149.366354,-130.713752
6045,-149.467105,-130.868885
6046,-149.592427,-131.004941
6047,-149.738776,-131.118074
6048,-149.902012,-131.205084
6049,-150.077521,-131.263511
6050,-150.260338,-131.291703
6051,-150.445295,-131.288861
6052,-150.627160,-131.255068
6053,-150.800791,-131.191277
6054,-150.961278,-131.099294
6055,-151.104082,-130.981719
6056,-151.225166,-130.841878
6057,-151.321105,-130.683724
6058,-151.389186,-130.511730
6059,-151.427484,-130.330760
6060,-156.244311,-130.662777
6061,-156.274622,-130.473834
6062,-156.337218,-130.293004
6063,-156.430206,-130.125758
6064,-156.550770,-129.977157
6065,-156.695264,-129.851699
6066,-156.859313,-129.753181
6067,-157.037953,-129.684583
6068,-157.225779,-129.647983
6069,-157.417105,-129.644486
6070,-157.606142,-129.674201
6071,-157.787170,-129.736226
6072,-157.954709,-129.828685
6073,-158.103689,-129.948780
6074,-158.229602,-130.092877
6075,-158.328638,-130.256614
6076,-158.397799,-130.435037
6077,-158.434992,-130.622746
6078,-158.439093,-130.814060
6079,-163.256327,-131.146106
6080,-163.295541,-130.966120
6081,-163.364240,-130.795202
6082,-163.460498,-130.638144
6083,-163.581615,-130.499352
6084,-163.724194,-130.382717
6085,-163.884238,-130.291510
6086,-164.057257,-130.228289
6087,-164.238401,-130.194827
6088,-164.422588,-130.192063
6089,-164.604654,-130.220073
6090,-164.779493,-130.278072
6091,-164.942202,-130.364434
6092,-165.088218,-130.476737
6093,-165.213446,-130.611832
6094,-165.314374,-130.765929
6095,-165.388172,-130.934709
6096,-165.432771,-131.113436
6097,-165.446919,-131.297100
6098,-170.272146,-131.629696
6099,-170.323024,-131.449316
6100,-170.403785,-131.280191
6101,-170.512085,-131.127230
6102,-170.644780,-130.994875
6103,-170.798017,-130.886968
6104,-170.967349,-130.806640
6105,-171.147859,-130.756224
6106,-171.334308,-130.737184
6107,-171.521283,-130.750072
6108,-171.703356,-130.794514
6109,-171.875242,-130.869220
6110,-172.031951,-130.972021
6111,-172.168934,-131.099933
6112,-172.282214,-131.249243
6113,-172.368502,-131.415616
6114,-172.425295,-131.594223
6115,-172.450943,-131.779878
6116,-177.291805,-132.113552
6117,-177.354740,-131.933235
6118,-177.447916,-131.766522
6119,-177.568523,-131.618438
6120,-177.712926,-131.493446
6121,-177.876772,-131.395316
6122,-178.055122,-131.327005
6123,-178.242599,-131.290572
6124,-178.433552,-131.287115
6125,-178.622225,-131.316739
6126,-178.802930,-131.378550
6127,-178.970221,-131.470686
6128,-179.119053,-131.590369
6129,-179.244941,-131.733991
6130,-179.344090,-131.897223
6131,-179.413510,-132.075143
6132,-179.451110,-132.262390
6133,-184.315455,-132.597683
6134,-184.385288,-132.428787
6135,-184.482123,-132.273784
6136,-184.603284,-132.136955
6137,-184.745430,-132.022075
6138,-184.904634,-131.932317
6139,-185.076502,-131.870158
6140,-185.256290,-131.837314
6141,-185.439035,-131.834691
6142,-185.619692,-131.862362
6143,-185.793273,-131.919564
6144,-185.954987,-132.004717
6145,-186.100371,-132.115470
6146,-186.225409,-132.248766
6147,-186.326652,-132.400925
6148,-186.401303,-132.567748
6149,-186.447302,-132.744628
6150,-191.343234,-133.082098
6151,-191.424889,-132.914960
6152,-191.533541,-132.763971
6153,-191.666081,-132.633449
6154,-191.818718,-132.527126
6155,-191.987089,-132.448044
6156,-192.166378,-132.398463
6157,-192.351458,-132.379801
6158,-192.537036,-132.392593
6159,-192.717805,-132.436472
6160,-192.888595,-132.510183
6161,-193.044523,-132.611619
6162,-193.181129,-132.737879
6163,-193.294507,-132.885352
6164,-193.381415,-133.049820
6165,-193.439366,-133.226581
6166,-198.375310,-133.566809
6167,-198.469181,-133.402114
6168,-198.589936,-133.255983
6169,-198.733987,-133.132753
6170,-198.897057,-133.036087
6171,-199.074303,-132.968854
6172,-199.260460,-132.933052
6173,-199.450000,-132.929743
6174,-199.637293,-132.959027
6175,-199.816777,-133.020032
6176,-199.983121,-133.110948
6177,-200.131386,-133.229074
6178,-200.257167,-133.370902
6179,-200.356730,-133.532221
6180,-200.427117,-133.708237
6181,-205.412057,-134.051843
6182,-205.510051,-133.901316
6183,-205.631235,-133.768744
6184,-205.772378,-133.657661
6185,-205.929717,-133.571028
6186,-206.099057,-133.511155
6187,-206.275884,-133.479639
6188,-206.455482,-133.477319
6189,-206.633064,-133.504259
6190,-206.803894,-133.559738
6191,-206.963418,-133.642279
6192,-207.107382,-133.749681
6193,-207.231949,-133.879079
6194,-207.333798,-134.027025
6195,-207.410211,-134.189573
6196,-212.453822,-134.537222
6197,-212.563280,-134.391370
6198,-212.695330,-134.265606
6199,-212.846342,-134.163386
6200,-213.012167,-134.087519
6201,-213.188247,-134.040090
6202,-213.369743,-134.022402
6203,-213.551667,-134.034942
6204,-213.729019,-134.077365
6205,-213.896926,-134.148504
6206,-214.050773,-134.246406
6207,-214.186332,-134.368379
6208,-214.299878,-134.511072
6209,-214.388289,-134.670562
6210,-219.501121,-135.022982
6211,-219.622198,-134.882949
6212,-219.765043,-134.765202
6213,-219.925611,-134.673076
6214,-220.099353,-134.609181
6215,-220.281351,-134.575327
6216,-220.466448,-134.572472
6217,-220.649402,-134.600696
6218,-220.825033,-134.659202
6219,-220.988366,-134.746331
6220,-221.134775,-134.859615
6221,-221.260114,-134.995848
6222,-221.360833,-135.151170
6223,-226.554571,-135.509167
6224,-226.687306,-135.376306
6225,-226.840706,-135.267960
6226,-227.010301,-135.187288
6227,-227.191147,-135.136642
6228,-227.377973,-135.117496
6229,-227.565333,-135.130411
6230,-227.747765,-135.175008
6231,-227.919952,-135.249989
6232,-228.076875,-135.353168
6233,-228.213959,-135.481536
6234,-228.327209,-135.631353
6235,-233.615299,-135.995854
6236,-233.759497,-135.871900
6237,-233.922888,-135.774631
6238,-234.100589,-135.706955
6239,-234.287290,-135.670893
6240,-234.477412,-135.667524
6241,-234.665274,-135.696947
6242,-234.845261,-135.758284
6243,-235.011996,-135.849702
6244,-235.160496,-135.968468
6245,-235.286323,-136.111035
6246,-240.684648,-136.483134
6247,-240.823311,-136.380288
6248,-240.976358,-136.300405
6249,-241.140019,-136.245451
6250,-241.310262,-136.216781
6251,-241.482895,-136.215100
6252,-241.653664,-136.240451
6253,-241.818364,-136.292208
6254,-241.972937,-136.369097
6255,-242.113576,-136.469224
6256,-242.236817,-136.590123
6257,-247.764665,-136.971150
6258,-247.909940,-136.881608
6259,-248.067317,-136.815613
6260,-248.233007,-136.774754
6261,-248.403024,-136.760015
6262,-248.573274,-136.771750
6263,-248.739660,-136.809677
6264,-248.898177,-136.872883
6265,-249.045011,-136.959847
6266,-249.176627,-137.068475
6267,-254.859226,-137.460168
6268,-255.029587,-137.378488
6269,-255.211412,-137.327164
6270,-255.399338,-137.307711
6271,-255.587821,-137.320702
6272,-255.771301,-137.365756
6273,-255.944365,-137.441542
6274,-256.101907,-137.545825
6275,-261.975293,-137.950669
6276,-262.144129,-137.891245
6277,-262.320368,-137.859989
6278,-262.499342,-137.857729
6279,-262.676314,-137.884524
6280,-262.846597,-137.939665
6281,-263.005683,-138.021693
6282,-289.229697,-139.829278
6283,-289.219462,-138.826200
6284,-150.972265,-129.297009
6285,-150.824565,-129.208768
6286,-150.664912,-129.144638
6287,-150.497213,-129.106187
6288,-150.325569,-129.094356
6289,-150.154179,-129.109434
6290,-149.987238,-129.151053
6291,-149.828828,-129.218194
6292,-144.056346,-128.820304
6293,-143.912641,-128.713497
6294,-143.753511,-128.631419
6295,-143.583173,-128.576244
6296,-143.406141,-128.549434
6297,-143.227104,-128.551700
6298,-143.050807,-128.582982
6299,-142.881921,-128.642451
6300,-142.724919,-128.728531
6301,-137.123262,-128.342416
6302,-136.987972,-128.221479
6303,-136.834639,-128.124429
6304,-136.667438,-128.053909
6305,-136.490918,-128.011837
6306,-136.309883,-127.999358
6307,-136.129259,-128.016813
6308,-135.953964,-128.063725
6309,-135.788766,-128.138819
6310,-135.638161,-128.240050
6311,-130.177819,-127.863676
6312,-130.052949,-127.731860
6313,-129.908097,-127.622381
6314,-129.747208,-127.538222
6315,-129.574668,-127.481675
6316,-129.395175,-127.454282
6317,-129.213622,-127.456789
6318,-129.034954,-127.489127
6319,-128.864040,-127.550416
6320,-128.705537,-127.638985
6321,-128.563762,-127.752422
6322,-123.222724,-127.384271
6323,-123.109142,-127.244050
6324,-122.974164,-127.124286
6325,-122.821421,-127.028202
6326,-122.655024,-126.958383
6327,-122.479451,-126.916708
6328,-122.299426,-126.904299
6329,-122.119796,-126.921490
6330,-121.945393,-126.967818
6331,-121.780911,-127.042037
6332,-121.630777,-127.142149
6333,-121.499030,-127.265459
6334,-116.259868,-126.904331
6335,-116.157870,-126.757563
6336,-116.033449,-126.629251
6337,-115.889891,-126.522782
6338,-115.730987,-126.440967
6339,-115.560930,-126.385965
6340,-115.384211,-126.359230
6341,-115.205495,-126.361466
6342,-115.029500,-126.392614
6343,-114.860872,-126.451853
6344,-114.704064,-126.537619
6345,-114.563215,-126.647646
6346,-114.442044,-126.779031
6347,-109.290335,-126.423931
6348,-109.191307,-126.260156
6349,-109.065392,-126.116024
6350,-108.916401,-125.995898
6351,-108.748843,-125.903415
6352,-108.567792,-125.841374
6353,-108.378728,-125.811653
6354,-108.187374,-125.815153
6355,-107.999523,-125.851766
6356,-107.820861,-125.920384
6357,-107.656797,-126.018931
6358,-107.512297,-126.144424
6359,-107.391735,-126.293063
6360,-102.314946,-125.943127
6361,-102.228888,-125.776061
6362,-102.115649,-125.626081
6363,-101.978532,-125.497566
6364,-101.821541,-125.394267
6365,-101.649258,-125.319198
6366,-101.466710,-125.274550
6367,-101.279227,-125.261627
6368,-101.092280,-125.280806
6369,-100.911326,-125.331527
6370,-100.741647,-125.412309
6371,-100.588194,-125.520796
6372,-100.455448,-125.653820
6373,-100.347281,-125.807498
6374,-95.334268,-125.461958
6375,-95.260715,-125.292627
6376,-95.159879,-125.137982
6377,-95.034601,-125.002379
6378,-94.888409,-124.889637
6379,-94.725420,-124.802932
6380,-94.550227,-124.744707
6381,-94.367764,-124.716601
6382,-94.183169,-124.719406
6383,-94.001644,-124.753044
6384,-93.828301,-124.816565
6385,-93.668022,-124.908183
6386,-93.525323,-125.025315
6387,-93.404223,-125.164662
6388,-93.308133,-125.322299
6389,-88.348819,-124.980461
6390,-88.287332,-124.809680
6391,-88.198598,-124.651336
6392,-88.085032,-124.509739
6393,-87.949728,-124.388746
6394,-87.796368,-124.291651
6395,-87.629129,-124.221098
6396,-87.452564,-124.179007
6397,-87.271482,-124.166526
6398,-87.090812,-124.183992
6399,-86.915474,-124.230932
6400,-86.750243,-124.306067
6401,-86.599617,-124.407351
6402,-86.467697,-124.532027
6403,-86.358077,-124.676699
6404,-86.273739,-124.837428
6405,-81.358893,-124.498655
6406,-81.304744,-124.316020
6407,-81.219898,-124.145466
6408,-81.106900,-123.992108
6409,-80.969138,-123.860544
6410,-80.810743,-123.754720
6411,-80.636467,-123.677810
6412,-80.451535,-123.632120
6413,-80.261493,-123.619021
6414,-80.072041,-123.638905
6415,-79.888860,-123.691176
6416,-79.717444,-123.774266
6417,-79.562934,-123.885684
6418,-79.429963,-124.022088
6419,-79.322518,-124.179388
6420,-79.243823,-124.352866
6421,-74.364726,-124.016556
6422,-74.322803,-123.834439
6423,-74.250657,-123.662046
6424,-74.150370,-123.504355
6425,-74.024836,-123.365915
6426,-73.877680,-123.250723
6427,-73.713148,-123.162103
6428,-73.535989,-123.102614
6429,-73.351316,-123.073973
6430,-73.164461,-123.077005
6431,-72.980815,-123.111625
6432,-72.805680,-123.176831
6433,-72.644110,-123.270743
6434,-72.500769,-123.390650
6435,-72.379794,-123.533090
6436,-72.284677,-123.693954
6437,-72.218164,-123.868597
6438,-67.366535,-123.534180
6439,-67.336358,-123.353072
6440,-67.276477,-123.179506
6441,-67.188560,-123.018318
6442,-67.075057,-122.873999
6443,-66.939131,-122.750569
6444,-66.784568,-122.651467
6445,-66.615674,-122.579455
6446,-66.437155,-122.536538
6447,-66.253984,-122.523912
6448,-66.071265,-122.541929
6449,-65.894088,-122.590088
6450,-65.727390,-122.667045
6451,-65.575813,-122.770658
6452,-65.443583,-122.898039
6453,-65.334382,-123.045640
6454,-65.251253,-123.209349
6455,-65.196512,-123.384604
6456,-60.364432,-123.051535
6457,-60.343540,-122.861452
6458,-60.290044,-122.677859
6459,-60.205560,-122.506306
6460,-60.092643,-122.351975
6461,-59.954704,-122.219533
6462,-59.795913,-122.112981
6463,-59.621067,-122.035540
6464,-59.435452,-121.989549
6465,-59.244677,-121.976399
6466,-59.054507,-121.996487
6467,-58.870690,-122.049207
6468,-58.698781,-122.132964
6469,-58.543975,-122.245228
6470,-58.410950,-122.382606
6471,-58.303728,-122.540945
6472,-58.225548,-122.715462
6473,-58.178773,-122.900880
6474,-53.358499,-122.568626
6475,-53.349281,-122.381062
6476,-53.308295,-122.197800
6477,-53.236733,-122.024180
6478,-53.136682,-121.865262
6479,-53.011058,-121.725678
6480,-52.863522,-121.609496
6481,-52.698374,-121.520102
6482,-52.520427,-121.460102
6483,-52.334868,-121.431244
6484,-52.147104,-121.434370
6485,-51.962608,-121.469387
6486,-51.786757,-121.535276
6487,-51.624676,-121.630116
6488,-51.481088,-121.751144
6489,-51.360179,-121.894831
6490,-51.265472,-122.056991
6491,-51.199728,-122.232896
6492,-51.164863,-122.417421
6493,-46.348789,-122.085456
6494,-46.314889,-122.270944
6495,-46.249808,-122.447917
6496,-46.155458,-122.611175
6497,-46.034611,-122.755920
6498,-45.890820,-122.877900
6499,-45.728308,-122.973530
6500,-45.551852,-123.040000
6501,-45.366636,-123.075356
6502,-45.178102,-123.078560
6503,-44.991792,-123.049519
6504,-44.813178,-122.989084
6505,-44.647511,-122.899032
6506,-44.499657,-122.782009
6507,-44.373962,-122.641454
6508,-44.274118,-122.481497
6509,-44.203060,-122.306838
6510,-44.162876,-122.122609
6511,-44.154746,-121.934223
6512,-39.335289,-121.602025
6513,-39.292826,-121.778387
6514,-39.221954,-121.945372
6515,-39.124603,-122.098439
6516,-39.003418,-122.233425
6517,-38.861697,-122.346658
6518,-38.703293,-122.435060
6519,-38.532514,-122.496227
6520,-38.354005,-122.528494
6521,-38.172620,-122.530984
6522,-37.993292,-122.503630
6523,-37.820898,-122.447176
6524,-37.660126,-122.363156
6525,-37.515350,-122.253856
6526,-37.390505,-122.122249
6527,-37.288987,-121.971912
6528,-37.213558,-121.806936
6529,-37.166268,-121.631806
6530,-37.148404,-121.451286
6531,-32.317966,-121.118330
6532,-32.264040,-121.294700
6533,-32.181405,-121.459581
6534,-32.072383,-121.608339
6535,-31.940041,-121.736791
6536,-31.788098,-121.841327
6537,-31.620826,-121.919008
6538,-31.442926,-121.967650
6539,-31.259400,-121.985886
6540,-31.075407,-121.973204
6541,-30.896118,-121.929959
6542,-30.726575,-121.857368
6543,-30.571543,-121.757471
6544,-30.435379,-121.633077
6545,-30.321913,-121.487682
6546,-30.234333,-121.325373
6547,-30.175102,-121.150713
6548,-30.145885,-120.968612
6549,-25.296770,-120.634369
6550,-25.231016,-120.810259
6551,-25.136304,-120.972402
6552,-25.015395,-121.116073
6553,-24.871810,-121.237087
6554,-24.709735,-121.331915
6555,-24.533893,-121.397795
6556,-24.349408,-121.432808
6557,-24.161655,-121.435932
6558,-23.976107,-121.407077
6559,-23.798170,-121.347083
6560,-23.633030,-121.257699
6561,-23.485499,-121.141530
6562,-23.359876,-121.001961
6563,-23.259822,-120.843058
6564,-23.188253,-120.669454
6565,-23.147254,-120.486206
6566,-18.271525,-120.150128
6567,-18.193503,-120.324960
6568,-18.086349,-120.483615
6569,-17.953309,-120.621288
6570,-17.798414,-120.733809
6571,-17.626356,-120.817769
6572,-17.442346,-120.870625
6573,-17.251958,-120.890775
6574,-17.060961,-120.877610
6575,-16.875138,-120.831528
6576,-16.700121,-120.753925
6577,-16.541209,-120.647152
6578,-16.403218,-120.514442
6579,-16.290326,-120.359817
6580,-16.205954,-120.187961
6581,-16.152657,-120.004078
6582,-10.880246,-119.640658
6583,-10.949011,-118.643025
6584,-16.445356,-119.021880
6585,-16.589553,-118.897931
6586,-16.752942,-118.800666
6587,-16.930640,-118.732993
6588,-17.117338,-118.696933
6589,-17.307456,-118.693564
6590,-17.495315,-118.722986
6591,-17.675299,-118.784321
6592,-17.842031,-118.875736
6593,-17.990530,-118.994498
6594,-18.116357,-119.137060
6595,-23.514707,-119.509161
6596,-23.653368,-119.406320
6597,-23.806413,-119.326440
6598,-23.970071,-119.271489
6599,-24.140311,-119.242820
6600,-24.312939,-119.241140
6601,-24.483705,-119.266490
6602,-24.648401,-119.318245
6603,-24.802971,-119.395131
6604,-24.943609,-119.495254
6605,-25.066849,-119.616148
6606,-30.594726,-119.997177
6607,-30.739999,-119.907640
6608,-30.897372,-119.841649
6609,-31.063059,-119.800793
6610,-31.233070,-119.786055
6611,-31.403316,-119.797790
6612,-31.569697,-119.835715
6613,-31.728211,-119.898917
6614,-31.875042,-119.985877
6615,-32.006656,-120.094499
6616,-37.689291,-120.486196
6617,-37.859648,-120.404521
6618,-38.041467,-120.353201
6619,-38.229386,-120.333750
6620,-38.417862,-120.346741
6621,-38.601336,-120.391792
6622,-38.774394,-120.467573
6623,-38.931933,-120.571849
6624,-44.805364,-120.976697
6625,-44.974192,-120.917280
6626,-45.150422,-120.886028
6627,-45.329386,-120.883768
6628,-45.506349,-120.910561
6629,-45.676623,-120.965697
6630,-45.835703,-121.047717
6631,-289.209227,-137.823122
6632,-289.198992,-136.820043
6633,-11.017777,-117.645392
6634,-10.379059,-116.598993
6635,-289.188756,-135.816965
6636,-289.178521,-134.813887
6637,-10.447825,-115.601360
6638,-10.516590,-114.603727
6639,-289.168286,-133.810809
6640,-289.158051,-132.807730
6641,-10.585356,-113.606095
6642,-10.654121,-112.608462
6643,-289.147816,-131.804652
6644,-289.137580,-130.801574
6645,-284.438480,-130.477671
6646,-284.404360,-130.662941
6647,-284.339128,-130.839673
6648,-284.244696,-131.002682
6649,-284.123835,-131.147187
6650,-283.980089,-131.268951
6651,-283.817675,-131.364401
6652,-283.641356,-131.430739
6653,-283.456303,-131.466019
6654,-283.267944,-131.469205
6655,-283.081804,-131.440205
6656,-282.903341,-131.379869
6657,-282.737791,-131.289966
6658,-282.590009,-131.173134
6659,-282.464330,-131.032800
6660,-282.364439,-130.873078
6661,-282.293266,-130.698654
6662,-282.252899,-130.514644
6663,-282.244522,-130.326445
6664,-277.424887,-129.994234
6665,-277.382225,-130.170368
6666,-277.311222,-130.337106
6667,-277.213806,-130.489924
6668,-277.092620,-130.624673
6669,-276.950955,-130.737695
6670,-276.792654,-130.825923
6671,-276.622016,-130.886962
6672,-276.443671,-130.919155
6673,-276.262461,-130.921629
6674,-276.083304,-130.894316
6675,-275.911063,-130.837957
6676,-275.750414,-130.754083
6677,-275.605716,-130.644970
6678,-275.480897,-130.513579
6679,-275.379346,-130.363477
6680,-275.303818,-130.198739
6681,-275.256364,-130.023835
6682,-275.238272,-129.843513
6683,-270.407470,-129.510533
6684,-270.353358,-129.686650
6685,-270.270610,-129.851266
6686,-270.161547,-129.999761
6687,-270.029230,-130.127971
6688,-269.877370,-130.232297
6689,-269.710227,-130.309814
6690,-269.532491,-130.358346
6691,-269.349148,-130.376533
6692,-269.165341,-130.363863
6693,-268.986227,-130.320693
6694,-268.816830,-130.248233
6695,-268.661904,-130.148517
6696,-268.525794,-130.024341
6697,-268.412319,-129.879189
6698,-268.324662,-129.717134
6699,-268.265283,-129.542722
6700,-268.235847,-129.360846
6701,-263.386177,-129.026565
6702,-263.320253,-129.202176
6703,-263.225449,-129.364033
6704,-263.104524,-129.507430
6705,-262.960994,-129.628196
6706,-262.799031,-129.722819
6707,-262.623347,-129.788549
6708,-262.439049,-129.823473
6709,-262.251497,-129.826577
6710,-262.066144,-129.797769
6711,-261.888381,-129.737888
6712,-261.723377,-129.648676
6713,-261.575929,-129.532725
6714,-261.450325,-129.393408
6715,-261.350219,-129.234776
6716,-261.278520,-129.061442
6717,-261.237313,-128.878446
6718,-256.360832,-128.542317
6719,-256.282656,-128.716842
6720,-256.175435,-128.875190
6721,-256.042410,-129.012576
6722,-255.887602,-129.124846
6723,-255.715689,-129.208609
6724,-255.531866,-129.261332
6725,-255.341691,-129.281422
6726,-255.150910,-129.268272
6727,-254.965289,-129.222279
6728,-254.790439,-129.144833
6729,-254.631644,-129.038275
6730,-254.493704,-128.905825
6731,-254.380788,-128.751487
6732,-254.296307,-128.579926
6733,-254.242816,-128.396325
6734,-249.331277,-128.057780
6735,-249.247368,-128.219585
6736,-249.137893,-128.365313
6737,-249.005857,-128.490963
6738,-248.854884,-128.593085
6739,-248.689122,-128.668876
6740,-248.513119,-128.716254
6741,-248.331709,-128.733919
6742,-248.149873,-128.721385
6743,-247.972603,-128.678997
6744,-247.804765,-128.607918
6745,-247.650969,-128.510101
6746,-247.515437,-128.388230
6747,-247.401889,-128.245652
6748,-247.313444,-128.086282
6749,-247.252529,-127.914494
6750,-242.297316,-127.572938
6751,-242.201581,-127.731778
6752,-242.080521,-127.872276
6753,-241.937578,-127.990440
6754,-241.776815,-128.082910
6755,-241.602803,-128.147057
6756,-241.420487,-128.181059
6757,-241.235049,-128.183948
6758,-241.051762,-128.155643
6759,-240.875836,-128.096948
6760,-240.712270,-128.009532
6761,-240.565715,-127.895879
6762,-240.440337,-127.759221
6763,-240.339699,-127.603441
6764,-240.266663,-127.432968
6765,-235.258535,-127.087765
6766,-235.150618,-127.242739
6767,-235.017784,-127.376971
6768,-234.863948,-127.486505
6769,-234.693644,-127.568111
6770,-234.511891,-127.619385
6771,-234.324046,-127.638815
6772,-234.135646,-127.625829
6773,-233.952244,-127.580809
6774,-233.779245,-127.505083
6775,-233.621748,-127.400881
6776,-233.484395,-127.271277
6777,-233.371235,-127.120089
6778,-233.285602,-126.951773
6779,-228.214540,-126.602232
6780,-228.104283,-126.741525
6781,-227.973042,-126.861254
6782,-227.824239,-126.958295
6783,-227.661755,-127.030118
6784,-227.489830,-127.074848
6785,-227.312945,-127.091320
6786,-227.135717,-127.079104
6787,-226.962766,-127.038519
6788,-226.798603,-126.970622
6789,-226.647511,-126.877185
6790,-226.513430,-126.760645
6791,-226.399857,-126.624042
6792,-226.309755,-126.470937
6793,-221.164821,-126.116304
6794,-221.043636,-126.249164
6795,-220.902422,-126.360504
6796,-220.744955,-126.447348
6797,-220.575442,-126.507375
6798,-220.398414,-126.538980
6799,-220.218602,-126.541320
6800,-220.040812,-126.514331
6801,-219.869795,-126.458735
6802,-219.710121,-126.376018
6803,-219.566058,-126.268390
6804,-219.441457,-126.138728
6805,-219.339646,-125.990497
6806,-214.108441,-125.629918
6807,-213.976491,-125.754851
6808,-213.825772,-125.856358
6809,-213.660400,-125.931666
6810,-213.484885,-125.978722
6811,-213.304019,-125.996242
6812,-213.122737,-125.983746
6813,-212.945985,-125.941577
6814,-212.778587,-125.870884
6815,-212.625111,-125.773598
6816,-212.489745,-125.652372
6817,-212.376184,-125.510515
6818,-207.044333,-125.142998
6819,-206.902109,-125.258194
6820,-206.742752,-125.348213
6821,-206.570675,-125.410564
6822,-206.390642,-125.443519
6823,-206.207637,-125.446168
6824,-206.026726,-125.418435
6825,-205.852917,-125.361090
6826,-205.691022,-125.275719
6827,-205.545524,-125.164687
6828,-205.420450,-125.031066
6829,-199.970820,-124.655431
6830,-199.819417,-124.758612
6831,-199.652988,-124.835231
6832,-199.476150,-124.883164
6833,-199.293809,-124.901079
6834,-199.111024,-124.888480
6835,-198.932866,-124.845716
6836,-198.764277,-124.773974
6837,-198.609935,-124.675244
6838,-198.474121,-124.552265
6839,-192.885375,-124.167041
6840,-192.727038,-124.255331
6841,-192.556349,-124.316416
6842,-192.377945,-124.348636
6843,-192.196672,-124.351115
6844,-192.017454,-124.323787
6845,-191.845158,-124.267394
6846,-191.684465,-124.183468
6847,-191.539739,-124.074288
6848,-185.783058,-123.677488
6849,-185.622511,-123.747052
6850,-185.452964,-123.790281
6851,-185.278708,-123.806079
6852,-185.104151,-123.794047
6853,-184.933710,-123.754489
6854,-184.771698,-123.688407
6855,-184.622214,-123.597472
6856,-178.654020,-123.186093
6857,-178.470701,-123.238461
6858,-178.281092,-123.258390
6859,-178.090891,-123.245279
6860,-177.905810,-123.199524
6861,-177.731409,-123.122498
6862,-10.722887,-111.610829
6863,-10.791652,-110.613196
6864,-16.076541,-110.977476
6865,-16.134896,-111.153582
6866,-16.222016,-111.317377
6867,-16.335424,-111.464200
6868,-16.471894,-111.589877
6869,-16.627544,-111.690831
6870,-16.797945,-111.764192
6871,-16.978252,-111.807873
6872,-17.163336,-111.820630
6873,-17.347931,-111.802102
6874,-17.526786,-111.752815
6875,-17.694815,-111.674171
6876,-17.847238,-111.568407
6877,-17.979718,-111.438533
6878,-18.088488,-111.288241
6879,-18.170454,-111.121807
6880,-23.068371,-111.459414
6881,-23.114807,-111.635707
6882,-23.189722,-111.801910
6883,-23.291059,-111.953457
6884,-23.416035,-112.086186
6885,-23.561215,-112.196450
6886,-23.722614,-112.281221
6887,-23.895797,-112.338172
6888,-24.076007,-112.365736
6889,-24.258296,-112.363158
6890,-24.437655,-112.330508
6891,-24.609158,-112.268683
6892,-24.768094,-112.179381
6893,-24.910099,-112.065055
6894,-25.031270,-111.928845
6895,-25.128281,-111.774493
6896,-25.198466,-111.606238
6897,-72.587353,-114.872689
6898,-72.749112,-114.957897
6899,-72.922751,-115.015134
6900,-73.103471,-115.042821
6901,-73.286281,-115.040192
6902,-73.466131,-115.007320
6903,-73.638051,-114.945113
6904,-79.493531,-115.348723
6905,-79.652533,-115.455663
6906,-79.827680,-115.533387
6907,-80.013658,-115.579538
6908,-80.204823,-115.592715
6909,-80.395374,-115.572518
6910,-80.579529,-115.519559
6911,-80.751699,-115.435447
6912,-86.420216,-115.826170
6913,-86.552513,-115.936865
6914,-86.700488,-116.025516
6915,-86.860503,-116.089944
6916,-87.028623,-116.128564
6917,-87.200714,-116.140426
6918,-87.372542,-116.125238
6919,-87.539884,-116.083375
6920,-87.698623,-116.015865
6921,-87.844857,-115.924368
6922,-93.360945,-116.304585
6923,-93.484512,-116.427345
6924,-93.625907,-116.529061
6925,-93.781586,-116.607183
6926,-93.947644,-116.659752
6927,-94.119918,-116.685449
6928,-94.294089,-116.683632
6929,-94.465789,-116.654344
6930,-94.630714,-116.598321
6931,-94.784728,-116.516967
6932,-94.923970,-116.412322
6933,-100.312317,-116.783733
6934,-100.438244,-116.928081
6935,-100.587302,-117.048395
6936,-100.754972,-117.141025
6937,-100.936170,-117.203164
6938,-101.125400,-117.232925
6939,-101.316924,-117.229408
6940,-101.504933,-117.192719
6941,-101.683727,-117.123970
6942,-101.847884,-117.025246
6943,-101.992425,-116.899541
6944,-107.272079,-117.263460
6945,-107.385225,-117.414861
6946,-107.522619,-117.544658
6947,-107.680204,-117.649018
6948,-107.853329,-117.724860
6949,-108.036882,-117.769945
6950,-108.225443,-117.782943
6951,-108.413445,-117.763468
6952,-108.595339,-117.712097
6953,-108.765753,-117.630345
6954,-108.919656,-117.520628
6955,-109.052505,-117.386183
6956,-114.238953,-117.743677
6957,-114.339413,-117.900442
6958,-114.464873,-118.038017
6959,-114.611739,-118.152461
6960,-114.775803,-118.240496
6961,-114.952365,-118.299600
6962,-115.136365,-118.328078
6963,-115.322533,-118.325115
6964,-115.505534,-118.290796
6965,-115.680126,-118.226104
6966,-115.841305,-118.132892
6967,-115.984455,-118.013832
6968,-116.105474,-117.872334
6969,-121.211991,-118.224319
6970,-121.300027,-118.385103
6971,-121.413541,-118.529034
6972,-121.549381,-118.652117
6973,-121.703774,-118.750932
6974,-121.872433,-118.822736
6975,-122.050674,-118.865535
6976,-122.233548,-118.878141
6977,-122.415976,-118.860202
6978,-122.592892,-118.812218
6979,-122.759383,-118.735521
6980,-122.910825,-118.632240
6981,-123.043014,-118.505245
6982,-123.152278,-118.358061
6983,-128.190549,-118.705342
6984,-128.266505,-118.869031
6985,-128.368202,-119.018099
6986,-128.492903,-119.148534
6987,-128.637251,-119.256825
6988,-128.797363,-119.340060
6989,-128.968928,-119.395996
6990,-129.147330,-119.423130
6991,-129.327768,-119.420731
6992,-129.505385,-119.388863
6993,-129.675402,-119.328384
6994,-129.833244,-119.240922
6995,-129.974661,-119.128830
6996,-130.095850,-118.995125
6997,-130.193547,-118.843406
6998,-135.174043,-119.186704
6999,-135.243875,-119.363822
7000,-135.343201,-119.526246
7001,-135.469046,-119.669110
7002,-135.617640,-119.788135
7003,-135.784532,-119.879755
7004,-135.964722,-119.941226
7005,-136.152813,-119.970706
7006,-136.343169,-119.967312
7007,-136.530089,-119.931146
7008,-136.707974,-119.863291
7009,-136.871493,-119.765779
7010,-137.015750,-119.641533
7011,-137.136422,-119.494273
7012,-137.229895,-119.328412
7013,-142.162142,-119.668385
7014,-142.219467,-119.846150
7015,-142.306041,-120.011655
7016,-142.419368,-120.160126
7017,-142.556180,-120.287284
7018,-142.712534,-120.389462
7019,-142.883921,-120.463713
7020,-143.065399,-120.507898
7021,-143.251737,-120.520742
7022,-143.437562,-120.501875
7023,-143.617516,-120.451841
7024,-143.786410,-120.372082
7025,-143.939376,-120.264898
7026,-144.072002,-120.133380
7027,-144.180465,-119.981319
7028,-144.261638,-119.813100
7029,-149.154580,-120.150364
7030,-149.199915,-120.328127
7031,-149.274162,-120.495884
7032,-149.375258,-120.648969
7033,-149.500389,-120.783122
7034,-149.646075,-120.894615
7035,-149.808265,-120.980344
7036,-149.982447,-121.037926
7037,-150.163777,-121.065758
7038,-150.347211,-121.063068
7039,-150.527646,-121.029930
7040,-150.700064,-120.967265
7041,-150.859671,-120.876816
7042,-151.002025,-120.761099
7043,-151.123168,-120.623334
7044,-151.219731,-120.467350
7045,-151.289027,-120.297488
7046,-156.151108,-120.632625
7047,-156.187966,-120.820713
7048,-156.256913,-120.999548
7049,-156.355855,-121.163700
7050,-156.481788,-121.308187
7051,-156.630889,-121.428621
7052,-156.798632,-121.521345
7053,-156.979924,-121.583546
7054,-157.169260,-121.613335
7055,-157.360892,-121.609806
7056,-157.549004,-121.573068
7057,-157.727882,-121.504235
7058,-157.892098,-121.405397
7059,-158.036664,-121.279556
7060,-158.157193,-121.130531
7061,-158.250025,-120.962848
7062,-158.312341,-120.781596
7063,-163.151597,-121.115159
7064,-163.176454,-121.301575
7065,-163.232701,-121.481032
7066,-163.318696,-121.648285
7067,-163.431924,-121.798445
7068,-163.569076,-121.927123
7069,-163.726143,-122.030557
7070,-163.898534,-122.105724
7071,-164.081209,-122.150427
7072,-164.268830,-122.163360
7073,-164.455911,-122.144144
7074,-164.636984,-122.093340
7075,-164.806758,-122.012434
7076,-164.960268,-121.903792
7077,-165.093028,-121.770587
7078,-165.201157,-121.616715
7079,-165.281496,-121.446673
7080,-165.331694,-121.265430
7081,-170.155946,-121.597959
7082,-170.169272,-121.782294
7083,-170.213272,-121.961796
7084,-170.286702,-122.131398
7085,-170.387492,-122.286312
7086,-170.512794,-122.422166
7087,-170.659073,-122.535124
7088,-170.822199,-122.621997
7089,-170.997566,-122.680334
7090,-171.180225,-122.708487
7091,-171.365020,-122.705662
7092,-171.546733,-122.671938
7093,-171.720235,-122.608268
7094,-171.880629,-122.516449
7095,-172.023386,-122.399072
7096,-172.144477,-122.259452
7097,-172.240484,-122.101529
7098,-172.308696,-121.929762
7099,-172.347188,-121.748999
7100,-177.164086,-122.081021
7101,-177.194170,-121.891867
7102,-177.256608,-121.710799
7103,-177.349508,-121.543306
7104,-177.470053,-121.394466
7105,-177.614587,-121.268792
7106,-177.778730,-121.170094
7107,-177.957505,-121.101363
7108,-178.145492,-121.064685
7109,-178.336991,-121.061171
7110,-178.526197,-121.090927
7111,-178.707373,-121.153051
7112,-178.875027,-121.245660
7113,-179.024076,-121.365946
7114,-179.150000,-121.510262
7115,-179.248983,-121.674234
7116,-179.318024,-121.852889
7117,-179.355028,-122.040812
7118,-179.358875,-122.232305
7119,-184.176010,-122.564343
7120,-184.215018,-122.384135
7121,-184.283579,-122.212975
7122,-184.379766,-122.055670
7123,-184.500876,-121.916642
7124,-184.643506,-121.799796
7125,-184.803650,-121.708414
7126,-184.976807,-121.645065
7127,-185.158113,-121.611529
7128,-185.342474,-121.608747
7129,-185.524709,-121.636798
7130,-185.699699,-121.694893
7131,-185.862527,-121.781401
7132,-186.008618,-121.893891
7133,-186.133867,-122.029202
7134,-186.234756,-122.183532
7135,-186.308450,-122.352546
7136,-186.352879,-122.531495
7137,-186.366793,-122.715351
7138,-191.191736,-123.047928
7139,-191.242421,-122.867301
7140,-191.323062,-122.697914
7141,-191.431314,-122.544693
7142,-191.564027,-122.412096
7143,-191.717343,-122.303979
7144,-191.886801,-122.223487
7145,-192.067472,-122.172960
7146,-192.254101,-122.153870
7147,-192.441260,-122.166771
7148,-192.623506,-122.211287
7149,-192.795536,-122.286124
7150,-192.952347,-122.389106
7151,-193.089378,-122.517236
7152,-193.202644,-122.666789
7153,-193.288849,-122.833413
7154,-193.345487,-123.012262
7155,-193.370909,-123.198135
7156,-198.211300,-123.531777
7157,-198.274057,-123.351188
7158,-198.367133,-123.184192
7159,-198.487718,-123.035835
7160,-198.632169,-122.910597
7161,-198.796122,-122.812261
7162,-198.974626,-122.743799
7163,-199.162288,-122.707277
7164,-199.353438,-122.703799
7165,-199.542304,-122.733471
7166,-199.723180,-122.795395
7167,-199.890602,-122.887702
7168,-200.039512,-123.007603
7169,-200.165414,-123.151476
7170,-200.264503,-123.314976
7171,-200.333787,-123.493162
7172,-200.371172,-123.680654
7173,-205.234853,-124.015900
7174,-205.304531,-123.846724
7175,-205.401287,-123.691436
7176,-205.522444,-123.554335
7177,-205.664650,-123.439212
7178,-205.823971,-123.349253
7179,-205.996000,-123.286947
7180,-206.175976,-123.254018
7181,-206.358921,-123.251375
7182,-206.539773,-123.279094
7183,-206.713529,-123.336406
7184,-206.875382,-123.421726
7185,-207.020854,-123.532693
7186,-207.145920,-123.666239
7187,-207.247120,-123.818667
7188,-207.321654,-123.985761
7189,-207.367461,-124.162898
7190,-212.262529,-124.500309
7191,-212.344048,-124.332862
7192,-212.452646,-124.181567
7193,-212.585211,-124.050761
7194,-212.737943,-123.944193
7195,-212.906463,-123.864917
7196,-213.085942,-123.815207
7197,-213.271235,-123.796487
7198,-213.457030,-123.809294
7199,-213.638001,-123.853260
7200,-213.808962,-123.927125
7201,-213.965012,-124.028773
7202,-214.101677,-124.155289
7203,-214.215041,-124.303047
7204,-214.301854,-124.467811
7205,-214.359627,-124.644859
7206,-219.294543,-124.985016
7207,-219.388306,-124.820003
7208,-219.509039,-124.673565
7209,-219.653147,-124.550059
7210,-219.816340,-124.453163
7211,-219.993759,-124.385761
7212,-220.180124,-124.349859
7213,-220.369886,-124.346528
7214,-220.557397,-124.375864
7215,-220.737073,-124.436996
7216,-220.903567,-124.528104
7217,-221.051921,-124.646474
7218,-221.177721,-124.788585
7219,-221.277220,-124.950204
7220,-221.347456,-125.126520
7221,-226.331128,-125.470038
7222,-226.429037,-125.319165
7223,-226.550223,-125.186264
7224,-226.691446,-125.074887
7225,-226.848932,-124.988013
7226,-227.018469,-124.927965
7227,-227.195526,-124.896346
7228,-227.375368,-124.894004
7229,-227.553188,-124.920999
7230,-227.724232,-124.976612
7231,-227.883927,-125.059354
7232,-228.028004,-125.167014
7233,-228.152610,-125.296714
7234,-228.254415,-125.444986
7235,-228.330697,-125.607866
7236,-233.372766,-125.955408
7237,-233.482170,-125.809177
7238,-233.614260,-125.683061
7239,-233.765396,-125.580539
7240,-233.931411,-125.504435
7241,-234.107730,-125.456847
7242,-234.289492,-125.439088
7243,-234.471687,-125.451647
7244,-234.649294,-125.494177
7245,-234.817416,-125.565506
7246,-234.971419,-125.663668
7247,-235.107059,-125.785958
7248,-235.220596,-125.929004
7249,-235.308901,-126.088864
7250,-240.419923,-126.441159
7251,-240.540985,-126.300708
7252,-240.683918,-126.182586
7253,-240.844661,-126.090151
7254,-241.018646,-126.026029
7255,-241.200931,-125.992042
7256,-241.386334,-125.989156
7257,-241.569587,-126.017453
7258,-241.745484,-126.076129
7259,-241.909026,-126.163516
7260,-242.055567,-126.277132
7261,-242.180941,-126.413748
7262,-242.281587,-126.569481
7263,-247.473213,-126.927333
7264,-247.605982,-126.794011
7265,-247.759530,-126.685267
7266,-247.929364,-126.604282
7267,-248.110515,-126.553424
7268,-248.297683,-126.534184
7269,-248.485393,-126.547122
7270,-248.668151,-126.591862
7271,-248.840611,-126.667093
7272,-248.997728,-126.770614
7273,-249.134903,-126.899398
7274,-249.248124,-127.049675
7275,-254.533752,-127.414006
7276,-254.678051,-127.289543
7277,-254.841666,-127.191852
7278,-255.019686,-127.123864
7279,-255.206768,-127.087621
7280,-255.397298,-127.084208
7281,-255.585558,-127.113730
7282,-255.765898,-127.175300
7283,-255.932906,-127.267070
7284,-256.081570,-127.386286
7285,-256.207427,-127.529370
7286,-261.602870,-127.901271
7287,-261.741700,-127.797912
7288,-261.895025,-127.717609
7289,-262.059048,-127.662350
7290,-262.229708,-127.633504
7291,-262.402781,-127.631784
7292,-262.573981,-127.657234
7293,-262.739069,-127.709223
7294,-262.893959,-127.786464
7295,-263.034816,-127.887044
7296,-263.158152,-128.008474
7297,-268.682591,-128.389266
7298,-268.828148,-128.299156
7299,-268.985923,-128.232721
7300,-269.152095,-128.191571
7301,-269.322640,-128.176702
7302,-269.493426,-128.188474
7303,-269.660318,-128.226602
7304,-269.819273,-128.290163
7305,-269.966441,-128.377617
7306,-270.098257,-128.486846
7307,-275.776740,-128.878256
7308,-275.947632,-128.795869
7309,-276.130138,-128.744071
7310,-276.318831,-128.724402
7311,-276.508096,-128.737447
7312,-276.692305,-128.782820
7313,-276.865979,-128.859169
7314,-277.023951,-128.964225
7315,-282.892148,-129.368712
7316,-283.061874,-129.308494
7317,-283.239151,-129.276778
7318,-283.419228,-129.274413
7319,-283.597277,-129.301463
7320,-283.768526,-129.357203
7321,-283.928385,-129.440138
7322,-289.127345,-129.798495
7323,-289.117110,-128.795417
7324,-171.894437,-120.715418
7325,-171.746245,-120.626444
7326,-171.585946,-120.561782
7327,-171.417496,-120.523030
7328,-171.245055,-120.511144
7329,-171.072881,-120.526417
7330,-170.905226,-120.568474
7331,-170.746228,-120.636274
7332,-164.978164,-120.238689
7333,-164.834163,-120.131204
7334,-164.674584,-120.048598
7335,-164.503685,-119.993076
7336,-164.326027,-119.966118
7337,-164.146350,-119.968445
7338,-163.969449,-119.999994
7339,-163.800045,-120.059924
7340,-163.642658,-120.146635
7341,-158.044734,-119.760777
7342,-157.909289,-119.639246
7343,-157.755661,-119.541708
7344,-157.588055,-119.470833
7345,-157.411057,-119.428560
7346,-157.229512,-119.416046
7347,-157.048388,-119.433634
7348,-156.872643,-119.480843
7349,-156.707085,-119.556380
7350,-156.556246,-119.658178
7351,-151.099031,-119.282019
7352,-150.974101,-119.149679
7353,-150.829059,-119.039748
7354,-150.667877,-118.955237
7355,-150.494967,-118.898458
7356,-150.315061,-118.870966
7357,-150.133085,-118.873514
7358,-149.954019,-118.906031
7359,-149.782766,-118.967628
7360,-149.624013,-119.056619
7361,-149.482106,-119.170567
7362,-144.143730,-118.802600
7363,-144.030152,-118.661912
7364,-143.895062,-118.541731
7365,-143.742109,-118.445303
7366,-143.575425,-118.375235
7367,-143.399515,-118.333419
7368,-143.219131,-118.320986
7369,-143.039148,-118.338270
7370,-142.864427,-118.384806
7371,-142.699690,-118.459335
7372,-142.549388,-118.559845
7373,-142.417581,-118.683619
7374,-137.180700,-118.322648
7375,-137.078754,-118.175462
7376,-136.954281,-118.046765
7377,-136.810578,-117.939965
7378,-136.651453,-117.857893
7379,-136.481122,-117.802722
7380,-136.304097,-117.775914
7381,-136.125067,-117.778179
7382,-135.948777,-117.809458
7383,-135.779896,-117.868922
7384,-135.622899,-117.954995
7385,-135.481945,-118.065397
7386,-135.360769,-118.197202
7387,-130.211016,-117.842237
7388,-130.112080,-117.678056
7389,-129.986146,-117.533543
7390,-129.837036,-117.413087
7391,-129.669280,-117.320344
7392,-129.487970,-117.258131
7393,-129.298614,-117.228338
7394,-129.106960,-117.231869
7395,-128.918830,-117.268616
7396,-128.739935,-117.337465
7397,-128.575708,-117.436324
7398,-128.431137,-117.562191
7399,-128.310611,-117.711245
7400,-123.235452,-117.361421
7401,-123.149509,-117.194015
7402,-123.036291,-117.043706
7403,-122.899109,-116.914895
7404,-122.741980,-116.811350
7405,-122.569502,-116.736102
7406,-122.386721,-116.691353
7407,-122.198988,-116.678413
7408,-122.011797,-116.697660
7409,-121.830625,-116.748532
7410,-121.660775,-116.829538
7411,-121.507218,-116.938309
7412,-121.374447,-117.071662
7413,-121.266347,-117.225693
7414,-116.254694,-116.880247
7415,-116.181288,-116.710590
7416,-116.080508,-116.555621
7417,-115.955200,-116.419717
7418,-115.808904,-116.306715
7419,-115.645751,-116.219807
7420,-115.470348,-116.161448
7421,-115.287649,-116.133285
7422,-115.102814,-116.136115
7423,-114.921063,-116.169856
7424,-114.747529,-116.233556
7425,-114.587112,-116.325416
7426,-114.444343,-116.442842
7427,-114.323253,-116.582518
7428,-114.227263,-116.740499
7429,-109.269133,-116.398742
7430,-109.207812,-116.227668
7431,-109.119161,-116.069025
7432,-109.005600,-115.927144
7433,-108.870229,-115.805896
7434,-108.716742,-115.708591
7435,-108.549329,-115.637885
7436,-108.372559,-115.595708
7437,-108.191257,-115.583211
7438,-108.010372,-115.600736
7439,-107.834841,-115.647803
7440,-107.669455,-115.723128
7441,-107.518728,-115.824656
7442,-107.386774,-115.949614
7443,-107.277195,-116.094593
7444,-107.192982,-116.255635
7445,-102.279102,-115.916928
7446,-102.225144,-115.734013
7447,-102.140404,-115.563166
7448,-102.027428,-115.409523
7449,-101.889614,-115.277702
7450,-101.731103,-115.171665
7451,-101.556660,-115.094599
7452,-101.371528,-115.048821
7453,-101.181271,-115.035707
7454,-100.991608,-115.055651
7455,-100.808241,-115.108053
7456,-100.636680,-115.191339
7457,-100.482083,-115.303004
7458,-100.349096,-115.439694
7459,-100.241716,-115.597298
7460,-100.163171,-115.771080
7461,-95.284835,-115.434823
7462,-95.243116,-115.252455
7463,-95.171097,-115.079794
7464,-95.070861,-114.921834
7465,-94.945307,-114.783144
7466,-94.798067,-114.667735
7467,-94.633400,-114.578947
7468,-94.456069,-114.519346
7469,-94.271202,-114.490657
7470,-94.084148,-114.493710
7471,-93.900316,-114.528416
7472,-93.725024,-114.593772
7473,-93.563342,-114.687887
7474,-93.419946,-114.808038
7475,-93.298985,-114.950751
7476,-93.203957,-115.111898
7477,-93.137611,-115.286818
7478,-88.286549,-114.952441
7479,-88.256586,-114.771109
7480,-88.196850,-114.597297
7481,-88.109009,-114.435857
7482,-87.995514,-114.291296
7483,-87.859534,-114.167649
7484,-87.704865,-114.068369
7485,-87.535825,-113.996227
7486,-87.357133,-113.953236
7487,-87.173777,-113.940598
7488,-86.990877,-113.958664
7489,-86.813537,-114.006931
7490,-86.646709,-114.084051
7491,-86.495050,-114.187871
7492,-86.362794,-114.315493
7493,-86.253633,-114.463354
7494,-86.170614,-114.627326
7495,-86.116055,-114.802832
7496,-81.284352,-114.469789
7497,-81.263695,-114.279495
7498,-81.210364,-114.095663
7499,-81.125972,-113.923859
7500,-81.013076,-113.769286
7501,-80.875093,-113.636623
7502,-80.716203,-113.529888
7503,-80.541215,-113.452314
7504,-80.355429,-113.406248
7505,-80.164471,-113.393085
7506,-79.974121,-113.413225
7507,-79.790145,-113.466057
7508,-79.618112,-113.549981
7509,-79.463233,-113.662457
7510,-79.330196,-113.800079
7511,-79.223030,-113.958679
7512,-79.144980,-114.133455
7513,-79.098409,-114.319115
7514,-74.278332,-113.986873
7515,-74.269342,-113.799137
7516,-74.228523,-113.615671
7517,-74.157067,-113.441832
7518,-74.057059,-113.282695
7519,-73.931420,-113.142907
7520,-73.783817,-113.026549
7521,-73.618559,-112.937017
7522,-73.440472,-112.876925
7523,-73.254755,-112.848029
7524,-73.066829,-112.851170
7525,-72.882182,-112.886259
7526,-72.706203,-112.952270
7527,-72.544031,-113.047276
7528,-72.400400,-113.168504
7529,-72.279504,-113.312414
7530,-72.184871,-113.474804
7531,-72.119266,-113.650935
7532,-72.084603,-113.835663
7533,-67.268526,-113.503697
7534,-67.234408,-113.688969
7535,-67.169177,-113.865703
7536,-67.074746,-114.028714
7537,-66.953885,-114.173221
7538,-66.810139,-114.294987
7539,-66.647724,-114.390439
7540,-66.471403,-114.456778
7541,-66.286349,-114.492058
7542,-66.097988,-114.495245
7543,-65.911846,-114.466244
7544,-65.733383,-114.405907
7545,-65.567832,-114.316003
7546,-65.420049,-114.199170
7547,-65.294370,-114.058833
7548,-65.194479,-113.899110
7549,-65.123307,-113.724684
7550,-65.082942,-113.540672
7551,-65.074567,-113.352471
7552,-60.254934,-113.020260
7553,-60.212273,-113.196396
7554,-60.141272,-113.363136
7555,-60.043856,-113.515956
7556,-59.922670,-113.650707
7557,-59.781004,-113.763731
7558,-59.622703,-113.851961
7559,-59.452063,-113.913001
7560,-59.273717,-113.945195
7561,-59.092506,-113.947669
7562,-58.913347,-113.920355
7563,-58.741105,-113.863996
7564,-58.580454,-113.780120
7565,-58.435756,-113.671005
7566,-58.310937,-113.539613
7567,-58.209386,-113.389509
7568,-58.133859,-113.224768
7569,-58.086406,-113.049863
7570,-58.068316,-112.869539
7571,-53.237518,-112.536559
7572,-53.183407,-112.712679
7573,-53.100660,-112.877296
7574,-52.991598,-113.025794
7575,-52.859280,-113.154005
7576,-52.707419,-113.258334
7577,-52.540275,-113.335852
7578,-52.362538,-113.384385
7579,-52.179193,-113.402572
7580,-51.995384,-113.389902
7581,-51.816269,-113.346732
7582,-51.646871,-113.274271
7583,-51.491944,-113.174553
7584,-51.355834,-113.050375
7585,-51.242359,-112.905221
7586,-51.154703,-112.743164
7587,-51.095324,-112.568750
7588,-51.065890,-112.386872
7589,-46.216225,-112.052591
7590,-46.150302,-112.228205
7591,-46.055500,-112.390064
7592,-45.934575,-112.533463
7593,-45.791044,-112.654231
7594,-45.629080,-112.748856
7595,-45.453394,-112.814587
7596,-45.269095,-112.849513
7597,-45.081541,-112.852616
7598,-44.896187,-112.823808
7599,-44.718422,-112.763927
7600,-44.553417,-112.674712
7601,-44.405968,-112.558760
7602,-44.280364,-112.419441
7603,-44.180258,-112.260806
7604,-44.108560,-112.087470
7605,-44.067356,-111.904472
7606,-39.190881,-111.568343
7607,-39.112706,-111.742871
7608,-39.005486,-111.901222
7609,-38.872461,-112.038610
7610,-38.717652,-112.150882
7611,-38.545738,-112.234647
7612,-38.361914,-112.287371
7613,-38.171736,-112.307462
7614,-37.980953,-112.294311
7615,-37.795331,-112.248317
7616,-37.620479,-112.170870
7617,-37.461684,-112.064310
7618,-37.323743,-111.931858
7619,-37.210827,-111.777518
7620,-37.126347,-111.605954
7621,-37.072858,-111.422351
7622,-32.161327,-111.083806
7623,-32.077419,-111.245614
7624,-31.967944,-111.391344
7625,-31.835908,-111.516997
7626,-31.684935,-111.619122
7627,-31.519171,-111.694914
7628,-31.343166,-111.742293
7629,-31.161755,-111.759958
7630,-30.979917,-111.747424
7631,-30.802644,-111.705036
7632,-30.634805,-111.633956
7633,-30.481008,-111.536137
7634,-30.345475,-111.414264
7635,-30.231927,-111.271683
7636,-30.143483,-111.112310
7637,-30.082570,-110.940520
7638,-25.018746,-110.591477
7639,-24.893494,-110.456142
7640,-24.747394,-110.343631
7641,-24.584553,-110.257106
7642,-24.409546,-110.199000
7643,-24.227291,-110.170944
7644,-24.042911,-110.173728
7645,-23.861587,-110.207273
7646,-23.688414,-110.270637
7647,-23.528259,-110.362038
7648,-23.385622,-110.478908
7649,-18.062346,-110.111982
7650,-17.948817,-109.968599
7651,-17.813101,-109.846008
7652,-17.658949,-109.747597
7653,-17.490622,-109.676087
7654,-17.312774,-109.633455
7655,-17.130320,-109.620878
7656,-16.948304,-109.638706
7657,-16.771758,-109.686444
7658,-16.605561,-109.762774
7659,-16.454308,-109.865585
7660,-16.322180,-109.992035
7661,-10.860418,-109.615563
7662,-10.929183,-108.617930
7663,-30.303268,-109.953360
7664,-30.436037,-109.820042
7665,-30.589583,-109.711301
7666,-30.759415,-109.630318
7667,-30.940564,-109.579463
7668,-31.127729,-109.560223
7669,-31.315436,-109.573162
7670,-31.498191,-109.617900
7671,-31.670649,-109.693129
7672,-31.827763,-109.796647
7673,-31.964938,-109.925427
7674,-32.078159,-110.075700
7675,-37.363809,-110.440033
7676,-37.508107,-110.315575
7677,-37.671720,-110.217887
7678,-37.849737,-110.149902
7679,-38.036816,-110.113660
7680,-38.227342,-110.110248
7681,-38.415599,-110.139769
7682,-38.595936,-110.201336
7683,-38.762941,-110.293103
7684,-38.911603,-110.412316
7685,-39.037461,-110.555396
7686,-44.432929,-110.927298
7687,-44.571758,-110.823943
7688,-44.725080,-110.743644
7689,-44.889100,-110.688388
7690,-45.059756,-110.659543
7691,-45.232825,-110.657824
7692,-45.404021,-110.683273
7693,-45.569106,-110.735260
7694,-45.723993,-110.812497
7695,-45.864848,-110.913074
7696,-45.988183,-111.034499
7697,-51.512652,-111.415294
7698,-51.658207,-111.325188
7699,-51.815978,-111.258757
7700,-51.982146,-111.217610
7701,-52.152687,-111.202742
7702,-52.323468,-111.214513
7703,-52.490356,-111.252640
7704,-52.649307,-111.316198
7705,-52.796472,-111.403647
7706,-52.928286,-111.512871
7707,-58.606805,-111.904284
7708,-58.777692,-111.821903
7709,-58.960193,-111.770108
7710,-59.148878,-111.750441
7711,-59.338137,-111.763487
7712,-59.522340,-111.808856
7713,-59.696008,-111.885201
7714,-59.853976,-111.990250
7715,-65.722219,-112.394740
7716,-65.891937,-112.334529
7717,-66.069205,-112.302816
7718,-66.249272,-112.300452
7719,-66.427312,-112.327500
7720,-66.598552,-112.383235
7721,-66.758404,-112.466162
7722,-289.106875,-127.792339
7723,-289.096640,-126.789261
7724,-10.997949,-107.620298
7725,-11.066714,-106.622665
7726,-289.086405,-125.786182
7727,-289.076169,-124.783104
7728,-10.310938,-105.568197
7729,-10.379704,-104.570564
7730,-289.065934,-123.780026
7731,-289.055699,-122.776948
7732,-10.448469,-103.572932
7733,-10.517235,-102.575299
7734,-289.045464,-121.773869
7735,-289.035229,-120.770791
7736,-284.143570,-120.433616
7737,-284.022678,-120.577602
7738,-283.879032,-120.698899
7739,-283.716829,-120.793962
7740,-283.540806,-120.860016
7741,-283.356107,-120.895129
7742,-283.168125,-120.898276
7743,-282.982353,-120.869366
7744,-282.804218,-120.809243
7745,-282.638923,-120.719664
7746,-282.491296,-120.603244
7747,-282.365652,-120.463386
7748,-282.265659,-120.304174
7749,-277.091544,-119.947529
7750,-276.958529,-120.084717
7751,-276.803780,-120.196816
7752,-276.631967,-120.280443
7753,-276.448274,-120.333075
7754,-276.258244,-120.353123
7755,-276.067612,-120.339983
7756,-275.882130,-120.294051
7757,-275.707396,-120.216713
7758,-275.548681,-120.110303
7759,-275.410777,-119.978032
7760,-275.297843,-119.823892
7761,-270.032564,-119.460963
7762,-269.901574,-119.579080
7763,-269.753390,-119.674742
7764,-269.591822,-119.745490
7765,-269.421022,-119.789505
7766,-269.245384,-119.805656
7767,-269.069422,-119.793527
7768,-268.897661,-119.753431
7769,-268.734516,-119.686397
7770,-268.584182,-119.594150
7771,-268.450525,-119.479061
7772,-268.336981,-119.344089
7773,-262.965440,-118.973836
7774,-262.825263,-119.081542
7775,-262.669642,-119.165402
7776,-262.502597,-119.223251
7777,-262.328443,-119.253594
7778,-262.151678,-119.255648
7779,-261.976866,-119.229360
7780,-261.808522,-119.175409
7781,-261.650994,-119.095188
7782,-261.508352,-118.990769
7783,-261.384277,-118.864849
7784,-255.888026,-118.486000
7785,-255.740197,-118.580883
7786,-255.579150,-118.651025
7787,-255.408990,-118.694638
7788,-255.234058,-118.710608
7789,-255.058815,-118.698528
7790,-254.887728,-118.658708
7791,-254.725162,-118.592161
7792,-254.575261,-118.500586
7793,-254.441849,-118.386317
7794,-248.797202,-117.997239
7795,-248.644731,-118.076260
7796,-248.481819,-118.130587
7797,-248.312436,-118.158895
7798,-248.140712,-118.160496
7799,-247.970832,-118.135349
7800,-247.806936,-118.084068
7801,-247.653018,-118.007902
7802,-247.512831,-117.908709
7803,-241.687177,-117.507155
7804,-241.510218,-117.574109
7805,-241.324404,-117.609749
7806,-241.135231,-117.613020
7807,-240.948295,-117.583824
7808,-240.769128,-117.523027
7809,-240.603029,-117.432426
7810,-10.586000,-101.577666
7811,-10.654766,-100.580033
7812,-16.313404,-100.970075
7813,-16.458185,-101.079386
7814,-16.618964,-101.163415
7815,-16.791367,-101.219875
7816,-16.970706,-101.247231
7817,-17.152101,-101.244740
7818,-17.330621,-101.212468
7819,-17.501408,-101.151294
7820,-17.659818,-101.062882
7821,-23.247753,-101.448050
7822,-23.383604,-101.571182
7823,-23.538022,-101.670037
7824,-23.706714,-101.741870
7825,-23.884994,-101.784686
7826,-24.067909,-101.797294
7827,-24.250378,-101.779344
7828,-24.427331,-101.731336
7829,-24.593851,-101.654602
7830,-24.745312,-101.551275
7831,-128.574243,-108.708062
7832,-128.724101,-108.779870
7833,-128.883067,-108.828285
7834,-129.047511,-108.852201
7835,-129.213681,-108.851074
7836,-129.377786,-108.824928
7837,-129.536080,-108.774360
7838,-135.469962,-109.183374
7839,-135.622405,-109.278973
7840,-135.788396,-109.348439
7841,-135.963490,-109.389914
7842,-136.143004,-109.402287
7843,-136.322133,-109.385229
7844,-136.496085,-109.339194
7845,-136.660203,-109.265416
7846,-142.390341,-109.660386
7847,-142.536722,-109.773601
7848,-142.700011,-109.860675
7849,-142.875585,-109.919144
7850,-143.058476,-109.947354
7851,-143.243508,-109.944505
7852,-143.425445,-109.910678
7853,-143.599136,-109.846832
7854,-143.759666,-109.754772
7855,-149.326691,-110.138500
7856,-149.463356,-110.265013
7857,-149.619405,-110.366658
7858,-149.790364,-110.440522
7859,-149.971333,-110.484488
7860,-150.157126,-110.497294
7861,-150.342416,-110.478574
7862,-150.521893,-110.428866
7863,-150.690412,-110.349592
7864,-150.843143,-110.243027
7865,-156.274516,-110.617404
7866,-156.399902,-110.754149
7867,-156.546487,-110.867876
7868,-156.710100,-110.955351
7869,-156.886086,-111.014084
7870,-157.069441,-111.042406
7871,-157.254947,-111.039510
7872,-157.437328,-111.005478
7873,-157.611395,-110.941279
7874,-157.772198,-110.848739
7875,-157.915160,-110.730491
7876,-163.231457,-111.096936
7877,-163.344949,-111.241574
7878,-163.480946,-111.365289
7879,-163.635648,-111.464625
7880,-163.804734,-111.536808
7881,-163.983481,-111.579822
7882,-164.166895,-111.592465
7883,-164.349853,-111.574383
7884,-164.527244,-111.526082
7885,-164.694113,-111.448910
7886,-164.845798,-111.345025
7887,-164.978062,-111.217327
7888,-170.195935,-111.576988
7889,-170.297396,-111.727706
7890,-170.422283,-111.859667
7891,-170.567187,-111.969271
7892,-170.728157,-112.053527
7893,-170.900800,-112.110138
7894,-171.080406,-112.137558
7895,-171.262076,-112.135040
7896,-171.440854,-112.102652
7897,-171.611861,-112.041279
7898,-171.770434,-111.952593
7899,-171.912245,-111.839015
7900,-172.033426,-111.703644
7901,-177.166924,-112.057489
7902,-177.256466,-112.212825
7903,-177.370053,-112.351552
7904,-177.504668,-112.469983
7905,-177.656734,-112.564972
7906,-177.822211,-112.633995
7907,-177.996704,-112.675219
7908,-178.175575,-112.687548
7909,-178.354074,-112.670656
7910,-178.527457,-112.624989
7911,-178.691118,-112.551763
7912,-178.840709,-112.452922
7913,-178.972256,-112.331092
7914,-179.082263,-112.189511
7915,-184.143559,-112.538379
7916,-184.228432,-112.708857
7917,-184.341436,-112.862141
7918,-184.479184,-112.993638
7919,-184.637548,-113.099407
7920,-184.811782,-113.176277
7921,-184.996662,-113.221944
7922,-185.186648,-113.235039
7923,-185.376045,-113.215171
7924,-185.559177,-113.162934
7925,-185.730556,-113.079894
7926,-185.885044,-112.968540
7927,-186.018011,-112.832210
7928,-186.125471,-112.674989
7929,-191.125336,-113.019623
7930,-191.197473,-113.192035
7931,-191.297756,-113.349747
7932,-191.423291,-113.488205
7933,-191.570453,-113.603413
7934,-191.734995,-113.692044
7935,-191.912167,-113.751542
7936,-192.096853,-113.780187
7937,-192.283724,-113.777152
7938,-192.467383,-113.742527
7939,-192.642530,-113.677309
7940,-192.804107,-113.583383
7941,-192.947452,-113.463458
7942,-193.068426,-113.320997
7943,-193.163537,-113.160114
7944,-198.111864,-113.501195
7945,-198.171767,-113.674723
7946,-198.259695,-113.835872
7947,-198.373199,-113.980155
7948,-198.509117,-114.103551
7949,-198.663664,-114.202626
7950,-198.832535,-114.274618
7951,-199.011028,-114.317524
7952,-199.194170,-114.330147
7953,-199.376861,-114.312138
7954,-199.554013,-114.263996
7955,-199.720692,-114.187063
7956,-199.872256,-114.083483
7957,-200.004482,-113.956138
7958,-200.113689,-113.808577
7959,-200.196835,-113.644909
7960,-205.102774,-113.983069
7961,-205.150890,-114.157052
7962,-205.226814,-114.320823
7963,-205.328500,-114.469972
7964,-205.453210,-114.600481
7965,-205.597585,-114.708837
7966,-205.757739,-114.792122
7967,-205.929357,-114.848091
7968,-206.107818,-114.875239
7969,-206.288316,-114.872834
7970,-206.465990,-114.840940
7971,-206.636056,-114.780418
7972,-206.793933,-114.692896
7973,-206.935371,-114.580731
7974,-207.056559,-114.446945
7975,-207.154235,-114.295140
7976,-207.225767,-114.129404
7977,-212.097864,-114.465231
7978,-212.137833,-114.649716
7979,-212.208756,-114.824652
7980,-212.308543,-114.984886
7981,-212.434257,-115.125699
7982,-212.582194,-115.242946
7983,-212.748000,-115.333173
7984,-212.926790,-115.393724
7985,-213.113301,-115.422815
7986,-213.302039,-115.419589
7987,-213.487446,-115.384142
7988,-213.664063,-115.317518
7989,-213.826689,-115.221678
7990,-213.970534,-115.099444
7991,-214.091362,-114.954417
7992,-214.185616,-114.790867
7993,-214.250520,-114.613610
7994,-219.096963,-114.947669
7995,-219.125083,-115.130885
7996,-219.183568,-115.306778
7997,-219.270757,-115.470354
7998,-219.384175,-115.616967
7999,-219.520600,-115.742454
8000,-219.676159,-115.843252
8001,-219.846434,-115.916500
8002,-220.026591,-115.960116
8003,-220.211514,-115.972862
8004,-220.395951,-115.954377
8005,-220.574666,-115.905185
8006,-220.742584,-115.826684
8007,-220.894936,-115.721101
8008,-221.027397,-115.591437
8009,-221.136205,-115.441371
8010,-221.218270,-115.275166
8011,-221.271263,-115.097541
8012,-226.099952,-115.430376
8013,-226.116687,-115.611871
8014,-226.163162,-115.788111
8015,-226.238101,-115.954258
8016,-226.339446,-116.105750
8017,-226.464416,-116.238427
8018,-226.609578,-116.348648
8019,-226.770948,-116.433385
8020,-226.944095,-116.490312
8021,-227.124265,-116.517867
8022,-227.306512,-116.515293
8023,-227.485832,-116.482661
8024,-227.657303,-116.420866
8025,-227.816215,-116.331605
8026,-227.958206,-116.217329
8027,-228.079379,-116.081175
8028,-228.176405,-115.926882
8029,-228.246622,-115.758684
8030,-228.288101,-115.581202
8031,-233.106751,-115.913345
8032,-233.113655,-116.102640
8033,-233.152932,-116.287943
8034,-233.223418,-116.463761
8035,-233.323023,-116.624879
8036,-233.448792,-116.766521
8037,-233.596997,-116.884485
8038,-233.763242,-116.975274
8039,-233.942599,-117.036196
8040,-234.129748,-117.065443
8041,-234.319140,-117.062150
8042,-234.505159,-117.026413
8043,-234.682289,-116.959293
8044,-234.845277,-116.862779
8045,-234.989291,-116.739733
8046,-235.110060,-116.593805
8047,-235.204002,-116.429321
8048,-235.268333,-116.251159
8049,-235.301144,-116.064601
8050,-240.117334,-116.396575
8051,-240.153278,-116.213145
8052,-240.219760,-116.038449
8053,-240.314860,-115.877532
8054,-240.435832,-115.735039
8055,-240.579183,-115.615085
8056,-240.740775,-115.521135
8057,-240.915940,-115.455900
8058,-241.099621,-115.421264
8059,-241.286515,-115.418227
8060,-241.471224,-115.446878
8061,-241.648416,-115.506388
8062,-241.812974,-115.595040
8063,-241.960146,-115.710273
8064,-242.085684,-115.848761
8065,-242.185961,-116.006504
8066,-242.258083,-116.178948
8067,-242.299967,-116.361113
8068,-242.310404,-116.547740
8069,-247.131689,-116.880065
8070,-247.179472,-116.695847
8071,-247.258291,-116.522623
8072,-247.365788,-116.365577
8073,-247.498746,-116.229410
8074,-247.653184,-116.118198
8075,-247.824479,-116.035270
8076,-248.007504,-115.983108
8077,-248.196781,-115.963274
8078,-248.386644,-115.976361
8079,-248.571410,-116.021977
8080,-248.745547,-116.098758
8081,-248.903844,-116.204404
8082,-249.041563,-116.335754
8083,-249.154580,-116.488876
8084,-249.239513,-116.659186
8085,-249.293820,-116.841586
8086,-249.315875,-117.030618
8087,-254.149894,-117.363820
8088,-254.205532,-117.189815
8089,-254.289201,-117.027418
8090,-254.398593,-116.881108
8091,-254.530692,-116.754920
8092,-254.681853,-116.652335
8093,-254.847907,-116.576182
8094,-255.024275,-116.528562
8095,-255.206092,-116.510788
8096,-255.388343,-116.523351
8097,-255.566002,-116.565903
8098,-255.734169,-116.637271
8099,-255.888204,-116.735487
8100,-256.023860,-116.857842
8101,-256.137396,-117.000961
8102,-256.225679,-117.160897
8103,-256.286275,-117.333238
8104,-256.317512,-117.513231
8105,-261.172025,-117.847846
8106,-261.239361,-117.674580
8107,-261.334912,-117.515127
8108,-261.455949,-117.374041
8109,-261.599014,-117.255350
8110,-261.760022,-117.162444
8111,-261.934375,-117.097977
8112,-262.117095,-117.063788
8113,-262.302962,-117.060856
8114,-262.486669,-117.089263
8115,-262.662969,-117.148198
8116,-262.826828,-117.235978
8117,-262.973567,-117.350096
8118,-263.098994,-117.487294
8119,-263.199528,-117.643653
8120,-263.272297,-117.814708
8121,-263.315224,-117.995574
8122,-268.198181,-118.332149
8123,-268.277613,-118.160187
8124,-268.385369,-118.004402
8125,-268.518253,-117.869414
8126,-268.672327,-117.759225
8127,-268.843020,-117.677103
8128,-269.025271,-117.625482
8129,-269.213676,-117.605894
8130,-269.402649,-117.618920
8131,-269.586585,-117.664173
8132,-269.760030,-117.740311
8133,-269.917841,-117.845077
8134,-270.055339,-117.975363
8135,-270.168446,-118.127308
8136,-270.253808,-118.296404
8137,-270.308894,-118.477638
8138,-275.228622,-118.816748
8139,-275.313564,-118.657576
8140,-275.423383,-118.514429
8141,-275.555124,-118.391160
8142,-275.705243,-118.291084
8143,-275.869702,-118.216893
8144,-276.044077,-118.170584
8145,-276.223676,-118.153401
8146,-276.403667,-118.165808
8147,-276.579210,-118.207470
8148,-276.745582,-118.277267
8149,-276.898306,-118.373320
8150,-277.033274,-118.493047
8151,-277.146856,-118.633226
8152,-277.235996,-118.790086
8153,-277.298296,-118.959408
8154,-282.263575,-119.301658
8155,-282.360152,-119.145728
8156,-282.481297,-119.008013
8157,-282.623640,-118.892342
8158,-282.783224,-118.801931
8159,-282.955613,-118.739293
8160,-283.136013,-118.706171
8161,-283.319409,-118.703484
8162,-283.500702,-118.731308
8163,-283.674851,-118.788869
8164,-283.837016,-118.874567
8165,-283.982686,-118.986019
8166,-284.107812,-119.120126
8167,-284.208916,-119.273160
8168,-284.283185,-119.440867
8169,-289.024993,-119.767713
8170,-289.014758,-118.764635
8171,-234.773034,-115.025827
8172,-234.617915,-114.948330
8173,-234.452544,-114.896173
8174,-234.281032,-114.870651
8175,-234.107640,-114.872399
8176,-233.936677,-114.901373
8177,-233.772392,-114.956854
8178,-227.872676,-114.550194
8179,-227.717332,-114.449764
8180,-227.547355,-114.376785
8181,-227.367553,-114.333321
8182,-227.183010,-114.320601
8183,-226.998944,-114.338984
8184,-226.820562,-114.387951
8185,-226.652907,-114.466117
8186,-220.949395,-114.072982
8187,-220.801418,-113.955629
8188,-220.635547,-113.865319
8189,-220.456672,-113.804713
8190,-220.270067,-113.775599
8191,-220.081232,-113.778834
8192,-219.895734,-113.814324
8193,-219.719041,-113.881022
8194,-219.556362,-113.976962
8195,-214.011202,-113.594742
8196,-213.873728,-113.464565
8197,-213.715967,-113.359890
8198,-213.542594,-113.283819
8199,-213.358744,-113.238604
8200,-213.169864,-113.225584
8201,-212.981549,-113.245147
8202,-212.799378,-113.296711
8203,-212.628747,-113.378750
8204,-212.474712,-113.488834
8205,-207.061875,-113.115734
8206,-206.936221,-112.975751
8207,-206.788554,-112.859223
8208,-206.623192,-112.769559
8209,-206.444970,-112.709380
8210,-206.259102,-112.680447
8211,-206.071021,-112.683604
8212,-205.886229,-112.718761
8213,-205.710128,-112.784889
8214,-205.547870,-112.880054
8215,-205.404198,-113.001473
8216,-200.103713,-112.636118
8217,-199.990338,-112.488599
8218,-199.853722,-112.362298
8219,-199.697774,-112.260828
8220,-199.526956,-112.187092
8221,-199.346155,-112.143199
8222,-199.160542,-112.130405
8223,-198.975428,-112.149076
8224,-198.796108,-112.198677
8225,-198.627713,-112.277791
8226,-198.475061,-112.384153
8227,-198.342517,-112.514721
8228,-193.138147,-112.155991
8229,-193.037081,-112.002723
8230,-192.911932,-111.868399
8231,-192.766186,-111.756760
8232,-192.603901,-111.670916
8233,-192.429600,-111.613259
8234,-192.248137,-111.585394
8235,-192.064568,-111.588098
8236,-191.884004,-111.621295
8237,-191.711476,-111.684060
8238,-191.551791,-111.774646
8239,-191.409396,-111.890529
8240,-191.288257,-112.028480
8241,-186.166312,-111.675432
8242,-186.077386,-111.517784
8243,-185.963811,-111.376853
8244,-185.828663,-111.256455
8245,-185.675601,-111.159849
8246,-185.508769,-111.089651
8247,-185.332684,-111.047762
8248,-185.152113,-111.035315
8249,-184.971946,-111.052648
8250,-184.797060,-111.099292
8251,-184.632190,-111.173983
8252,-184.481801,-111.274700
8253,-184.349964,-111.398715
8254,-184.240248,-111.542671
8255,-179.188872,-111.194486
8256,-179.111812,-111.033594
8257,-179.009758,-110.887275
8258,-178.885395,-110.759375
8259,-178.741994,-110.653260
8260,-178.583325,-110.571720
8261,-178.413563,-110.516900
8262,-178.237172,-110.490242
8263,-178.058792,-110.492446
8264,-177.883113,-110.523456
8265,-177.714758,-110.582454
8266,-177.558153,-110.667890
8267,-177.417418,-110.777517
8268,-177.296253,-110.908450
8269,-177.197847,-111.057248
8270,-172.206329,-110.713189
8271,-172.135143,-110.538791
8272,-172.035247,-110.379095
8273,-171.909569,-110.238784
8274,-171.761795,-110.121973
8275,-171.596258,-110.032087
8276,-171.417812,-109.971761
8277,-171.231690,-109.942766
8278,-171.043350,-109.945950
8279,-170.858315,-109.981221
8280,-170.682011,-110.047545
8281,-170.519607,-110.142976
8282,-170.375866,-110.264716
8283,-170.255004,-110.409195
8284,-170.160563,-110.572177
8285,-165.219150,-110.231572
8286,-165.160321,-110.056244
8287,-165.072951,-109.893249
8288,-164.959511,-109.747195
8289,-164.823205,-109.622209
8290,-164.667887,-109.521824
8291,-164.497947,-109.448878
8292,-164.318188,-109.405432
8293,-164.133691,-109.392715
8294,-163.949672,-109.411086
8295,-163.771330,-109.460026
8296,-163.603708,-109.538151
8297,-163.451543,-109.643253
8298,-163.319135,-109.772361
8299,-163.210228,-109.921827
8300,-163.127900,-110.087425
8301,-158.227597,-109.749654
8302,-158.180648,-109.574057
8303,-158.105423,-109.408589
8304,-158.003977,-109.257768
8305,-157.879079,-109.125712
8306,-157.734140,-109.016025
8307,-157.573117,-108.931705
8308,-157.400407,-108.875052
8309,-157.220725,-108.847614
8310,-157.038978,-108.850139
8311,-156.860128,-108.882559
8312,-156.689058,-108.943989
8313,-156.530440,-109.032752
8314,-156.388605,-109.146423
8315,-156.267425,-109.281899
8316,-156.170208,-109.435481
8317,-156.099611,-109.602975
8318,-151.231893,-109.267450
8319,-151.193232,-109.081426
8320,-151.123136,-108.904830
8321,-151.023696,-108.742931
8322,-150.897881,-108.600558
8323,-150.749443,-108.481960
8324,-150.582810,-108.390674
8325,-150.402955,-108.329424
8326,-150.215242,-108.300037
8327,-150.025273,-108.303391
8328,-149.838715,-108.339384
8329,-149.661133,-108.406944
8330,-149.497826,-108.504054
8331,-149.353666,-108.627818
8332,-149.232954,-108.774543
8333,-149.139291,-108.939851
8334,-149.075472,-109.118811
8335,-144.232197,-108.784970
8336,-144.205436,-108.600401
8337,-144.147880,-108.423005
8338,-144.061182,-108.257882
8339,-143.947836,-108.109779
8340,-143.811099,-107.982952
8341,-143.654901,-107.881048
8342,-143.483734,-107.806996
8343,-143.302517,-107.762924
8344,-143.116459,-107.750099
8345,-142.930909,-107.768890
8346,-142.751200,-107.818757
8347,-142.582498,-107.898267
8348,-142.429653,-108.005133
8349,-142.297058,-108.136284
8350,-142.188525,-108.287950
8351,-142.107173,-108.455771
8352,-142.055341,-108.634923
8353,-137.228636,-108.302224
8354,-137.213330,-108.119520
8355,-137.167890,-107.941895
8356,-137.093579,-107.774286
8357,-136.992460,-107.621347
8358,-136.867343,-107.487328
8359,-136.721704,-107.375953
8360,-136.559589,-107.290314
8361,-136.385501,-107.232793
8362,-136.204278,-107.204985
8363,-136.020953,-107.207665
8364,-135.840619,-107.240757
8365,-135.668287,-107.303342
8366,-135.508744,-107.393682
8367,-135.366423,-107.509266
8368,-135.245276,-107.646885
8369,-135.148670,-107.802713
8370,-135.079289,-107.972423
8371,-135.039060,-108.151300
8372,-130.221266,-107.819216
8373,-130.215911,-107.628794
8374,-130.177785,-107.442152
8375,-130.108028,-107.264886
8376,-130.008735,-107.102314
8377,-129.882881,-106.959310
8378,-129.734243,-106.840164
8379,-129.567278,-106.748449
8380,-129.386993,-106.686915
8381,-129.198795,-106.657409
8382,-129.008328,-106.660815
8383,-128.821306,-106.697030
8384,-128.643336,-106.764969
8385,-128.479756,-106.862594
8386,-128.335472,-106.986978
8387,-128.214811,-107.134389
8388,-128.121393,-107.300408
8389,-128.058018,-107.480054
8390,-128.026588,-107.667940
8391,-123.210126,-107.335948
8392,-123.172880,-107.518029
8393,-123.105512,-107.691242
8394,-123.009944,-107.850640
8395,-122.888906,-107.991674
8396,-122.745851,-108.110318
8397,-122.584865,-108.203185
8398,-122.410542,-108.267625
8399,-122.227858,-108.301796
8400,-122.042029,-108.304725
8401,-121.858359,-108.276327
8402,-121.682092,-108.217414
8403,-121.518259,-108.129666
8404,-121.371537,-108.015589
8405,-121.246114,-107.878439
8406,-121.145571,-107.722131
8407,-121.072778,-107.551128
8408,-121.029812,-107.370311
8409,-121.017901,-107.184841
8410,-116.195184,-106.852417
8411,-116.146160,-107.035122
8412,-116.066558,-107.206726
8413,-115.958730,-107.362154
8414,-115.825868,-107.496809
8415,-115.671898,-107.606708
8416,-115.501376,-107.688603
8417,-115.319345,-107.740071
8418,-115.131187,-107.759589
8419,-114.942467,-107.746581
8420,-114.758766,-107.701431
8421,-114.585517,-107.625474
8422,-114.427844,-107.520957
8423,-114.290410,-107.390972
8424,-114.177279,-107.239361
8425,-114.091798,-107.070608
8426,-114.036493,-106.889706
8427,-114.013000,-106.702002
8428,-109.176395,-106.368622
8429,-109.119654,-106.541055
8430,-109.035326,-106.701808
8431,-108.925708,-106.846503
8432,-108.793786,-106.971200
8433,-108.643153,-107.072502
8434,-108.477910,-107.147651
8435,-108.302557,-107.194601
8436,-108.121871,-107.212072
8437,-107.940772,-107.199589
8438,-107.764192,-107.157492
8439,-107.596940,-107.086927
8440,-107.443570,-106.989816
8441,-107.308261,-106.868804
8442,-107.194695,-106.727186
8443,-107.105967,-106.568820
8444,-107.044493,-106.398017
8445,-107.011947,-106.219429
8446,-102.153663,-105.884554
8447,-102.085316,-106.056089
8448,-101.989240,-106.213774
8449,-101.868141,-106.353166
8450,-101.725433,-106.470339
8451,-101.565135,-106.561990
8452,-101.391765,-106.625537
8453,-101.210209,-106.659188
8454,-101.025581,-106.661997
8455,-100.843085,-106.633883
8456,-100.667862,-106.575639
8457,-100.504851,-106.488906
8458,-100.358645,-106.376128
8459,-100.233362,-106.240483
8460,-100.132534,-106.085793
8461,-100.059002,-105.916417
8462,-100.014837,-105.737128
8463,-95.126880,-105.400208
8464,-95.046549,-105.570265
8465,-94.938422,-105.724152
8466,-94.805661,-105.857371
8467,-94.652146,-105.966026
8468,-94.482366,-106.046941
8469,-94.301283,-106.097750
8470,-94.114192,-106.116970
8471,-93.926561,-106.104037
8472,-93.743875,-106.059329
8473,-93.571477,-105.984154
8474,-93.414404,-105.880710
8475,-93.277249,-105.752019
8476,-93.164022,-105.601845
8477,-93.078032,-105.434578
8478,-93.021793,-105.255107
8479,-88.095778,-104.915564
8480,-88.010101,-105.072781
8481,-87.900054,-105.214015
8482,-87.768552,-105.335526
8483,-87.619079,-105.434094
8484,-87.455596,-105.507107
8485,-87.282433,-105.552631
8486,-87.104179,-105.569460
8487,-86.925556,-105.557148
8488,-86.751297,-105.516021
8489,-86.586018,-105.447169
8490,-86.434098,-105.352415
8491,-86.299563,-105.234271
8492,-86.185977,-105.095866
8493,-86.096348,-104.940868
8494,-86.033052,-104.773383
8495,-81.060118,-104.430605
8496,-80.962956,-104.584392
8497,-80.841778,-104.720062
8498,-80.699897,-104.833907
8499,-80.541195,-104.922813
8500,-80.370010,-104.984348
8501,-80.191025,-105.016829
8502,-80.009134,-105.019368
8503,-79.829312,-104.991896
8504,-79.656476,-104.935165
8505,-79.495353,-104.850724
8506,-79.350349,-104.740885
8507,-79.225431,-104.608650
8508,-79.124013,-104.457636
8509,-79.048871,-104.291973
8510,-74.019597,-103.945312
8511,-73.910688,-104.094763
8512,-73.778282,-104.223858
8513,-73.626121,-104.328949
8514,-73.458505,-104.407065
8515,-73.280173,-104.455999
8516,-73.096163,-104.474367
8517,-72.911676,-104.461650
8518,-72.731927,-104.418209
8519,-72.561995,-104.345270
8520,-72.406683,-104.244895
8521,-72.270380,-104.119921
8522,-72.156939,-103.973880
8523,-72.069565,-103.810899
8524,-66.973624,-103.459642
8525,-66.852732,-103.603633
8526,-66.709086,-103.724932
8527,-66.546881,-103.819999
8528,-66.370856,-103.886054
8529,-66.186154,-103.921168
8530,-65.998169,-103.924316
8531,-65.812395,-103.895405
8532,-65.634257,-103.835281
8533,-65.468960,-103.745699
8534,-65.321333,-103.629277
8535,-65.195688,-103.489415
8536,-65.095696,-103.330199
8537,-59.921599,-102.973556
8538,-59.788584,-103.110748
8539,-59.633834,-103.222850
8540,-59.462019,-103.306480
8541,-59.278323,-103.359113
8542,-59.088290,-103.379163
8543,-58.897655,-103.366022
8544,-58.712170,-103.320089
8545,-58.537433,-103.242749
8546,-58.378717,-103.136336
8547,-58.240812,-103.004062
8548,-58.127879,-102.849917
8549,-52.862620,-102.486990
8550,-52.731630,-102.605110
8551,-52.583444,-102.700776
8552,-52.421874,-102.771527
8553,-52.251072,-102.815544
8554,-52.075430,-102.831696
8555,-51.899465,-102.819567
8556,-51.727700,-102.779469
8557,-51.564553,-102.712433
8558,-51.414218,-102.620183
8559,-51.280559,-102.505090
8560,-51.167015,-102.370114
8561,-45.795499,-101.999863
8562,-45.655320,-102.107573
8563,-45.499697,-102.191437
8564,-45.332649,-102.249288
8565,-45.158492,-102.279633
8566,-44.981722,-102.281688
8567,-44.806906,-102.255399
8568,-44.638559,-102.201446
8569,-44.481029,-102.121222
8570,-44.338384,-102.016799
8571,-44.214309,-101.890874
8572,-38.718087,-101.512027
8573,-38.570256,-101.606915
8574,-38.409205,-101.677061
8575,-38.239042,-101.720676
8576,-38.064105,-101.736647
8577,-37.888857,-101.724568
8578,-37.717766,-101.684745
8579,-37.555196,-101.618196
8580,-37.405293,-101.526616
8581,-37.271879,-101.412342
8582,-31.627266,-101.023266
8583,-31.474791,-101.102293
8584,-31.311874,-101.156623
8585,-31.142487,-101.184934
8586,-30.970757,-101.186535
8587,-30.800871,-101.161387
8588,-30.636969,-101.110103
8589,-30.483047,-101.033933
8590,-30.342858,-100.934734
8591,-25.145161,-100.576463
8592,-25.107721,-100.389035
8593,-25.038402,-100.210917
8594,-24.939297,-100.047486
8595,-24.813399,-99.903678
8596,-24.664508,-99.783833
8597,-24.497120,-99.691570
8598,-24.316289,-99.629675
8599,-24.127472,-99.600015
8600,-23.936373,-99.603488
8601,-23.748759,-99.639987
8602,-23.570295,-99.708410
8603,-23.406369,-99.806693
8604,-23.261930,-99.931868
8605,-23.141339,-100.080155
8606,-23.048237,-100.247078
8607,-22.985435,-100.427596
8608,-18.144927,-100.093947
8609,-18.119461,-99.908116
8610,-18.062793,-99.729314
8611,-17.976572,-99.562738
8612,-17.863303,-99.413233
8613,-17.726281,-99.285145
8614,-17.569490,-99.182198
8615,-17.397488,-99.107386
8616,-17.215276,-99.062884
8617,-17.028153,-99.049986
8618,-16.841558,-99.069067
8619,-16.660918,-99.119571
8620,-16.491485,-99.200032
8621,-16.338184,-99.308108
8622,-16.205474,-99.440659
8623,-16.097213,-99.593829
8624,-16.016549,-99.763165
8625,-15.965826,-99.943744
8626,-10.723531,-99.582400
8627,-10.792297,-98.584767
8628,-29.961736,-99.906091
8629,-30.009520,-99.721875
8630,-30.088341,-99.548654
8631,-30.195838,-99.391610
8632,-30.328796,-99.255445
8633,-30.483233,-99.144235
8634,-30.654527,-99.061308
8635,-30.837551,-99.009147
8636,-31.026827,-98.989313
8637,-31.216688,-99.002400
8638,-31.401452,-99.048016
8639,-31.575588,-99.124796
8640,-31.733884,-99.230440
8641,-31.871602,-99.361788
8642,-31.984620,-99.514908
8643,-32.069554,-99.685216
8644,-32.123862,-99.867614
8645,-32.145919,-100.056643
8646,-36.979941,-100.389846
8647,-37.035581,-100.215843
8648,-37.119251,-100.053448
8649,-37.228644,-99.907140
8650,-37.360742,-99.780955
8651,-37.511902,-99.678372
8652,-37.677955,-99.602221
8653,-37.854322,-99.554602
8654,-38.036137,-99.536828
8655,-38.218387,-99.549390
8656,-38.396044,-99.591942
8657,-38.564209,-99.663309
8658,-38.718244,-99.761523
8659,-38.853900,-99.883876
8660,-38.967435,-100.026993
8661,-39.055719,-100.186926
8662,-39.116316,-100.359265
8663,-39.147556,-100.539257
8664,-44.002073,-100.873872
8665,-44.069411,-100.700609
8666,-44.164963,-100.541159
8667,-44.285999,-100.400075
8668,-44.429064,-100.281386
8669,-44.590071,-100.188482
8670,-44.764423,-100.124015
8671,-44.947141,-100.089828
8672,-45.133006,-100.086895
8673,-45.316711,-100.115302
8674,-45.493010,-100.174236
8675,-45.656868,-100.262014
8676,-45.803606,-100.376131
8677,-45.929033,-100.513327
8678,-46.029567,-100.669683
8679,-46.102338,-100.840736
8680,-46.145266,-101.021599
8681,-51.028231,-101.358175
8682,-51.107663,-101.186216
8683,-51.215420,-101.030434
8684,-51.348304,-100.895448
8685,-51.502377,-100.785261
8686,-51.673069,-100.703140
8687,-51.855318,-100.651521
8688,-52.043722,-100.631934
8689,-52.232692,-100.644959
8690,-52.416626,-100.690211
8691,-52.590070,-100.766348
8692,-52.747880,-100.871112
8693,-52.885377,-101.001396
8694,-52.998484,-101.153338
8695,-53.083847,-101.322432
8696,-53.138935,-101.503663
8697,-58.058672,-101.842774
8698,-58.143615,-101.683605
8699,-58.253434,-101.540461
8700,-58.385175,-101.417194
8701,-58.535294,-101.317120
8702,-58.699751,-101.242931
8703,-58.874124,-101.196623
8704,-59.053721,-101.179441
8705,-59.233711,-101.191847
8706,-59.409252,-101.233508
8707,-59.575622,-101.303304
8708,-59.728345,-101.399356
8709,-59.863313,-101.519080
8710,-59.976895,-101.659257
8711,-60.066035,-101.816114
8712,-60.128336,-101.985433
8713,-65.093626,-102.327684
8714,-65.190204,-102.171757
8715,-65.311349,-102.034045
8716,-65.453691,-101.918377
8717,-65.613274,-101.827968
8718,-65.785661,-101.765332
8719,-65.966059,-101.732210
8720,-66.149453,-101.729524
8721,-66.330744,-101.757347
8722,-66.504892,-101.814907
8723,-66.667055,-101.900603
8724,-66.812724,-102.012053
8725,-66.937850,-102.146158
8726,-67.038954,-102.299189
8727,-67.113225,-102.466892
8728,-72.133439,-102.812929
8729,-72.241953,-102.661152
8730,-72.374556,-102.529899
8731,-72.527435,-102.422944
8732,-72.696191,-102.343365
8733,-72.875968,-102.293451
8734,-73.061595,-102.274638
8735,-73.247732,-102.287469
8736,-73.429022,-102.331572
8737,-73.600251,-102.405680
8738,-73.756492,-102.507661
8739,-73.893250,-102.634580
8740,-74.006591,-102.782786
8741,-74.093254,-102.948016
8742,-79.178505,-103.298535
8743,-79.299228,-103.151962
8744,-79.443361,-103.028335
8745,-79.606607,-102.931339
8746,-79.784103,-102.863863
8747,-79.970558,-102.827918
8748,-80.160418,-102.824576
8749,-80.348023,-102.853936
8750,-80.527784,-102.915124
8751,-80.694343,-103.006315
8752,-80.842737,-103.124792
8753,-80.968544,-103.267026
8754,-81.068014,-103.428777
8755,-86.229570,-103.784556
8756,-86.350699,-103.655269
8757,-86.491012,-103.547104
8758,-86.646870,-103.462867
8759,-86.814229,-103.404744
8760,-86.988748,-103.374242
8761,-87.165901,-103.372152
8762,-87.341091,-103.398529
8763,-87.509775,-103.452687
8764,-87.667576,-103.533223
8765,-87.810402,-103.638048
8766,-87.934547,-103.764441
8767,-88.036792,-103.909125
8768,-93.287432,-104.271044
8769,-93.418861,-104.150041
8770,-93.568145,-104.051908
8771,-93.731344,-103.979235
8772,-93.904156,-103.933937
8773,-94.082020,-103.917210
8774,-94.260247,-103.929495
8775,-94.434134,-103.970468
8776,-94.599096,-104.039048
8777,-94.750781,-104.133426
8778,-94.885188,-104.251113
8779,-94.998773,-104.389005
8780,-100.353210,-104.758079
8781,-100.494300,-104.647189
8782,-100.651543,-104.560714
8783,-100.820753,-104.500957
8784,-100.997428,-104.469509
8785,-101.176865,-104.467204
8786,-101.354289,-104.494106
8787,-101.524978,-104.549499
8788,-101.684389,-104.631907
8789,-101.828280,-104.739138
8790,-101.952820,-104.868338
8791,-107.428924,-105.245798
8792,-107.578328,-105.147388
8793,-107.741709,-105.074498
8794,-107.914744,-105.029056
8795,-108.092858,-105.012264
8796,-108.271337,-105.024566
8797,-108.445462,-105.065637
8798,-108.610626,-105.134391
8799,-108.762460,-105.229009
8800,-108.896949,-105.346987
8801,-114.517443,-105.734400
8802,-114.672481,-105.651459
8803,-114.838753,-105.594280
8804,-115.012012,-105.564324
8805,-115.187830,-105.562357
8806,-115.361716,-105.588428
8807,-115.529226,-105.641873
8808,-115.686081,-105.721325
8809,-115.828273,-105.824754
8810,-121.624147,-106.224255
8811,-121.779312,-106.160661
8812,-121.942342,-106.121392
8813,-122.109446,-106.107360
8814,-122.276741,-106.118891
8815,-122.440339,-106.155718
8816,-122.596438,-106.216985
8817,-122.741411,-106.301267
8818,-289.004523,-117.761556
8819,-288.994288,-116.758478
8820,-10.861062,-97.587134
8821,-10.929828,-96.589502
8822,-288.984053,-115.755400
8823,-288.973818,-114.752322
8824,-10.998593,-95.591869
8825,-10.242817,-94.537401
8826,-288.963582,-113.749243
8827,-288.953347,-112.746165
8828,-10.311583,-93.539769
8829,-10.380348,-92.542136
8830,-288.943112,-111.743087
8831,-288.932877,-110.740009
8832,-10.449114,-91.544503
8833,-10.517879,-90.546870
8834,-191.449384,-103.018232
8835,-191.594259,-103.102375
8836,-191.750231,-103.163541
8837,-191.913684,-103.200311
8838,-192.080824,-103.211832
8839,-192.247776,-103.197836
8840,-192.410666,-103.158649
8841,-192.565715,-103.095179
8842,-198.362553,-103.494747
8843,-198.504669,-103.598012
8844,-198.661412,-103.677337
8845,-198.828784,-103.730698
8846,-199.002516,-103.756734
8847,-199.178178,-103.754781
8848,-199.351288,-103.724889
8849,-199.517433,-103.667821
8850,-199.672374,-103.585031
8851,-205.293789,-103.972508
8852,-205.428238,-104.090343
8853,-205.579999,-104.184843
8854,-205.745064,-104.253511
8855,-205.919072,-104.294534
8856,-206.097427,-104.306828
8857,-206.275418,-104.290068
8858,-206.448343,-104.244696
8859,-206.611635,-104.171913
8860,-206.760980,-104.073639
8861,-212.237853,-104.451152
8862,-212.362377,-104.580226
8863,-212.506220,-104.687348
8864,-212.665559,-104.769671
8865,-212.836158,-104.825008
8866,-213.013482,-104.851886
8867,-213.192816,-104.849592
8868,-213.369394,-104.818186
8869,-213.538521,-104.758503
8870,-213.695702,-104.672130
8871,-213.836758,-104.561363
8872,-219.191778,-104.930477
8873,-219.305362,-105.068286
8874,-219.439748,-105.185899
8875,-219.591395,-105.280217
8876,-219.756306,-105.348753
8877,-219.930133,-105.389701
8878,-220.108295,-105.401981
8879,-220.286097,-105.385270
8880,-220.458851,-105.340009
8881,-220.622005,-105.267391
8882,-220.771258,-105.169328
8883,-220.902676,-105.048407
8884,-226.153788,-105.410359
8885,-226.256043,-105.554942
8886,-226.380175,-105.681242
8887,-226.522965,-105.785987
8888,-226.680713,-105.866461
8889,-226.849330,-105.920579
8890,-227.024446,-105.946939
8891,-227.201523,-105.944856
8892,-227.375971,-105.914385
8893,-227.543268,-105.856315
8894,-227.699079,-105.772153
8895,-227.839366,-105.664078
8896,-227.960492,-105.534893
8897,-233.122528,-105.890705
8898,-233.222020,-106.052357
8899,-233.347821,-106.194499
8900,-233.496186,-106.312897
8901,-233.662696,-106.404026
8902,-233.842394,-106.465172
8903,-234.029929,-106.494515
8904,-234.219716,-106.491180
8905,-234.406104,-106.455268
8906,-234.583543,-106.387847
8907,-234.746749,-106.290925
8908,-234.890863,-106.167388
8909,-235.011594,-106.020915
8910,-240.097214,-106.371460
8911,-240.183898,-106.536625
8912,-240.297242,-106.684769
8913,-240.433987,-106.811633
8914,-240.590202,-106.913567
8915,-240.761393,-106.987641
8916,-240.942640,-107.031726
8917,-241.128728,-107.044553
8918,-241.314309,-107.025753
8919,-241.494045,-106.975868
8920,-241.662768,-106.896331
8921,-241.815627,-106.789430
8922,-241.948225,-106.658238
8923,-242.056751,-106.506528
8924,-247.077256,-106.852585
8925,-247.151561,-107.020209
8926,-247.252678,-107.173163
8927,-247.377796,-107.307195
8928,-247.523440,-107.418582
8929,-247.685562,-107.504229
8930,-247.859659,-107.561757
8931,-248.040893,-107.589567
8932,-248.224229,-107.586886
8933,-248.404573,-107.553790
8934,-248.576913,-107.491196
8935,-248.736463,-107.400846
8936,-248.878788,-107.285248
8937,-248.999934,-107.147615
8938,-249.096535,-106.991771
8939,-254.062117,-107.334042
8940,-254.124457,-107.503290
8941,-254.213617,-107.660075
8942,-254.327200,-107.800183
8943,-254.462151,-107.919847
8944,-254.614843,-108.015848
8945,-254.781171,-108.085607
8946,-254.956662,-108.127247
8947,-255.136599,-108.139650
8948,-255.316144,-108.122482
8949,-255.490470,-108.076204
8950,-255.654890,-108.002060
8951,-255.804984,-107.902045
8952,-255.936716,-107.778846
8953,-256.046544,-107.635777
8954,-256.131517,-107.476683
8955,-261.051493,-107.815810
8956,-261.106625,-107.996973
8957,-261.192013,-108.165996
8958,-261.305125,-108.317870
8959,-261.442609,-108.448092
8960,-261.600391,-108.552805
8961,-261.773794,-108.628904
8962,-261.957680,-108.674135
8963,-262.146599,-108.687157
8964,-262.334952,-108.667584
8965,-262.517156,-108.615996
8966,-262.687813,-108.533923
8967,-262.841864,-108.423795
8968,-262.974744,-108.288878
8969,-263.082515,-108.133169
8970,-263.161983,-107.961283
8971,-268.045137,-108.297872
8972,-268.088115,-108.478675
8973,-268.160915,-108.649663
8974,-268.261461,-108.805955
8975,-268.386882,-108.943090
8976,-268.533600,-109.057155
8977,-268.697425,-109.144893
8978,-268.873682,-109.203800
8979,-269.057341,-109.232195
8980,-269.243158,-109.229268
8981,-269.425831,-109.195101
8982,-269.600145,-109.130670
8983,-269.761125,-109.037815
8984,-269.904176,-108.919185
8985,-270.025215,-108.778167
8986,-270.120787,-108.618785
8987,-270.188165,-108.445588
8988,-275.042825,-108.780213
8989,-275.074115,-108.960151
8990,-275.134747,-109.132430
8991,-275.223048,-109.292303
8992,-275.336585,-109.435361
8993,-275.472228,-109.557662
8994,-275.626237,-109.655834
8995,-275.794366,-109.727170
8996,-275.971982,-109.769704
8997,-276.154187,-109.782263
8998,-276.335959,-109.764501
8999,-276.512286,-109.716908
9000,-276.678308,-109.640796
9001,-276.829448,-109.538262
9002,-276.961540,-109.412135
9003,-277.070941,-109.265889
9004,-277.154637,-109.103558
9005,-277.210320,-108.929616
9006,-282.044439,-109.262825
9007,-282.066552,-109.451803
9008,-282.120899,-109.634144
9009,-282.205855,-109.804391
9010,-282.318877,-109.957452
9011,-282.456584,-110.088748
9012,-282.614856,-110.194349
9013,-282.788958,-110.271096
9014,-282.973681,-110.316694
9015,-283.163498,-110.329778
9016,-283.352730,-110.309956
9017,-283.535716,-110.257822
9018,-283.706980,-110.174936
9019,-283.861399,-110.063776
9020,-283.994353,-109.927670
9021,-284.101864,-109.770689
9022,-284.180715,-109.597530
9023,-284.228548,-109.413373
9024,-288.922642,-109.736930
9025,-288.912407,-108.733852
9026,-283.847983,-108.384768
9027,-283.707713,-108.285405
9028,-283.553676,-108.209107
9029,-283.389633,-108.157739
9030,-283.219590,-108.132555
9031,-283.047700,-108.134170
9032,-282.878161,-108.162545
9033,-282.715112,-108.216986
9034,-282.562535,-108.296164
9035,-276.918870,-107.907154
9036,-276.785413,-107.792736
9037,-276.635434,-107.701038
9038,-276.472762,-107.634403
9039,-276.301553,-107.594532
9040,-276.126178,-107.582444
9041,-275.951118,-107.598447
9042,-275.780842,-107.642132
9043,-275.619699,-107.712385
9044,-275.471806,-107.807410
9045,-269.976373,-107.428617
9046,-269.852278,-107.302565
9047,-269.709584,-107.198033
9048,-269.551981,-107.117725
9049,-269.383542,-107.063716
9050,-269.208625,-107.037403
9051,-269.031751,-107.039467
9052,-268.857495,-107.069855
9053,-268.690363,-107.127780
9054,-268.534676,-107.211745
9055,-268.394461,-107.319578
9056,-263.023614,-106.949373
9057,-262.910067,-106.814284
9058,-262.776379,-106.699091
9059,-262.625991,-106.606758
9060,-262.462773,-106.539662
9061,-262.290926,-106.499531
9062,-262.114873,-106.487396
9063,-261.939144,-106.503569
9064,-261.768264,-106.547636
9065,-261.606629,-106.618461
9066,-261.458400,-106.714222
9067,-261.327392,-106.832455
9068,-256.062707,-106.469567
9069,-255.949783,-106.315312
9070,-255.811858,-106.182938
9071,-255.653097,-106.076442
9072,-255.478295,-105.999042
9073,-255.292733,-105.953075
9074,-255.102015,-105.939929
9075,-254.911901,-105.960001
9076,-254.728133,-106.012686
9077,-254.556262,-106.096392
9078,-254.401478,-106.208590
9079,-254.268458,-106.345892
9080,-249.094852,-105.989282
9081,-248.994879,-105.829968
9082,-248.869228,-105.690015
9083,-248.721570,-105.573513
9084,-248.556224,-105.483868
9085,-248.378023,-105.423703
9086,-248.192177,-105.394775
9087,-248.004120,-105.397930
9088,-247.819350,-105.433077
9089,-247.643268,-105.499187
9090,-247.481022,-105.594327
9091,-247.337356,-105.715718
9092,-247.216470,-105.859808
9093,-242.120906,-105.508578
9094,-242.033552,-105.345532
9095,-241.920114,-105.199428
9096,-241.783797,-105.074398
9097,-241.628458,-104.973977
9098,-241.458489,-104.901005
9099,-241.278695,-104.857544
9100,-241.094161,-104.844824
9101,-240.910104,-104.863205
9102,-240.731730,-104.912167
9103,-240.564082,-104.990325
9104,-240.411900,-105.095469
9105,-240.279488,-105.224627
9106,-240.170589,-105.374145
9107,-235.141614,-105.027505
9108,-235.066505,-104.861762
9109,-234.965099,-104.710670
9110,-234.840172,-104.578363
9111,-234.695142,-104.468461
9112,-234.533979,-104.383972
9113,-234.361092,-104.327208
9114,-234.181213,-104.299722
9115,-233.999264,-104.302267
9116,-233.820224,-104.334774
9117,-233.648992,-104.396351
9118,-233.490255,-104.485315
9119,-233.348356,-104.599230
9120,-233.227179,-104.734980
9121,-233.130039,-104.888850
9122,-228.157405,-104.546093
9123,-228.094147,-104.378536
9124,-228.004537,-104.223466
9125,-227.890950,-104.084992
9126,-227.756398,-103.966787
9127,-227.604447,-103.871983
9128,-227.439126,-103.803094
9129,-227.264817,-103.761947
9130,-227.086141,-103.749631
9131,-226.907835,-103.766473
9132,-226.734625,-103.812028
9133,-226.571104,-103.885086
9134,-226.421606,-103.983712
9135,-226.290094,-104.105291
9136,-226.180055,-104.246600
9137,-226.094406,-104.403893
9138,-221.168617,-104.064365
9139,-221.112411,-103.884844
9140,-221.026438,-103.717524
9141,-220.913214,-103.567300
9142,-220.776049,-103.438564
9143,-220.618956,-103.335082
9144,-220.446527,-103.259880
9145,-220.263806,-103.215157
9146,-220.076137,-103.202221
9147,-219.889008,-103.221451
9148,-219.707892,-103.272284
9149,-219.538085,-103.353233
9150,-219.384554,-103.461932
9151,-219.251790,-103.595200
9152,-219.143673,-103.749141
9153,-219.063367,-103.919253
9154,-214.175570,-103.582344
9155,-214.131453,-103.402993
9156,-214.057950,-103.233552
9157,-213.957133,-103.078798
9158,-213.831845,-102.943093
9159,-213.685617,-102.830263
9160,-213.522573,-102.743490
9161,-213.347309,-102.685219
9162,-213.164766,-102.657094
9163,-212.980090,-102.659907
9164,-212.798488,-102.693580
9165,-212.625081,-102.757162
9166,-212.464755,-102.848861
9167,-212.322032,-102.966092
9168,-212.200936,-103.105551
9169,-212.104880,-103.263304
9170,-212.036572,-103.434906
9171,-207.178437,-103.100041
9172,-207.145941,-102.921399
9173,-207.084500,-102.750537
9174,-206.995789,-102.592109
9175,-206.882225,-102.450433
9176,-206.746902,-102.329369
9177,-206.593506,-102.232215
9178,-206.426219,-102.161619
9179,-206.249597,-102.119505
9180,-206.068453,-102.107019
9181,-205.887723,-102.124502
9182,-205.712332,-102.171477
9183,-205.547057,-102.246665
9184,-205.396403,-102.348017
9185,-205.264474,-102.472772
9186,-205.154864,-102.617529
9187,-205.070562,-102.778346
9188,-205.013862,-102.950840
9189,-200.177361,-102.617466
9190,-200.153924,-102.429711
9191,-200.098657,-102.248751
9192,-200.013196,-102.079938
9193,-199.900070,-101.928269
9194,-199.762624,-101.798230
9195,-199.604927,-101.693670
9196,-199.431644,-101.617682
9197,-199.247902,-101.572514
9198,-199.059138,-101.559502
9199,-198.870936,-101.579033
9200,-198.688866,-101.630527
9201,-198.518314,-101.712462
9202,-198.364327,-101.822412
9203,-198.231460,-101.957125
9204,-198.123645,-102.112616
9205,-198.044073,-102.284282
9206,-197.995096,-102.467046
9207,-193.172441,-102.134627
9208,-193.160572,-101.949124
9209,-193.117637,-101.768267
9210,-193.044863,-101.597223
9211,-192.944327,-101.440874
9212,-192.818901,-101.303685
9213,-192.672166,-101.189575
9214,-192.508312,-101.101801
9215,-192.332018,-101.042871
9216,-192.148319,-101.014466
9217,-191.962459,-101.017397
9218,-191.779747,-101.051582
9219,-191.605399,-101.116044
9220,-191.444395,-101.208943
9221,-191.301332,-101.327624
9222,-191.180296,-101.468700
9223,-191.084741,-101.628143
9224,-191.017398,-101.801397
9225,-190.980190,-101.983518
9226,-186.163729,-101.651526
9227,-186.132245,-101.839361
9228,-186.068833,-102.018950
9229,-185.975394,-102.184908
9230,-185.854729,-102.332262
9231,-185.710455,-102.456594
9232,-185.546898,-102.554176
9233,-185.368961,-102.622084
9234,-185.181977,-102.658280
9235,-184.991552,-102.661682
9236,-184.803394,-102.632185
9237,-184.623145,-102.570676
9238,-184.456208,-102.478996
9239,-184.307586,-102.359896
9240,-184.181736,-102.216945
9241,-184.082430,-102.054429
9242,-184.012645,-101.877219
9243,-183.974474,-101.690629
9244,-183.969059,-101.500250
9245,-179.151235,-101.168164
9246,-179.110957,-101.346987
9247,-179.041543,-101.516639
9248,-178.944921,-101.672408
9249,-178.823773,-101.809969
9250,-178.681464,-101.925503
9251,-178.521945,-102.015801
9252,-178.349647,-102.078356
9253,-178.169352,-102.111430
9254,-177.986069,-102.114106
9255,-177.804886,-102.086308
9256,-177.630835,-102.028809
9257,-177.468749,-101.943206
9258,-177.323128,-101.831875
9259,-177.198017,-101.697908
9260,-177.096889,-101.545026
9261,-177.022553,-101.377472
9262,-176.977073,-101.199901
9263,-176.961711,-101.017243
9264,-172.134952,-100.684541
9265,-172.083086,-100.863650
9266,-172.001714,-101.031424
9267,-171.893172,-101.183044
9268,-171.760581,-101.314152
9269,-171.607750,-101.420982
9270,-171.439071,-101.500462
9271,-171.259390,-101.550309
9272,-171.073872,-101.569092
9273,-170.887847,-101.556269
9274,-170.706660,-101.512210
9275,-170.535518,-101.438181
9276,-170.379340,-101.336309
9277,-170.242611,-101.209521
9278,-170.129263,-101.061460
9279,-170.042551,-100.896382
9280,-169.984967,-100.719029
9281,-169.958167,-100.534499
9282,-165.114778,-100.200650
9283,-165.050916,-100.379545
9284,-164.957230,-100.544785
9285,-164.836513,-100.691444
9286,-164.692365,-100.815148
9287,-164.529084,-100.912209
9288,-164.351540,-100.979732
9289,-164.165026,-101.015705
9290,-163.975105,-101.019053
9291,-163.787439,-100.989678
9292,-163.607624,-100.928455
9293,-163.441024,-100.837210
9294,-163.292605,-100.718664
9295,-163.166793,-100.576352
9296,-163.067340,-100.414517
9297,-162.997211,-100.237985
9298,-162.958499,-100.052021
9299,-158.090615,-99.716485
9300,-158.019981,-99.883911
9301,-157.922747,-100.037424
9302,-157.801566,-100.172835
9303,-157.659745,-100.286447
9304,-157.501156,-100.375162
9305,-157.330125,-100.436556
9306,-157.151321,-100.468956
9307,-156.969622,-100.471477
9308,-156.789987,-100.444050
9309,-156.617319,-100.387424
9310,-156.456330,-100.303143
9311,-156.311412,-100.193509
9312,-156.186521,-100.061512
9313,-156.085066,-99.910755
9314,-156.009814,-99.745353
9315,-155.962819,-99.569818
9316,-151.062301,-99.232032
9317,-150.979941,-99.397556
9318,-150.871022,-99.546948
9319,-150.738621,-99.675989
9320,-150.586479,-99.781032
9321,-150.418893,-99.859110
9322,-150.240597,-99.908019
9323,-150.056629,-99.926376
9324,-149.872185,-99.913662
9325,-149.692475,-99.870238
9326,-149.522576,-99.797329
9327,-149.367288,-99.696995
9328,-149.230997,-99.572070
9329,-149.117553,-99.426084
9330,-149.030162,-99.263161
9331,-148.971291,-99.087902
9332,-144.029658,-98.747282
9333,-143.935198,-98.910204
9334,-143.814332,-99.054625
9335,-143.670602,-99.176313
9336,-143.508222,-99.271700
9337,-143.331951,-99.337992
9338,-143.146955,-99.373245
9339,-142.958657,-99.376425
9340,-142.772577,-99.347439
9341,-142.594168,-99.287138
9342,-142.428659,-99.197288
9343,-142.280902,-99.080523
9344,-142.155228,-98.940265
9345,-142.055320,-98.780626
9346,-141.984107,-98.606285
9347,-136.992300,-98.262206
9348,-136.893874,-98.410920
9349,-136.772711,-98.541774
9350,-136.631996,-98.651330
9351,-136.475426,-98.736709
9352,-136.307119,-98.795665
9353,-136.131496,-98.826650
9354,-135.953175,-98.828849
9355,-135.776841,-98.802204
9356,-135.607131,-98.747416
9357,-135.448504,-98.665924
9358,-135.305130,-98.559871
9359,-135.180777,-98.432044
9360,-135.078714,-98.285803
9361,-135.001623,-98.124992
9362,-129.949867,-97.776781
9363,-129.840140,-97.920645
9364,-129.708314,-98.044576
9365,-129.557955,-98.145219
9366,-129.393132,-98.219854
9367,-129.218304,-98.266460
9368,-129.038201,-98.283776
9369,-128.857696,-98.271334
9370,-128.681672,-98.229470
9371,-128.514892,-98.159318
9372,-128.361868,-98.062775
9373,-128.226740,-97.942453
9374,-128.113164,-97.801607
9375,-128.024214,-97.644048
9376,-122.901896,-97.290974
9377,-122.780755,-97.428852
9378,-122.638376,-97.544668
9379,-122.478722,-97.635199
9380,-122.306238,-97.697924
9381,-122.125726,-97.731098
9382,-121.942210,-97.733796
9383,-121.760800,-97.705944
9384,-121.586547,-97.648317
9385,-121.424300,-97.562519
9386,-121.278578,-97.450939
9387,-121.153436,-97.316683
9388,-121.052358,-97.163488
9389,-115.847525,-96.804726
9390,-115.714991,-96.935183
9391,-115.562375,-97.041449
9392,-115.394038,-97.120487
9393,-115.214793,-97.170039
9394,-115.029762,-97.188687
9395,-114.844234,-97.175898
9396,-114.663512,-97.132039
9397,-114.492760,-97.058363
9398,-114.336860,-96.956976
9399,-114.200268,-96.830775
9400,-114.086887,-96.683368
9401,-108.785797,-96.317971
9402,-108.642152,-96.439267
9403,-108.479948,-96.534330
9404,-108.303926,-96.600383
9405,-108.119226,-96.635497
9406,-107.931245,-96.638644
9407,-107.745473,-96.609734
9408,-107.567338,-96.549611
9409,-107.402043,-96.460032
9410,-107.254417,-96.343612
9411,-107.128772,-96.203754
9412,-101.715226,-95.830606
9413,-101.561240,-95.940553
9414,-101.390690,-96.022485
9415,-101.208622,-96.073978
9416,-101.020423,-96.093507
9417,-100.831662,-96.080496
9418,-100.647922,-96.035330
9419,-100.474641,-95.959343
9420,-100.316946,-95.854786
9421,-100.179501,-95.724750
9422,-94.633631,-95.342481
9423,-94.471012,-95.438310
9424,-94.294404,-95.504926
9425,-94.109007,-95.540367
9426,-93.920280,-95.543592
9427,-93.733781,-95.514504
9428,-93.555000,-95.453960
9429,-93.389203,-95.363742
9430,-93.241270,-95.246508
9431,-87.536852,-94.853310
9432,-87.369331,-94.931306
9433,-87.191117,-94.980159
9434,-87.007240,-94.998491
9435,-86.822889,-94.985784
9436,-86.643267,-94.942397
9437,-86.473442,-94.869554
9438,-86.318206,-94.769310
9439,-80.417196,-94.362562
9440,-80.253136,-94.417852
9441,-80.082433,-94.446716
9442,-79.909315,-94.448440
9443,-79.738071,-94.422980
9444,-79.572942,-94.370967
9445,-79.418020,-94.293690
9446,-24.971029,-90.540733
9447,-24.887916,-90.704481
9448,-24.778721,-90.852121
9449,-24.646487,-90.979538
9450,-24.494898,-91.083182
9451,-24.328180,-91.160164
9452,-24.150979,-91.208339
9453,-23.968233,-91.226363
9454,-23.785034,-91.213736
9455,-23.606489,-91.170808
9456,-23.437574,-91.098776
9457,-23.282995,-90.999647
9458,-23.147060,-90.876185
9459,-23.033559,-90.731829
9460,-22.945653,-90.570604
9461,-22.885794,-90.397001
9462,-17.937711,-90.055936
9463,-17.842621,-90.216886
9464,-17.721651,-90.359410
9465,-17.578293,-90.479392
9466,-17.416689,-90.573366
9467,-17.241506,-90.638618
9468,-17.057803,-90.673264
9469,-16.870887,-90.676303
9470,-16.686155,-90.647647
9471,-16.508943,-90.588124
9472,-16.344370,-90.499452
9473,-16.197188,-90.384194
9474,-16.071648,-90.245678
9475,-15.971377,-90.087904
9476,-15.899269,-89.915429
9477,-10.586645,-89.549237
9478,-10.655410,-88.551604
9479,-16.062504,-88.924308
9480,-16.183644,-88.786437
9481,-16.326022,-88.670627
9482,-16.485673,-88.580101
9483,-16.658153,-88.517380
9484,-16.838660,-88.484208
9485,-17.022171,-88.481510
9486,-17.203575,-88.509361
9487,-17.377825,-88.566986
9488,-17.540068,-88.652779
9489,-17.685788,-88.764354
9490,-17.810929,-88.898604
9491,-17.912008,-89.051792
9492,-23.116877,-89.410556
9493,-23.249410,-89.280107
9494,-23.402024,-89.173848
9495,-23.570356,-89.094815
9496,-23.749596,-89.045267
9497,-23.934622,-89.026620
9498,-24.120144,-89.039408
9499,-24.300861,-89.083265
9500,-24.471608,-89.156937
9501,-24.627504,-89.258318
9502,-24.764095,-89.384512
9503,-24.877476,-89.531912
9504,-29.907295,-89.878610
9505,-29.981599,-90.046238
9506,-30.082715,-90.199194
9507,-30.207834,-90.333229
9508,-30.353479,-90.444618
9509,-30.515603,-90.530267
9510,-30.689702,-90.587796
9511,-30.870938,-90.615607
9512,-31.054276,-90.612926
9513,-31.234621,-90.579828
9514,-31.406964,-90.517233
9515,-31.566514,-90.426881
9516,-31.708840,-90.311280
9517,-31.829986,-90.173645
9518,-31.926586,-90.017797
9519,-36.892157,-90.360067
9520,-36.954496,-90.529318
9521,-37.043655,-90.686106
9522,-37.157238,-90.826217
9523,-37.292190,-90.945882
9524,-37.444883,-91.041885
9525,-37.611212,-91.111646
9526,-37.786706,-91.153287
9527,-37.966645,-91.165690
9528,-38.146192,-91.148521
9529,-38.320519,-91.102242
9530,-38.484941,-91.028097
9531,-38.635035,-90.928079
9532,-38.766767,-90.804878
9533,-38.876595,-90.661806
9534,-38.961567,-90.502709
9535,-43.881534,-90.841836
9536,-43.936665,-91.023002
9537,-44.022052,-91.192027
9538,-44.135164,-91.343903
9539,-44.272649,-91.474128
9540,-44.430431,-91.578842
9541,-44.603836,-91.654943
9542,-44.787724,-91.700175
9543,-44.976644,-91.713197
9544,-45.164999,-91.693623
9545,-45.347205,-91.642034
9546,-45.517863,-91.559959
9547,-45.671915,-91.449829
9548,-45.804795,-91.314909
9549,-45.912566,-91.159198
9550,-45.992032,-90.987309
9551,-50.875180,-91.323898
9552,-50.918155,-91.504703
9553,-50.990954,-91.675693
9554,-51.091500,-91.831988
9555,-51.216922,-91.969125
9556,-51.363640,-92.083192
9557,-51.527466,-92.170931
9558,-51.703725,-92.229840
9559,-51.887385,-92.258235
9560,-52.073204,-92.255307
9561,-52.255878,-92.221140
9562,-52.430194,-92.156708
9563,-52.591175,-92.063851
9564,-52.734226,-91.945218
9565,-52.855265,-91.804198
9566,-52.950837,-91.644813
9567,-53.018213,-91.471615
9568,-57.872868,-91.806239
9569,-57.904157,-91.986178
9570,-57.964787,-92.158460
9571,-58.053088,-92.318335
9572,-58.166624,-92.461396
9573,-58.302267,-92.583699
9574,-58.456277,-92.681872
9575,-58.624408,-92.753209
9576,-58.802025,-92.795743
9577,-58.984232,-92.808303
9578,-59.166005,-92.790540
9579,-59.342334,-92.742946
9580,-59.508357,-92.666833
9581,-59.659498,-92.564297
9582,-59.791590,-92.438168
9583,-59.900991,-92.291920
9584,-59.984686,-92.129586
9585,-60.040367,-91.955642
9586,-64.874483,-92.288851
9587,-64.896594,-92.477831
9588,-64.950940,-92.660174
9589,-65.035894,-92.830423
9590,-65.148916,-92.983487
9591,-65.286624,-93.114784
9592,-65.444897,-93.220386
9593,-65.619000,-93.297135
9594,-65.803724,-93.342733
9595,-65.993543,-93.355817
9596,-66.182777,-93.335995
9597,-66.365764,-93.283860
9598,-66.537029,-93.200972
9599,-66.691449,-93.089811
9600,-66.824403,-92.953703
9601,-66.931914,-92.796719
9602,-67.010764,-92.623558
9603,-67.058594,-92.439399
9604,-71.879936,-92.771727
9605,-71.890415,-92.958321
9606,-71.932331,-93.140448
9607,-72.004472,-93.312850
9608,-72.104757,-93.470552
9609,-72.230291,-93.609001
9610,-72.377451,-93.724201
9611,-72.541988,-93.812827
9612,-72.719153,-93.872320
9613,-72.903833,-93.900963
9614,-73.090696,-93.897930
9615,-73.274349,-93.863308
9616,-73.449490,-93.798095
9617,-73.611064,-93.704176
9618,-73.754407,-93.584260
9619,-73.875381,-93.441809
9620,-73.970495,-93.280935
9621,-74.037002,-93.106282
9622,-74.072984,-92.922891
9623,-78.889170,-93.254864
9624,-78.921928,-93.068255
9625,-78.986222,-92.890036
9626,-79.080144,-92.725492
9627,-79.200909,-92.579507
9628,-79.344934,-92.456409
9629,-79.507945,-92.359852
9630,-79.685107,-92.292700
9631,-79.871165,-92.256945
9632,-80.060599,-92.253647
9633,-80.247788,-92.282905
9634,-80.427181,-92.343850
9635,-80.593454,-92.434675
9636,-80.741676,-92.552685
9637,-80.867449,-92.694379
9638,-80.967041,-92.855554
9639,-81.037499,-93.031427
9640,-81.076733,-93.216783
9641,-81.083577,-93.406122
9642,-85.902191,-93.738262
9643,-85.943622,-93.560725
9644,-86.013806,-93.392470
9645,-86.110817,-93.238117
9646,-86.231989,-93.101906
9647,-86.373993,-92.987580
9648,-86.532930,-92.898277
9649,-86.704433,-92.836452
9650,-86.883793,-92.803802
9651,-87.066082,-92.801223
9652,-87.246293,-92.828788
9653,-87.419476,-92.885739
9654,-87.580875,-92.970511
9655,-87.726056,-93.080776
9656,-87.851031,-93.213505
9657,-87.952368,-93.365052
9658,-88.027283,-93.531256
9659,-88.073718,-93.707550
9660,-88.090398,-93.889092
9661,-92.919028,-94.221923
9662,-92.971987,-94.044254
9663,-93.054032,-93.878003
9664,-93.162833,-93.727891
9665,-93.295298,-93.598183
9666,-93.447664,-93.492564
9667,-93.615605,-93.414034
9668,-93.794348,-93.364823
9669,-93.978818,-93.346329
9670,-94.163773,-93.359077
9671,-94.343960,-93.402707
9672,-94.514261,-93.475977
9673,-94.669839,-93.576807
9674,-94.806273,-93.702333
9675,-94.919688,-93.848989
9676,-95.006864,-94.012609
9677,-95.065322,-94.188545
9678,-95.093404,-94.371800
9679,-99.939727,-94.705850
9680,-100.004589,-94.528528
9681,-100.098820,-94.364909
9682,-100.219644,-94.219817
9683,-100.363502,-94.097524
9684,-100.526154,-94.001635
9685,-100.702808,-93.934974
9686,-100.888260,-93.899506
9687,-101.077046,-93.896276
9688,-101.263603,-93.925378
9689,-101.442435,-93.985956
9690,-101.608272,-94.076224
9691,-101.756230,-94.193523
9692,-101.881947,-94.334397
9693,-101.981722,-94.494695
9694,-102.052612,-94.669695
9695,-102.092531,-94.854240
9696,-106.964455,-95.190055
9697,-107.035952,-95.024251
9698,-107.133610,-94.872377
9699,-107.254799,-94.738526
9700,-107.396252,-94.626303
9701,-107.554158,-94.538733
9702,-107.724262,-94.478175
9703,-107.901982,-94.446262
9704,-108.082529,-94.443852
9705,-108.261037,-94.471011
9706,-108.432698,-94.527007
9707,-108.592885,-94.610331
9708,-108.737282,-94.718738
9709,-108.862000,-94.849308
9710,-108.963677,-94.998521
9711,-109.039574,-95.162358
9712,-109.087645,-95.336404
9713,-113.993362,-95.674548
9714,-114.076477,-95.510806
9715,-114.185673,-95.363171
9716,-114.317907,-95.235758
9717,-114.469494,-95.132118
9718,-114.636209,-95.055140
9719,-114.813407,-95.006967
9720,-114.996150,-94.988944
9721,-115.179345,-95.001571
9722,-115.357886,-95.044498
9723,-115.526799,-95.116527
9724,-115.681376,-95.215652
9725,-115.817310,-95.339110
9726,-115.930811,-95.483461
9727,-116.018718,-95.644682
9728,-116.078580,-95.818280
9729,-121.026682,-96.159345
9730,-121.121774,-95.998401
9731,-121.242744,-95.855883
9732,-121.386101,-95.735906
9733,-121.547703,-95.641936
9734,-121.722883,-95.576687
9735,-121.906582,-95.542043
9736,-122.093494,-95.539004
9737,-122.278222,-95.567659
9738,-122.455430,-95.627180
9739,-122.620001,-95.715848
9740,-122.767181,-95.831102
9741,-122.892721,-95.969613
9742,-122.992993,-96.127382
9743,-123.065103,-96.299851
9744,-128.064671,-96.644464
9745,-128.172113,-96.487154
9746,-128.305085,-96.350739
9747,-128.459598,-96.239312
9748,-128.631020,-96.156214
9749,-128.814207,-96.103938
9750,-129.003667,-96.084052
9751,-129.193717,-96.097152
9752,-129.378656,-96.142845
9753,-129.552939,-96.219761
9754,-129.711337,-96.325593
9755,-129.849101,-96.457166
9756,-129.962099,-96.610535
9757,-130.046941,-96.781100
9758,-135.107848,-97.129941
9759,-135.217845,-96.988267
9760,-135.349403,-96.866353
9761,-135.499026,-96.767439
9762,-135.662734,-96.694156
9763,-135.836175,-96.648452
9764,-136.014738,-96.631543
9765,-136.193676,-96.643877
9766,-136.368230,-96.685126
9767,-136.533760,-96.754195
9768,-136.685865,-96.849247
9769,-136.820501,-96.967754
9770,-136.934088,-97.106566
9771,-137.023606,-97.261992
9772,-142.156722,-97.615810
9773,-142.277903,-97.480365
9774,-142.419731,-97.366721
9775,-142.578336,-97.277980
9776,-142.749388,-97.216567
9777,-142.928217,-97.184156
9778,-143.109941,-97.181633
9779,-143.289601,-97.209066
9780,-143.462292,-97.265706
9781,-143.623300,-97.350008
9782,-143.768229,-97.459671
9783,-143.893123,-97.591699
9784,-143.994574,-97.742491
9785,-149.211974,-98.102119
9786,-149.344250,-97.974310
9787,-149.495973,-97.870329
9788,-149.662901,-97.793083
9789,-149.840367,-97.744731
9790,-150.023409,-97.726627
9791,-150.206908,-97.739275
9792,-150.385735,-97.782323
9793,-150.554888,-97.854566
9794,-150.709639,-97.953985
9795,-150.845661,-98.077800
9796,-150.959149,-98.222550
9797,-156.274827,-98.588952
9798,-156.417819,-98.470581
9799,-156.578678,-98.377940
9800,-156.752825,-98.313666
9801,-156.935300,-98.279591
9802,-157.120906,-98.276685
9803,-157.304358,-98.305030
9804,-157.480432,-98.363819
9805,-157.644113,-98.451379
9806,-157.790740,-98.565215
9807,-157.916138,-98.702085
9808,-163.346785,-99.076412
9809,-163.499568,-98.969711
9810,-163.668170,-98.890330
9811,-163.847752,-98.840550
9812,-164.033160,-98.821798
9813,-164.219073,-98.834612
9814,-164.400155,-98.878626
9815,-164.571209,-98.952575
9816,-164.727325,-99.054338
9817,-164.864022,-99.180993
9818,-170.430317,-99.564671
9819,-170.590911,-99.472499
9820,-170.764689,-99.408571
9821,-170.946729,-99.374697
9822,-171.131871,-99.371837
9823,-171.314870,-99.400072
9824,-171.490541,-99.458603
9825,-171.653905,-99.545770
9826,-171.800333,-99.659104
9827,-177.529536,-100.054010
9828,-177.693795,-99.980062
9829,-177.867921,-99.933914
9830,-178.047244,-99.916805
9831,-178.226954,-99.929192
9832,-178.402234,-99.970744
9833,-178.568381,-100.040346
9834,-178.720940,-100.136132
9835,-184.653472,-100.545053
9836,-184.812004,-100.494296
9837,-184.976380,-100.468041
9838,-185.142836,-100.466889
9839,-185.307559,-100.490868
9840,-185.466778,-100.539428
9841,-185.616847,-100.611457
9842,-288.902171,-107.730774
9843,-288.891936,-106.727695
9844,-73.587785,-91.887074
9845,-73.421561,-91.796314
9846,-73.242234,-91.735411
9847,-73.055117,-91.706171
9848,-72.865758,-91.709461
9849,-72.679770,-91.745183
9850,-72.502666,-91.812278
9851,-66.678009,-91.410793
9852,-66.537742,-91.311435
9853,-66.383709,-91.235142
9854,-66.219671,-91.183778
9855,-66.049634,-91.158595
9856,-65.877750,-91.160209
9857,-65.708216,-91.188582
9858,-65.545172,-91.243019
9859,-65.392599,-91.322191
9860,-59.748900,-90.933179
9861,-59.615444,-90.818766
9862,-59.465468,-90.727073
9863,-59.302800,-90.660441
9864,-59.131595,-90.620572
9865,-58.956225,-90.608484
9866,-58.781169,-90.624485
9867,-58.610897,-90.668168
9868,-58.449758,-90.738417
9869,-58.301867,-90.833437
9870,-52.806405,-90.454642
9871,-52.682311,-90.328595
9872,-52.539619,-90.224067
9873,-52.382018,-90.143761
9874,-52.213583,-90.089754
9875,-52.038669,-90.063443
9876,-51.861799,-90.065507
9877,-51.687547,-90.095892
9878,-51.520418,-90.153815
9879,-51.364734,-90.237776
9880,-51.224519,-90.345605
9881,-45.853648,-89.975398
9882,-45.740102,-89.840313
9883,-45.606415,-89.725124
9884,-45.456028,-89.632794
9885,-45.292812,-89.565701
9886,-45.120968,-89.525570
9887,-44.944918,-89.513435
9888,-44.769194,-89.529608
9889,-44.598316,-89.573673
9890,-44.436684,-89.644496
9891,-44.288456,-89.740253
9892,-44.157449,-89.858481
9893,-38.892742,-89.495592
9894,-38.779818,-89.341342
9895,-38.641894,-89.208971
9896,-38.483134,-89.102478
9897,-38.308335,-89.025080
9898,-38.122776,-88.979114
9899,-37.932061,-88.965968
9900,-37.741949,-88.986040
9901,-37.558184,-89.038723
9902,-37.386315,-89.122426
9903,-37.231533,-89.234620
9904,-37.098513,-89.371919
9905,-31.924889,-89.015308
9906,-31.824916,-88.855997
9907,-31.699264,-88.716047
9908,-31.551608,-88.599548
9909,-31.386263,-88.509906
9910,-31.208065,-88.449742
9911,-31.022222,-88.420814
9912,-30.834167,-88.423969
9913,-30.649399,-88.459115
9914,-30.473319,-88.525223
9915,-30.311075,-88.620361
9916,-30.167410,-88.741748
9917,-30.046524,-88.885835
9918,-10.724176,-87.553971
9919,-10.792941,-86.556339
9920,-288.881701,-105.724617
9921,-288.871466,-104.721539
9922,45.910887,-81.645448
9923,45.842122,-80.647815
9924,-288.861231,-103.718461
9925,-288.850995,-102.715382
9926,45.773356,-79.650183
9927,45.704591,-78.652550
9928,-288.840760,-101.712304
9929,-288.830525,-100.709226
9930,45.635825,-77.654917
9931,45.567060,-76.657284
9932,40.004270,-77.040720
9933,39.866733,-77.171196
9934,39.708834,-77.276119
9935,39.535265,-77.352372
9936,39.351181,-77.397689
9937,39.162050,-77.410726
9938,38.973489,-77.391094
9939,38.791099,-77.339377
9940,38.620298,-77.257111
9941,38.466159,-77.146739
9942,-247.432618,-96.853352
9943,-247.592285,-96.936061
9944,-247.763294,-96.991652
9945,-247.941074,-97.018638
9946,-248.120877,-97.016299
9947,-248.297896,-96.984698
9948,-248.467401,-96.924678
9949,-254.336889,-97.329254
9950,-254.494754,-97.434117
9951,-254.668275,-97.510326
9952,-254.852303,-97.555619
9953,-255.041374,-97.568651
9954,-255.229875,-97.549036
9955,-255.412212,-97.497356
9956,-255.582972,-97.415145
9957,-261.262479,-97.806625
9958,-261.394246,-97.915705
9959,-261.541331,-98.003036
9960,-261.700177,-98.066509
9961,-261.866942,-98.104587
9962,-262.037595,-98.116350
9963,-262.208008,-98.101513
9964,-262.374061,-98.060435
9965,-262.531737,-97.994110
9966,-262.677224,-97.904142
9967,-268.202511,-98.284992
9968,-268.325824,-98.406290
9969,-268.466626,-98.506757
9970,-268.621438,-98.583910
9971,-268.786429,-98.635842
9972,-268.957522,-98.661267
9973,-269.130485,-98.659557
9974,-269.301041,-98.630755
9975,-269.464974,-98.575572
9976,-269.618229,-98.495374
9977,-269.757018,-98.392142
9978,-275.153178,-98.764092
9979,-275.279029,-98.907048
9980,-275.427652,-99.026152
9981,-275.594591,-99.117834
9982,-275.774844,-99.179346
9983,-275.963004,-99.208843
9984,-276.153433,-99.205441
9985,-276.340420,-99.169243
9986,-276.518360,-99.101333
9987,-276.681919,-99.003747
9988,-276.826194,-98.879411
9989,-282.112435,-99.243784
9990,-282.225663,-99.393947
9991,-282.362816,-99.522627
9992,-282.519884,-99.626063
9993,-282.692276,-99.701232
9994,-282.874953,-99.745936
9995,-283.062575,-99.758868
9996,-283.249658,-99.739651
9997,-283.430733,-99.688847
9998,-283.600508,-99.607939
9999,-283.754019,-99.499294
10000,-283.886779,-99.366088
10001,-288.820290,-99.706148
10002,-288.810055,-98.703069
10003,-284.107878,-98.378955
10004,-284.047005,-98.207094
10005,-283.958581,-98.047650
10006,-283.845035,-97.905001
10007,-283.709486,-97.783066
10008,-283.555658,-97.685196
10009,-283.387778,-97.614080
10010,-283.210456,-97.571670
10011,-283.028565,-97.559133
10012,-282.847102,-97.576812
10013,-282.671052,-97.624222
10014,-282.505250,-97.700060
10015,-282.354253,-97.802243
10016,-282.222209,-97.927964
10017,-282.112744,-98.073768
10018,-282.028867,-98.235651
10019,-277.117565,-97.897122
10020,-277.064122,-97.713452
10021,-276.979668,-97.541817
10022,-276.866758,-97.387408
10023,-276.728805,-97.254895
10024,-276.569981,-97.148283
10025,-276.395090,-97.070799
10026,-276.209419,-97.024784
10027,-276.018585,-97.011630
10028,-275.828357,-97.031735
10029,-275.644488,-97.084490
10030,-275.472539,-97.168302
10031,-275.317709,-97.280634
10032,-275.184680,-97.418091
10033,-275.077476,-97.576515
10034,-274.999338,-97.751116
10035,-270.123043,-97.414999
10036,-270.081888,-97.231941
10037,-270.010221,-97.058540
10038,-269.910127,-96.899841
10039,-269.784519,-96.760462
10040,-269.637051,-96.644457
10041,-269.472013,-96.555202
10042,-269.294207,-96.495294
10043,-269.108806,-96.466474
10044,-268.921204,-96.469583
10045,-268.736860,-96.504529
10046,-268.561136,-96.570296
10047,-268.399146,-96.664970
10048,-268.255602,-96.785797
10049,-268.134681,-96.929262
10050,-268.039900,-97.091190
10051,-267.974018,-97.266870
10052,-263.124486,-96.932598
10053,-263.095103,-96.750666
10054,-263.035761,-96.576193
10055,-262.948123,-96.414075
10056,-262.834650,-96.268863
10057,-262.698527,-96.144633
10058,-262.543574,-96.044872
10059,-262.374142,-95.972380
10060,-262.194985,-95.929192
10061,-262.011132,-95.916519
10062,-261.827743,-95.934718
10063,-261.649966,-95.983277
10064,-261.482792,-96.060835
10065,-261.330911,-96.165213
10066,-261.198587,-96.293482
10067,-261.089535,-96.442042
10068,-261.006815,-96.606723
10069,-260.952748,-96.782903
10070,-256.122037,-96.449929
10071,-256.104001,-96.269558
10072,-256.056588,-96.094599
10073,-255.981084,-95.929801
10074,-255.879541,-95.779642
10075,-255.754716,-95.648197
10076,-255.609999,-95.539038
10077,-255.449319,-95.455128
10078,-255.277040,-95.398745
10079,-255.097841,-95.371422
10080,-254.916588,-95.373900
10081,-254.738203,-95.406111
10082,-254.567529,-95.467182
10083,-254.409203,-95.555453
10084,-254.267524,-95.668527
10085,-254.146339,-95.803335
10086,-254.048938,-95.956214
10087,-253.977968,-96.123014
10088,-253.935355,-96.299204
10089,-249.115764,-95.966996
10090,-249.107448,-95.778751
10091,-249.067127,-95.594687
10092,-248.995982,-95.420205
10093,-248.896103,-95.260425
10094,-248.770419,-95.120035
10095,-248.622619,-95.003156
10096,-248.457040,-94.913217
10097,-248.278541,-94.852856
10098,-248.092358,-94.823846
10099,-247.903956,-94.827037
10100,-247.718863,-94.862335
10101,-247.542510,-94.928706
10102,-247.380072,-95.024201
10103,-247.236315,-95.146018
10104,-247.115457,-95.290582
10105,-247.021046,-95.453653
10106,-246.955851,-95.630444
10107,-246.921785,-95.815768
10108,-242.105717,-95.483803
10109,-242.071016,-95.668493
10110,-242.005384,-95.844581
10111,-241.910738,-96.006928
10112,-241.789839,-96.150796
10113,-241.646217,-96.271985
10114,-241.484062,-96.366960
10115,-241.308107,-96.432948
10116,-241.123488,-96.468023
10117,-240.935593,-96.471162
10118,-240.749905,-96.442273
10119,-240.571845,-96.382199
10120,-240.406608,-96.292693
10121,-240.259018,-96.176368
10122,-240.133381,-96.036618
10123,-240.033365,-95.877523
10124,-239.961889,-95.703725
10125,-239.921038,-95.520298
10126,-239.912005,-95.332594
10127,-235.091878,-95.000349
10128,-235.045258,-95.185951
10129,-234.967176,-95.360665
10130,-234.859997,-95.519202
10131,-234.726963,-95.656765
10132,-234.572101,-95.769190
10133,-234.400098,-95.853074
10134,-234.216160,-95.905879
10135,-234.025854,-95.926006
10136,-233.834939,-95.912847
10137,-233.649195,-95.866799
10138,-233.474241,-95.789256
10139,-233.315374,-95.682565
10140,-233.177402,-95.549956
10141,-233.064501,-95.395441
10142,-232.980087,-95.223697
10143,-232.926716,-95.039923
10144,-232.906003,-94.849679
10145,-228.074210,-94.516631
10146,-228.019607,-94.692076
10147,-227.936561,-94.855985
10148,-227.827390,-95.003783
10149,-227.695140,-95.131347
10150,-227.543501,-95.235117
10151,-227.376705,-95.312198
10152,-227.199404,-95.360439
10153,-227.016547,-95.378493
10154,-226.833236,-95.365858
10155,-226.654586,-95.322885
10156,-226.485581,-95.250774
10157,-226.330937,-95.151537
10158,-226.194970,-95.027942
10159,-226.081473,-94.883439
10160,-225.993614,-94.722060
10161,-225.933843,-94.548307
10162,-225.903828,-94.367029
10163,-221.052660,-94.032645
10164,-220.986283,-94.207515
10165,-220.891240,-94.368612
10166,-220.770276,-94.511277
10167,-220.626890,-94.631385
10168,-220.465228,-94.725464
10169,-220.289964,-94.790794
10170,-220.106165,-94.825484
10171,-219.919145,-94.828534
10172,-219.734313,-94.799853
10173,-219.557012,-94.740272
10174,-219.392369,-94.651514
10175,-219.245144,-94.536143
10176,-219.119594,-94.397498
10177,-219.019349,-94.239585
10178,-218.947307,-94.066971
10179,-218.905552,-93.884647
10180,-214.027047,-93.548379
10181,-213.948466,-93.722088
10182,-213.841070,-93.879619
10183,-213.708087,-94.016239
10184,-213.553510,-94.127845
10185,-213.381984,-94.211084
10186,-213.198662,-94.263455
10187,-213.009050,-94.283384
10188,-212.818845,-94.270274
10189,-212.633761,-94.224517
10190,-212.459358,-94.147489
10191,-212.300875,-94.041503
10192,-212.163073,-93.909744
10193,-212.050092,-93.756169
10194,-211.965326,-93.585393
10195,-211.911322,-93.402545
10196,-206.997210,-93.063822
10197,-206.912967,-93.224789
10198,-206.803378,-93.369694
10199,-206.671432,-93.494584
10200,-206.520730,-93.596053
10201,-206.355381,-93.671333
10202,-206.179896,-93.718369
10203,-205.999063,-93.735880
10204,-205.817814,-93.723386
10205,-205.641093,-93.681230
10206,-205.473722,-93.610561
10207,-205.320266,-93.513307
10208,-205.184910,-93.392120
10209,-205.071348,-93.250307
10210,-204.982677,-93.091736
10211,-204.921316,-92.920733
10212,-199.962902,-92.578956
10213,-199.866888,-92.736855
10214,-199.745796,-92.876451
10215,-199.603043,-92.993807
10216,-199.442660,-93.085608
10217,-199.269171,-93.149266
10218,-199.087474,-93.182982
10219,-198.902697,-93.185805
10220,-198.720055,-93.157656
10221,-198.544703,-93.099329
10222,-198.381589,-93.012470
10223,-198.235318,-92.899531
10224,-198.110017,-92.763699
10225,-198.009224,-92.608808
10226,-197.935783,-92.439230
10227,-192.923845,-92.093764
10228,-192.815734,-92.247729
10229,-192.682967,-92.381019
10230,-192.529429,-92.489736
10231,-192.359611,-92.570701
10232,-192.178481,-92.621543
10233,-191.991336,-92.640778
10234,-191.803650,-92.627841
10235,-191.620913,-92.583111
10236,-191.448472,-92.507897
10237,-191.291369,-92.404399
10238,-191.154200,-92.275643
10239,-191.040977,-92.125397
10240,-190.955012,-91.958055
10241,-185.879493,-91.608206
10242,-185.758959,-91.757160
10243,-185.614404,-91.882937
10244,-185.450216,-91.981721
10245,-185.271378,-92.050514
10246,-185.083314,-92.087230
10247,-184.891733,-92.090753
10248,-184.702447,-92.060977
10249,-184.521199,-91.998806
10250,-184.353491,-91.906125
10251,-184.204410,-91.785748
10252,-184.078480,-91.641327
10253,-183.979522,-91.477244
10254,-178.829299,-91.122246
10255,-178.708123,-91.253951
10256,-178.567195,-91.364262
10257,-178.410243,-91.450261
10258,-178.241423,-91.509671
10259,-178.065204,-91.540918
10260,-177.886250,-91.543177
10261,-177.709298,-91.516386
10262,-177.539033,-91.461256
10263,-177.379961,-91.379245
10264,-177.236294,-91.272525
10265,-177.111833,-91.143921
10266,-177.009874,-90.996836
10267,-171.772531,-90.635833
10268,-171.640735,-90.759525
10269,-171.490462,-90.859964
10270,-171.325770,-90.934438
10271,-171.151106,-90.980937
10272,-170.971184,-90.998205
10273,-170.790864,-90.985776
10274,-170.615013,-90.943985
10275,-170.448381,-90.873961
10276,-170.295465,-90.777594
10277,-170.160394,-90.657487
10278,-170.046816,-90.516881
10279,-164.707870,-90.148875
10280,-164.565995,-90.262700
10281,-164.407302,-90.351589
10282,-164.236130,-90.413112
10283,-164.057160,-90.445587
10284,-163.875286,-90.448125
10285,-163.695479,-90.420657
10286,-163.522658,-90.363934
10287,-163.361546,-90.279507
10288,-163.216550,-90.169685
10289,-163.091634,-90.037470
10290,-157.633668,-89.661260
10291,-157.482885,-89.762922
10292,-157.317414,-89.838352
10293,-157.141777,-89.885489
10294,-156.960773,-89.903045
10295,-156.779351,-89.890540
10296,-156.602468,-89.848316
10297,-156.434959,-89.777526
10298,-156.281402,-89.680105
10299,-156.145994,-89.558717
10300,-150.547173,-89.172798
10301,-150.389879,-89.259357
10302,-150.220599,-89.319175
10303,-150.043843,-89.350660
10304,-149.864320,-89.352972
10305,-149.686812,-89.326050
10306,-149.516048,-89.270611
10307,-149.356577,-89.188132
10308,-149.212647,-89.080811
10309,-143.443651,-88.683162
10310,-143.284764,-88.750837
10311,-143.117243,-88.792811
10312,-142.945217,-88.808048
10313,-142.772927,-88.796172
10314,-142.604618,-88.757476
10315,-142.444440,-88.692915
10316,-142.296342,-88.604079
10317,-24.446975,-80.480883
10318,-24.291930,-80.563835
10319,-24.125649,-80.621022
10320,-23.952380,-80.650982
10321,-23.776551,-80.652950
10322,-23.602654,-80.626876
10323,-23.435134,-80.573426
10324,-23.278272,-80.493965
10325,-23.136075,-80.390525
10326,-17.340280,-79.991028
10327,-17.185103,-80.054634
10328,-17.022061,-80.093912
10329,-16.854943,-80.107947
10330,-16.687633,-80.096415
10331,-16.524021,-80.059582
10332,-16.367910,-79.998306
10333,-16.222928,-79.914011
10334,24.582903,-77.101321
10335,24.738711,-77.185479
10336,24.906005,-77.243545
10337,25.080449,-77.274014
10338,25.257521,-77.276097
10339,25.432633,-77.249739
10340,25.601246,-77.195623
10341,25.758991,-77.115152
10342,25.901779,-77.010412
10343,31.158166,-76.648097
10344,31.240331,-76.814073
10345,31.349176,-76.963912
10346,31.481617,-77.093367
10347,31.633899,-77.198768
10348,31.801706,-77.277127
10349,31.980280,-77.326224
10350,32.164559,-77.344666
10351,32.349321,-77.331930
10352,32.529328,-77.288379
10353,32.699477,-77.215245
10354,32.854945,-77.114603
10355,32.991325,-76.989305
10356,33.104751,-76.842903
10357,33.192009,-76.679546
10358,33.250624,-76.503866
10359,38.090280,-76.170276
10360,38.130355,-75.985917
10361,38.201345,-75.811118
10362,38.301160,-75.651020
10363,38.426864,-75.510334
10364,38.574761,-75.393198
10365,38.740498,-75.303058
10366,38.919201,-75.242564
10367,39.105613,-75.213498
10368,39.294250,-75.216713
10369,39.479563,-75.252115
10370,39.656100,-75.318663
10371,39.818670,-75.414399
10372,39.962488,-75.536507
10373,40.083326,-75.681395
10374,40.177627,-75.844801
10375,40.242618,-76.021918
10376,45.498294,-75.659651
10377,45.429529,-74.662018
10378,33.007481,-75.518253
10379,32.875277,-75.391119
10380,32.723786,-75.287719
10381,32.557221,-75.210929
10382,32.380211,-75.162882
10383,32.197678,-75.144915
10384,32.014698,-75.157528
10385,31.836357,-75.200369
10386,31.667613,-75.272248
10387,31.513159,-75.371166
10388,31.377288,-75.494373
10389,31.263778,-75.638444
10390,26.264339,-75.983049
10391,26.214934,-75.800815
10392,26.135092,-75.629715
10393,26.027165,-75.474790
10394,25.894334,-75.340603
10395,25.740513,-75.231110
10396,25.570232,-75.149535
10397,25.388509,-75.098282
10398,25.200698,-75.078862
10399,25.012333,-75.091845
10400,24.828964,-75.136851
10401,24.655992,-75.212552
10402,24.498514,-75.316719
10403,24.361170,-75.446282
10404,24.248006,-75.597425
10405,24.162357,-75.765693
10406,24.106746,-75.946130
10407,24.082811,-76.133418
10408,19.223062,-76.468394
10409,19.149170,-76.636962
10410,19.048207,-76.790849
10411,18.922999,-76.925749
10412,18.777051,-77.037884
10413,18.614449,-77.124114
10414,18.439746,-77.182027
10415,18.257833,-77.210000
10416,18.073802,-77.207251
10417,17.892805,-77.173856
10418,17.719910,-77.110751
10419,17.559957,-77.019701
10420,17.417424,-76.903257
10421,17.296301,-76.764677
10422,17.199980,-76.607843
10423,11.759834,-76.982825
10424,11.602029,-77.063365
10425,11.433340,-77.117526
10426,11.258145,-77.143904
10427,11.080987,-77.141813
10428,10.906463,-77.111309
10429,10.739100,-77.053182
10430,-15.754258,-78.879333
10431,-15.791508,-78.697255
10432,-15.858878,-78.524047
10433,-15.954447,-78.364653
10434,-16.075486,-78.223623
10435,-16.218539,-78.104982
10436,-16.379524,-78.012118
10437,-16.553845,-77.947681
10438,-16.736526,-77.913510
10439,-16.922352,-77.910582
10440,-17.106019,-77.938979
10441,-17.282283,-77.997891
10442,-17.446115,-78.085636
10443,-17.592836,-78.199710
10444,-17.718258,-78.336857
10445,-17.818802,-78.493160
10446,-17.891597,-78.664160
10447,-17.934565,-78.844973
10448,-17.946480,-79.030440
10449,-22.769201,-79.362864
10450,-22.818229,-79.180163
10451,-22.897833,-79.008563
10452,-23.005662,-78.853140
10453,-23.138524,-78.718489
10454,-23.292492,-78.608593
10455,-23.463012,-78.526701
10456,-23.645041,-78.475235
10457,-23.833196,-78.455718
10458,-24.021913,-78.468726
10459,-24.205611,-78.513875
10460,-24.378857,-78.589829
10461,-24.536528,-78.694343
10462,-24.673961,-78.824325
10463,-24.787093,-78.975932
10464,-24.872576,-79.144680
10465,-24.927884,-79.325579
10466,-24.951380,-79.513278
10467,-30.262637,-79.879376
10468,-30.422311,-79.962093
10469,-30.593328,-80.017689
10470,-30.771119,-80.044678
10471,-30.950931,-80.042338
10472,-31.127959,-80.010733
10473,-31.297472,-79.950706
10474,-37.166914,-80.355278
10475,-37.324783,-80.460148
10476,-37.498310,-80.536362
10477,-37.682344,-80.581658
10478,-37.871422,-80.594691
10479,-38.059930,-80.575074
10480,-38.242273,-80.523389
10481,-38.413037,-80.441172
10482,-44.092508,-80.832650
10483,-44.224277,-80.941735
10484,-44.371365,-81.029071
10485,-44.530214,-81.092546
10486,-44.696984,-81.130626
10487,-44.867642,-81.142389
10488,-45.038060,-81.127551
10489,-45.204116,-81.086471
10490,-45.361796,-81.020142
10491,-45.507285,-80.930169
10492,-51.032543,-81.311017
10493,-51.155856,-81.432320
10494,-51.296661,-81.532791
10495,-51.451475,-81.609947
10496,-51.616470,-81.661880
10497,-51.787566,-81.687306
10498,-51.960533,-81.685596
10499,-52.131093,-81.656792
10500,-52.295029,-81.601607
10501,-52.448287,-81.521405
10502,-52.587077,-81.418169
10503,-57.983212,-81.790117
10504,-58.109063,-81.933077
10505,-58.257687,-82.052185
10506,-58.424629,-82.143871
10507,-58.604885,-82.205384
10508,-58.793049,-82.234882
10509,-58.983481,-82.231480
10510,-59.170471,-82.195280
10511,-59.348414,-82.127368
10512,-59.511975,-82.029778
10513,-59.656251,-81.905438
10514,-64.942470,-82.269810
10515,-65.055698,-82.419976
10516,-65.192852,-82.548660
10517,-65.349921,-82.652099
10518,-65.522316,-82.727270
10519,-65.704996,-82.771975
10520,-65.892621,-82.784908
10521,-66.079707,-82.765690
10522,-66.260785,-82.714884
10523,-66.430562,-82.633973
10524,-66.584074,-82.525325
10525,-66.716835,-82.392114
10526,-71.908914,-82.749997
10527,-72.009573,-82.905658
10528,-72.134941,-83.042206
10529,-72.281458,-83.155763
10530,-72.444963,-83.243105
10531,-72.620813,-83.301751
10532,-72.804014,-83.330035
10533,-72.989363,-83.327154
10534,-73.171596,-83.293191
10535,-73.345539,-83.229109
10536,-73.506251,-83.136729
10537,-73.649169,-83.018673
10538,-73.770233,-82.878295
10539,-78.881620,-83.230616
10540,-78.969951,-83.390387
10541,-79.083490,-83.533348
10542,-79.219110,-83.655561
10543,-79.373076,-83.753661
10544,-79.541146,-83.824945
10545,-79.718692,-83.867449
10546,-79.900822,-83.880003
10547,-80.082520,-83.862261
10548,-80.258781,-83.814712
10549,-80.424751,-83.738665
10550,-80.575857,-83.636215
10551,-80.707937,-83.510184
10552,-80.817354,-83.364044
10553,-85.859794,-83.711612
10554,-85.936107,-83.874412
10555,-86.037923,-84.022605
10556,-86.162520,-84.152233
10557,-86.306570,-84.259830
10558,-86.466223,-84.342524
10559,-86.637216,-84.398105
10560,-86.814979,-84.425087
10561,-86.994762,-84.422750
10562,-87.171764,-84.391156
10563,-87.341254,-84.331150
10564,-87.498704,-84.244334
10565,-87.639908,-84.133028
10566,-87.761094,-84.000206
10567,-87.859023,-83.849416
10568,-92.842977,-84.192953
10569,-92.913242,-84.369214
10570,-93.012753,-84.530776
10571,-93.138549,-84.672833
10572,-93.286886,-84.791157
10573,-93.453352,-84.882228
10574,-93.632992,-84.943336
10575,-93.820461,-84.972663
10576,-94.010181,-84.969336
10577,-94.196507,-84.933453
10578,-94.373894,-84.866083
10579,-94.537063,-84.769230
10580,-94.681160,-84.645777
10581,-94.801897,-84.499396
10582,-94.895682,-84.334444
10583,-99.830810,-84.674615
10584,-99.888626,-84.851594
10585,-99.975461,-85.016287
10586,-100.088829,-85.163976
10587,-100.225480,-85.290431
10588,-100.381500,-85.392027
10589,-100.552420,-85.465856
10590,-100.733343,-85.509801
10591,-100.919086,-85.522604
10592,-101.104327,-85.503898
10593,-101.283760,-85.454219
10594,-101.452245,-85.374990
10595,-101.604954,-85.268481
10596,-101.737513,-85.137743
10597,-101.846124,-84.986522
10598,-101.927676,-84.819149
10599,-106.822951,-85.156574
10600,-106.868804,-85.333649
10601,-106.943367,-85.500678
10602,-107.044577,-85.653042
10603,-107.169637,-85.786527
10604,-107.315087,-85.897443
10605,-107.476907,-85.982723
10606,-107.650621,-86.040008
10607,-107.831426,-86.067715
10608,-108.014323,-86.065078
10609,-108.194254,-86.032169
10610,-108.366244,-85.969898
10611,-108.525537,-85.879987
10612,-108.667728,-85.764923
10613,-108.788887,-85.627887
10614,-108.885661,-85.472669
10615,-108.955377,-85.303559
10616,-113.819217,-85.638817
10617,-113.856654,-85.826250
10618,-113.925970,-86.004372
10619,-114.025074,-86.167807
10620,-114.150972,-86.311620
10621,-114.299864,-86.431468
10622,-114.467255,-86.523734
10623,-114.648089,-86.585631
10624,-114.836909,-86.615292
10625,-115.028012,-86.611819
10626,-115.215629,-86.575318
10627,-115.394095,-86.506892
10628,-115.558023,-86.408606
10629,-115.702463,-86.283427
10630,-115.823053,-86.135136
10631,-115.916153,-85.968208
10632,-115.978953,-85.787685
10633,-120.819453,-86.121334
10634,-120.844915,-86.307168
10635,-120.901580,-86.485975
10636,-120.987800,-86.652554
10637,-121.101068,-86.802064
10638,-121.238091,-86.930156
10639,-121.394884,-87.033105
10640,-121.566889,-87.107919
10641,-121.749103,-87.152423
10642,-121.936230,-87.165321
10643,-122.122827,-87.146239
10644,-122.303470,-87.095733
10645,-122.472906,-87.015270
10646,-122.626207,-86.907190
10647,-122.758918,-86.774635
10648,-122.867178,-86.621461
10649,-122.947841,-86.452120
10650,-122.998560,-86.271537
10651,-127.823550,-86.604117
10652,-127.837521,-86.787926
10653,-127.881991,-86.966822
10654,-127.955710,-87.135779
10655,-128.056608,-87.290054
10656,-128.181853,-87.425313
10657,-128.327926,-87.537758
10658,-128.490725,-87.624230
10659,-128.665678,-87.682303
10660,-128.847873,-87.710344
10661,-129.032192,-87.707566
10662,-129.213459,-87.674047
10663,-129.386583,-87.610729
10664,-129.546702,-87.519390
10665,-129.689321,-87.402594
10666,-129.810432,-87.263623
10667,-129.906636,-87.106378
10668,-129.975230,-86.935276
10669,-130.014288,-86.755121
10670,-134.831447,-87.087161
10671,-134.835355,-87.278611
10672,-134.872405,-87.466483
10673,-134.941474,-87.645082
10674,-135.040470,-87.808997
10675,-135.166391,-87.953261
10676,-135.315424,-88.073501
10677,-135.483050,-88.166074
10678,-135.664190,-88.228174
10679,-135.853356,-88.257920
10680,-136.044813,-88.254410
10681,-136.232761,-88.217750
10682,-136.411504,-88.149052
10683,-136.575624,-88.050397
10684,-136.720149,-87.924775
10685,-136.840698,-87.775993
10686,-136.933619,-87.608559
10687,-136.996096,-87.427548
10688,-137.026234,-87.238445
10689,-141.843125,-87.570467
10690,-141.881580,-87.389665
10691,-141.949768,-87.217854
10692,-142.045762,-87.059888
10693,-142.166851,-86.920226
10694,-142.309618,-86.802812
10695,-142.470029,-86.710962
10696,-142.643556,-86.647269
10697,-142.825298,-86.613532
10698,-143.010122,-86.610704
10699,-143.192811,-86.638864
10700,-143.368206,-86.697218
10701,-143.531352,-86.784117
10702,-143.677644,-86.897108
10703,-143.802950,-87.033000
10704,-143.903733,-87.187955
10705,-143.977145,-87.357599
10706,-144.021114,-87.537140
10707,-144.034399,-87.721508
10708,-148.858583,-88.054033
10709,-148.908735,-87.872731
10710,-148.989044,-87.702626
10711,-149.097161,-87.548691
10712,-149.229926,-87.415428
10713,-149.383455,-87.306735
10714,-149.553258,-87.225790
10715,-149.734370,-87.174960
10716,-149.921495,-87.155731
10717,-150.109160,-87.168667
10718,-150.291876,-87.213388
10719,-150.464301,-87.288587
10720,-150.621393,-87.392065
10721,-150.758556,-87.520795
10722,-150.871781,-87.671013
10723,-150.957755,-87.838327
10724,-151.013965,-88.017842
10725,-151.038767,-88.204310
10726,-155.877914,-88.537866
10727,-155.940186,-88.356548
10728,-156.032994,-88.188797
10729,-156.153517,-88.039706
10730,-156.298094,-87.913806
10731,-156.462336,-87.814919
10732,-156.641251,-87.746050
10733,-156.829407,-87.709290
10734,-157.021087,-87.705756
10735,-157.210470,-87.735556
10736,-157.391802,-87.797784
10737,-157.559576,-87.890550
10738,-157.708696,-88.011037
10739,-157.834633,-88.155583
10740,-157.933560,-88.319800
10741,-158.002473,-88.498699
10742,-158.039279,-88.686846
10743,-162.901204,-89.021971
10744,-162.970463,-88.852042
10745,-163.067006,-88.695990
10746,-163.188148,-88.558159
10747,-163.330516,-88.442384
10748,-163.490151,-88.351887
10749,-163.662608,-88.289186
10750,-163.843088,-88.256027
10751,-164.026570,-88.253332
10752,-164.207946,-88.281176
10753,-164.382170,-88.338785
10754,-164.544393,-88.424554
10755,-164.690101,-88.536098
10756,-164.815239,-88.670312
10757,-164.916324,-88.823461
10758,-164.990543,-88.991283
10759,-165.035831,-89.169108
10760,-169.928607,-89.506361
10761,-170.009755,-89.338087
10762,-170.118209,-89.185972
10763,-170.250839,-89.054403
10764,-170.403821,-88.947176
10765,-170.572742,-88.867383
10766,-170.752729,-88.817326
10767,-170.938591,-88.798449
10768,-171.124967,-88.811296
10769,-171.306482,-88.855496
10770,-171.477899,-88.929775
10771,-171.634274,-89.031990
10772,-171.771097,-89.159193
10773,-171.884421,-89.307715
10774,-171.970978,-89.473271
10775,-172.028270,-89.651088
10776,-176.960286,-89.991045
10777,-177.053730,-89.825102
10778,-177.174396,-89.677763
10779,-177.318667,-89.553446
10780,-177.482218,-89.455875
10781,-177.660147,-89.387976
10782,-177.847121,-89.351785
10783,-178.037534,-89.348385
10784,-178.225681,-89.377878
10785,-178.405920,-89.439382
10786,-178.572850,-89.531051
10787,-178.721467,-89.650139
10788,-178.847316,-89.793075
10789,-178.946626,-89.955577
10790,-179.016418,-90.132771
10791,-183.996606,-90.476049
10792,-184.094282,-90.324246
10793,-184.215471,-90.190462
10794,-184.356907,-90.078300
10795,-184.514784,-89.990780
10796,-184.684848,-89.930258
10797,-184.862521,-89.898366
10798,-185.043017,-89.895961
10799,-185.221476,-89.923108
10800,-185.393093,-89.979077
10801,-185.553245,-90.062359
10802,-185.697620,-90.170713
10803,-185.822330,-90.301221
10804,-185.924016,-90.450367
10805,-185.999940,-90.614136
10806,-191.037905,-90.961396
10807,-191.147159,-90.814145
10808,-191.279354,-90.687087
10809,-191.430818,-90.583753
10810,-191.597343,-90.507014
10811,-191.774301,-90.459002
10812,-191.956776,-90.441051
10813,-192.139697,-90.453659
10814,-192.317983,-90.496477
10815,-192.486680,-90.568315
10816,-192.641101,-90.667176
10817,-192.776955,-90.790315
10818,-192.890467,-90.934309
10819,-192.978484,-91.095157
10820,-198.084615,-91.447116
10821,-198.205629,-91.305517
10822,-198.348800,-91.186367
10823,-198.510021,-91.093081
10824,-198.684670,-91.028334
10825,-198.867740,-90.993983
10826,-199.053981,-90.991013
10827,-199.238054,-91.019508
10828,-199.414679,-91.078653
10829,-199.578793,-91.166750
10830,-199.725690,-91.281274
10831,-199.851158,-91.418942
10832,-199.951600,-91.575805
10833,-205.137546,-91.933265
10834,-205.270402,-91.798709
10835,-205.424340,-91.688895
10836,-205.594811,-91.607068
10837,-205.776777,-91.555646
10838,-205.964862,-91.536149
10839,-206.153507,-91.549152
10840,-206.337137,-91.594271
10841,-206.510327,-91.670174
10842,-206.667959,-91.774616
10843,-206.805374,-91.904513
10844,-206.918512,-92.056024
10845,-212.197581,-92.419903
10846,-212.342145,-92.294076
10847,-212.506354,-92.195250
10848,-212.685224,-92.126426
10849,-212.873325,-92.089693
10850,-213.064947,-92.086165
10851,-213.254272,-92.115951
10852,-213.435554,-92.178145
10853,-213.603289,-92.270860
10854,-213.752386,-92.391282
10855,-213.878319,-92.535754
10856,-219.266087,-92.907126
10857,-219.405357,-92.802390
10858,-219.559419,-92.720962
10859,-219.724408,-92.664885
10860,-219.896181,-92.635566
10861,-220.070430,-92.633741
10862,-220.242779,-92.659457
10863,-220.408906,-92.712066
10864,-220.564640,-92.790250
10865,-220.706073,-92.892047
10866,-220.829655,-93.014901
10867,-226.345024,-93.395067
10868,-226.491324,-93.303434
10869,-226.650158,-93.235818
10870,-226.817614,-93.193885
10871,-226.989569,-93.178666
10872,-227.161787,-93.190536
10873,-227.330028,-93.229205
10874,-227.490147,-93.293718
10875,-227.638201,-93.382487
10876,-227.770545,-93.493327
10877,-233.438086,-93.883982
10878,-233.588075,-93.808572
10879,-233.747793,-93.756864
10880,-233.913519,-93.730063
10881,-234.081394,-93.728794
10882,-234.247507,-93.753085
10883,-234.407989,-93.802371
10884,-234.559102,-93.875504
10885,-234.697326,-93.970780
10886,-240.551772,-94.374319
10887,-240.723846,-94.311971
10888,-240.903875,-94.279018
10889,-241.086877,-94.276370
10890,-241.267784,-94.304101
10891,-241.441590,-94.361445
10892,-241.603482,-94.446812
10893,-288.799820,-97.699991
10894,-288.789584,-96.696913
10895,-136.459721,-86.197023
10896,-136.285044,-86.119740
10897,-136.099633,-86.073839
10898,-135.909076,-86.060704
10899,-135.719119,-86.080732
10900,-135.535492,-86.133317
10901,-129.568709,-85.722035
10902,-129.419102,-85.630912
10903,-129.256927,-85.564694
10904,-129.086296,-85.525059
10905,-128.911538,-85.513013
10906,-128.737083,-85.528861
10907,-128.567356,-85.572202
10908,-128.406661,-85.641937
10909,-122.650945,-85.245203
10910,-122.506169,-85.135903
10911,-122.345397,-85.051884
10912,-122.173003,-84.995429
10913,-121.993675,-84.968075
10914,-121.812290,-84.970566
10915,-121.633781,-85.002833
10916,-121.463002,-85.063999
10917,-121.304598,-85.152401
10918,-115.716602,-84.767228
10919,-115.580753,-84.644107
10920,-115.426341,-84.545260
10921,-115.257655,-84.473433
10922,-115.079383,-84.430620
10923,-114.896476,-84.418013
10924,-114.714016,-84.435960
10925,-114.537070,-84.483964
10926,-114.370556,-84.560690
10927,-114.219099,-84.664008
10928,-108.770212,-84.288423
10929,-108.645124,-84.154677
10930,-108.499581,-84.043536
10931,-108.337617,-83.958080
10932,-108.163720,-83.900679
10933,-107.982710,-83.872923
10934,-107.799603,-83.875581
10935,-107.619475,-83.908580
10936,-107.447318,-83.971005
10937,-107.287902,-84.061125
10938,-107.145647,-84.176444
10939,-101.814429,-83.808971
10940,-101.700869,-83.667002
10941,-101.565478,-83.545676
10942,-101.411952,-83.448307
10943,-101.244485,-83.377554
10944,-101.067653,-83.335351
10945,-100.886284,-83.322850
10946,-100.705333,-83.340391
10947,-100.529743,-83.387497
10948,-100.364310,-83.462881
10949,-100.213552,-83.564483
10950,-100.081588,-83.689528
10951,-94.850866,-83.328982
10952,-94.749066,-83.180677
10953,-94.624455,-83.050947
10954,-94.480367,-82.943261
10955,-94.320655,-82.860498
10956,-94.149590,-82.804872
10957,-93.971745,-82.777871
10958,-93.791878,-82.780216
10959,-93.614798,-82.811844
10960,-93.445241,-82.871911
10961,-93.287741,-82.958809
10962,-93.146509,-83.070215
10963,-93.025323,-83.203150
10964,-87.880781,-82.848543
10965,-87.790701,-82.695349
10966,-87.677127,-82.558660
10967,-87.543024,-82.442044
10968,-87.391892,-82.348545
10969,-87.227676,-82.280603
10970,-87.054663,-82.239991
10971,-86.877368,-82.227771
10972,-86.700419,-82.244260
10973,-86.528434,-82.289028
10974,-86.365903,-82.360907
10975,-86.217068,-82.458020
10976,-86.085814,-82.577834
10977,-85.975566,-82.717219
10978,-80.904902,-82.367705
10979,-80.819299,-82.199303
10980,-80.706145,-82.048030
10981,-80.568775,-81.918349
10982,-80.411243,-81.814085
10983,-80.238194,-81.738313
10984,-80.054732,-81.693267
10985,-79.866269,-81.680277
10986,-79.678361,-81.699724
10987,-79.496553,-81.751037
10988,-79.326205,-81.832701
10989,-79.172342,-81.942307
10990,-79.039502,-82.076624
10991,-78.931603,-82.231689
10992,-73.923779,-81.886506
10993,-73.850769,-81.715976
10994,-73.750141,-81.560139
10995,-73.624758,-81.423427
10996,-73.478185,-81.309728
10997,-73.314590,-81.222276
10998,-73.138627,-81.163558
10999,-72.955298,-81.135242
11000,-72.769819,-81.138136
11001,-72.587463,-81.172156
11002,-72.413416,-81.236335
11003,-72.252629,-81.328848
11004,-72.109674,-81.447064
11005,-71.988617,-81.587620
11006,-71.892899,-81.746520
11007,-66.937919,-81.404980
11008,-66.877045,-81.233123
11009,-66.788620,-81.073680
11010,-66.675074,-80.931034
11011,-66.539525,-80.809102
11012,-66.385699,-80.711234
11013,-66.217819,-80.640119
11014,-66.040500,-80.597710
11015,-65.858611,-80.585173
11016,-65.677149,-80.602851
11017,-65.501101,-80.650260
11018,-65.335301,-80.726096
11019,-65.184305,-80.828277
11020,-65.052260,-80.953995
11021,-64.942795,-81.099797
11022,-64.858917,-81.261678
11023,-59.947606,-80.923148
11024,-59.894162,-80.739480
11025,-59.809707,-80.567848
11026,-59.696796,-80.413441
11027,-59.558844,-80.280930
11028,-59.400021,-80.174321
11029,-59.225131,-80.096837
11030,-59.039463,-80.050823
11031,-58.848630,-80.037669
11032,-58.658404,-80.057774
11033,-58.474537,-80.110528
11034,-58.302589,-80.194338
11035,-58.147760,-80.306668
11036,-58.014731,-80.444123
11037,-57.907527,-80.602544
11038,-57.829387,-80.777142
11039,-52.953086,-80.441025
11040,-52.911929,-80.257969
11041,-52.840261,-80.084570
11042,-52.740166,-79.925874
11043,-52.614558,-79.786497
11044,-52.467091,-79.670494
11045,-52.302054,-79.581240
11046,-52.124249,-79.521333
11047,-51.938850,-79.492514
11048,-51.751250,-79.495622
11049,-51.566908,-79.530568
11050,-51.391185,-79.596333
11051,-51.229196,-79.691006
11052,-51.085653,-79.811831
11053,-50.964731,-79.955293
11054,-50.869950,-80.117218
11055,-50.804066,-80.292896
11056,-45.954529,-79.958624
11057,-45.925145,-79.776694
11058,-45.865801,-79.602223
11059,-45.778162,-79.440107
11060,-45.664689,-79.294898
11061,-45.528567,-79.170670
11062,-45.373615,-79.070910
11063,-45.204184,-78.998419
11064,-45.025028,-78.955231
11065,-44.841177,-78.942558
11066,-44.657790,-78.960757
11067,-44.480015,-79.009315
11068,-44.312841,-79.086871
11069,-44.160961,-79.191248
11070,-44.028638,-79.319515
11071,-43.919585,-79.468073
11072,-43.836864,-79.632752
11073,-43.782796,-79.808929
11074,-38.952081,-79.475955
11075,-38.934043,-79.295586
11076,-38.886628,-79.120628
11077,-38.811124,-78.955833
11078,-38.709581,-78.805675
11079,-38.584756,-78.674233
11080,-38.440039,-78.565075
11081,-38.279361,-78.481166
11082,-38.107083,-78.424785
11083,-37.927886,-78.397462
11084,-37.746634,-78.399939
11085,-37.568250,-78.432150
11086,-37.397578,-78.493220
11087,-37.239253,-78.581489
11088,-37.097574,-78.694562
11089,-36.976389,-78.829367
11090,-36.878988,-78.982244
11091,-36.808016,-79.149042
11092,-36.765401,-79.325230
11093,-31.945809,-78.993022
11094,-31.937491,-78.804778
11095,-31.897168,-78.620716
11096,-31.826022,-78.446236
11097,-31.726143,-78.286458
11098,-31.600459,-78.146071
11099,-31.452660,-78.029193
11100,-31.287082,-77.939255
11101,-31.108584,-77.878896
11102,-30.922403,-77.849886
11103,-30.734002,-77.853076
11104,-30.548911,-77.888374
11105,-30.372559,-77.954743
11106,-30.210121,-78.050237
11107,-30.066364,-78.172052
11108,-29.945507,-78.316615
11109,-29.851095,-78.479683
11110,-29.785898,-78.656472
11111,-29.751831,-78.841794
11112,3.252190,-76.566872
11113,3.361697,-76.712371
11114,3.493708,-76.837810
11115,3.644606,-76.939750
11116,3.810253,-77.015398
11117,3.986112,-77.062681
11118,4.167361,-77.080303
11119,4.349034,-77.067780
11120,4.526151,-77.025457
11121,4.693859,-76.954492
11122,4.847561,-76.856832
11123,4.983044,-76.735152
11124,5.096596,-76.592787
11125,5.185105,-76.433639
11126,10.083617,-76.095991
11127,10.091346,-75.907307
11128,10.131235,-75.722726
11129,10.202106,-75.547687
11130,10.301872,-75.387349
11131,10.427593,-75.246439
11132,10.575562,-75.129108
11133,10.741419,-75.038815
11134,10.920276,-74.978221
11135,11.106861,-74.949112
11136,11.295676,-74.952345
11137,11.481155,-74.987826
11138,11.657832,-75.054508
11139,11.820500,-75.150427
11140,11.964365,-75.272756
11141,12.085187,-75.417889
11142,12.179404,-75.581548
11143,12.244241,-75.758911
11144,12.277786,-75.944750
11145,17.206295,-75.605035
11146,17.306498,-75.446900
11147,17.432065,-75.308048
11148,17.579359,-75.192499
11149,17.744113,-75.103601
11150,17.921556,-75.043928
11151,18.106549,-75.015208
11152,18.293732,-75.018274
11153,18.477685,-75.053037
11154,18.653079,-75.118489
11155,18.814834,-75.212736
11156,18.958264,-75.333046
11157,19.079216,-75.475937
11158,46.004975,-73.619981
11159,45.936209,-72.622348
11160,5.137807,-75.434526
11161,5.030034,-75.278827
11162,4.897154,-75.143919
11163,4.743106,-75.033799
11164,4.572454,-74.951732
11165,4.390256,-74.900148
11166,4.201910,-74.880577
11167,4.012998,-74.893598
11168,3.829119,-74.938826
11169,3.655721,-75.014921
11170,3.497943,-75.119627
11171,3.360460,-75.249841
11172,3.247347,-75.401705
11173,3.161956,-75.570719
11174,-1.716897,-75.907012
11175,-1.731096,-76.090634
11176,-1.775731,-76.269314
11177,-1.849552,-76.438042
11178,-1.950489,-76.592090
11179,-2.075712,-76.727138
11180,-2.221712,-76.839400
11181,-2.384395,-76.925731
11182,-2.559201,-76.983710
11183,-2.741231,-77.011711
11184,-2.925381,-77.008950
11185,-3.106489,-76.975504
11186,-3.279479,-76.912311
11187,-3.439500,-76.821142
11188,-3.582069,-76.704552
11189,-3.703187,-76.565811
11190,-3.799460,-76.408807
11191,-3.868189,-76.237941
11192,-3.907448,-76.058003
11193,-8.864853,-76.399710
11194,-8.966829,-76.546658
11195,-9.091272,-76.675136
11196,-9.234893,-76.781747
11197,-9.393892,-76.863673
11198,-9.564067,-76.918748
11199,-9.740918,-76.945514
11200,-9.919769,-76.943266
11201,-10.095891,-76.912061
11202,-10.264627,-76.852725
11203,-10.421517,-76.766828
11204,-10.562411,-76.656639
11205,-10.683585,-76.525073
11206,-288.779349,-95.693835
11207,-288.769114,-94.690756
11208,-10.871242,-75.535635
11209,-10.801503,-75.358336
11210,-10.702217,-75.195729
11211,-10.576362,-75.052693
11212,-10.427714,-74.933519
11213,-10.260731,-74.841782
11214,-10.080424,-74.780235
11215,-9.892202,-74.750722
11216,-9.701710,-74.754130
11217,-9.514664,-74.790357
11218,-9.336674,-74.858315
11219,-9.173080,-74.955967
11220,-9.028790,-75.080382
11221,-8.908132,-75.227828
11222,-8.814727,-75.393883
11223,-3.464393,-75.025091
11224,-3.314292,-74.933206
11225,-3.151458,-74.866435
11226,-2.980060,-74.826487
11227,-2.804485,-74.814384
11228,-2.629227,-74.830438
11229,-2.458772,-74.874236
11230,-2.297483,-74.944658
11231,45.867444,-71.624715
11232,45.798678,-70.627082
11233,-288.758879,-93.687678
11234,-288.748644,-92.684600
11235,45.729913,-69.629450
11236,45.661147,-68.631817
11237,-275.335787,-90.757697
11238,-275.481008,-90.842332
11239,-275.637428,-90.903853
11240,-275.801394,-90.940824
11241,-275.969080,-90.952383
11242,-276.136569,-90.938258
11243,-276.299950,-90.898780
11244,-276.455410,-90.834871
11245,-282.249168,-91.234227
11246,-282.391499,-91.337960
11247,-282.548561,-91.417649
11248,-282.716328,-91.471249
11249,-282.890499,-91.497387
11250,-283.066609,-91.495393
11251,-283.240143,-91.465318
11252,-283.406654,-91.407934
11253,-283.561871,-91.324710
11254,-288.738408,-91.681522
11255,-288.728173,-90.678443
11256,-284.065302,-90.357038
11257,-284.041707,-90.169431
11258,-283.986331,-89.988636
11259,-283.900810,-89.819996
11260,-283.787671,-89.668494
11261,-283.650258,-89.538606
11262,-283.492630,-89.434171
11263,-283.319446,-89.358273
11264,-283.135822,-89.313157
11265,-282.947184,-89.300154
11266,-282.759107,-89.319650
11267,-282.577147,-89.371068
11268,-282.406681,-89.452888
11269,-282.252746,-89.562694
11270,-282.119890,-89.697240
11271,-282.012040,-89.852551
11272,-281.932381,-90.024038
11273,-281.883268,-90.206633
11274,-277.060442,-89.874203
11275,-277.048425,-89.688817
11276,-277.005381,-89.508098
11277,-276.932540,-89.337200
11278,-276.831978,-89.180997
11279,-276.706563,-89.043944
11280,-276.559874,-88.929951
11281,-276.396094,-88.842269
11282,-276.219894,-88.783398
11283,-276.036300,-88.755019
11284,-275.850549,-88.757940
11285,-275.667938,-88.792078
11286,-275.493676,-88.856459
11287,-275.332734,-88.949248
11288,-275.189701,-89.067797
11289,-275.068659,-89.208725
11290,-274.973058,-89.368013
11291,-274.905626,-89.541117
11292,-274.868286,-89.723100
11293,-270.051788,-89.391106
11294,-270.020443,-89.579073
11295,-269.957128,-89.758811
11296,-269.863743,-89.924924
11297,-269.743089,-90.072427
11298,-269.598789,-90.196893
11299,-269.435173,-90.294587
11300,-269.257151,-90.362577
11301,-269.070066,-90.398822
11302,-268.879533,-90.402235
11303,-268.691271,-90.372712
11304,-268.510928,-90.311141
11305,-268.343919,-90.219369
11306,-268.195254,-90.100150
11307,-268.069396,-89.957062
11308,-267.970122,-89.794399
11309,-267.900411,-89.617044
11310,-267.862356,-89.430319
11311,-267.857098,-89.239829
11312,-263.039365,-88.907749
11313,-262.999227,-89.086726
11314,-262.929907,-89.256544
11315,-262.833332,-89.412484
11316,-262.712188,-89.550207
11317,-262.569843,-89.665886
11318,-262.410255,-89.756304
11319,-262.237861,-89.818946
11320,-262.057454,-89.852072
11321,-261.874052,-89.854759
11322,-261.692752,-89.826933
11323,-261.518597,-89.769368
11324,-261.356428,-89.683665
11325,-261.210755,-89.572206
11326,-261.085628,-89.438091
11327,-260.984526,-89.285048
11328,-260.910261,-89.117333
11329,-260.864896,-88.939609
11330,-260.849694,-88.756818
11331,-256.023126,-88.424129
11332,-255.971379,-88.603392
11333,-255.890080,-88.771330
11334,-255.781567,-88.923113
11335,-255.648963,-89.054372
11336,-255.496082,-89.161331
11337,-255.327324,-89.240914
11338,-255.147543,-89.290830
11339,-254.961912,-89.309644
11340,-254.775771,-89.296814
11341,-254.594477,-89.252708
11342,-254.423245,-89.178597
11343,-254.267002,-89.076613
11344,-254.130242,-88.949688
11345,-254.016902,-88.801477
11346,-253.930240,-88.636241
11347,-253.872752,-88.458736
11348,-253.846091,-88.274069
11349,-249.003011,-87.940242
11350,-248.939259,-88.119307
11351,-248.845634,-88.284723
11352,-248.724929,-88.431553
11353,-248.580750,-88.555411
11354,-248.417402,-88.652600
11355,-248.239761,-88.720218
11356,-248.053131,-88.756245
11357,-247.863086,-88.759606
11358,-247.675300,-88.730202
11359,-247.495379,-88.668908
11360,-247.328695,-88.577557
11361,-247.180226,-88.458875
11362,-247.054405,-88.316406
11363,-246.954988,-88.154404
11364,-246.884943,-87.977706
11365,-246.846363,-87.791587
11366,-241.978943,-87.456083
11367,-241.908413,-87.623703
11368,-241.811231,-87.777413
11369,-241.690052,-87.913011
11370,-241.548188,-88.026790
11371,-241.389517,-88.115642
11372,-241.218376,-88.177138
11373,-241.039441,-88.209596
11374,-240.857604,-88.212130
11375,-240.677835,-88.184671
11376,-240.505046,-88.127969
11377,-240.343961,-88.043573
11378,-240.198981,-87.933791
11379,-240.074071,-87.801623
11380,-239.972642,-87.650682
11381,-239.897469,-87.485092
11382,-239.850605,-87.309379
11383,-234.950700,-86.971635
11384,-234.868431,-87.137373
11385,-234.759547,-87.286975
11386,-234.627127,-87.416211
11387,-234.474919,-87.521423
11388,-234.307229,-87.599634
11389,-234.128802,-87.648631
11390,-233.944687,-87.667028
11391,-233.760093,-87.654304
11392,-233.580243,-87.610819
11393,-233.410226,-87.537805
11394,-233.254853,-87.437325
11395,-233.118520,-87.312225
11396,-233.005084,-87.166043
11397,-232.917756,-87.002915
11398,-232.859006,-86.827458
11399,-227.918085,-86.486887
11400,-227.823695,-86.650021
11401,-227.702841,-86.794647
11402,-227.559072,-86.916520
11403,-227.396609,-87.012060
11404,-227.220221,-87.078464
11405,-227.035086,-87.113783
11406,-226.846639,-87.116978
11407,-226.660413,-87.087957
11408,-226.481875,-87.027571
11409,-226.316266,-86.937594
11410,-226.168448,-86.820666
11411,-226.042760,-86.680220
11412,-225.942893,-86.520380
11413,-225.871778,-86.345838
11414,-220.880855,-86.001820
11415,-220.782484,-86.150773
11416,-220.661318,-86.281854
11417,-220.520545,-86.391612
11418,-220.363874,-86.477155
11419,-220.195429,-86.536232
11420,-220.019647,-86.567287
11421,-219.841157,-86.569502
11422,-219.664659,-86.542818
11423,-219.494801,-86.487939
11424,-219.336055,-86.406309
11425,-219.192602,-86.300078
11426,-219.068220,-86.172044
11427,-218.966185,-86.025578
11428,-218.889182,-85.864537
11429,-213.838510,-85.516401
11430,-213.728817,-85.660527
11431,-213.596960,-85.784700
11432,-213.446514,-85.885552
11433,-213.281559,-85.960349
11434,-213.106565,-86.007063
11435,-212.926278,-86.024428
11436,-212.745585,-86.011973
11437,-212.569385,-85.970036
11438,-212.402456,-85.899753
11439,-212.249323,-85.803031
11440,-212.114137,-85.682491
11441,-212.000565,-85.541401
11442,-211.911684,-85.383588
11443,-206.790566,-85.030596
11444,-206.669432,-85.168735
11445,-206.526995,-85.284785
11446,-206.367230,-85.375509
11447,-206.194592,-85.438376
11448,-206.013900,-85.471632
11449,-205.830192,-85.474350
11450,-205.648594,-85.446452
11451,-205.474173,-85.388719
11452,-205.311794,-85.302760
11453,-205.165988,-85.190973
11454,-205.040821,-85.056477
11455,-204.939785,-84.903024
11456,-199.736298,-84.544355
11457,-199.603738,-84.675100
11458,-199.451027,-84.781615
11459,-199.282539,-84.860848
11460,-199.103101,-84.910531
11461,-198.917855,-84.929238
11462,-198.732107,-84.916435
11463,-198.551179,-84.872487
11464,-198.380255,-84.798655
11465,-198.224231,-84.697053
11466,-198.087578,-84.570593
11467,-197.974211,-84.422897
11468,-192.674785,-84.057614
11469,-192.531064,-84.179262
11470,-192.368703,-84.274616
11471,-192.192457,-84.340883
11472,-192.007492,-84.376121
11473,-191.819227,-84.379297
11474,-191.633179,-84.350320
11475,-191.454798,-84.290037
11476,-191.289312,-84.200215
11477,-191.141568,-84.083486
11478,-191.015897,-83.943270
11479,-185.604377,-83.570261
11480,-185.450251,-83.680597
11481,-185.279471,-83.762836
11482,-185.097107,-83.814534
11483,-184.908576,-83.834158
11484,-184.719475,-83.821123
11485,-184.535420,-83.775818
11486,-184.361875,-83.699587
11487,-184.203993,-83.594695
11488,-184.066463,-83.464255
11489,-178.522865,-83.082142
11490,-178.360033,-83.178364
11491,-178.183125,-83.245270
11492,-177.997371,-83.280881
11493,-177.808262,-83.284145
11494,-177.621389,-83.254965
11495,-177.442278,-83.194204
11496,-177.276222,-83.103658
11497,-177.128133,-82.986005
11498,-171.426514,-82.593000
11499,-171.258611,-82.671482
11500,-171.079915,-82.720661
11501,-170.895499,-82.739140
11502,-170.710599,-82.726395
11503,-170.530462,-82.682788
11504,-170.360204,-82.609556
11505,-170.204658,-82.508779
11506,-164.307347,-82.102286
11507,-164.142643,-82.158120
11508,-163.971198,-82.187299
11509,-163.797297,-82.189093
11510,-163.625287,-82.163456
11511,-163.459467,-82.111030
11512,-163.303982,-82.033125
11513,31.357559,-68.615371
11514,31.478398,-68.760229
11515,31.622211,-68.882310
11516,31.784768,-68.978024
11517,31.961289,-69.044556
11518,32.146582,-69.079949
11519,32.335197,-69.083162
11520,32.521588,-69.054100
11521,32.700272,-68.993619
11522,32.865995,-68.903497
11523,33.013882,-68.786384
11524,33.139585,-68.645726
11525,33.239406,-68.485658
11526,38.163301,-68.146260
11527,38.195806,-68.333114
11528,38.259926,-68.511607
11529,38.353753,-68.676432
11530,38.474499,-68.822691
11531,38.618574,-68.946033
11532,38.781694,-69.042794
11533,38.959011,-69.110097
11534,39.145254,-69.145940
11535,39.334885,-69.149258
11536,39.522267,-69.119953
11537,39.701831,-69.058895
11538,39.868237,-68.967900
11539,40.016538,-68.849674
11540,40.142327,-68.707729
11541,40.241864,-68.546288
11542,40.312189,-68.370147
11543,40.351211,-68.184545
11544,40.357772,-67.994998
11545,45.592382,-67.634184
11546,45.523616,-66.636551
11547,39.687856,-67.038802
11548,39.524874,-66.984416
11549,39.355410,-66.956074
11550,39.183601,-66.954466
11551,39.013637,-66.979632
11552,38.849665,-67.030957
11553,38.695686,-67.107191
11554,33.238126,-67.483373
11555,33.141349,-67.328164
11556,33.020191,-67.191137
11557,32.878001,-67.076082
11558,32.718712,-66.986178
11559,32.546727,-66.923912
11560,32.366803,-66.891006
11561,32.183913,-66.888369
11562,32.003115,-66.916075
11563,31.829406,-66.973356
11564,31.667592,-67.058630
11565,31.522144,-67.169539
11566,31.397086,-67.303016
11567,31.295874,-67.455370
11568,31.221307,-67.622390
11569,26.359215,-67.957527
11570,26.336367,-68.145829
11571,26.281508,-68.327405
11572,26.196271,-68.496858
11573,26.083190,-68.649148
11574,25.945627,-68.779747
11575,25.787673,-68.884771
11576,25.614024,-68.961097
11577,25.429844,-69.006457
11578,25.240610,-69.019500
11579,25.051949,-68.999840
11580,24.869470,-68.948061
11581,24.698600,-68.865702
11582,24.544419,-68.755213
11583,24.411512,-68.619879
11584,24.303831,-68.463724
11585,24.224578,-68.291391
11586,24.176110,-68.108005
11587,19.183044,-68.452171
11588,19.069612,-68.598434
11589,18.933262,-68.723607
11590,18.777854,-68.824146
11591,18.607788,-68.897204
11592,18.427881,-68.940714
11593,18.243225,-68.953442
11594,18.059049,-68.935028
11595,17.880568,-68.885995
11596,17.712836,-68.807729
11597,17.560600,-68.702448
11598,17.428173,-68.573132
11599,-58.165809,-73.783722
11600,-58.311035,-73.868363
11601,-58.467461,-73.929889
11602,-58.631435,-73.966863
11603,-58.799128,-73.978422
11604,-58.966625,-73.964296
11605,-59.130013,-73.924814
11606,-59.285478,-73.860899
11607,-65.079195,-74.260252
11608,-65.221529,-74.363991
11609,-65.378595,-74.443684
11610,-65.546367,-74.497287
11611,-65.720543,-74.523427
11612,-65.896659,-74.521432
11613,-66.070199,-74.491355
11614,-66.236714,-74.433966
11615,-66.391935,-74.350737
11616,-72.010683,-74.738030
11617,-72.145248,-74.856280
11618,-72.297221,-74.951121
11619,-72.462574,-75.020037
11620,-72.636920,-75.061200
11621,-72.815635,-75.073518
11622,-72.993979,-75.056666
11623,-73.167224,-75.011089
11624,-73.330773,-74.937997
11625,-73.480289,-74.839328
11626,-78.955019,-75.216693
11627,-79.079588,-75.346100
11628,-79.223555,-75.453509
11629,-79.383084,-75.536055
11630,-79.553920,-75.591538
11631,-79.731508,-75.618479
11632,-79.911113,-75.616159
11633,-80.087945,-75.584640
11634,-80.257291,-75.524763
11635,-80.414634,-75.438123
11636,-80.555780,-75.327032
11637,-85.909079,-75.696027
11638,-86.022664,-75.834133
11639,-86.157125,-75.952011
11640,-86.308908,-76.046545
11641,-86.474002,-76.115239
11642,-86.648045,-76.156276
11643,-86.826437,-76.168572
11644,-87.004464,-76.151803
11645,-87.177422,-76.106411
11646,-87.340740,-76.033596
11647,-87.490102,-75.935281
11648,-87.621563,-75.814066
11649,-92.871140,-76.175913
11650,-92.973363,-76.320788
11651,-93.097535,-76.447357
11652,-93.240429,-76.552333
11653,-93.398332,-76.632986
11654,-93.567142,-76.687222
11655,-93.742473,-76.713631
11656,-93.919769,-76.711528
11657,-94.094425,-76.680967
11658,-94.261901,-76.622741
11659,-94.417846,-76.538365
11660,-94.558209,-76.430029
11661,-94.679343,-76.300550
11662,-99.840039,-76.656269
11663,-99.939475,-76.818180
11664,-100.065292,-76.960563
11665,-100.213733,-77.079171
11666,-100.380372,-77.170464
11667,-100.560234,-77.231719
11668,-100.747955,-77.261107
11669,-100.937932,-77.257753
11670,-101.124499,-77.221756
11671,-101.302087,-77.154190
11672,-101.465398,-77.057071
11673,-101.609560,-76.933297
11674,-101.730272,-76.786560
11675,-106.814810,-77.137031
11676,-106.901419,-77.302427
11677,-107.014752,-77.450794
11678,-107.151543,-77.577858
11679,-107.307852,-77.679958
11680,-107.479177,-77.754153
11681,-107.660581,-77.798306
11682,-107.846840,-77.811144
11683,-108.032587,-77.792299
11684,-108.212471,-77.742312
11685,-108.381311,-77.662624
11686,-108.534242,-77.555530
11687,-108.666859,-77.424116
11688,-108.775343,-77.272168
11689,-113.794895,-77.618159
11690,-113.869101,-77.786011
11691,-113.970181,-77.939191
11692,-114.095322,-78.073433
11693,-114.241039,-78.185001
11694,-114.403278,-78.270789
11695,-114.577522,-78.328410
11696,-114.758920,-78.356260
11697,-114.942425,-78.353563
11698,-115.122926,-78.320394
11699,-115.295401,-78.257677
11700,-115.455049,-78.167157
11701,-115.597424,-78.051354
11702,-115.718565,-77.913492
11703,-115.815099,-77.757408
11704,-120.779835,-78.099621
11705,-120.842062,-78.269074
11706,-120.931166,-78.426068
11707,-121.044747,-78.566375
11708,-121.179746,-78.686216
11709,-121.332528,-78.782363
11710,-121.498978,-78.852228
11711,-121.674613,-78.893929
11712,-121.854703,-78.906342
11713,-122.034399,-78.889134
11714,-122.208860,-78.842768
11715,-122.373389,-78.768492
11716,-122.523554,-78.668307
11717,-122.655312,-78.544911
11718,-122.765114,-78.401627
11719,-122.850002,-78.242315
11720,-127.769305,-78.581395
11721,-127.824319,-78.762738
11722,-127.909642,-78.931947
11723,-128.022741,-79.084001
11724,-128.160259,-79.214386
11725,-128.318116,-79.319233
11726,-128.491625,-79.395431
11727,-128.675638,-79.440718
11728,-128.864694,-79.453749
11729,-129.053180,-79.434138
11730,-129.235503,-79.382468
11731,-129.406252,-79.300270
11732,-129.560360,-79.189986
11733,-129.693252,-79.054889
11734,-129.800984,-78.898987
11735,-129.880359,-78.726908
11736,-134.762999,-79.063461
11737,-134.805837,-79.244440
11738,-134.878550,-79.415616
11739,-134.979062,-79.572095
11740,-135.104499,-79.709405
11741,-135.251276,-79.823620
11742,-135.415196,-79.911475
11743,-135.591574,-79.970460
11744,-135.775368,-79.998888
11745,-135.961324,-79.995947
11746,-136.144127,-79.961720
11747,-136.318551,-79.897185
11748,-136.479610,-79.804189
11749,-136.622700,-79.685389
11750,-136.743731,-79.544180
11751,-136.839244,-79.384600
11752,-136.906507,-79.211210
11753,-141.760754,-79.545807
11754,-141.791897,-79.725901
11755,-141.852429,-79.898353
11756,-141.940679,-80.058401
11757,-142.054212,-80.201628
11758,-142.189893,-80.324080
11759,-142.343976,-80.422376
11760,-142.512208,-80.493802
11761,-142.689945,-80.536387
11762,-142.872279,-80.548955
11763,-143.054177,-80.531159
11764,-143.230618,-80.483491
11765,-143.396731,-80.407266
11766,-143.547930,-80.304588
11767,-143.680040,-80.178293
11768,-143.789416,-80.031867
11769,-143.873037,-79.869351
11770,-143.928594,-79.695233
11771,-148.762436,-80.028423
11772,-148.784401,-80.217536
11773,-148.838646,-80.400029
11774,-148.923545,-80.570435
11775,-149.036555,-80.723650
11776,-149.174290,-80.855084
11777,-149.332626,-80.960801
11778,-149.506818,-81.037632
11779,-149.691649,-81.083278
11780,-149.881582,-81.096370
11781,-150.070928,-81.076516
11782,-150.254015,-81.024311
11783,-150.425358,-80.941319
11784,-150.579824,-80.830025
11785,-150.712787,-80.693765
11786,-150.820264,-80.536619
11787,-150.899034,-80.363295
11788,-150.946739,-80.178984
11789,-155.767946,-80.511304
11790,-155.778275,-80.698014
11791,-155.820080,-80.880277
11792,-155.892152,-81.052826
11793,-155.992410,-81.210673
11794,-156.117955,-81.349258
11795,-156.265160,-81.464576
11796,-156.429770,-81.553294
11797,-156.607030,-81.612848
11798,-156.791815,-81.641517
11799,-156.978786,-81.638472
11800,-157.162540,-81.603803
11801,-157.337766,-81.538509
11802,-157.499401,-81.444480
11803,-157.642773,-81.324431
11804,-157.763740,-81.181832
11805,-157.858806,-81.020804
11806,-157.925223,-80.846000
11807,-157.961071,-80.662473
11808,-162.777247,-80.994445
11809,-162.810157,-80.807984
11810,-162.874556,-80.629929
11811,-162.968535,-80.465555
11812,-163.089311,-80.319734
11813,-163.233305,-80.196784
11814,-163.396251,-80.100350
11815,-163.573320,-80.033288
11816,-163.759267,-79.997586
11817,-163.948581,-79.994300
11818,-164.135655,-80.023530
11819,-164.314944,-80.084407
11820,-164.481138,-80.175130
11821,-164.629311,-80.293009
11822,-164.755074,-80.434552
11823,-164.854700,-80.595566
11824,-164.925238,-80.771280
11825,-164.964598,-80.956487
11826,-164.971613,-81.145700
11827,-169.790331,-81.477847
11828,-169.831900,-81.300466
11829,-169.902176,-81.132378
11830,-169.999232,-80.978195
11831,-170.120406,-80.842146
11832,-170.262373,-80.727964
11833,-170.421240,-80.638781
11834,-170.592648,-80.577043
11835,-170.771895,-80.544443
11836,-170.954064,-80.541877
11837,-171.134159,-80.569413
11838,-171.307238,-80.626298
11839,-171.468554,-80.710971
11840,-171.613682,-80.821108
11841,-171.738640,-80.953689
11842,-171.840001,-81.105076
11843,-171.914985,-81.271118
11844,-171.961534,-81.447258
11845,-171.978371,-81.628666
11846,-176.807211,-81.961511
11847,-176.860287,-81.783998
11848,-176.942404,-81.617910
11849,-177.051231,-81.467961
11850,-177.183682,-81.338404
11851,-177.335998,-81.232915
11852,-177.503858,-81.154487
11853,-177.682501,-81.105344
11854,-177.866857,-81.086881
11855,-178.051697,-81.099622
11856,-178.231777,-81.143205
11857,-178.401987,-81.216393
11858,-178.557499,-81.317112
11859,-178.693901,-81.442502
11860,-178.807324,-81.589006
11861,-178.894548,-81.752469
11862,-178.953100,-81.928253
11863,-178.981318,-82.111370
11864,-183.827997,-82.445445
11865,-183.892978,-82.268311
11866,-183.987273,-82.104888
11867,-184.108110,-81.959983
11868,-184.251932,-81.837859
11869,-184.414508,-81.742110
11870,-184.591055,-81.675553
11871,-184.776380,-81.640145
11872,-184.965029,-81.636929
11873,-185.151452,-81.665999
11874,-185.330166,-81.726499
11875,-185.495912,-81.816650
11876,-185.643813,-81.933800
11877,-185.769519,-82.074501
11878,-185.869331,-82.234615
11879,-185.940312,-82.409431
11880,-185.980374,-82.593805
11881,-190.852794,-82.929654
11882,-190.924393,-82.764045
11883,-191.022101,-82.612368
11884,-191.143289,-82.478703
11885,-191.284697,-82.366647
11886,-191.442521,-82.279214
11887,-191.612514,-82.218757
11888,-191.790103,-82.186902
11889,-191.970511,-82.184505
11890,-192.148884,-82.211632
11891,-192.320424,-82.267552
11892,-192.480514,-82.350762
11893,-192.624849,-82.459022
11894,-192.749545,-82.589420
11895,-192.851248,-82.738449
11896,-192.927221,-82.902097
11897,-192.975420,-83.075964
11898,-197.881732,-83.414149
11899,-197.964927,-83.250601
11900,-198.074152,-83.103157
11901,-198.206367,-82.975922
11902,-198.357893,-82.872435
11903,-198.524513,-82.795576
11904,-198.701591,-82.747483
11905,-198.884200,-82.729496
11906,-199.067259,-82.742114
11907,-199.245673,-82.784986
11908,-199.414478,-82.856920
11909,-199.568977,-82.955913
11910,-199.704871,-83.079212
11911,-199.818378,-83.223385
11912,-199.906340,-83.384420
11913,-199.966309,-83.557836
11914,-204.915120,-83.898951
11915,-205.010278,-83.738220
11916,-205.131259,-83.595907
11917,-205.274575,-83.476114
11918,-205.436092,-83.382296
11919,-205.611154,-83.317159
11920,-205.794713,-83.282581
11921,-205.981476,-83.279557
11922,-206.166058,-83.308177
11923,-206.343136,-83.367614
11924,-206.507606,-83.456154
11925,-206.654723,-83.571246
11926,-206.780247,-83.709569
11927,-206.880557,-83.867136
11928,-206.952763,-84.039403
11929,-211.953239,-84.384079
11930,-212.060735,-84.227027
11931,-212.193693,-84.090854
11932,-212.348132,-83.979636
11933,-212.519431,-83.896704
11934,-212.702460,-83.844539
11935,-212.891741,-83.824704
11936,-213.081609,-83.837791
11937,-213.266378,-83.883409
11938,-213.440520,-83.960193
11939,-213.598819,-84.065844
11940,-213.736539,-84.197200
11941,-213.849555,-84.350328
11942,-213.934486,-84.520644
11943,-218.996505,-84.869562
11944,-219.106533,-84.728151
11945,-219.238058,-84.606479
11946,-219.387590,-84.507773
11947,-219.551164,-84.434652
11948,-219.724438,-84.389056
11949,-219.902816,-84.372195
11950,-220.081564,-84.384516
11951,-220.255942,-84.425692
11952,-220.421321,-84.494631
11953,-220.573315,-84.589503
11954,-220.707891,-84.707793
11955,-220.821477,-84.846360
11956,-220.911062,-85.001530
11957,-226.045408,-85.355433
11958,-226.166591,-85.220250
11959,-226.308358,-85.106839
11960,-226.466849,-85.018292
11961,-226.637745,-84.957019
11962,-226.816392,-84.924690
11963,-226.997923,-84.922186
11964,-227.177394,-84.949574
11965,-227.349916,-85.006108
11966,-227.510789,-85.090249
11967,-227.655631,-85.199705
11968,-227.780497,-85.331494
11969,-227.881986,-85.482026
11970,-233.100848,-85.841755
11971,-233.233090,-85.714264
11972,-233.384704,-85.610557
11973,-233.551461,-85.533525
11974,-233.728712,-85.485318
11975,-233.911514,-85.467278
11976,-234.094769,-85.479910
11977,-234.273367,-85.522860
11978,-234.442327,-85.594932
11979,-234.596939,-85.694115
11980,-234.732890,-85.817643
11981,-234.846389,-85.962073
11982,-240.163838,-86.328597
11983,-240.306748,-86.210578
11984,-240.467443,-86.118227
11985,-240.641363,-86.054166
11986,-240.823569,-86.020216
11987,-241.008889,-86.017338
11988,-241.192061,-86.045615
11989,-241.367885,-86.104245
11990,-241.531371,-86.191562
11991,-241.677875,-86.305087
11992,-241.803240,-86.441599
11993,-247.235854,-86.816062
11994,-247.388502,-86.709713
11995,-247.556888,-86.630611
11996,-247.736197,-86.581016
11997,-247.921299,-86.562348
11998,-248.106900,-86.575142
11999,-248.287690,-86.619030
12000,-248.458498,-86.692757
12001,-248.614439,-86.794215
12002,-248.751051,-86.920502
12003,-254.319587,-87.304334
12004,-254.479957,-87.212556
12005,-254.653426,-87.148917
12006,-254.835100,-87.115211
12007,-255.019853,-87.112390
12008,-255.202472,-87.140534
12009,-255.377803,-87.198847
12010,-255.540900,-87.285686
12011,-255.687161,-87.398599
12012,-261.419257,-87.793704
12013,-261.583115,-87.720242
12014,-261.756741,-87.674418
12015,-261.935510,-87.657454
12016,-262.114657,-87.669802
12017,-262.289407,-87.711134
12018,-262.455104,-87.780347
12019,-262.607333,-87.875597
12020,-268.543520,-88.284770
12021,-268.701432,-88.234505
12022,-268.865103,-88.208533
12023,-269.030817,-88.207443
12024,-269.194816,-88.231259
12025,-269.353375,-88.279443
12026,-269.502896,-88.350898
12027,-288.717938,-89.675365
12028,-288.707703,-88.672287
12029,-157.474117,-79.626535
12030,-157.308335,-79.536338
12031,-157.129575,-79.475807
12032,-156.943099,-79.446724
12033,-156.754396,-79.449946
12034,-156.569021,-79.485378
12035,-156.392432,-79.551976
12036,-150.564708,-79.150279
12037,-150.424649,-79.051347
12038,-150.270916,-78.975385
12039,-150.107246,-78.924238
12040,-149.937616,-78.899148
12041,-149.766148,-78.900726
12042,-149.597008,-78.928933
12043,-149.434307,-78.983084
12044,-149.281999,-79.061863
12045,-143.635730,-78.672674
12046,-143.502399,-78.558672
12047,-143.352640,-78.467316
12048,-143.190263,-78.400928
12049,-143.019398,-78.361198
12050,-142.844389,-78.349135
12051,-142.669688,-78.365046
12052,-142.499738,-78.408527
12053,-142.338861,-78.478471
12054,-142.191149,-78.573101
12055,-136.693427,-78.194150
12056,-136.569389,-78.068467
12057,-136.426838,-77.964251
12058,-136.269448,-77.884187
12059,-136.101274,-77.830340
12060,-135.926652,-77.804096
12061,-135.750080,-77.806132
12062,-135.576108,-77.836396
12063,-135.409222,-77.894108
12064,-135.253720,-77.977780
12065,-135.113610,-78.085256
12066,-129.740896,-77.714922
12067,-129.627356,-77.580131
12068,-129.493746,-77.465203
12069,-129.343497,-77.373087
12070,-129.180466,-77.306149
12071,-129.008836,-77.266106
12072,-128.833015,-77.253987
12073,-128.657515,-77.270102
12074,-128.486841,-77.314039
12075,-128.325374,-77.384668
12076,-128.177259,-77.480178
12077,-128.046299,-77.598116
12078,-122.780041,-77.235120
12079,-122.667091,-77.081184
12080,-122.529223,-76.949099
12081,-122.370593,-76.842843
12082,-122.195978,-76.765617
12083,-122.010640,-76.719749
12084,-121.820163,-76.706619
12085,-121.630285,-76.726625
12086,-121.446726,-76.779162
12087,-121.275017,-76.862648
12088,-121.120330,-76.974568
12089,-120.987327,-77.111550
12090,-115.812296,-76.754842
12091,-115.712267,-76.595814
12092,-115.586635,-76.456126
12093,-115.439065,-76.339855
12094,-115.273862,-76.250391
12095,-115.095844,-76.190345
12096,-114.910204,-76.161467
12097,-114.722358,-76.164601
12098,-114.537786,-76.199655
12099,-114.361870,-76.265606
12100,-114.199742,-76.360530
12101,-114.056133,-76.481659
12102,-113.935230,-76.625459
12103,-108.838490,-76.274147
12104,-108.751064,-76.111334
12105,-108.637617,-75.965454
12106,-108.501348,-75.840624
12107,-108.346106,-75.740368
12108,-108.176271,-75.667516
12109,-107.996636,-75.624124
12110,-107.812272,-75.611416
12111,-107.628383,-75.629751
12112,-107.450158,-75.678612
12113,-107.282629,-75.756619
12114,-107.130522,-75.861572
12115,-106.998131,-75.990507
12116,-106.889194,-76.139785
12117,-101.859277,-75.793080
12118,-101.784080,-75.627546
12119,-101.682643,-75.476660
12120,-101.557738,-75.344543
12121,-101.412777,-75.234805
12122,-101.251721,-75.150444
12123,-101.078968,-75.093765
12124,-100.899239,-75.066315
12125,-100.717443,-75.068845
12126,-100.538548,-75.101286
12127,-100.367440,-75.162752
12128,-100.208793,-75.251562
12129,-100.066942,-75.365292
12130,-99.945763,-75.500833
12131,-99.848565,-75.654484
12132,-94.875111,-75.311671
12133,-94.806186,-75.132794
12134,-94.707254,-74.968600
12135,-94.581319,-74.824074
12136,-94.432205,-74.703605
12137,-94.264442,-74.610853
12138,-94.083124,-74.548635
12139,-93.893757,-74.518839
12140,-93.702093,-74.522371
12141,-93.513953,-74.559123
12142,-93.335050,-74.627980
12143,-93.170818,-74.726850
12144,-93.026244,-74.852730
12145,-92.905719,-75.001798
12146,-92.812903,-75.169526
12147,-87.886419,-74.829950
12148,-87.830097,-74.650609
12149,-87.744062,-74.483476
12150,-87.630826,-74.333432
12151,-87.493697,-74.204859
12152,-87.336679,-74.101511
12153,-87.164357,-74.026407
12154,-86.981764,-73.981739
12155,-86.794232,-73.968813
12156,-86.607237,-73.988005
12157,-86.426240,-74.038756
12158,-86.256527,-74.119582
12159,-86.103054,-74.228125
12160,-85.970302,-74.361213
12161,-85.862149,-74.514961
12162,-85.781753,-74.684878
12163,-80.893437,-74.347933
12164,-80.849194,-74.168744
12165,-80.775614,-73.999474
12166,-80.674769,-73.844889
12167,-80.549496,-73.709342
12168,-80.403323,-73.596649
12169,-80.240365,-73.509982
12170,-80.065211,-73.451782
12171,-79.882792,-73.423687
12172,-79.698243,-73.426487
12173,-79.516760,-73.460105
12174,-79.343452,-73.523594
12175,-79.183200,-73.615166
12176,-79.040514,-73.732242
12177,-78.919412,-73.871528
12178,-78.823303,-74.029102
12179,-78.754893,-74.200526
12180,-73.896356,-73.865634
12181,-73.863714,-73.687150
12182,-73.802176,-73.516460
12183,-73.713417,-73.358209
12184,-73.599850,-73.216701
12185,-73.464566,-73.095787
12186,-73.311245,-72.998758
12187,-73.144060,-72.928252
12188,-72.967559,-72.886188
12189,-72.786545,-72.873711
12190,-72.605942,-72.891160
12191,-72.430664,-72.938060
12192,-72.265481,-73.013136
12193,-72.114887,-73.114345
12194,-71.982978,-73.238932
12195,-71.873345,-73.383509
12196,-71.788969,-73.544141
12197,-71.732147,-73.716458
12198,-66.895346,-73.383064
12199,-66.871749,-73.195458
12200,-66.816371,-73.014666
12201,-66.730849,-72.846028
12202,-66.617711,-72.694528
12203,-66.480298,-72.564642
12204,-66.322671,-72.460208
12205,-66.149488,-72.384312
12206,-65.965865,-72.339196
12207,-65.777229,-72.326194
12208,-65.589153,-72.345689
12209,-65.407195,-72.397106
12210,-65.236730,-72.478925
12211,-65.082795,-72.588728
12212,-64.949940,-72.723272
12213,-64.842089,-72.878581
12214,-64.762430,-73.050066
12215,-64.713315,-73.232659
12216,-59.890487,-72.900228
12217,-59.878467,-72.714845
12218,-59.835422,-72.534128
12219,-59.762580,-72.363231
12220,-59.662017,-72.207030
12221,-59.536603,-72.069979
12222,-59.389915,-71.955988
12223,-59.226136,-71.868307
12224,-59.049937,-71.809437
12225,-58.866345,-71.781058
12226,-58.680595,-71.783979
12227,-58.497985,-71.818117
12228,-58.323725,-71.882497
12229,-58.162783,-71.975284
12230,-58.019751,-72.093831
12231,-57.898708,-72.234757
12232,-57.803107,-72.394043
12233,-57.735673,-72.567145
12234,-57.698332,-72.749126
12235,-52.881833,-72.417131
12236,-52.850491,-72.605101
12237,-52.787177,-72.784841
12238,-52.693792,-72.950956
12239,-52.573139,-73.098461
12240,-52.428838,-73.222929
12241,-52.265221,-73.320625
12242,-52.087198,-73.388616
12243,-51.900112,-73.424862
12244,-51.709578,-73.428274
12245,-51.521314,-73.398752
12246,-51.340970,-73.337180
12247,-51.173959,-73.245406
12248,-51.025294,-73.126185
12249,-50.899436,-72.983095
12250,-50.800162,-72.820431
12251,-50.730453,-72.643074
12252,-50.692399,-72.456347
12253,-50.687143,-72.265855
12254,-45.869411,-71.933775
12255,-45.829275,-72.112753
12256,-45.759956,-72.282574
12257,-45.663382,-72.438516
12258,-45.542238,-72.576242
12259,-45.399892,-72.691922
12260,-45.240303,-72.782342
12261,-45.067908,-72.844985
12262,-44.887500,-72.878111
12263,-44.704096,-72.880798
12264,-44.522795,-72.852972
12265,-44.348639,-72.795407
12266,-44.186469,-72.709702
12267,-44.040795,-72.598242
12268,-43.915668,-72.464124
12269,-43.814566,-72.311079
12270,-43.740301,-72.143362
12271,-43.694938,-71.965637
12272,-43.679738,-71.782844
12273,-38.853173,-71.450155
12274,-38.801428,-71.629420
12275,-38.720130,-71.797361
12276,-38.611618,-71.949145
12277,-38.479013,-72.080407
12278,-38.326132,-72.187368
12279,-38.157372,-72.266952
12280,-37.977590,-72.316870
12281,-37.791957,-72.335684
12282,-37.605815,-72.322853
12283,-37.424519,-72.278747
12284,-37.253286,-72.204635
12285,-37.097042,-72.102649
12286,-36.960282,-71.975723
12287,-36.846941,-71.827509
12288,-36.760281,-71.662271
12289,-36.702794,-71.484764
12290,-36.676134,-71.300095
12291,-31.833059,-70.966268
12292,-31.769309,-71.145335
12293,-31.675684,-71.310754
12294,-31.554980,-71.457586
12295,-31.410800,-71.581447
12296,-31.247451,-71.678637
12297,-31.069808,-71.746256
12298,-30.883177,-71.782284
12299,-30.693131,-71.785646
12300,-30.505342,-71.756241
12301,-30.325420,-71.694947
12302,-30.158735,-71.603594
12303,-30.010265,-71.484910
12304,-29.884444,-71.342439
12305,-29.785027,-71.180434
12306,-29.714984,-71.003734
12307,-29.676406,-70.817613
12308,-24.808992,-70.482109
12309,-24.738463,-70.649732
12310,-24.641282,-70.803444
12311,-24.520103,-70.939044
12312,-24.378239,-71.052826
12313,-24.219567,-71.141680
12314,-24.048424,-71.203176
12315,-23.869488,-71.235636
12316,-23.687649,-71.238170
12317,-23.507878,-71.210710
12318,-23.335087,-71.154007
12319,-23.174001,-71.069610
12320,-23.029020,-70.959826
12321,-22.904109,-70.827656
12322,-22.802682,-70.676712
12323,-22.727509,-70.511120
12324,-22.680647,-70.335405
12325,-17.780749,-69.997662
12326,-17.698482,-70.163401
12327,-17.589598,-70.313007
12328,-17.457178,-70.442245
12329,-17.304969,-70.547459
12330,-17.137278,-70.625672
12331,-16.958849,-70.674670
12332,-16.774732,-70.693067
12333,-16.590136,-70.680343
12334,-16.410285,-70.636858
12335,-16.240266,-70.563842
12336,-16.084892,-70.463361
12337,-15.948559,-70.338258
12338,-15.835123,-70.192073
12339,-15.747795,-70.028943
12340,-15.689047,-69.853483
12341,3.514829,-68.529787
12342,3.655734,-68.640015
12343,3.812644,-68.725946
12344,3.981407,-68.785305
12345,4.157561,-68.816524
12346,4.336445,-68.818776
12347,4.513329,-68.792001
12348,4.683533,-68.736909
12349,4.842556,-68.654955
12350,4.986192,-68.548308
12351,5.110641,-68.419789
12352,10.197175,-68.069182
12353,10.261346,-68.247594
12354,10.355201,-68.412336
12355,10.475953,-68.558514
12356,10.620013,-68.681784
12357,10.783101,-68.778485
12358,10.960372,-68.845743
12359,11.146560,-68.881560
12360,11.336133,-68.884872
12361,11.523459,-68.855581
12362,11.702972,-68.794556
12363,11.869338,-68.703612
12364,12.017617,-68.585449
12365,12.143401,-68.443579
12366,12.242954,-68.282216
12367,12.313318,-68.106154
12368,12.352403,-67.920625
12369,17.192976,-67.586971
12370,17.252413,-67.412656
12371,17.340100,-67.250701
12372,17.453578,-67.105645
12373,17.589667,-66.981555
12374,17.744552,-66.881910
12375,17.913890,-66.809502
12376,18.092936,-66.766361
12377,18.276669,-66.753696
12378,18.459941,-66.771863
12379,18.637613,-66.820352
12380,18.804704,-66.897804
12381,18.956532,-67.002049
12382,19.088840,-67.130162
12383,19.197918,-67.278555
12384,19.280711,-67.443066
12385,24.549378,-67.079904
12386,24.690684,-66.978377
12387,24.846232,-66.900401
12388,25.012129,-66.847929
12389,25.184225,-66.822273
12390,25.358213,-66.824074
12391,25.529741,-66.853288
12392,25.694516,-66.909184
12393,25.848416,-66.990363
12394,45.454851,-65.638918
12395,45.386086,-64.641285
12396,11.967504,-66.944782
12397,11.814345,-66.837083
12398,11.645139,-66.756920
12399,11.464789,-66.706614
12400,11.278519,-66.687624
12401,11.091728,-66.700499
12402,10.909826,-66.744867
12403,10.738083,-66.819442
12404,10.581476,-66.922063
12405,10.444542,-67.049758
12406,5.313844,-67.403410
12407,5.245706,-67.231515
12408,5.149737,-67.073462
12409,5.028650,-66.933718
12410,4.885866,-66.816230
12411,4.725420,-66.724318
12412,4.551845,-66.660580
12413,4.370047,-66.626817
12414,4.185161,-66.623983
12415,4.002413,-66.652158
12416,3.826966,-66.710545
12417,3.663778,-66.797496
12418,3.517460,-66.910552
12419,3.392147,-67.046520
12420,3.291379,-67.201557
12421,3.218003,-67.371282
12422,3.174094,-67.550900
12423,-1.662992,-67.884314
12424,-1.718189,-68.065381
12425,-1.803612,-68.234303
12426,-1.916731,-68.386079
12427,-2.054196,-68.516214
12428,-2.211938,-68.620854
12429,-2.385284,-68.696900
12430,-2.569101,-68.742101
12431,-2.757946,-68.755118
12432,-2.946226,-68.735565
12433,-3.128367,-68.684022
12434,-3.298973,-68.602015
12435,-3.452994,-68.491972
12436,-3.585868,-68.357152
12437,-3.693660,-68.201547
12438,-3.773178,-68.029766
12439,-8.983390,-68.388899
12440,-9.131397,-68.506332
12441,-9.297316,-68.596704
12442,-9.476254,-68.657351
12443,-9.662930,-68.686483
12444,-9.851837,-68.683239
12445,-10.037403,-68.647717
12446,-10.214153,-68.580965
12447,-10.376873,-68.484950
12448,-15.930903,-68.867782
12449,-16.063145,-68.740295
12450,-16.214758,-68.636591
12451,-16.381513,-68.559562
12452,-16.558761,-68.511356
12453,-16.741560,-68.493318
12454,-16.924812,-68.505949
12455,-17.103407,-68.548898
12456,-17.272365,-68.620968
12457,-17.426974,-68.720148
12458,-17.562924,-68.843672
12459,-17.676424,-68.988098
12460,-22.993896,-69.354624
12461,-23.136804,-69.236609
12462,-23.297497,-69.144262
12463,-23.471414,-69.080204
12464,-23.653617,-69.046255
12465,-23.838933,-69.043378
12466,-24.022102,-69.071654
12467,-24.197923,-69.130281
12468,-24.361406,-69.217595
12469,-24.507909,-69.331117
12470,-24.633273,-69.467624
12471,-30.065914,-69.842089
12472,-30.218559,-69.735745
12473,-30.386943,-69.656646
12474,-30.566248,-69.607054
12475,-30.751346,-69.588388
12476,-30.936942,-69.601181
12477,-31.117728,-69.645067
12478,-31.288533,-69.718792
12479,-31.444471,-69.820246
12480,-31.581082,-69.946527
12481,-37.149649,-70.330361
12482,-37.310016,-70.238589
12483,-37.483481,-70.174954
12484,-37.665150,-70.141250
12485,-37.849897,-70.138430
12486,-38.032511,-70.166572
12487,-38.207837,-70.224883
12488,-38.370930,-70.311716
12489,-38.517189,-70.424623
12490,-44.249324,-70.819732
12491,-44.413176,-70.746275
12492,-44.586796,-70.700456
12493,-44.765558,-70.683494
12494,-44.944697,-70.695841
12495,-45.119441,-70.737170
12496,-45.285133,-70.806378
12497,-45.437357,-70.901621
12498,-51.373594,-71.310798
12499,-51.531497,-71.260540
12500,-51.695157,-71.234571
12501,-51.860862,-71.233482
12502,-52.024850,-71.257297
12503,-52.183400,-71.305475
12504,-52.332913,-71.376922
12505,-288.697468,-87.669209
12506,-288.687233,-86.666130
12507,-10.836021,-67.514226
12508,-10.807875,-67.331036
12509,-10.749372,-67.155172
12510,-10.662174,-66.991626
12511,-10.548755,-66.845042
12512,-10.412336,-66.719580
12513,-10.256790,-66.618803
12514,-10.086532,-66.545571
12515,-9.906395,-66.501964
12516,-9.721494,-66.489219
12517,-9.537078,-66.507698
12518,-9.358383,-66.556877
12519,-9.190480,-66.635359
12520,-9.038137,-66.740917
12521,-8.905679,-66.870553
12522,-8.796866,-67.020588
12523,-8.714787,-67.186762
12524,-8.661772,-67.364358
12525,-3.635399,-67.017897
12526,-3.521849,-66.882647
12527,-3.388119,-66.767310
12528,-3.237655,-66.674861
12529,-3.074336,-66.607680
12530,-2.902372,-66.567500
12531,-2.726193,-66.555356
12532,-2.550342,-66.571562
12533,-2.379351,-66.615699
12534,-2.217625,-66.686630
12535,-2.069335,-66.782527
12536,-1.938302,-66.900918
12537,45.317320,-63.643652
12538,46.073096,-62.589185
12539,-268.311946,-84.259317
12540,-268.472353,-84.342902
12541,-268.644288,-84.399069
12542,-268.823104,-84.426301
12543,-269.003965,-84.423861
12544,-269.181981,-84.391815
12545,-269.352339,-84.331030
12546,-275.216846,-84.735262
12547,-275.375122,-84.840870
12548,-275.549229,-84.917623
12549,-275.733958,-84.963223
12550,-275.923782,-84.976307
12551,-276.113021,-84.956484
12552,-276.296013,-84.904346
12553,-276.467282,-84.821453
12554,-282.142832,-85.212661
12555,-282.274790,-85.322320
12556,-282.422196,-85.410125
12557,-282.581463,-85.473940
12558,-282.748715,-85.512212
12559,-282.919885,-85.524010
12560,-283.090806,-85.509048
12561,-283.257322,-85.467689
12562,-283.415381,-85.400939
12563,-283.561138,-85.310423
12564,-288.676997,-85.663052
12565,-288.666762,-84.659974
12566,-284.006398,-84.338741
12567,-283.976807,-84.157024
12568,-283.917323,-83.982788
12569,-283.829612,-83.820913
12570,-283.716131,-83.675935
12571,-283.580059,-83.551914
12572,-283.425208,-83.452325
12573,-283.255916,-83.379959
12574,-283.076926,-83.336841
12575,-282.893251,-83.324181
12576,-282.710037,-83.342332
12577,-282.532417,-83.390786
12578,-282.365367,-83.468187
12579,-282.213565,-83.572365
12580,-282.081266,-83.700402
12581,-281.972174,-83.848711
12582,-281.889346,-84.013138
12583,-281.835103,-84.189077
12584,-277.004040,-83.856078
12585,-276.983791,-83.665421
12586,-276.930744,-83.481176
12587,-276.846512,-83.308940
12588,-276.733653,-83.153947
12589,-276.595595,-83.020904
12590,-276.436534,-82.913854
12591,-276.261302,-82.836049
12592,-276.075221,-82.789853
12593,-275.883945,-82.776668
12594,-275.693286,-82.796897
12595,-275.509035,-82.849923
12596,-275.336790,-82.934137
12597,-275.181785,-83.046979
12598,-275.048727,-83.185022
12599,-274.941660,-83.344071
12600,-274.863835,-83.519295
12601,-274.817619,-83.705371
12602,-269.997856,-83.373152
12603,-269.989303,-83.185084
12604,-269.948807,-83.001229
12605,-269.877553,-82.826972
12606,-269.777629,-82.667418
12607,-269.651960,-82.527239
12608,-269.504229,-82.410542
12609,-269.338763,-82.320746
12610,-269.160408,-82.260480
12611,-268.974388,-82.231509
12612,-268.786153,-82.234683
12613,-268.601216,-82.269908
12614,-268.424993,-82.336152
12615,-268.262648,-82.431476
12616,-268.118935,-82.553086
12617,-267.998064,-82.697422
12618,-267.903575,-82.860254
12619,-267.838235,-83.036814
12620,-267.803960,-83.221929
12621,-262.987897,-82.889965
12622,-262.953404,-83.074863
12623,-262.887916,-83.251183
12624,-262.793346,-83.413768
12625,-262.672461,-83.557865
12626,-262.528794,-83.679261
12627,-262.366545,-83.774407
12628,-262.190459,-83.840521
12629,-262.005684,-83.875669
12630,-261.817622,-83.878825
12631,-261.631772,-83.849896
12632,-261.453567,-83.789728
12633,-261.288217,-83.700079
12634,-261.140558,-83.583572
12635,-261.014906,-83.443612
12636,-260.914934,-83.284291
12637,-260.843567,-83.110269
12638,-260.802890,-82.926631
12639,-260.794093,-82.738749
12640,-255.974146,-82.406516
12641,-255.927723,-82.592351
12642,-255.849768,-82.767315
12643,-255.742643,-82.926104
12644,-255.609598,-83.063902
12645,-255.454665,-83.176532
12646,-255.282544,-83.260577
12647,-255.098452,-83.313491
12648,-254.907973,-83.333668
12649,-254.716881,-83.320496
12650,-254.530971,-83.274375
12651,-254.355881,-83.196704
12652,-254.196919,-83.089837
12653,-254.058905,-82.957015
12654,-253.946024,-82.802265
12655,-253.861699,-82.630280
12656,-253.808487,-82.446275
12657,-253.788001,-82.255828
12658,-248.956568,-81.922804
12659,-248.902141,-82.098492
12660,-248.819202,-82.262655
12661,-248.710070,-82.410704
12662,-248.577796,-82.538500
12663,-248.426077,-82.642470
12664,-248.259156,-82.719707
12665,-248.081698,-82.768053
12666,-247.898666,-82.786155
12667,-247.715177,-82.773507
12668,-247.536360,-82.730464
12669,-247.367214,-82.658227
12670,-247.212469,-82.558818
12671,-247.076450,-82.435014
12672,-246.962961,-82.290278
12673,-246.875174,-82.128656
12674,-246.815543,-81.954665
12675,-246.785736,-81.773172
12676,-241.935111,-81.438825
12677,-241.868896,-81.613962
12678,-241.773939,-81.775332
12679,-241.652989,-81.918260
12680,-241.509550,-82.038605
12681,-241.347780,-82.132880
12682,-241.172365,-82.198353
12683,-240.988386,-82.233128
12684,-240.801175,-82.236197
12685,-240.616156,-82.207471
12686,-240.438688,-82.147782
12687,-240.273915,-82.058860
12688,-240.126610,-81.943281
12689,-240.001040,-81.804394
12690,-239.900844,-81.646223
12691,-239.828925,-81.473350
12692,-239.787367,-81.290784
12693,-234.909594,-80.954566
12694,-234.831158,-81.128568
12695,-234.723825,-81.286393
12696,-234.590826,-81.423289
12697,-234.436166,-81.535134
12698,-234.264501,-81.618561
12699,-234.080998,-81.671058
12700,-233.891184,-81.691045
12701,-233.700771,-81.677920
12702,-233.515494,-81.632079
12703,-233.340930,-81.554900
12704,-233.182335,-81.448709
12705,-233.044483,-81.316701
12706,-232.931525,-81.162852
12707,-232.846862,-80.991793
12708,-232.793042,-80.808674
12709,-227.879859,-80.470016
12710,-227.795736,-80.631284
12711,-227.686187,-80.776485
12712,-227.554208,-80.901649
12713,-227.403408,-81.003353
12714,-227.237910,-81.078816
12715,-227.062239,-81.125975
12716,-226.881199,-81.143541
12717,-226.699738,-81.131033
12718,-226.522820,-81.088794
12719,-226.355281,-81.017978
12720,-226.201702,-80.920521
12721,-226.066283,-80.799088
12722,-225.952725,-80.657000
12723,-225.864135,-80.498141
12724,-225.802934,-80.326856
12725,-220.845707,-79.985161
12726,-220.749797,-80.143412
12727,-220.628717,-80.283346
12728,-220.485892,-80.401005
12729,-220.325366,-80.493056
12730,-220.151681,-80.556897
12731,-219.969752,-80.590720
12732,-219.784728,-80.593568
12733,-219.601844,-80.565361
12734,-219.426276,-80.506896
12735,-219.262993,-80.419828
12736,-219.116615,-80.306622
12737,-218.991285,-80.170481
12738,-218.890550,-80.015257
12739,-218.817259,-79.845343
12740,-213.806719,-79.499973
12741,-213.698676,-79.654301
12742,-213.565885,-79.787930
12743,-213.412239,-79.896941
12744,-213.242246,-79.978136
12745,-213.060891,-80.029134
12746,-212.873494,-80.048439
12747,-212.685552,-80.035484
12748,-212.502576,-79.990650
12749,-212.329933,-79.915252
12750,-212.172688,-79.811501
12751,-212.035452,-79.682440
12752,-211.922251,-79.531855
12753,-211.836406,-79.364162
12754,-206.762495,-79.014424
12755,-206.652172,-79.153060
12756,-206.521023,-79.272185
12757,-206.372451,-79.368709
12758,-206.210309,-79.440129
12759,-206.038804,-79.484592
12760,-205.862386,-79.500943
12761,-205.685631,-79.488760
12762,-205.513124,-79.448357
12763,-205.349342,-79.380784
12764,-205.198533,-79.287793
12765,-205.064609,-79.171796
12766,-204.951045,-79.035803
12767,-204.860787,-78.883342
12768,-199.712446,-78.528474
12769,-199.591266,-78.660585
12770,-199.450236,-78.771258
12771,-199.293103,-78.857553
12772,-199.124039,-78.917180
12773,-198.947535,-78.948553
12774,-198.768280,-78.950840
12775,-198.591033,-78.923980
12776,-198.420503,-78.868686
12777,-198.261219,-78.786427
12778,-198.117412,-78.679388
12779,-197.992902,-78.550412
12780,-197.890994,-78.402924
12781,-192.655844,-78.042072
12782,-192.523992,-78.166211
12783,-192.373558,-78.267034
12784,-192.208620,-78.341808
12785,-192.033650,-78.388508
12786,-191.853388,-78.405866
12787,-191.672721,-78.393413
12788,-191.496546,-78.351486
12789,-191.329637,-78.281221
12790,-191.176519,-78.184524
12791,-191.041342,-78.064014
12792,-190.927769,-77.922958
12793,-185.591383,-77.555129
12794,-185.449381,-77.669447
12795,-185.290448,-77.758742
12796,-185.118950,-77.820563
12797,-184.939597,-77.853210
12798,-184.757315,-77.855788
12799,-184.577111,-77.828224
12800,-184.403934,-77.771278
12801,-184.242540,-77.686512
12802,-184.097362,-77.576254
12803,-183.972387,-77.443533
12804,-178.517430,-77.067531
12805,-178.366423,-77.169739
12806,-178.200606,-77.245597
12807,-178.024535,-77.293020
12808,-177.843050,-77.310705
12809,-177.661136,-77.298166
12810,-177.483793,-77.255747
12811,-177.315895,-77.184615
12812,-177.162054,-77.086724
12813,-177.026498,-76.964763
12814,-171.431403,-76.579101
12815,-171.273716,-76.666308
12816,-171.103906,-76.726601
12817,-170.926531,-76.758361
12818,-170.746351,-76.760735
12819,-170.568200,-76.733661
12820,-170.396861,-76.677865
12821,-170.236929,-76.594844
12822,-170.092698,-76.486825
12823,-164.328231,-76.089489
12824,-164.168743,-76.157844
12825,-164.000489,-76.200268
12826,-163.827658,-76.215707
12827,-163.654549,-76.203774
12828,-163.485471,-76.164769
12829,-163.324630,-76.099660
12830,-163.176028,-76.010069
12831,46.004330,-61.591552
12832,45.935565,-60.593919
12833,-51.141966,-67.285341
12834,-51.302379,-67.368934
12835,-51.474323,-67.425107
12836,-51.653148,-67.452341
12837,-51.834019,-67.449900
12838,-52.012044,-67.417850
12839,-52.182410,-67.357057
12840,-58.046871,-67.761287
12841,-58.205151,-67.866901
12842,-58.379264,-67.943659
12843,-58.563999,-67.989262
12844,-58.753830,-68.002347
12845,-58.943075,-67.982522
12846,-59.126073,-67.930379
12847,-59.297347,-67.847480
12848,-64.972861,-68.238686
12849,-65.104821,-68.348350
12850,-65.252230,-68.436159
12851,-65.411500,-68.499977
12852,-65.578757,-68.538251
12853,-65.749931,-68.550050
12854,-65.920858,-68.535086
12855,-66.087378,-68.493725
12856,-66.245440,-68.426971
12857,-66.391199,-68.336450
12858,-71.913088,-68.717066
12859,-72.036498,-68.838915
12860,-72.177525,-68.939852
12861,-72.332664,-69.017370
12862,-72.498058,-69.069542
12863,-72.669597,-69.095069
12864,-72.843015,-69.093319
12865,-73.014003,-69.064334
12866,-73.178311,-69.008835
12867,-73.331853,-68.928202
12868,-73.470814,-68.824438
12869,-78.864070,-69.196188
12870,-78.989949,-69.339647
12871,-79.138730,-69.459189
12872,-79.305935,-69.551214
12873,-79.486530,-69.612952
12874,-79.675078,-69.642545
12875,-79.865904,-69.639102
12876,-80.053261,-69.602726
12877,-80.231511,-69.534513
12878,-80.395287,-69.436515
12879,-80.539659,-69.311684
12880,-85.823510,-69.675893
12881,-85.936709,-69.826503
12882,-86.073950,-69.955587
12883,-86.231206,-70.059358
12884,-86.403863,-70.134770
12885,-86.586858,-70.179612
12886,-86.774820,-70.192568
12887,-86.962236,-70.173258
12888,-87.143608,-70.122248
12889,-87.313614,-70.041036
12890,-87.467268,-69.932003
12891,-87.600062,-69.798348
12892,-92.790109,-70.156091
12893,-92.890697,-70.312149
12894,-93.016099,-70.449066
12895,-93.162742,-70.562943
12896,-93.326449,-70.650534
12897,-93.502555,-70.709344
12898,-93.686044,-70.737698
12899,-93.871687,-70.734788
12900,-94.054197,-70.700696
12901,-94.228374,-70.636395
12902,-94.389254,-70.543716
12903,-94.532256,-70.425299
12904,-94.653305,-70.284518
12905,-99.762951,-70.636719
12906,-99.851178,-70.796846
12907,-99.964709,-70.940148
12908,-100.100407,-71.062667
12909,-100.254524,-71.161018
12910,-100.422801,-71.232484
12911,-100.600591,-71.275092
12912,-100.782983,-71.287664
12913,-100.964938,-71.269853
12914,-101.141429,-71.222151
12915,-101.307582,-71.145876
12916,-101.458807,-71.043134
12917,-101.590926,-70.916764
12918,-101.700290,-70.770257
12919,-106.741247,-71.117724
12920,-106.817432,-71.280844
12921,-106.919206,-71.429352
12922,-107.043841,-71.559269
12923,-107.187998,-71.667117
12924,-107.347817,-71.750005
12925,-107.519015,-71.805713
12926,-107.697008,-71.832750
12927,-107.877027,-71.830391
12928,-108.054250,-71.798698
12929,-108.223930,-71.738522
12930,-108.381522,-71.651474
12931,-108.522803,-71.539885
12932,-108.643990,-71.406746
12933,-108.741836,-71.255621
12934,-113.724542,-71.599073
12935,-113.794652,-71.775641
12936,-113.894097,-71.937514
12937,-114.019911,-72.079861
12938,-114.168341,-72.198437
12939,-114.334960,-72.289706
12940,-114.514798,-72.350944
12941,-114.702491,-72.380326
12942,-114.892440,-72.376975
12943,-115.078980,-72.340990
12944,-115.256546,-72.273446
12945,-115.419841,-72.176356
12946,-115.563996,-72.052617
12947,-115.684710,-71.905921
12948,-115.778383,-71.740641
12949,-120.712456,-72.080740
12950,-120.770089,-72.258014
12951,-120.856827,-72.423011
12952,-120.970179,-72.570993
12953,-121.106891,-72.697711
12954,-121.263037,-72.799525
12955,-121.434132,-72.873512
12956,-121.615263,-72.917547
12957,-121.801228,-72.930365
12958,-121.986688,-72.911599
12959,-122.166317,-72.861787
12960,-122.334955,-72.782360
12961,-122.487760,-72.675598
12962,-122.620345,-72.544568
12963,-122.728901,-72.393032
12964,-122.810312,-72.225342
12965,-127.704719,-72.562707
12966,-127.750386,-72.740030
12967,-127.824836,-72.907321
12968,-127.926005,-73.059944
12969,-128.051091,-73.193670
12970,-128.196626,-73.304793
12971,-128.358579,-73.390234
12972,-128.532462,-73.447626
12973,-128.713455,-73.475378
12974,-128.896545,-73.472722
12975,-129.076658,-73.439730
12976,-129.248802,-73.377318
12977,-129.408208,-73.287214
12978,-129.550458,-73.171915
12979,-129.671612,-73.034617
12980,-129.768310,-72.879123
12981,-129.837875,-72.709743
12982,-134.701079,-73.044957
12983,-134.738308,-73.232625
12984,-134.807492,-73.411004
12985,-134.906538,-73.574697
12986,-135.032449,-73.718752
12987,-135.181417,-73.838811
12988,-135.348934,-73.931242
12989,-135.529933,-73.993248
12990,-135.718938,-74.022955
12991,-135.910232,-74.019462
12992,-136.098027,-73.982876
12993,-136.276642,-73.914303
12994,-136.440673,-73.815819
12995,-136.585158,-73.690402
12996,-136.705727,-73.541847
12997,-136.798731,-73.374647
12998,-136.861357,-73.193862
12999,-141.701406,-73.527480
13000,-141.726651,-73.713523
13001,-141.783166,-73.892564
13002,-141.869305,-74.059386
13003,-141.982560,-74.209129
13004,-142.119629,-74.337432
13005,-142.276521,-74.440556
13006,-142.448664,-74.515497
13007,-142.631045,-74.560072
13008,-142.818349,-74.572983
13009,-143.005120,-74.553853
13010,-143.185918,-74.503239
13011,-143.355475,-74.422617
13012,-143.508852,-74.314335
13013,-143.641581,-74.181547
13014,-143.749794,-74.028121
13015,-143.830341,-73.858528
13016,-143.880873,-73.677707
13017,-148.705593,-74.010269
13018,-148.719338,-74.194263
13019,-148.763643,-74.373372
13020,-148.837261,-74.542556
13021,-148.938121,-74.697055
13022,-149.063386,-74.832523
13023,-149.209532,-74.945148
13024,-149.372446,-75.031761
13025,-149.547545,-75.089926
13026,-149.729903,-75.118007
13027,-149.914389,-75.115212
13028,-150.095812,-75.081622
13029,-150.269069,-75.018180
13030,-150.429285,-74.926672
13031,-150.571952,-74.809673
13032,-150.693057,-74.670473
13033,-150.789192,-74.512990
13034,-150.857653,-74.341654
13035,-150.896512,-74.161286
13036,-155.713578,-74.493320
13037,-155.717241,-74.684941
13038,-155.754108,-74.873019
13039,-155.823061,-75.051842
13040,-155.922005,-75.215983
13041,-156.047938,-75.360459
13042,-156.197036,-75.480883
13043,-156.364773,-75.573601
13044,-156.546057,-75.635797
13045,-156.735385,-75.665583
13046,-156.927010,-75.662055
13047,-157.115113,-75.625321
13048,-157.293985,-75.556494
13049,-157.458196,-75.457666
13050,-157.602760,-75.331835
13051,-157.723290,-75.182822
13052,-157.816126,-75.015151
13053,-157.878450,-74.833910
13054,-157.908370,-74.644603
13055,-162.725344,-74.976631
13056,-162.763999,-74.796042
13057,-162.832322,-74.624466
13058,-162.928385,-74.466737
13059,-163.049482,-74.327303
13060,-163.192200,-74.210094
13061,-163.352515,-74.118412
13062,-163.525909,-74.054843
13063,-163.707494,-74.021178
13064,-163.892152,-74.018367
13065,-164.074678,-74.046488
13066,-164.249927,-74.104749
13067,-164.412959,-74.191507
13068,-164.559178,-74.304318
13069,-164.684464,-74.440000
13070,-164.785285,-74.594731
13071,-164.858799,-74.764148
13072,-164.902934,-74.943476
13073,-164.916446,-75.127661
13074,-169.740912,-75.460204
13075,-169.791263,-75.279156
13076,-169.871697,-75.109319
13077,-169.979865,-74.955652
13078,-170.112611,-74.822638
13079,-170.266060,-74.714161
13080,-170.435734,-74.633386
13081,-170.616681,-74.582669
13082,-170.803621,-74.563493
13083,-170.991096,-74.576415
13084,-171.173636,-74.621059
13085,-171.345913,-74.696123
13086,-171.502900,-74.799415
13087,-171.640014,-74.927920
13088,-171.753254,-75.077889
13089,-171.839316,-75.244944
13090,-171.895686,-75.424211
13091,-171.920721,-75.610456
13092,-176.760314,-75.944042
13093,-176.822761,-75.762987
13094,-176.915665,-75.595507
13095,-177.036211,-75.446681
13096,-177.180743,-75.321018
13097,-177.344881,-75.222330
13098,-177.523649,-75.153607
13099,-177.711627,-75.116933
13100,-177.903117,-75.113419
13101,-178.092313,-75.143173
13102,-178.273481,-75.205292
13103,-178.441129,-75.297893
13104,-178.590174,-75.418168
13105,-178.716098,-75.562473
13106,-178.815084,-75.726432
13107,-178.884131,-75.905074
13108,-178.921145,-76.092985
13109,-183.783699,-76.428155
13110,-183.853108,-76.258496
13111,-183.949728,-76.102719
13112,-184.070876,-75.965150
13113,-184.213187,-75.849610
13114,-184.372708,-75.759306
13115,-184.545011,-75.696748
13116,-184.725311,-75.663671
13117,-184.908599,-75.660995
13118,-185.089787,-75.688794
13119,-185.263843,-75.746296
13120,-185.425933,-75.831904
13121,-185.571556,-75.943240
13122,-185.696668,-76.077214
13123,-185.797795,-76.230103
13124,-185.872128,-76.397664
13125,-185.917603,-76.575242
13126,-190.811199,-76.912551
13127,-190.892482,-76.744574
13128,-191.000988,-76.592754
13129,-191.133595,-76.461460
13130,-191.286487,-76.354470
13131,-191.455264,-76.274863
13132,-191.635068,-76.224931
13133,-191.820726,-76.206110
13134,-192.006893,-76.218942
13135,-192.188212,-76.263058
13136,-192.359465,-76.337189
13137,-192.515724,-76.439199
13138,-192.652490,-76.566155
13139,-192.765829,-76.714402
13140,-192.852478,-76.879674
13141,-192.909944,-77.057214
13142,-197.842982,-77.397242
13143,-197.936540,-77.231626
13144,-198.057230,-77.084603
13145,-198.201444,-76.960571
13146,-198.364869,-76.863237
13147,-198.542619,-76.795513
13148,-198.729379,-76.759424
13149,-198.919564,-76.756048
13150,-199.107487,-76.785486
13151,-199.287529,-76.846859
13152,-199.454306,-76.938331
13153,-199.602831,-77.057167
13154,-199.728663,-77.199813
13155,-199.828039,-77.362004
13156,-199.897988,-77.538891
13157,-204.879414,-77.882253
13158,-204.977174,-77.730785
13159,-205.098362,-77.597319
13160,-205.239723,-77.485439
13161,-205.397459,-77.398151
13162,-205.567334,-77.337800
13163,-205.744785,-77.306006
13164,-205.925046,-77.303624
13165,-206.103276,-77.330717
13166,-206.274687,-77.386557
13167,-206.434675,-77.469645
13168,-206.578943,-77.577750
13169,-206.703616,-77.707966
13170,-206.805345,-77.856798
13171,-206.881399,-78.020248
13172,-211.920835,-78.367609
13173,-212.030143,-78.220724
13174,-212.162301,-78.094006
13175,-212.313648,-77.990964
13176,-212.479989,-77.914453
13177,-212.656718,-77.866594
13178,-212.838936,-77.848712
13179,-213.021597,-77.861302
13180,-213.199639,-77.904017
13181,-213.368129,-77.975671
13182,-213.522400,-78.074281
13183,-213.658177,-78.197114
13184,-213.771699,-78.340767
13185,-213.859821,-78.501261
13186,-218.967750,-78.853343
13187,-219.088782,-78.712174
13188,-219.231865,-78.593409
13189,-219.392907,-78.500442
13190,-219.567309,-78.435929
13191,-219.750084,-78.401715
13192,-219.936012,-78.398776
13193,-220.119778,-78.427197
13194,-220.296131,-78.486166
13195,-220.460031,-78.573997
13196,-220.606795,-78.688181
13197,-220.732229,-78.825455
13198,-220.832748,-78.981895
13199,-226.020765,-79.339498
13200,-226.153590,-79.205386
13201,-226.307389,-79.095957
13202,-226.477631,-79.014433
13203,-226.659305,-78.963214
13204,-226.847060,-78.943809
13205,-227.035369,-78.956789
13206,-227.218686,-79.001771
13207,-227.391615,-79.077432
13208,-227.549061,-79.181544
13209,-227.686391,-79.311040
13210,-227.799560,-79.462108
13211,-233.080980,-79.826149
13212,-233.225450,-79.700812
13213,-233.389447,-79.602395
13214,-233.568012,-79.533871
13215,-233.755747,-79.497314
13216,-233.946976,-79.493828
13217,-234.135919,-79.523519
13218,-234.316863,-79.585489
13219,-234.484337,-79.677864
13220,-234.633279,-79.797852
13221,-234.759186,-79.941825
13222,-240.149705,-80.313386
13223,-240.288819,-80.209146
13224,-240.442617,-80.128122
13225,-240.607259,-80.072340
13226,-240.778633,-80.043191
13227,-240.952459,-80.041404
13228,-241.124396,-80.067024
13229,-241.290150,-80.119411
13230,-241.445581,-80.197255
13231,-241.586808,-80.298614
13232,-241.710304,-80.420956
13233,-247.228923,-80.801347
13234,-247.374957,-80.710262
13235,-247.533412,-80.643071
13236,-247.700408,-80.601419
13237,-247.871857,-80.586326
13238,-248.043561,-80.598162
13239,-248.211318,-80.636636
13240,-248.371020,-80.700806
13241,-248.518757,-80.789103
13242,-248.650913,-80.899363
13243,-254.322372,-81.290289
13244,-254.494166,-81.206688
13245,-254.677834,-81.154074
13246,-254.867836,-81.134034
13247,-255.058439,-81.147172
13248,-255.243895,-81.193092
13249,-255.418607,-81.270409
13250,-255.577305,-81.376790
13251,-261.436671,-81.780668
13252,-261.607907,-81.719087
13253,-261.786952,-81.686578
13254,-261.968906,-81.684033
13255,-262.148791,-81.711520
13256,-262.321682,-81.768286
13257,-262.482849,-81.852780
13258,-288.656527,-83.656896
13259,-288.646292,-82.653817
13260,-157.338599,-73.602957
13261,-157.165033,-73.526707
13262,-156.980952,-73.481391
13263,-156.791824,-73.468355
13264,-156.603267,-73.487985
13265,-156.420880,-73.539700
13266,-150.448424,-73.128027
13267,-150.299310,-73.037658
13268,-150.137790,-72.971986
13269,-149.967922,-72.932662
13270,-149.793975,-72.920672
13271,-149.620318,-72.936318
13272,-149.451315,-72.979207
13273,-149.291212,-73.048262
13274,-143.531137,-72.651228
13275,-143.386637,-72.542580
13276,-143.226292,-72.459069
13277,-143.054434,-72.402950
13278,-142.875705,-72.375738
13279,-142.694933,-72.378170
13280,-142.517000,-72.410179
13281,-142.346714,-72.470900
13282,-142.188673,-72.558693
13283,-136.597120,-72.173275
13284,-136.461414,-72.050726
13285,-136.307283,-71.952349
13286,-136.138984,-71.880864
13287,-135.961169,-71.838246
13288,-135.778751,-71.825672
13289,-135.596771,-71.843490
13290,-135.420256,-71.891208
13291,-135.254084,-71.967506
13292,-135.102848,-72.070277
13293,-129.650976,-71.694487
13294,-129.525943,-71.561246
13295,-129.380580,-71.450540
13296,-129.218896,-71.365424
13297,-129.045353,-71.308247
13298,-128.864739,-71.280586
13299,-128.682039,-71.283204
13300,-128.502292,-71.316030
13301,-128.330459,-71.378157
13302,-128.171281,-71.467871
13303,-128.029149,-71.582697
13304,-122.695320,-71.215043
13305,-122.581753,-71.073554
13306,-122.446473,-70.952657
13307,-122.293161,-70.855640
13308,-122.125988,-70.785144
13309,-121.949500,-70.743086
13310,-121.768500,-70.730610
13311,-121.587911,-70.748055
13312,-121.412646,-70.794948
13313,-121.247472,-70.870011
13314,-121.096884,-70.971204
13315,-120.964978,-71.095773
13316,-115.731994,-70.735071
13317,-115.630140,-70.587168
13318,-115.505578,-70.457810
13319,-115.361628,-70.350442
13320,-115.202127,-70.267928
13321,-115.031325,-70.212466
13322,-114.853775,-70.185534
13323,-114.674209,-70.187850
13324,-114.497413,-70.219353
13325,-114.328098,-70.279202
13326,-114.170779,-70.365804
13327,-114.029646,-70.476848
13328,-113.908463,-70.609377
13329,-108.762052,-70.254642
13330,-108.671884,-70.101809
13331,-108.558314,-69.965463
13332,-108.424299,-69.849152
13333,-108.273326,-69.755903
13334,-108.109324,-69.688143
13335,-107.936560,-69.647635
13336,-107.759531,-69.635432
13337,-107.582843,-69.651853
13338,-107.411095,-69.696471
13339,-107.248755,-69.768124
13340,-107.100049,-69.864947
13341,-106.968847,-69.984421
13342,-106.858562,-70.123437
13343,-101.786301,-69.773813
13344,-101.700578,-69.605760
13345,-101.587400,-69.454826
13346,-101.450097,-69.325451
13347,-101.292706,-69.221440
13348,-101.119857,-69.145852
13349,-100.936635,-69.100910
13350,-100.748427,-69.087937
13351,-100.560771,-69.107315
13352,-100.379186,-69.158472
13353,-100.209013,-69.239905
13354,-100.055257,-69.349218
13355,-99.922440,-69.483195
13356,-99.814470,-69.637898
13357,-94.805294,-69.292622
13358,-94.732141,-69.122405
13359,-94.631458,-68.966881
13360,-94.506102,-68.830459
13361,-94.359628,-68.717011
13362,-94.196192,-68.629755
13363,-94.020430,-68.571166
13364,-93.837328,-68.542905
13365,-93.652080,-68.545776
13366,-93.469941,-68.579696
13367,-93.296079,-68.643702
13368,-93.135425,-68.735980
13369,-92.992536,-68.853912
13370,-92.871466,-68.994152
13371,-92.775651,-69.152721
13372,-87.819542,-68.811103
13373,-87.758506,-68.639528
13374,-87.670000,-68.480373
13375,-87.556448,-68.338001
13376,-87.420963,-68.216315
13377,-87.267258,-68.118650
13378,-87.099546,-68.047682
13379,-86.922424,-68.005357
13380,-86.740747,-67.992834
13381,-86.559492,-68.010457
13382,-86.383630,-68.057743
13383,-86.217978,-68.133395
13384,-86.067079,-68.235341
13385,-85.935067,-68.360786
13386,-85.825560,-68.506292
13387,-85.741561,-68.667871
13388,-80.829330,-68.329278
13389,-80.775700,-68.145880
13390,-80.691143,-67.974531
13391,-80.578208,-67.820399
13392,-80.440305,-67.688136
13393,-80.281595,-67.581732
13394,-80.106865,-67.504399
13395,-79.921389,-67.458470
13396,-79.730764,-67.445330
13397,-79.540740,-67.465377
13398,-79.357053,-67.518005
13399,-79.185244,-67.601626
13400,-79.030498,-67.713717
13401,-78.897484,-67.850896
13402,-78.790216,-68.009024
13403,-78.711930,-68.183328
13404,-73.834893,-67.847161
13405,-73.793525,-67.664362
13406,-73.721725,-67.491240
13407,-73.621577,-67.332819
13408,-73.495989,-67.193699
13409,-73.348606,-67.077919
13410,-73.183708,-66.988840
13411,-73.006080,-66.929047
13412,-72.820881,-66.900277
13413,-72.633485,-66.903365
13414,-72.449334,-66.938220
13415,-72.273772,-67.003832
13416,-72.111898,-67.098296
13417,-71.968410,-67.218868
13418,-71.847473,-67.362050
13419,-71.752599,-67.523684
13420,-71.686541,-67.699078
13421,-66.836441,-67.364767
13422,-66.806849,-67.183052
13423,-66.747363,-67.008818
13424,-66.659651,-66.846945
13425,-66.546170,-66.701969
13426,-66.410099,-66.577950
13427,-66.255249,-66.478363
13428,-66.085958,-66.405997
13429,-65.906969,-66.362881
13430,-65.723296,-66.350220
13431,-65.540084,-66.368371
13432,-65.362465,-66.416825
13433,-65.195416,-66.494224
13434,-65.043615,-66.598400
13435,-64.911316,-66.726435
13436,-64.802224,-66.874742
13437,-64.719395,-67.039167
13438,-64.665150,-67.215103
13439,-59.834084,-66.882104
13440,-59.813833,-66.691449
13441,-59.760785,-66.507206
13442,-59.676552,-66.334972
13443,-59.563692,-66.179981
13444,-59.425635,-66.046940
13445,-59.266575,-65.939892
13446,-59.091344,-65.862088
13447,-58.905264,-65.815892
13448,-58.713990,-65.802708
13449,-58.523333,-65.822936
13450,-58.339083,-65.875961
13451,-58.166840,-65.960173
13452,-58.011834,-66.073014
13453,-57.878777,-66.211054
13454,-57.771709,-66.370102
13455,-57.693884,-66.545324
13456,-57.647665,-66.731397
13457,-52.827901,-66.399177
13458,-52.819346,-66.211111
13459,-52.778848,-66.027258
13460,-52.707593,-65.853004
13461,-52.607668,-65.693451
13462,-52.482000,-65.553275
13463,-52.334270,-65.436579
13464,-52.168804,-65.346784
13465,-51.990450,-65.286519
13466,-51.804432,-65.257549
13467,-51.616199,-65.260722
13468,-51.431263,-65.295946
13469,-51.255042,-65.362190
13470,-51.092698,-65.457512
13471,-50.948985,-65.579120
13472,-50.828113,-65.723454
13473,-50.733624,-65.886284
13474,-50.668283,-66.062842
13475,-50.634006,-66.247955
13476,-45.817942,-65.915991
13477,-45.783452,-66.100891
13478,-45.717965,-66.277213
13479,-45.623396,-66.439800
13480,-45.502511,-66.583899
13481,-45.358843,-66.705297
13482,-45.196594,-66.800445
13483,-45.020507,-66.866559
13484,-44.835730,-66.901709
13485,-44.647667,-66.904865
13486,-44.461815,-66.875935
13487,-44.283608,-66.815766
13488,-44.118258,-66.726116
13489,-43.970598,-66.609607
13490,-43.844945,-66.469645
13491,-43.744975,-66.310323
13492,-43.673608,-66.136298
13493,-43.632933,-65.952659
13494,-43.624137,-65.764775
13495,-38.804192,-65.432542
13496,-38.757772,-65.618379
13497,-38.679818,-65.793346
13498,-38.572693,-65.952136
13499,-38.439648,-66.089937
13500,-38.284714,-66.202568
13501,-38.112592,-66.286615
13502,-37.928499,-66.339530
13503,-37.738018,-66.359707
13504,-37.546925,-66.346535
13505,-37.361013,-66.300414
13506,-37.185922,-66.222741
13507,-37.026959,-66.115873
13508,-36.888944,-65.983049
13509,-36.776064,-65.828297
13510,-36.691740,-65.656310
13511,-36.638529,-65.472303
13512,-36.618045,-65.281854
13513,-31.786593,-64.948829
13514,-31.732156,-65.124502
13515,-31.649211,-65.288651
13516,-31.540077,-65.436686
13517,-31.407803,-65.564469
13518,-31.256089,-65.668427
13519,-31.089175,-65.745656
13520,-30.911727,-65.793995
13521,-30.728705,-65.812095
13522,-30.545225,-65.799448
13523,-30.366418,-65.756408
13524,-30.197280,-65.684179
13525,-30.042540,-65.584779
13526,-29.906525,-65.460987
13527,-29.793035,-65.316265
13528,-29.705244,-65.154656
13529,-29.645605,-64.980679
13530,-29.615787,-64.799198
13531,-24.765159,-64.464851
13532,-24.698946,-64.639991
13533,-24.603989,-64.801363
13534,-24.483039,-64.944294
13535,-24.339601,-65.064641
13536,-24.177829,-65.158917
13537,-24.002412,-65.224392
13538,-23.818432,-65.259167
13539,-23.631219,-65.262236
13540,-23.446198,-65.233510
13541,-23.268730,-65.173820
13542,-23.103955,-65.084897
13543,-22.956649,-64.969316
13544,-22.831079,-64.830427
13545,-22.730884,-64.672253
13546,-22.658966,-64.499378
13547,-22.617410,-64.316810
13548,-17.739643,-63.980592
13549,-17.661209,-64.154597
13550,-17.553876,-64.312425
13551,-17.420877,-64.449323
13552,-17.266216,-64.561170
13553,-17.094550,-64.644599
13554,-16.911046,-64.697097
13555,-16.721229,-64.717085
13556,-16.530815,-64.703960
13557,-16.345536,-64.658117
13558,-16.170970,-64.580938
13559,-16.012374,-64.474744
13560,-15.874522,-64.342735
13561,-15.761564,-64.188883
13562,-15.676901,-64.017821
13563,-15.623083,-63.834700
13564,45.866799,-59.596286
13565,45.798034,-58.598654
13566,-15.911037,-62.852176
13567,-16.055506,-62.726843
13568,-16.219501,-62.628430
13569,-16.398063,-62.559909
13570,-16.585795,-62.523353
13571,-16.777021,-62.519868
13572,-16.965960,-62.549558
13573,-17.146901,-62.611525
13574,-17.314373,-62.703898
13575,-17.463313,-62.823882
13576,-17.589220,-62.967851
13577,-22.979764,-63.339413
13578,-23.118876,-63.235177
13579,-23.272672,-63.154157
13580,-23.437311,-63.098378
13581,-23.608681,-63.069230
13582,-23.782503,-63.067444
13583,-23.954437,-63.093063
13584,-24.120187,-63.145447
13585,-24.275616,-63.223289
13586,-24.416841,-63.324644
13587,-24.540335,-63.446981
13588,-30.058860,-63.827366
13589,-30.204909,-63.736249
13590,-30.363385,-63.669034
13591,-30.530408,-63.627366
13592,-30.701885,-63.612266
13593,-30.873619,-63.624103
13594,-31.041403,-63.662588
13595,-31.201129,-63.726779
13596,-31.348884,-63.815102
13597,-31.481051,-63.925395
13598,-37.152437,-64.316316
13599,-37.324227,-64.232722
13600,-37.507889,-64.180112
13601,-37.697884,-64.160073
13602,-37.888480,-64.173211
13603,-38.073929,-64.219128
13604,-38.248636,-64.296440
13605,-38.407331,-64.402814
13606,-44.266742,-64.806696
13607,-44.437970,-64.745121
13608,-44.617006,-64.712617
13609,-44.798951,-64.710072
13610,-44.978826,-64.737557
13611,-45.151709,-64.794318
13612,-45.312869,-64.878804
13613,-288.636057,-81.650739
13614,-288.625821,-80.647661
13615,38.451617,-58.102659
13616,38.572305,-58.249707
13617,38.716523,-58.373763
13618,38.879959,-58.471115
13619,39.057724,-58.538853
13620,39.244501,-58.574951
13621,39.434704,-58.578329
13622,39.622645,-58.548886
13623,39.802703,-58.487503
13624,39.969492,-58.396015
13625,40.118025,-58.277159
13626,40.243858,-58.134489
13627,40.343229,-57.972273
13628,45.729268,-57.601021
13629,45.660503,-56.603388
13630,40.333500,-56.970571
13631,40.236234,-56.817179
13632,40.115052,-56.681884
13633,39.973259,-56.568375
13634,39.814720,-56.479746
13635,39.643757,-56.418413
13636,39.465033,-56.386050
13637,39.283420,-56.383537
13638,39.103869,-56.410944
13639,38.931275,-56.467524
13640,38.770345,-56.551733
13641,38.625466,-56.661277
13642,38.500588,-56.793167
13643,38.399115,-56.943809
13644,38.323815,-57.109096
13645,33.458976,-57.444423
13646,33.437351,-57.633845
13647,33.383344,-57.816689
13648,33.298577,-57.987460
13649,33.185596,-58.141031
13650,33.047795,-58.272786
13651,32.889314,-58.378768
13652,32.714913,-58.455794
13653,32.529832,-58.501549
13654,32.339631,-58.514660
13655,32.150022,-58.494731
13656,31.966703,-58.442362
13657,31.795179,-58.359127
13658,31.640604,-58.247525
13659,31.507620,-58.110909
13660,31.400224,-57.953382
13661,31.321640,-57.779678
13662,31.274231,-57.595014
13663,26.288096,-57.938701
13664,26.174782,-58.087400
13665,26.037923,-58.214763
13666,25.881472,-58.317109
13667,25.709950,-58.391484
13668,25.528310,-58.435739
13669,25.341799,-58.448595
13670,25.155805,-58.429681
13671,24.975700,-58.379543
13672,24.806687,-58.299630
13673,24.653647,-58.192250
13674,24.521002,-58.060505
13675,-288.615586,-79.644582
13676,-288.605351,-78.641504
13677,10.606091,-58.017268
13678,10.747731,-58.130192
13679,10.905983,-58.218339
13680,11.076556,-58.279319
13681,11.254824,-58.311478
13682,11.435952,-58.313943
13683,11.615029,-58.286649
13684,11.787199,-58.230335
13685,11.947792,-58.146529
13686,12.092453,-58.037502
13687,12.217259,-57.906212
13688,17.294566,-57.556240
13689,17.357808,-57.736091
13690,17.451153,-57.902321
13691,17.571797,-58.049937
13692,17.716117,-58.174506
13693,17.879778,-58.272285
13694,18.057864,-58.340337
13695,18.245025,-58.376619
13696,18.435640,-58.380040
13697,18.623983,-58.350498
13698,18.804396,-58.288880
13699,18.971460,-58.197036
13700,19.120158,-58.077727
13701,19.246022,-57.934535
13702,19.345271,-57.771762
13703,19.414926,-57.594297
13704,19.452893,-57.407470
13705,24.294617,-57.073737
13706,24.354955,-56.900951
13707,24.443106,-56.740561
13708,24.556631,-56.597007
13709,24.692386,-56.474263
13710,24.846613,-56.375726
13711,25.015043,-56.304125
13712,25.193014,-56.261441
13713,25.375599,-56.248855
13714,25.557743,-56.266717
13715,25.734404,-56.314532
13716,25.900693,-56.390976
13717,26.052005,-56.493933
13718,26.184152,-56.620553
13719,26.293476,-56.767331
13720,26.376951,-56.930204
13721,31.659658,-56.566074
13722,31.799225,-56.468141
13723,31.952250,-56.392951
13724,32.115056,-56.342312
13725,32.283732,-56.317441
13726,32.454225,-56.318934
13727,32.622439,-56.346756
13728,32.784333,-56.400238
13729,32.936018,-56.478097
13730,45.591737,-55.605755
13731,45.522972,-54.608122
13732,19.057826,-56.432329
13733,18.905812,-56.327611
13734,18.738427,-56.249788
13735,18.560385,-56.201050
13736,18.376700,-56.182771
13737,18.192545,-56.195464
13738,18.013106,-56.238773
13739,17.843435,-56.311478
13740,17.688311,-56.411532
13741,17.552102,-56.536116
13742,12.410876,-56.890494
13743,12.341896,-56.720071
13744,12.245494,-56.563517
13745,12.124365,-56.425206
13746,11.981890,-56.309002
13747,11.822051,-56.218151
13748,11.649313,-56.155191
13749,11.468502,-56.121881
13750,11.284668,-56.119151
13751,11.102947,-56.147078
13752,10.928416,-56.204881
13753,10.765950,-56.290947
13754,10.620089,-56.402869
13755,10.494905,-56.537522
13756,10.393898,-56.691145
13757,10.319888,-56.859445
13758,10.274943,-57.037721
13759,5.438264,-57.371106
13760,5.384059,-57.553659
13761,5.299183,-57.724127
13762,5.186178,-57.877402
13763,5.048431,-58.008891
13764,4.890071,-58.114652
13765,4.715843,-58.191517
13766,4.530970,-58.237181
13767,4.340991,-58.250276
13768,4.151600,-58.230409
13769,3.968474,-58.178176
13770,3.797101,-58.095143
13771,3.642616,-57.983798
13772,3.509649,-57.847477
13773,3.402186,-57.690266
13774,3.323448,-57.516878
13775,-1.874460,-57.875162
13776,-2.006158,-57.984036
13777,-2.153128,-58.071200
13778,-2.311825,-58.134551
13779,-2.478418,-58.172560
13780,-2.648887,-58.184310
13781,-2.819119,-58.169518
13782,-2.985007,-58.128540
13783,-3.142547,-58.062366
13784,-3.287937,-57.972592
13785,-288.595116,-77.638426
13786,-288.584881,-76.635348
13787,-283.921600,-76.313914
13788,-283.881658,-76.493106
13789,-283.812469,-76.663159
13790,-283.715961,-76.819337
13791,-283.594822,-76.957288
13792,-283.452427,-77.073170
13793,-283.292742,-77.163756
13794,-283.120214,-77.226521
13795,-282.939651,-77.259718
13796,-282.756081,-77.262422
13797,-282.574619,-77.234557
13798,-282.400318,-77.176900
13799,-282.238034,-77.091056
13800,-282.092287,-76.979418
13801,-281.967138,-76.845094
13802,-281.866073,-76.691826
13803,-281.791906,-76.523885
13804,-281.746704,-76.345947
13805,-281.731725,-76.162969
13806,-276.905451,-75.830301
13807,-276.853888,-76.009802
13808,-276.772703,-76.177993
13809,-276.664235,-76.330026
13810,-276.531611,-76.461519
13811,-276.378654,-76.568680
13812,-276.209773,-76.648421
13813,-276.029836,-76.698444
13814,-275.844031,-76.717306
13815,-275.657712,-76.704463
13816,-275.476252,-76.660286
13817,-275.304881,-76.586048
13818,-275.148538,-76.483890
13819,-275.011731,-76.356756
13820,-274.898402,-76.208310
13821,-274.811820,-76.042832
13822,-274.754479,-75.865092
13823,-274.728033,-75.680214
13824,-269.885428,-75.346420
13825,-269.821846,-75.525748
13826,-269.728314,-75.691437
13827,-269.607629,-75.838530
13828,-269.463403,-75.962626
13829,-269.299949,-76.060012
13830,-269.122159,-76.127776
13831,-268.935352,-76.163888
13832,-268.745116,-76.167269
13833,-268.557143,-76.137819
13834,-268.377057,-76.076417
13835,-268.210246,-75.984901
13836,-268.061700,-75.866009
13837,-267.935864,-75.723298
13838,-267.836503,-75.561037
13839,-267.766589,-75.384082
13840,-267.728213,-75.197726
13841,-262.861454,-74.862267
13842,-262.791072,-75.030160
13843,-262.693963,-75.184145
13844,-262.572787,-75.320005
13845,-262.430862,-75.434019
13846,-262.272078,-75.523063
13847,-262.100781,-75.584700
13848,-261.921664,-75.617240
13849,-261.739634,-75.619793
13850,-261.559675,-75.592289
13851,-261.386718,-75.535480
13852,-261.225498,-75.450924
13853,-261.080432,-75.340935
13854,-260.955494,-75.208527
13855,-260.854104,-75.057326
13856,-260.779041,-74.891473
13857,-260.732360,-74.715511
13858,-255.833310,-74.377827
13859,-255.751171,-74.543862
13860,-255.642335,-74.693761
13861,-255.509889,-74.823270
13862,-255.357589,-74.928718
13863,-255.189753,-75.007115
13864,-255.011143,-75.056236
13865,-254.826822,-75.074689
13866,-254.642018,-75.061951
13867,-254.461972,-75.018382
13868,-254.291790,-74.945219
13869,-254.136299,-74.844537
13870,-253.999907,-74.719189
13871,-253.886483,-74.572732
13872,-253.799243,-74.409319
13873,-253.740662,-74.233583
13874,-248.800801,-73.893085
13875,-248.706518,-74.056548
13876,-248.585684,-74.201490
13877,-248.441855,-74.323647
13878,-248.279264,-74.419424
13879,-248.102695,-74.486002
13880,-247.917345,-74.521422
13881,-247.728669,-74.524641
13882,-247.542218,-74.495565
13883,-247.363481,-74.435049
13884,-247.197717,-74.344875
13885,-247.049804,-74.227695
13886,-246.924096,-74.086959
13887,-246.824292,-73.926808
13888,-246.753329,-73.751956
13889,-241.763683,-73.408026
13890,-241.665392,-73.557315
13891,-241.544220,-73.688713
13892,-241.403368,-73.798753
13893,-241.246554,-73.884529
13894,-241.077918,-73.943775
13895,-240.901913,-73.974928
13896,-240.723187,-73.977165
13897,-240.546458,-73.950427
13898,-240.376392,-73.895420
13899,-240.217480,-73.813596
13900,-240.073917,-73.707116
13901,-239.949495,-73.578791
13902,-239.847498,-73.432010
13903,-239.770620,-73.270647
13904,-234.721463,-72.922616
13905,-234.611818,-73.067110
13906,-234.479919,-73.191621
13907,-234.329352,-73.292764
13908,-234.164210,-73.367789
13909,-233.988985,-73.414655
13910,-233.808439,-73.432089
13911,-233.627484,-73.419616
13912,-233.451038,-73.377575
13913,-233.283900,-73.307110
13914,-233.130614,-73.210137
13915,-232.995348,-73.089292
13916,-232.881780,-72.947861
13917,-232.792998,-72.789689
13918,-227.673657,-72.436820
13919,-227.552533,-72.575363
13920,-227.410008,-72.691775
13921,-227.250071,-72.782797
13922,-227.077197,-72.845883
13923,-226.896226,-72.879266
13924,-226.712221,-72.882013
13925,-226.530334,-72.854046
13926,-226.355655,-72.796148
13927,-226.193072,-72.709940
13928,-226.047136,-72.597834
13929,-225.921931,-72.462968
13930,-225.820961,-72.309116
13931,-220.619628,-71.950596
13932,-220.487027,-72.081815
13933,-220.334160,-72.188739
13934,-220.165422,-72.268295
13935,-219.985668,-72.318193
13936,-219.800067,-72.336998
13937,-219.613957,-72.324170
13938,-219.432692,-72.280077
13939,-219.261484,-72.205988
13940,-219.105257,-72.104033
13941,-218.968506,-71.977145
13942,-218.855163,-71.828973
13943,-213.558220,-71.463862
13944,-213.414395,-71.586001
13945,-213.251812,-71.681763
13946,-213.075255,-71.748329
13947,-212.889919,-71.783743
13948,-212.701257,-71.786960
13949,-212.514821,-71.757888
13950,-212.336097,-71.697380
13951,-212.170343,-71.607219
13952,-212.022436,-71.490055
13953,-211.896729,-71.349338
13954,-206.488040,-70.976524
13955,-206.333719,-71.087407
13956,-206.162617,-71.170075
13957,-205.979841,-71.222062
13958,-205.790845,-71.241816
13959,-205.601269,-71.228749
13960,-205.416771,-71.183250
13961,-205.242856,-71.106677
13962,-205.084715,-71.001314
13963,-204.947067,-70.870307
13964,-199.406823,-70.488426
13965,-199.243665,-70.585256
13966,-199.066295,-70.652610
13967,-198.879990,-70.688483
13968,-198.690292,-70.691808
13969,-198.502843,-70.662487
13970,-198.323222,-70.601391
13971,-198.156771,-70.510338
13972,-198.008442,-70.392037
13973,-192.310886,-69.999313
13974,-192.142453,-70.078476
13975,-191.963084,-70.128111
13976,-191.777915,-70.146797
13977,-191.592246,-70.133999
13978,-191.411393,-70.090084
13979,-191.240531,-70.016308
13980,-191.084552,-69.914783
13981,-185.192397,-69.508645
13982,-185.026799,-69.565244
13983,-184.854320,-69.594864
13984,-184.679327,-69.596756
13985,-184.506248,-69.570872
13986,-184.339465,-69.517867
13987,-184.183199,-69.439082
13988,-10.638537,-57.476886
13989,-10.544787,-57.641938
13990,-10.424057,-57.788416
13991,-10.279942,-57.911957
13992,-10.116734,-58.008882
13993,-9.939292,-58.076305
13994,-9.752901,-58.112219
13995,-9.563111,-58.115554
13996,-9.375573,-58.086210
13997,-9.195872,-58.025062
13998,-9.029360,-57.933931
13999,-8.880994,-57.815529
14000,-8.755192,-57.673383
14001,-8.655701,-57.511726
14002,-8.585484,-57.335371
14003,-3.735910,-57.001097
14004,-3.706602,-56.819089
14005,-3.647310,-56.644531
14006,-3.559698,-56.482328
14007,-3.446228,-56.337033
14008,-3.310087,-56.212729
14009,-3.155099,-56.112907
14010,-2.985616,-56.040370
14011,-2.806400,-55.997156
14012,-2.622484,-55.984479
14013,-2.439033,-56.002695
14014,-2.261201,-56.051292
14015,-2.093982,-56.128905
14016,-1.942073,-56.233354
14017,-1.809741,-56.361705
14018,-1.700703,-56.510355
14019,-1.618021,-56.675126
14020,-1.564018,-56.851391
14021,3.470346,-56.504380
14022,3.583828,-56.371612
14023,3.716894,-56.258479
14024,3.866189,-56.167834
14025,4.027949,-56.101962
14026,4.198096,-56.062524
14027,4.372341,-56.050513
14028,4.546291,-56.066233
14029,4.715559,-56.109288
14030,4.875879,-56.178592
14031,5.023209,-56.272397
14032,5.153834,-56.388339
14033,45.454206,-53.610489
14034,46.209982,-52.556022
14035,-8.768312,-56.345601
14036,-8.889497,-56.212790
14037,-9.030699,-56.101495
14038,-9.188144,-56.014688
14039,-9.357627,-55.954688
14040,-9.534620,-55.923098
14041,-9.714395,-55.920762
14042,-9.892149,-55.947742
14043,-10.063134,-56.003317
14044,-10.222782,-56.086004
14045,-10.366827,-56.193593
14046,-10.491423,-56.323209
14047,-10.593240,-56.471391
14048,-79.045413,-61.189705
14049,-79.191169,-61.275105
14050,-79.348282,-61.337180
14051,-79.513048,-61.374465
14052,-79.681579,-61.386082
14053,-79.849902,-61.371756
14054,-80.014047,-61.331825
14055,-80.170141,-61.267231
14056,-85.959317,-61.666271
14057,-86.101949,-61.770666
14058,-86.259460,-61.850868
14059,-86.427783,-61.904807
14060,-86.602573,-61.931090
14061,-86.779315,-61.929038
14062,-86.953448,-61.898704
14063,-87.120473,-61.840872
14064,-87.276080,-61.757034
14065,-92.891150,-62.144073
14066,-93.025874,-62.262898
14067,-93.178140,-62.358210
14068,-93.343890,-62.427468
14069,-93.518702,-62.468825
14070,-93.697914,-62.481178
14071,-93.876747,-62.464197
14072,-94.050432,-62.418336
14073,-94.214336,-62.344817
14074,-94.364089,-62.245601
14075,-99.835744,-62.622755
14076,-99.960378,-62.752669
14077,-100.104534,-62.860513
14078,-100.264351,-62.943399
14079,-100.435547,-62.999106
14080,-100.613537,-63.026142
14081,-100.793554,-63.023783
14082,-100.970774,-62.992092
14083,-101.140452,-62.931918
14084,-101.298041,-62.844872
14085,-101.439322,-62.733287
14086,-106.790008,-63.102102
14087,-106.903595,-63.240660
14088,-107.038168,-63.358941
14089,-107.190157,-63.453806
14090,-107.355531,-63.522740
14091,-107.529901,-63.563913
14092,-107.708642,-63.576233
14093,-107.887012,-63.559374
14094,-108.060279,-63.513782
14095,-108.223847,-63.440668
14096,-108.373377,-63.341970
14097,-108.504900,-63.220308
14098,-113.752240,-63.582000
14099,-113.854417,-63.727279
14100,-113.978643,-63.854221
14101,-114.121680,-63.959515
14102,-114.279798,-64.040416
14103,-114.448875,-64.094815
14104,-114.624503,-64.121294
14105,-114.802103,-64.119163
14106,-114.977044,-64.088476
14107,-115.144767,-64.030035
14108,-115.300898,-63.945362
14109,-115.441366,-63.836666
14110,-115.562510,-63.706779
14111,-120.721235,-64.062363
14112,-120.820582,-64.224692
14113,-120.946421,-64.367468
14114,-121.094988,-64.486416
14115,-121.261833,-64.577976
14116,-121.441963,-64.639407
14117,-121.629985,-64.668871
14118,-121.820272,-64.665484
14119,-122.007127,-64.629349
14120,-122.184957,-64.561547
14121,-122.348439,-64.464107
14122,-122.492678,-64.339948
14123,-122.613358,-64.192784
14124,-127.696188,-64.543137
14125,-127.782682,-64.708885
14126,-127.895996,-64.857592
14127,-128.032857,-64.984961
14128,-128.189310,-65.087313
14129,-128.360837,-65.161692
14130,-128.542483,-65.205949
14131,-128.728999,-65.218805
14132,-128.914999,-65.199889
14133,-129.095109,-65.149748
14134,-129.264126,-65.069830
14135,-129.417168,-64.962444
14136,-129.549814,-64.830691
14137,-129.658232,-64.678378
14138,-134.676391,-65.024273
14139,-134.750459,-65.192442
14140,-134.851487,-65.345934
14141,-134.976658,-65.480466
14142,-135.122478,-65.592285
14143,-135.284877,-65.678269
14144,-135.459324,-65.736019
14145,-135.640950,-65.763923
14146,-135.824687,-65.761203
14147,-136.005408,-65.727934
14148,-136.178068,-65.665045
14149,-136.337851,-65.574292
14150,-136.480296,-65.458205
14151,-136.601430,-65.320026
14152,-136.697870,-65.163611
14153,-141.661440,-65.505743
14154,-141.723510,-65.675480
14155,-141.812536,-65.832762
14156,-141.926114,-65.973344
14157,-142.061179,-66.093431
14158,-142.214085,-66.189780
14159,-142.380704,-66.259792
14160,-142.556537,-66.301576
14161,-142.736839,-66.314004
14162,-142.916743,-66.296740
14163,-143.091392,-66.250252
14164,-143.256071,-66.175793
14165,-143.406335,-66.075374
14166,-143.538128,-65.951705
14167,-143.647892,-65.808125
14168,-143.732664,-65.648509
14169,-148.651012,-65.987524
14170,-148.705845,-66.169139
14171,-148.791068,-66.338631
14172,-148.904147,-66.490960
14173,-149.041717,-66.621593
14174,-149.199687,-66.726646
14175,-149.373358,-66.802993
14176,-149.557565,-66.848364
14177,-149.746828,-66.861410
14178,-149.935517,-66.841742
14179,-150.118021,-66.789945
14180,-150.288911,-66.707560
14181,-150.443104,-66.597038
14182,-150.576013,-66.461665
14183,-150.683686,-66.305469
14184,-150.762919,-66.133095
14185,-155.644803,-66.469597
14186,-155.687446,-66.650819
14187,-155.760039,-66.822255
14188,-155.860504,-66.978993
14189,-155.985962,-67.116543
14190,-156.132820,-67.230967
14191,-156.296871,-67.318985
14192,-156.473416,-67.378078
14193,-156.657397,-67.406551
14194,-156.843545,-67.403590
14195,-157.026528,-67.369280
14196,-157.201104,-67.304602
14197,-157.362273,-67.211411
14198,-157.505417,-67.092374
14199,-157.626437,-66.950903
14200,-157.721866,-66.791049
14201,-157.788970,-66.617391
14202,-162.642651,-66.951949
14203,-162.673588,-67.132260
14204,-162.733982,-67.304950
14205,-162.822162,-67.465241
14206,-162.935689,-67.608702
14207,-163.071423,-67.731362
14208,-163.225609,-67.829829
14209,-163.393982,-67.901381
14210,-163.571885,-67.944036
14211,-163.754398,-67.956617
14212,-163.936472,-67.938774
14213,-164.113070,-67.891001
14214,-164.279308,-67.814620
14215,-164.430588,-67.711743
14216,-164.562724,-67.585216
14217,-164.672063,-67.438539
14218,-164.755580,-67.275769
14219,-164.810965,-67.101408
14220,-169.644421,-67.434571
14221,-169.666146,-67.623902
14222,-169.720224,-67.806642
14223,-169.805030,-67.977306
14224,-169.918020,-68.130771
14225,-170.055802,-68.262431
14226,-170.214240,-68.368335
14227,-170.388579,-68.445303
14228,-170.573586,-68.491026
14229,-170.763708,-68.504131
14230,-170.953239,-68.484224
14231,-171.136490,-68.431904
14232,-171.307960,-68.348741
14233,-171.462503,-68.237230
14234,-171.595480,-68.100719
14235,-171.702900,-67.943305
14236,-171.781539,-67.769713
14237,-171.829037,-67.585154
14238,-176.650022,-67.917458
14239,-176.660118,-68.104348
14240,-176.701751,-68.286822
14241,-176.773717,-68.459596
14242,-176.873931,-68.617669
14243,-176.999494,-68.756464
14244,-177.146769,-68.871964
14245,-177.311492,-68.960823
14246,-177.488896,-69.020471
14247,-177.673844,-69.049180
14248,-177.860982,-69.046118
14249,-178.044892,-69.011376
14250,-178.220250,-68.945957
14251,-178.381979,-68.851757
14252,-178.525398,-68.731502
14253,-178.646353,-68.588675
14254,-178.741344,-68.427408
14255,-178.807620,-68.252373
14256,-178.843262,-68.068635
14257,-183.659411,-68.400606
14258,-183.692533,-68.214352
14259,-183.757078,-68.036527
14260,-183.851138,-67.872392
14261,-183.971929,-67.726800
14262,-184.115880,-67.604058
14263,-184.278734,-67.507795
14264,-184.455672,-67.440860
14265,-184.641463,-67.405231
14266,-184.830611,-67.401964
14267,-185.017522,-67.431153
14268,-185.196667,-67.491936
14269,-185.362748,-67.582515
14270,-185.510854,-67.700211
14271,-185.636603,-67.841543
14272,-185.736276,-68.002332
14273,-185.806926,-68.177820
14274,-185.846462,-68.362819
14275,-185.853716,-68.551856
14276,-190.672584,-68.884014
14277,-190.714344,-68.706849
14278,-190.784748,-68.538996
14279,-190.881868,-68.385052
14280,-191.003045,-68.249230
14281,-191.144960,-68.135251
14282,-191.303728,-68.046234
14283,-191.475002,-67.984618
14284,-191.654092,-67.952090
14285,-191.836094,-67.949540
14286,-192.016025,-67.977037
14287,-192.188958,-68.033830
14288,-192.350158,-68.118363
14289,-192.495211,-68.228322
14290,-192.620145,-68.360695
14291,-192.721541,-68.511858
14292,-192.796620,-68.677672
14293,-192.843328,-68.853597
14294,-192.860385,-69.034816
14295,-197.689553,-69.367684
14296,-197.742809,-69.190411
14297,-197.825036,-69.024577
14298,-197.933905,-68.874879
14299,-198.066333,-68.745554
14300,-198.218571,-68.640266
14301,-198.386308,-68.561995
14302,-198.564795,-68.512958
14303,-198.748976,-68.494543
14304,-198.933638,-68.507271
14305,-199.113552,-68.550783
14306,-199.283622,-68.623846
14307,-199.439033,-68.724391
14308,-199.575385,-68.849571
14309,-199.688817,-68.995842
14310,-199.776117,-69.159062
14311,-199.834813,-69.334610
14312,-199.863242,-69.517513
14313,-204.710432,-69.851624
14314,-204.775578,-69.674755
14315,-204.869964,-69.511605
14316,-204.990816,-69.366963
14317,-205.134588,-69.245077
14318,-205.297058,-69.149524
14319,-205.473455,-69.083112
14320,-205.658600,-69.047789
14321,-205.847058,-69.044592
14322,-206.033295,-69.073616
14323,-206.211843,-69.134008
14324,-206.377460,-69.223995
14325,-206.525283,-69.340935
14326,-206.650971,-69.481395
14327,-206.750835,-69.641251
14328,-206.821943,-69.815808
14329,-206.862206,-69.999943
14330,-211.735324,-70.335840
14331,-211.807066,-70.170504
14332,-211.904843,-70.019103
14333,-212.026031,-69.885701
14334,-212.167376,-69.773878
14335,-212.325083,-69.686637
14336,-212.494920,-69.626320
14337,-212.672327,-69.594546
14338,-212.852541,-69.592168
14339,-213.030724,-69.619250
14340,-213.202094,-69.675065
14341,-213.362048,-69.758114
14342,-213.506295,-69.866168
14343,-213.630960,-69.996326
14344,-213.732699,-70.145095
14345,-213.808778,-70.308480
14346,-213.857157,-70.482095
14347,-218.764403,-70.820345
14348,-218.847731,-70.657116
14349,-218.957003,-70.509988
14350,-219.089186,-70.383044
14351,-219.240611,-70.279808
14352,-219.407074,-70.203146
14353,-219.583955,-70.155185
14354,-219.766344,-70.137257
14355,-219.949178,-70.149860
14356,-220.127382,-70.192643
14357,-220.296009,-70.264419
14358,-220.450380,-70.363196
14359,-220.586208,-70.486232
14360,-220.699724,-70.630112
14361,-220.787776,-70.790841
14362,-220.847920,-70.963959
14363,-225.797857,-71.305151
14364,-225.893117,-71.144750
14365,-226.014114,-71.002753
14366,-226.157365,-70.883244
14367,-226.318751,-70.789662
14368,-226.493631,-70.724698
14369,-226.676973,-70.690220
14370,-226.863505,-70.687220
14371,-227.047862,-70.715785
14372,-227.224740,-70.775092
14373,-227.389052,-70.863437
14374,-227.536072,-70.978277
14375,-227.661572,-71.116310
14376,-227.761941,-71.273565
14377,-227.834292,-71.445520
14378,-232.836091,-71.790287
14379,-232.943662,-71.633597
14380,-233.076600,-71.497762
14381,-233.230935,-71.386839
14382,-233.402061,-71.304138
14383,-233.584868,-71.252129
14384,-233.773899,-71.232365
14385,-233.963511,-71.245434
14386,-234.148043,-71.290948
14387,-234.321985,-71.367547
14388,-234.480146,-71.472945
14389,-234.617803,-71.603995
14390,-234.730846,-71.756785
14391,-234.815901,-71.926753
14392,-239.879484,-72.275778
14393,-239.989553,-72.134737
14394,-240.121030,-72.013404
14395,-240.270437,-71.914988
14396,-240.433821,-71.842094
14397,-240.606860,-71.796649
14398,-240.784978,-71.779856
14399,-240.963462,-71.792159
14400,-241.137592,-71.833232
14401,-241.302760,-71.901989
14402,-241.454597,-71.996611
14403,-241.589088,-72.114595
14404,-241.702674,-72.252820
14405,-241.792350,-72.407630
14406,-246.928528,-72.761659
14407,-247.049713,-72.626881
14408,-247.191386,-72.513832
14409,-247.349699,-72.425582
14410,-247.520355,-72.364527
14411,-247.698721,-72.332324
14412,-247.879953,-72.329849
14413,-248.059131,-72.357167
14414,-248.231391,-72.413538
14415,-248.392056,-72.497430
14416,-248.536764,-72.606567
14417,-248.661586,-72.737985
14418,-248.763133,-72.888116
14419,-253.984130,-73.247992
14420,-254.116324,-73.120947
14421,-254.267784,-73.017624
14422,-254.434302,-72.940894
14423,-254.611251,-72.892887
14424,-254.793716,-72.874939
14425,-254.976628,-72.887546
14426,-255.154905,-72.930361
14427,-255.323594,-73.002191
14428,-255.478009,-73.101043
14429,-255.613860,-73.224170
14430,-255.727373,-73.368152
14431,-261.047314,-73.734848
14432,-261.190107,-73.617321
14433,-261.350571,-73.525377
14434,-261.524172,-73.461615
14435,-261.706000,-73.427838
14436,-261.890918,-73.425001
14437,-262.073698,-73.453183
14438,-262.249172,-73.511589
14439,-262.412382,-73.598566
14440,-262.558714,-73.711657
14441,-262.684032,-73.847665
14442,-268.119567,-74.222329
14443,-268.272005,-74.116527
14444,-268.440057,-74.037852
14445,-268.618943,-73.988545
14446,-268.803572,-73.970008
14447,-268.988689,-73.982768
14448,-269.169028,-74.026462
14449,-269.339457,-74.099847
14450,-269.495125,-74.200835
14451,-269.631605,-74.326551
14452,-275.203613,-74.710622
14453,-275.363635,-74.619453
14454,-275.536625,-74.556260
14455,-275.717733,-74.522814
14456,-275.901883,-74.520053
14457,-276.083912,-74.548055
14458,-276.258718,-74.606033
14459,-276.421401,-74.692364
14460,-276.567401,-74.804626
14461,-282.303735,-75.200024
14462,-282.467025,-75.127242
14463,-282.639949,-75.081872
14464,-282.817938,-75.065112
14465,-282.996292,-75.077406
14466,-283.170298,-75.118428
14467,-283.335362,-75.187095
14468,-283.487122,-75.281593
14469,-288.574646,-75.632269
14470,-288.564410,-74.629191
14471,-178.353585,-67.032509
14472,-178.188490,-66.943183
14473,-178.010611,-66.883227
14474,-177.825128,-66.854387
14475,-177.637443,-66.857505
14476,-177.453020,-66.892488
14477,-177.277230,-66.958318
14478,-171.444615,-66.556284
14479,-171.304902,-66.458055
14480,-171.151667,-66.382637
14481,-170.988605,-66.331847
14482,-170.819647,-66.306911
14483,-170.648865,-66.308429
14484,-170.480376,-66.336365
14485,-170.318243,-66.390046
14486,-170.166373,-66.468176
14487,-164.516139,-66.078713
14488,-164.382983,-65.965289
14489,-164.233532,-65.874405
14490,-164.071564,-65.808360
14491,-163.901175,-65.768823
14492,-163.726674,-65.756795
14493,-163.552471,-65.772579
14494,-163.382974,-65.815777
14495,-163.222466,-65.885296
14496,-163.075008,-65.979378
14497,-157.574107,-65.600208
14498,-157.450147,-65.475035
14499,-157.307795,-65.371255
14500,-157.150701,-65.291531
14501,-156.982895,-65.237907
14502,-156.808681,-65.211759
14503,-156.632527,-65.213757
14504,-156.458950,-65.243850
14505,-156.292404,-65.301266
14506,-156.137159,-65.384533
14507,-155.997197,-65.491514
14508,-150.621789,-65.120995
14509,-150.508259,-64.986658
14510,-150.374770,-64.872133
14511,-150.224734,-64.780348
14512,-150.061987,-64.713650
14513,-149.890690,-64.673743
14514,-149.715222,-64.661648
14515,-149.540070,-64.677675
14516,-149.369711,-64.721412
14517,-149.208500,-64.791744
14518,-149.060560,-64.886870
14519,-148.929673,-65.004359
14520,-143.661110,-64.641204
14521,-143.548123,-64.487711
14522,-143.410336,-64.356026
14523,-143.251886,-64.250101
14524,-143.077531,-64.173117
14525,-142.892504,-64.127386
14526,-142.702361,-64.114279
14527,-142.512809,-64.134192
14528,-142.329540,-64.186525
14529,-142.158055,-64.269708
14530,-142.003504,-64.381243
14531,-141.870525,-64.517782
14532,-136.693516,-64.160938
14533,-136.593409,-64.002304
14534,-136.467806,-63.862986
14535,-136.320357,-63.747034
14536,-136.155352,-63.657820
14537,-135.977588,-63.597938
14538,-135.792234,-63.569131
14539,-135.604681,-63.572234
14540,-135.420382,-63.607159
14541,-135.244696,-63.672890
14542,-135.082733,-63.767515
14543,-134.939202,-63.888282
14544,-134.818277,-64.031680
14545,-129.719843,-63.680252
14546,-129.632309,-63.517793
14547,-129.518848,-63.372253
14548,-129.382654,-63.247728
14549,-129.227559,-63.147724
14550,-129.057928,-63.075056
14551,-128.878537,-63.031767
14552,-128.694433,-63.019077
14553,-128.510798,-63.037343
14554,-128.332802,-63.086050
14555,-128.165452,-63.163828
14556,-128.013460,-63.268488
14557,-127.881104,-63.397084
14558,-127.772107,-63.545997
14559,-122.740714,-63.199190
14560,-122.665376,-63.033995
14561,-122.563890,-62.883444
14562,-122.439021,-62.751637
14563,-122.294172,-62.642165
14564,-122.133289,-62.558012
14565,-121.960755,-62.501470
14566,-121.781269,-62.474078
14567,-121.599724,-62.476584
14568,-121.421063,-62.508919
14569,-121.250155,-62.570203
14570,-121.091656,-62.658765
14571,-120.949884,-62.772193
14572,-120.828701,-62.907396
14573,-120.731409,-63.060691
14574,-115.756695,-62.717791
14575,-115.687610,-62.539221
14576,-115.588608,-62.375336
14577,-115.462687,-62.231100
14578,-115.313664,-62.110884
14579,-115.146052,-62.018330
14580,-114.964931,-61.956243
14581,-114.775787,-61.926502
14582,-114.584351,-61.930010
14583,-114.396424,-61.966660
14584,-114.217698,-62.035341
14585,-114.053590,-62.133973
14586,-113.909070,-62.259568
14587,-113.788518,-62.408320
14588,-113.695586,-62.575722
14589,-108.768106,-62.236077
14590,-108.711607,-62.057011
14591,-108.625477,-61.890162
14592,-108.512225,-61.740393
14593,-108.375150,-61.612067
14594,-108.218247,-61.508924
14595,-108.046089,-61.433969
14596,-107.863690,-61.389386
14597,-107.676366,-61.376474
14598,-107.489575,-61.395610
14599,-107.308761,-61.446235
14600,-107.139190,-61.526874
14601,-106.985805,-61.635179
14602,-106.853074,-61.767993
14603,-106.744866,-61.921446
14604,-106.664333,-62.091067
14605,-101.775221,-61.754067
14606,-101.730789,-61.575124
14607,-101.657093,-61.406115
14608,-101.556203,-61.251789
14609,-101.430954,-61.116483
14610,-101.284864,-61.003998
14611,-101.122039,-60.917493
14612,-100.947053,-60.859400
14613,-100.764821,-60.831350
14614,-100.580465,-60.834131
14615,-100.399162,-60.867666
14616,-100.226008,-60.931012
14617,-100.065867,-61.022390
14618,-99.923238,-61.139231
14619,-99.802127,-61.278255
14620,-99.705939,-61.435553
14621,-99.637375,-61.606709
14622,-94.778234,-61.271775
14623,-94.745392,-61.093510
14624,-94.683719,-60.923060
14625,-94.594892,-60.765052
14626,-94.481322,-60.623777
14627,-94.346092,-60.503071
14628,-94.192876,-60.406212
14629,-94.025833,-60.335831
14630,-93.849500,-60.293837
14631,-93.668665,-60.281373
14632,-93.488237,-60.298775
14633,-93.313118,-60.345572
14634,-93.148061,-60.420492
14635,-92.997549,-60.521502
14636,-92.865669,-60.645859
14637,-92.756002,-60.790185
14638,-92.671526,-60.950561
14639,-92.614536,-61.122634
14640,-87.777315,-60.789211
14641,-87.753497,-60.601813
14642,-87.697966,-60.421253
14643,-87.612361,-60.252857
14644,-87.499206,-60.101591
14645,-87.361838,-59.971917
14646,-87.204309,-59.867658
14647,-87.031264,-59.791889
14648,-86.847807,-59.746846
14649,-86.659348,-59.733855
14650,-86.471446,-59.753302
14651,-86.289642,-59.804611
14652,-86.119297,-59.886270
14653,-85.965437,-59.995871
14654,-85.832597,-60.130180
14655,-85.724697,-60.285238
14656,-85.644918,-60.456471
14657,-85.595613,-60.638829
14658,-80.772545,-60.306382
14659,-80.760296,-60.121180
14660,-80.717083,-59.940675
14661,-80.644137,-59.770005
14662,-80.543534,-59.614029
14663,-80.418139,-59.477187
14664,-80.271522,-59.363377
14665,-80.107857,-59.275837
14666,-79.931804,-59.217061
14667,-79.748374,-59.188721
14668,-79.562791,-59.191625
14669,-79.380338,-59.225690
14670,-79.206210,-59.289946
14671,-79.045364,-59.382564
14672,-78.902379,-59.500906
14673,-78.781327,-59.641604
14674,-78.685654,-59.800652
14675,-78.618084,-59.973521
14676,-78.580540,-60.155290
14677,-73.763988,-59.823291
14678,-73.732877,-60.011480
14679,-73.669723,-60.191464
14680,-73.576427,-60.357833
14681,-73.455793,-60.505584
14682,-73.311448,-60.630274
14683,-73.147734,-60.728154
14684,-72.969572,-60.796281
14685,-72.782320,-60.832606
14686,-72.591608,-60.836038
14687,-72.403171,-60.806472
14688,-72.222674,-60.744798
14689,-72.055544,-60.652871
14690,-71.906808,-60.533454
14691,-71.780937,-60.390139
14692,-71.681716,-60.227234
14693,-71.612129,-60.049637
14694,-71.574267,-59.862690
14695,-71.569270,-59.672012
14696,-66.751647,-59.339940
14697,-66.711706,-59.519134
14698,-66.642519,-59.689189
14699,-66.546011,-59.845369
14700,-66.424872,-59.983322
14701,-66.282477,-60.099206
14702,-66.122790,-60.189794
14703,-65.950262,-60.252560
14704,-65.769697,-60.285758
14705,-65.586126,-60.288461
14706,-65.404661,-60.260596
14707,-65.230359,-60.202938
14708,-65.068074,-60.117093
14709,-64.922327,-60.005453
14710,-64.797178,-59.871128
14711,-64.696113,-59.717858
14712,-64.621947,-59.549914
14713,-64.576746,-59.371974
14714,-64.561770,-59.188995
14715,-59.735498,-58.856327
14716,-59.683937,-59.035830
14717,-59.602753,-59.204024
14718,-59.494285,-59.356059
14719,-59.361661,-59.487554
14720,-59.208703,-59.594717
14721,-59.039821,-59.674460
14722,-58.859883,-59.724483
14723,-58.674076,-59.743345
14724,-58.487756,-59.730502
14725,-58.306294,-59.686325
14726,-58.134922,-59.612086
14727,-57.978578,-59.509926
14728,-57.841770,-59.382790
14729,-57.728442,-59.234342
14730,-57.641860,-59.068862
14731,-57.584521,-58.891120
14732,-57.558076,-58.706240
14733,-52.715476,-58.372446
14734,-52.651896,-58.551776
14735,-52.558364,-58.717468
14736,-52.437680,-58.864563
14737,-52.293453,-58.988662
14738,-52.129998,-59.086050
14739,-51.952207,-59.153814
14740,-51.765398,-59.189928
14741,-51.575160,-59.193309
14742,-51.387186,-59.163858
14743,-51.207098,-59.102455
14744,-51.040286,-59.010937
14745,-50.891739,-58.892043
14746,-50.765903,-58.749330
14747,-50.666542,-58.587067
14748,-50.596629,-58.410110
14749,-50.558256,-58.223752
14750,-45.691503,-57.888293
14751,-45.621122,-58.056188
14752,-45.524013,-58.210176
14753,-45.402837,-58.346038
14754,-45.260913,-58.460054
14755,-45.102127,-58.549101
14756,-44.930829,-58.610739
14757,-44.751711,-58.643280
14758,-44.569678,-58.645833
14759,-44.389718,-58.618328
14760,-44.216759,-58.561519
14761,-44.055538,-58.476961
14762,-43.910471,-58.366970
14763,-43.785532,-58.234560
14764,-43.684143,-58.083356
14765,-43.609081,-57.917501
14766,-43.562402,-57.741537
14767,-38.663360,-57.403853
14768,-38.581222,-57.569891
14769,-38.472386,-57.719792
14770,-38.339940,-57.849304
14771,-38.187639,-57.954755
14772,-38.019802,-58.033153
14773,-37.841190,-58.082275
14774,-37.656867,-58.100729
14775,-37.472061,-58.087990
14776,-37.292014,-58.044421
14777,-37.121831,-57.971257
14778,-36.966338,-57.870572
14779,-36.829945,-57.745222
14780,-36.716521,-57.598763
14781,-36.629283,-57.435347
14782,-36.570703,-57.259609
14783,-31.630805,-56.919108
14784,-31.536516,-57.082552
14785,-31.415681,-57.227476
14786,-31.271856,-57.349617
14787,-31.109272,-57.445381
14788,-30.932713,-57.511949
14789,-30.747375,-57.547363
14790,-30.558712,-57.550581
14791,-30.372274,-57.521508
14792,-30.193549,-57.460999
14793,-30.027793,-57.370836
14794,-29.879886,-57.253671
14795,-29.754179,-57.112951
14796,-29.654371,-56.952818
14797,-29.583399,-56.777984
14798,-24.593735,-56.434053
14799,-24.495444,-56.583344
14800,-24.374273,-56.714746
14801,-24.233420,-56.824788
14802,-24.076604,-56.910566
14803,-23.907967,-56.969814
14804,-23.731960,-57.000967
14805,-23.553231,-57.003205
14806,-23.376500,-56.976466
14807,-23.206432,-56.921458
14808,-23.047519,-56.839632
14809,-22.903955,-56.733150
14810,-22.779533,-56.604822
14811,-22.677536,-56.458038
14812,-22.600659,-56.296673
14813,-17.551516,-55.948642
14814,-17.441871,-56.093140
14815,-17.309972,-56.217654
14816,-17.159403,-56.318800
14817,-16.994260,-56.393827
14818,-16.819032,-56.440694
14819,-16.638485,-56.458129
14820,-16.457527,-56.445656
14821,-16.281079,-56.403614
14822,-16.113939,-56.333147
14823,-15.960652,-56.236172
14824,-15.825385,-56.115324
14825,-15.711817,-55.973889
14826,-15.623036,-55.815715
14827,46.141217,-51.558389
14828,46.072451,-50.560756
14829,-15.666142,-54.816313
14830,-15.773714,-54.659626
14831,-15.906652,-54.523795
14832,-16.060987,-54.412874
14833,-16.232111,-54.330176
14834,-16.414916,-54.278168
14835,-16.603945,-54.258404
14836,-16.793554,-54.271474
14837,-16.978084,-54.316987
14838,-17.152025,-54.393584
14839,-17.310184,-54.498980
14840,-17.447840,-54.630027
14841,-17.560883,-54.782813
14842,-17.645940,-54.952778
14843,-22.709537,-55.301805
14844,-22.819606,-55.160767
14845,-22.951083,-55.039437
14846,-23.100488,-54.941024
14847,-23.263871,-54.868132
14848,-23.436908,-54.822688
14849,-23.615024,-54.805896
14850,-23.793506,-54.818198
14851,-23.967632,-54.859270
14852,-24.132798,-54.928026
14853,-24.284635,-55.022645
14854,-24.419124,-55.140627
14855,-24.532710,-55.278849
14856,-24.622388,-55.433655
14857,-29.758509,-55.787681
14858,-29.879694,-55.652879
14859,-30.021372,-55.539810
14860,-30.179696,-55.451543
14861,-30.350366,-55.390475
14862,-30.528747,-55.358266
14863,-30.709996,-55.355788
14864,-30.889191,-55.383111
14865,-31.061466,-55.439491
14866,-31.222143,-55.523397
14867,-31.366858,-55.632552
14868,-31.491683,-55.763991
14869,-31.593227,-55.914145
14870,-36.814186,-56.274019
14871,-36.946379,-56.146978
14872,-37.097838,-56.043658
14873,-37.264353,-55.966931
14874,-37.441300,-55.918926
14875,-37.623762,-55.900978
14876,-37.806671,-55.913586
14877,-37.984945,-55.956399
14878,-38.153632,-56.028227
14879,-38.308045,-56.127076
14880,-38.443895,-56.250200
14881,-38.557408,-56.394177
14882,-43.877371,-56.760875
14883,-44.020163,-56.643352
14884,-44.180626,-56.551412
14885,-44.354223,-56.487653
14886,-44.536048,-56.453878
14887,-44.720962,-56.451041
14888,-44.903738,-56.479222
14889,-45.079210,-56.537625
14890,-45.242417,-56.624600
14891,-45.388748,-56.737687
14892,-45.514065,-56.873690
14893,-50.949627,-57.248356
14894,-51.102063,-57.142558
14895,-51.270112,-57.063888
14896,-51.448994,-57.014583
14897,-51.633618,-56.996047
14898,-51.818731,-57.008807
14899,-51.999066,-57.052499
14900,-52.169491,-57.125881
14901,-52.325158,-57.226865
14902,-52.461636,-57.352576
14903,-58.033676,-57.736650
14904,-58.193694,-57.645486
14905,-58.366680,-57.582297
14906,-58.547783,-57.548853
14907,-58.731927,-57.546093
14908,-58.913951,-57.574093
14909,-59.088752,-57.632068
14910,-59.251432,-57.718394
14911,-59.397429,-57.830651
14912,-65.133801,-58.226051
14913,-65.297087,-58.153275
14914,-65.470004,-58.107909
14915,-65.647986,-58.091152
14916,-65.826333,-58.103445
14917,-66.000332,-58.144464
14918,-66.165390,-58.213126
14919,-66.317146,-58.307618
14920,-72.259050,-58.717185
14921,-72.415923,-58.667738
14922,-72.578414,-58.642234
14923,-72.742892,-58.641245
14924,-72.905679,-58.664792
14925,-73.063135,-58.712349
14926,-73.211739,-58.782853
14927,-288.554175,-73.626113
14928,-288.543940,-72.623035
14929,46.003686,-49.563123
14930,45.934920,-48.565491
14931,-288.533705,-71.619956
14932,-288.523470,-70.616878
14933,45.866155,-47.567858
14934,45.797389,-46.570225
14935,40.558674,-46.931322
14936,40.538287,-47.121857
14937,40.485145,-47.305963
14938,40.400858,-47.478052
14939,40.287987,-47.632904
14940,40.149954,-47.765818
14941,39.990951,-47.872762
14942,39.815801,-47.950489
14943,39.629820,-47.996641
14944,39.438651,-48.009818
14945,39.248096,-47.989620
14946,39.063938,-47.936659
14947,38.891765,-47.852544
14948,38.736802,-47.739825
14949,38.603751,-47.601925
14950,38.496650,-47.443027
14951,38.418750,-47.267954
14952,38.372414,-47.082018
14953,33.393030,-47.425240
14954,33.279866,-47.576367
14955,33.142525,-47.705916
14956,32.985054,-47.810071
14957,32.812091,-47.885763
14958,32.628732,-47.930764
14959,32.440379,-47.943747
14960,32.252580,-47.924330
14961,32.070868,-47.873084
14962,31.900596,-47.791520
14963,31.746779,-47.682040
14964,31.613949,-47.547870
14965,-288.513234,-69.613800
14966,-288.502999,-68.610722
14967,17.697509,-47.504739
14968,17.839838,-47.620355
14969,17.999397,-47.710721
14970,18.171750,-47.773326
14971,18.352108,-47.806429
14972,18.535459,-47.809111
14973,18.716708,-47.781298
14974,18.890819,-47.723761
14975,19.052952,-47.638101
14976,19.198602,-47.526697
14977,19.323723,-47.392646
14978,24.392023,-47.043295
14979,24.454318,-47.224577
14980,24.547138,-47.392293
14981,24.667665,-47.541348
14982,24.812236,-47.667218
14983,24.976464,-47.766078
14984,25.155360,-47.834928
14985,25.343492,-47.871677
14986,25.535147,-47.875208
14987,25.724505,-47.845414
14988,25.905816,-47.783200
14989,26.073573,-47.690456
14990,26.222683,-47.569998
14991,26.348618,-47.425483
14992,26.447553,-47.261300
14993,26.516484,-47.082435
14994,26.553317,-46.894320
14995,31.396330,-46.560498
14996,31.457552,-46.389249
14997,31.546152,-46.230428
14998,31.659710,-46.088377
14999,31.795121,-45.966976
15000,31.948684,-45.869546
15001,32.116201,-45.798749
15002,32.293094,-45.756521
15003,32.474526,-45.744015
15004,32.655539,-45.761573
15005,32.831186,-45.808717
15006,32.996664,-45.884156
15007,33.147451,-45.985829
15008,33.279426,-46.110956
15009,33.388980,-46.256118
15010,33.473119,-46.417347
15011,38.770251,-46.052223
15012,38.928773,-45.946165
15013,39.103233,-45.869084
15014,39.288385,-45.823298
15015,39.478662,-45.810182
15016,39.668345,-45.830132
15017,39.851731,-45.882547
15018,40.023306,-45.965852
15019,45.728624,-45.572592
15020,45.659858,-44.574959
15021,26.147958,-45.919888
15022,25.997145,-45.818154
15023,25.831628,-45.742667
15024,25.655933,-45.695492
15025,25.474866,-45.677919
15026,25.293378,-45.690428
15027,25.116434,-45.732679
15028,24.948874,-45.803514
15029,24.795279,-45.900997
15030,24.659851,-46.022461
15031,19.507841,-46.377582
15032,19.438036,-46.208636
15033,19.341215,-46.053584
15034,19.220054,-45.916706
15035,19.077898,-45.801783
15036,18.918673,-45.711990
15037,18.746777,-45.649804
15038,18.566955,-45.616945
15039,18.384175,-45.614319
15040,18.203484,-45.641999
15041,18.029871,-45.699220
15042,17.868132,-45.784402
15043,17.722734,-45.895193
15044,17.597690,-46.028533
15045,17.496455,-46.180740
15046,17.421825,-46.347611
15047,17.375859,-46.524537
15048,12.539451,-46.857904
15049,12.486255,-47.041933
15050,12.401940,-47.213943
15051,12.289061,-47.368717
15052,12.151043,-47.501562
15053,11.992070,-47.608447
15054,11.816966,-47.686132
15055,11.631039,-47.732260
15056,11.439929,-47.745433
15057,11.249431,-47.725251
15058,11.065324,-47.672326
15059,10.893190,-47.588264
15060,10.738250,-47.475613
15061,10.605203,-47.337790
15062,10.498084,-47.178975
15063,10.420142,-47.003985
15064,5.234126,-47.361450
15065,5.101403,-47.473484
15066,4.952698,-47.563231
15067,4.791722,-47.628452
15068,4.622485,-47.667521
15069,4.449209,-47.679465
15070,4.276213,-47.663985
15071,4.107809,-47.621468
15072,3.948198,-47.552973
15073,3.801358,-47.460209
15074,-288.492764,-67.607643
15075,-288.482529,-66.604565
15076,-283.601223,-66.268103
15077,-283.480041,-66.400504
15078,-283.338940,-66.511434
15079,-283.181677,-66.597942
15080,-283.012440,-66.657723
15081,-282.835733,-66.689186
15082,-282.656262,-66.691493
15083,-282.478805,-66.664583
15084,-282.308087,-66.609173
15085,-282.148652,-66.526737
15086,-282.004746,-66.419470
15087,-281.880200,-66.290229
15088,-281.778330,-66.142454
15089,-276.544655,-65.781704
15090,-276.412766,-65.906132
15091,-276.262229,-66.007203
15092,-276.097133,-66.082172
15093,-275.921964,-66.129001
15094,-275.741482,-66.146418
15095,-275.560591,-66.133949
15096,-275.384206,-66.091934
15097,-275.217120,-66.021514
15098,-275.063871,-65.924602
15099,-274.928625,-65.803832
15100,-274.815055,-65.662485
15101,-269.480323,-65.294769
15102,-269.338239,-65.409406
15103,-269.179152,-65.498965
15104,-269.007443,-65.560978
15105,-268.827842,-65.593738
15106,-268.645297,-65.596341
15107,-268.464835,-65.568716
15108,-268.291428,-65.511624
15109,-268.129852,-65.426638
15110,-267.984557,-65.316099
15111,-267.859546,-65.183051
15112,-262.406645,-64.807190
15113,-262.255478,-64.909788
15114,-262.089415,-64.985952
15115,-261.913037,-65.033579
15116,-261.731208,-65.051356
15117,-261.548945,-65.038793
15118,-261.371275,-64.996236
15119,-261.203099,-64.924859
15120,-261.049056,-64.826631
15121,-260.913396,-64.704262
15122,-255.320716,-64.318767
15123,-255.162791,-64.406368
15124,-254.992660,-64.466949
15125,-254.814911,-64.498876
15126,-254.634332,-64.501288
15127,-254.455793,-64.474122
15128,-254.284105,-64.418109
15129,-254.123895,-64.334758
15130,-253.979483,-64.226317
15131,-248.217857,-63.829176
15132,-248.057981,-63.897971
15133,-247.889256,-63.940688
15134,-247.715905,-63.956257
15135,-247.542268,-63.944288
15136,-247.372693,-63.905082
15137,-247.211425,-63.839619
15138,-247.062500,-63.749539
15139,-241.088090,-63.337731
15140,-240.906098,-63.389171
15141,-240.717985,-63.408676
15142,-240.529311,-63.395671
15143,-240.345653,-63.350540
15144,-240.172440,-63.274617
15145,-10.064437,-47.413586
15146,-9.901724,-47.485681
15147,-9.729513,-47.530594
15148,-9.552314,-47.547148
15149,-9.374765,-47.534909
15150,-9.201513,-47.494200
15151,-9.037094,-47.426084
15152,-8.885811,-47.332345
15153,-3.542709,-46.964052
15154,-3.449584,-47.130910
15155,-3.328988,-47.279134
15156,-3.184560,-47.404251
15157,-3.020659,-47.502487
15158,-2.842231,-47.570876
15159,-2.654659,-47.607354
15160,-2.463605,-47.610822
15161,-2.274833,-47.581173
15162,-2.094041,-47.519304
15163,-1.926683,-47.427081
15164,-1.777810,-47.307286
15165,-1.651916,-47.163536
15166,-1.552797,-47.000167
15167,-1.483447,-46.822110
15168,3.364258,-46.487964
15169,3.394700,-46.307132
15170,3.454760,-46.133870
15171,3.542769,-45.972993
15172,3.656280,-45.828972
15173,3.792140,-45.705810
15174,3.946572,-45.606928
15175,4.115286,-45.535076
15176,4.293591,-45.492250
15177,4.476534,-45.479640
15178,4.659029,-45.497596
15179,4.836005,-45.545621
15180,5.002544,-45.622378
15181,5.154017,-45.725735
15182,5.286216,-45.852820
15183,5.395465,-46.000100
15184,5.478730,-46.163483
15185,5.533695,-46.338428
15186,10.576227,-45.990853
15187,10.702038,-45.848563
15188,10.850450,-45.730036
15189,11.017039,-45.638806
15190,11.196838,-45.577593
15191,11.384487,-45.548222
15192,11.574391,-45.551569
15193,11.760889,-45.587534
15194,11.938420,-45.655044
15195,12.101691,-45.752087
15196,12.245834,-45.875769
15197,46.298576,-43.528561
15198,46.229810,-42.530928
15199,-1.674990,-45.832940
15200,-1.796148,-45.702374
15201,-1.936790,-45.593075
15202,-2.093229,-45.507907
15203,-2.261363,-45.449104
15204,-2.436782,-45.418208
15205,-2.614889,-45.416029
15206,-2.791012,-45.442625
15207,-2.960534,-45.497297
15208,-3.119009,-45.578612
15209,-3.262283,-45.684439
15210,-3.386599,-45.812002
15211,-3.488696,-45.957956
15212,-8.448851,-46.299853
15213,-8.488595,-46.120444
15214,-8.557651,-45.950154
15215,-8.654091,-45.793736
15216,-8.775224,-45.655555
15217,-8.917670,-45.539467
15218,-9.077453,-45.448712
15219,-9.250115,-45.385822
15220,-9.430837,-45.352553
15221,-9.614576,-45.349833
15222,-9.796203,-45.377737
15223,-9.970652,-45.435488
15224,-10.133052,-45.521473
15225,-10.278872,-45.633293
15226,-10.404043,-45.767828
15227,-10.505071,-45.921322
15228,-10.579138,-46.089493
15229,-10.624176,-46.267647
15230,-10.638928,-46.450812
15231,-135.028033,-55.024783
15232,-135.188970,-55.109000
15233,-135.361571,-55.165585
15234,-135.541131,-55.192994
15235,-135.722753,-55.190481
15236,-135.901486,-55.158113
15237,-136.072455,-55.096774
15238,-141.933382,-55.500760
15239,-142.091953,-55.606906
15240,-142.266481,-55.684051
15241,-142.451716,-55.729874
15242,-142.642082,-55.742995
15243,-142.831852,-55.723021
15244,-143.015314,-55.670552
15245,-143.186949,-55.587166
15246,-148.859761,-55.978185
15247,-148.991844,-56.088225
15248,-149.139460,-56.176340
15249,-149.299002,-56.240380
15250,-149.466573,-56.278780
15251,-149.638081,-56.290602
15252,-149.809336,-56.275557
15253,-149.976155,-56.234013
15254,-150.134465,-56.166984
15255,-150.280397,-56.076108
15256,-155.800171,-56.456579
15257,-155.923639,-56.578759
15258,-156.064801,-56.679980
15259,-156.220136,-56.757717
15260,-156.385772,-56.810033
15261,-156.557578,-56.835622
15262,-156.731271,-56.833848
15263,-156.902518,-56.804753
15264,-157.067051,-56.749063
15265,-157.220765,-56.668168
15266,-157.359829,-56.564084
15267,-162.751219,-56.935705
15268,-162.877118,-57.079520
15269,-163.026011,-57.199371
15270,-163.193403,-57.291639
15271,-163.374239,-57.353538
15272,-163.563061,-57.383199
15273,-163.754166,-57.379726
15274,-163.941786,-57.343224
15275,-164.120254,-57.274796
15276,-164.284183,-57.176508
15277,-164.428623,-57.051326
15278,-169.710789,-57.415418
15279,-169.823967,-57.566346
15280,-169.961269,-57.695716
15281,-170.118658,-57.799722
15282,-170.291503,-57.875307
15283,-170.474721,-57.920246
15284,-170.662923,-57.933219
15285,-170.850575,-57.913843
15286,-171.032156,-57.862689
15287,-171.202326,-57.781260
15288,-171.356080,-57.671953
15289,-171.488896,-57.537981
15290,-176.677552,-57.895628
15291,-176.778094,-58.051943
15292,-176.903517,-58.189100
15293,-177.050242,-58.303183
15294,-177.214078,-58.390935
15295,-177.390350,-58.449852
15296,-177.574025,-58.478251
15297,-177.759860,-58.475322
15298,-177.942548,-58.441148
15299,-178.116876,-58.376704
15300,-178.277866,-58.283832
15301,-178.420921,-58.165181
15302,-178.541960,-58.024139
15303,-183.650436,-58.376259
15304,-183.738590,-58.536640
15305,-183.852115,-58.680185
15306,-183.987868,-58.802922
15307,-184.142092,-58.901452
15308,-184.310517,-58.973049
15309,-184.488481,-59.015731
15310,-184.671059,-59.028316
15311,-184.853197,-59.010456
15312,-185.029853,-58.962645
15313,-185.196137,-58.886206
15314,-185.347446,-58.783256
15315,-185.479592,-58.656645
15316,-185.588917,-58.509876
15317,-190.628819,-58.857270
15318,-190.704914,-59.020618
15319,-190.806657,-59.169350
15320,-190.931318,-59.299475
15321,-191.075552,-59.407501
15322,-191.235488,-59.490528
15323,-191.406834,-59.546328
15324,-191.584991,-59.573403
15325,-191.765178,-59.571028
15326,-191.942559,-59.539265
15327,-192.112374,-59.478968
15328,-192.270066,-59.391753
15329,-192.411402,-59.279963
15330,-192.532590,-59.146597
15331,-192.630377,-58.995234
15332,-197.612224,-59.338626
15333,-197.682233,-59.515395
15334,-197.781635,-59.677468
15335,-197.907460,-59.820003
15336,-198.055950,-59.938742
15337,-198.222669,-60.030139
15338,-198.402635,-60.091462
15339,-198.590473,-60.120879
15340,-198.780570,-60.117512
15341,-198.967248,-60.081462
15342,-199.144930,-60.013804
15343,-199.308307,-59.916561
15344,-199.452499,-59.792638
15345,-199.573198,-59.645736
15346,-199.666799,-59.480245
15347,-204.600206,-59.820298
15348,-204.657726,-59.997751
15349,-204.744405,-60.162933
15350,-204.857748,-60.311093
15351,-204.994497,-60.437971
15352,-205.150718,-60.539917
15353,-205.321920,-60.614000
15354,-205.503177,-60.658090
15355,-205.689278,-60.670917
15356,-205.874871,-60.652114
15357,-206.054618,-60.602222
15358,-206.223349,-60.522674
15359,-206.376213,-60.415759
15360,-206.508813,-60.284551
15361,-206.617335,-60.132824
15362,-206.698659,-59.964942
15363,-211.592516,-60.302269
15364,-211.638050,-60.479768
15365,-211.712419,-60.647246
15366,-211.813559,-60.800054
15367,-211.938663,-60.933951
15368,-212.084259,-61.045222
15369,-212.246307,-61.130779
15370,-212.420310,-61.188247
15371,-212.601438,-61.216032
15372,-212.784666,-61.213362
15373,-212.964908,-61.180311
15374,-213.137162,-61.117797
15375,-213.296648,-61.027555
15376,-213.438940,-60.912089
15377,-213.560090,-60.774603
15378,-213.656734,-60.618914
15379,-213.726191,-60.449340
15380,-218.588944,-60.784523
15381,-218.626024,-60.972360
15382,-218.695113,-61.150921
15383,-218.794117,-61.314799
15384,-218.920038,-61.459026
15385,-219.069059,-61.579236
15386,-219.236666,-61.671784
15387,-219.417783,-61.733869
15388,-219.606921,-61.763608
15389,-219.798350,-61.760101
15390,-219.986272,-61.723454
15391,-220.164993,-61.654777
15392,-220.329098,-61.556151
15393,-220.473616,-61.430564
15394,-220.594169,-61.281821
15395,-220.687104,-61.114427
15396,-220.749606,-60.933454
15397,-225.589340,-61.267051
15398,-225.614443,-61.453230
15399,-225.670861,-61.632422
15400,-225.756948,-61.799401
15401,-225.870193,-61.949296
15402,-226.007293,-62.077735
15403,-226.164248,-62.180971
15404,-226.336481,-62.255995
15405,-226.518969,-62.300616
15406,-226.706388,-62.313535
15407,-226.893273,-62.294373
15408,-227.074171,-62.243691
15409,-227.243806,-62.162966
15410,-227.397232,-62.054552
15411,-227.529972,-61.921613
15412,-227.638155,-61.768025
15413,-227.718626,-61.598268
15414,-227.769037,-61.417294
15415,-232.593587,-61.749844
15416,-232.607170,-61.933970
15417,-232.651357,-62.113231
15418,-232.724903,-62.282576
15419,-232.825736,-62.437236
15420,-232.951015,-62.572853
15421,-233.097212,-62.685606
15422,-233.260208,-62.772320
15423,-233.435411,-62.830552
15424,-233.617885,-62.858660
15425,-233.802490,-62.855854
15426,-233.984026,-62.822212
15427,-234.157378,-62.758682
15428,-234.317662,-62.667054
15429,-234.460365,-62.549909
15430,-234.581464,-62.410546
15431,-234.677550,-62.252893
15432,-234.745914,-62.081391
15433,-234.784632,-61.900870
15434,-239.601634,-62.232899
15435,-239.631485,-62.043528
15436,-239.693761,-61.862215
15437,-239.786570,-61.694468
15438,-239.907093,-61.545382
15439,-240.051670,-61.419486
15440,-240.215910,-61.320602
15441,-240.394823,-61.251735
15442,-240.582975,-61.214977
15443,-240.774652,-61.211444
15444,-240.964031,-61.241243
15445,-241.145361,-61.303469
15446,-241.313133,-61.396232
15447,-241.462252,-61.516715
15448,-241.588188,-61.661258
15449,-241.687116,-61.825470
15450,-241.756032,-62.004365
15451,-241.792841,-62.192507
15452,-241.796427,-62.384183
15453,-246.613450,-62.716214
15454,-246.652234,-62.535764
15455,-246.720643,-62.364338
15456,-246.816752,-62.206764
15457,-246.937854,-62.067478
15458,-247.080540,-61.950400
15459,-247.240793,-61.858828
15460,-247.414100,-61.795339
15461,-247.595584,-61.761721
15462,-247.780134,-61.758920
15463,-247.962554,-61.787016
15464,-248.137708,-61.845216
15465,-248.300666,-61.931883
15466,-248.446839,-62.044577
15467,-248.572112,-62.180125
15468,-248.672958,-62.334710
15469,-248.746538,-62.503980
15470,-248.790779,-62.683171
15471,-248.804438,-62.867236
15472,-253.629075,-63.199791
15473,-253.679548,-63.018896
15474,-253.760058,-62.849223
15475,-253.868256,-62.695718
15476,-254.000991,-62.562856
15477,-254.154391,-62.454510
15478,-254.323987,-62.373837
15479,-254.504834,-62.323190
15480,-254.691660,-62.304045
15481,-254.879020,-62.316959
15482,-255.061453,-62.361557
15483,-255.233641,-62.436538
15484,-255.390564,-62.539717
15485,-255.527648,-62.668086
15486,-255.640897,-62.817904
15487,-255.727011,-62.984802
15488,-255.783479,-63.163917
15489,-255.808655,-63.350027
15490,-260.648562,-63.683635
15491,-260.711133,-63.502767
15492,-260.804107,-63.335481
15493,-260.924668,-63.186842
15494,-261.069168,-63.061350
15495,-261.233232,-62.962803
15496,-261.411894,-62.894184
15497,-261.599745,-62.857571
15498,-261.791099,-62.854072
15499,-261.980163,-62.883793
15500,-262.161214,-62.945834
15501,-262.328771,-63.038317
15502,-262.477763,-63.158443
15503,-262.603678,-63.302574
15504,-262.702705,-63.466349
15505,-262.771847,-63.644809
15506,-262.809010,-63.832552
15507,-267.671982,-64.167750
15508,-267.741490,-63.998266
15509,-267.838159,-63.842667
15510,-267.959310,-63.705268
15511,-268.101583,-63.589880
15512,-268.261032,-63.499702
15513,-268.433235,-63.437235
15514,-268.613417,-63.404212
15515,-268.796581,-63.401548
15516,-268.977647,-63.429318
15517,-269.151594,-63.486751
15518,-269.313598,-63.572254
15519,-269.459166,-63.683456
15520,-269.584261,-63.817274
15521,-269.685415,-63.969996
15522,-269.759821,-64.137387
15523,-269.805417,-64.314804
15524,-274.699547,-64.652150
15525,-274.780915,-64.484366
15526,-274.889455,-64.332737
15527,-275.022047,-64.201620
15528,-275.174881,-64.094784
15529,-275.343565,-64.015298
15530,-275.523251,-63.965446
15531,-275.708776,-63.946662
15532,-275.894807,-63.959485
15533,-276.076000,-64.003547
15534,-276.247147,-64.077581
15535,-276.403330,-64.179459
15536,-276.540060,-64.306255
15537,-276.653408,-64.454324
15538,-276.740117,-64.619411
15539,-276.797695,-64.796773
15540,-281.731442,-65.136849
15541,-281.825080,-64.971466
15542,-281.945786,-64.824669
15543,-282.089960,-64.700841
15544,-282.253295,-64.603676
15545,-282.430918,-64.536077
15546,-282.617525,-64.500060
15547,-282.807546,-64.496701
15548,-282.995310,-64.526100
15549,-283.175211,-64.587380
15550,-283.341878,-64.678711
15551,-283.490338,-64.797367
15552,-283.616157,-64.939806
15553,-283.715581,-65.101776
15554,-283.785642,-65.278442
15555,-288.472294,-65.601487
15556,-288.462059,-64.598409
15557,-234.334747,-60.867487
15558,-234.185987,-60.777657
15559,-234.024937,-60.712375
15560,-233.855616,-60.673272
15561,-233.682250,-60.661322
15562,-233.509164,-60.676824
15563,-233.340681,-60.719391
15564,-233.181003,-60.787961
15565,-227.417924,-60.390720
15566,-227.273604,-60.282495
15567,-227.113537,-60.199313
15568,-226.942027,-60.143411
15569,-226.763687,-60.116292
15570,-226.583312,-60.118685
15571,-226.405754,-60.150526
15572,-226.235788,-60.210960
15573,-226.077984,-60.298359
15574,-220.484020,-59.912775
15575,-220.348418,-59.790634
15576,-220.194488,-59.692593
15577,-220.026466,-59.621353
15578,-219.848978,-59.578873
15579,-219.666910,-59.566323
15580,-219.485272,-59.584049
15581,-219.309065,-59.631562
15582,-219.143139,-59.707555
15583,-218.992061,-59.809936
15584,-213.538052,-59.433999
15585,-213.413060,-59.301119
15586,-213.267825,-59.190724
15587,-213.106342,-59.105850
15588,-212.933052,-59.048833
15589,-212.752722,-59.021239
15590,-212.570312,-59.023829
15591,-212.390838,-59.056531
15592,-212.219237,-59.118446
15593,-212.060228,-59.207870
15594,-211.918186,-59.322344
15595,-206.582608,-58.954570
15596,-206.469037,-58.813372
15597,-206.333826,-58.692735
15598,-206.180644,-58.595933
15599,-206.013648,-58.525592
15600,-205.837370,-58.483622
15601,-205.656594,-58.471162
15602,-205.476225,-58.488549
15603,-205.301158,-58.535311
15604,-205.136143,-58.610180
15605,-204.985658,-58.711125
15606,-204.853788,-58.835405
15607,-199.619389,-58.474605
15608,-199.517501,-58.326963
15609,-199.392971,-58.197845
15610,-199.249111,-58.090684
15611,-199.089747,-58.008330
15612,-198.919116,-57.952974
15613,-198.741757,-57.926087
15614,-198.562386,-57.928385
15615,-198.385773,-57.959806
15616,-198.216617,-58.019515
15617,-198.059414,-58.105924
15618,-197.918346,-58.216735
15619,-197.797165,-58.349001
15620,-192.649492,-57.994179
15621,-192.559261,-57.841604
15622,-192.445695,-57.705503
15623,-192.311743,-57.589410
15624,-192.160884,-57.496339
15625,-191.997034,-57.428708
15626,-191.824449,-57.388273
15627,-191.647609,-57.376084
15628,-191.471108,-57.392457
15629,-191.299529,-57.436967
15630,-191.137326,-57.508459
15631,-190.988712,-57.605075
15632,-190.857547,-57.724307
15633,-190.747235,-57.863059
15634,-185.673832,-57.513356
15635,-185.588024,-57.345553
15636,-185.474830,-57.194861
15637,-185.337573,-57.065704
15638,-185.180284,-56.961873
15639,-185.007578,-56.886416
15640,-184.824526,-56.841549
15641,-184.636502,-56.828589
15642,-184.449026,-56.847916
15643,-184.267600,-56.898963
15644,-184.097551,-56.980231
15645,-183.943872,-57.089334
15646,-183.811073,-57.223070
15647,-183.703053,-57.377513
15648,-178.692942,-57.032173
15649,-178.619696,-56.862160
15650,-178.518978,-56.706837
15651,-178.393639,-56.570604
15652,-178.247230,-56.457318
15653,-178.083896,-56.370189
15654,-177.908265,-56.311683
15655,-177.725309,-56.283459
15656,-177.540212,-56.286314
15657,-177.358214,-56.320169
15658,-177.184471,-56.384064
15659,-177.023903,-56.476190
15660,-176.881057,-56.593938
15661,-176.759980,-56.733972
15662,-176.664101,-56.892328
15663,-171.707233,-56.550658
15664,-171.646082,-56.379283
15665,-171.557518,-56.220334
15666,-171.443962,-56.078158
15667,-171.308523,-55.956648
15668,-171.154905,-55.859127
15669,-170.987313,-55.788264
15670,-170.810332,-55.745999
15671,-170.628805,-55.733486
15672,-170.447699,-55.751070
15673,-170.271969,-55.798268
15674,-170.106424,-55.873789
15675,-169.955593,-55.975567
15676,-169.823604,-56.100817
15677,-169.714069,-56.246112
15678,-169.629983,-56.407476
15679,-164.717093,-56.068837
15680,-164.663332,-55.885633
15681,-164.578701,-55.714484
15682,-164.465750,-55.560548
15683,-164.327882,-55.428462
15684,-164.169251,-55.322206
15685,-163.994637,-55.244980
15686,-163.809298,-55.199112
15687,-163.618821,-55.185982
15688,-163.428942,-55.205988
15689,-163.245383,-55.258525
15690,-163.073673,-55.342012
15691,-162.918987,-55.453932
15692,-162.785983,-55.590915
15693,-162.678670,-55.748833
15694,-162.600280,-55.922928
15695,-157.722737,-55.586726
15696,-157.681241,-55.404083
15697,-157.609361,-55.231129
15698,-157.509181,-55.072875
15699,-157.383606,-54.933912
15700,-157.236275,-54.818267
15701,-157.071461,-54.729294
15702,-156.893941,-54.669571
15703,-156.708862,-54.640830
15704,-156.521591,-54.643905
15705,-156.337555,-54.678706
15706,-156.162092,-54.744225
15707,-156.000288,-54.838562
15708,-155.856833,-54.958981
15709,-155.735887,-55.101993
15710,-155.640957,-55.263449
15711,-155.574794,-55.438671
15712,-150.724346,-55.104336
15713,-150.694618,-54.922760
15714,-150.635042,-54.748679
15715,-150.547283,-54.586964
15716,-150.433796,-54.442139
15717,-150.297758,-54.318256
15718,-150.142974,-54.218780
15719,-149.973774,-54.146496
15720,-149.794893,-54.103425
15721,-149.611336,-54.090772
15722,-149.428237,-54.108893
15723,-149.250720,-54.157278
15724,-149.083751,-54.234576
15725,-148.932002,-54.338622
15726,-148.799718,-54.466507
15727,-148.690600,-54.614652
15728,-148.607702,-54.778912
15729,-148.553343,-54.954692
15730,-143.722046,-54.621677
15731,-143.701632,-54.431166
15732,-143.648470,-54.247088
15733,-143.564173,-54.075027
15734,-143.451299,-53.920203
15735,-143.313272,-53.787314
15736,-143.154280,-53.680391
15737,-142.979146,-53.602679
15738,-142.793184,-53.556535
15739,-142.602037,-53.543360
15740,-142.411502,-53.563552
15741,-142.227362,-53.616500
15742,-142.055203,-53.700597
15743,-141.900248,-53.813291
15744,-141.767199,-53.951164
15745,-141.660092,-54.110032
15746,-141.582176,-54.285075
15747,-141.535816,-54.470983
15748,-136.715926,-54.138755
15749,-136.707203,-53.950816
15750,-136.666581,-53.767112
15751,-136.595248,-53.593018
15752,-136.495291,-53.433627
15753,-136.369634,-53.293600
15754,-136.221953,-53.177035
15755,-136.056568,-53.087342
15756,-135.878317,-53.027144
15757,-135.692415,-52.998202
15758,-135.504300,-53.001363
15759,-135.319476,-53.036535
15760,-135.143349,-53.102688
15761,-134.981071,-53.197888
15762,-134.837389,-53.319350
15763,-134.716508,-53.463519
15764,-134.621963,-53.626180
15765,-134.556520,-53.802572
15766,-134.522094,-53.987537
15767,-129.706020,-53.655572
15768,-129.671665,-53.840607
15769,-129.606270,-54.017079
15770,-129.511752,-54.179820
15771,-129.390875,-54.324068
15772,-129.247179,-54.445599
15773,-129.084869,-54.540858
15774,-128.908697,-54.607054
15775,-128.723820,-54.642251
15776,-128.535648,-54.645418
15777,-128.349691,-54.616463
15778,-128.171391,-54.556232
15779,-128.005968,-54.466490
15780,-127.858263,-54.349863
15781,-127.732600,-54.209765
15782,-127.632659,-54.050297
15783,-127.561363,-53.876126
15784,-127.520800,-53.692351
15785,-127.512157,-53.504352
15786,-122.692344,-53.172128
15787,-122.646065,-53.358131
15788,-122.568201,-53.533276
15789,-122.461116,-53.692246
15790,-122.328062,-53.830214
15791,-122.173078,-53.942992
15792,-122.000871,-54.027154
15793,-121.816669,-54.080147
15794,-121.626064,-54.100359
15795,-121.434844,-54.087179
15796,-121.248816,-54.041005
15797,-121.073626,-53.963241
15798,-120.914595,-53.856247
15799,-120.776551,-53.723271
15800,-120.663685,-53.568352
15801,-120.579425,-53.396192
15802,-120.526328,-53.212020
15803,-120.506007,-53.021427
15804,-115.674832,-52.688421
15805,-115.620532,-52.864283
15806,-115.537671,-53.028630
15807,-115.428567,-53.176860
15808,-115.296274,-53.304824
15809,-115.144498,-53.408938
15810,-114.977487,-53.486289
15811,-114.799916,-53.534710
15812,-114.616758,-53.552847
15813,-114.433140,-53.540190
15814,-114.254202,-53.497095
15815,-114.084955,-53.424768
15816,-113.930136,-53.325234
15817,-113.794080,-53.201279
15818,-113.680596,-53.056375
15819,-113.592862,-52.894577
15820,-113.533333,-52.720415
15821,-113.503677,-52.538766
15822,-108.653412,-52.204444
15823,-108.587305,-52.379756
15824,-108.492404,-52.541306
15825,-108.371463,-52.684407
15826,-108.227990,-52.804907
15827,-108.066149,-52.899310
15828,-107.890634,-52.964878
15829,-107.706538,-52.999708
15830,-107.519201,-53.002790
15831,-107.334059,-52.974033
15832,-107.156482,-52.914274
15833,-106.991624,-52.825245
15834,-106.844266,-52.709529
15835,-106.718683,-52.570483
15836,-106.618520,-52.412142
15837,-106.546682,-52.239099
15838,-106.505254,-52.056374
15839,-101.627959,-51.720189
15840,-101.549619,-51.894384
15841,-101.442327,-52.052402
15842,-101.309318,-52.189479
15843,-101.154603,-52.301481
15844,-100.982846,-52.385031
15845,-100.799226,-52.437612
15846,-100.609278,-52.457637
15847,-100.418730,-52.444503
15848,-100.233326,-52.398605
15849,-100.058656,-52.321328
15850,-99.899987,-52.215002
15851,-99.762103,-52.082831
15852,-99.649160,-51.928802
15853,-99.564564,-51.757557
15854,-99.510865,-51.574261
15855,-94.598332,-51.235646
15856,-94.514295,-51.397133
15857,-94.404776,-51.542548
15858,-94.272774,-51.667909
15859,-94.121904,-51.769783
15860,-93.956299,-51.845379
15861,-93.780493,-51.892627
15862,-93.599302,-51.910233
15863,-93.417689,-51.897715
15864,-93.240628,-51.855415
15865,-93.072968,-51.784492
15866,-92.919301,-51.686889
15867,-92.783835,-51.565279
15868,-92.670282,-51.422992
15869,-92.581750,-51.263925
15870,-92.520665,-51.092436
15871,-87.564209,-50.750794
15872,-87.468363,-50.909262
15873,-87.347290,-51.049405
15874,-87.204422,-51.167249
15875,-87.043808,-51.259455
15876,-86.870002,-51.323409
15877,-86.687931,-51.357298
15878,-86.502754,-51.360161
15879,-86.319721,-51.331918
15880,-86.144021,-51.273368
15881,-85.980634,-51.186172
15882,-85.834190,-51.072801
15883,-85.708842,-50.936469
15884,-85.608143,-50.781040
15885,-85.534946,-50.610920
15886,-80.525297,-50.265611
15887,-80.417301,-50.420178
15888,-80.284493,-50.554030
15889,-80.130777,-50.663233
15890,-79.960669,-50.744580
15891,-79.779167,-50.795679
15892,-79.591605,-50.815030
15893,-79.403494,-50.802064
15894,-79.220360,-50.757161
15895,-79.047586,-50.681642
15896,-78.890248,-50.577725
15897,-78.752969,-50.448464
15898,-78.639783,-50.297656
15899,-78.554015,-50.129734
15900,-73.481223,-49.780073
15901,-73.370926,-49.918975
15902,-73.239740,-50.038346
15903,-73.091073,-50.135080
15904,-72.928793,-50.206663
15905,-72.757117,-50.251234
15906,-72.580509,-50.267635
15907,-72.403562,-50.255438
15908,-72.230875,-50.214961
15909,-72.066938,-50.147257
15910,-71.916014,-50.054085
15911,-71.782026,-49.937867
15912,-71.668458,-49.801627
15913,-71.578263,-49.648905
15914,-66.431278,-49.294130
15915,-66.310095,-49.426534
15916,-66.168993,-49.537468
15917,-66.011729,-49.623978
15918,-65.842489,-49.683761
15919,-65.665780,-49.715225
15920,-65.486307,-49.717533
15921,-65.308847,-49.690622
15922,-65.138126,-49.635210
15923,-64.978690,-49.552772
15924,-64.834782,-49.445503
15925,-64.710236,-49.316258
15926,-64.608366,-49.168479
15927,-59.374711,-48.807730
15928,-59.242822,-48.932162
15929,-59.092283,-49.033237
15930,-58.927185,-49.108209
15931,-58.752013,-49.155040
15932,-58.571528,-49.172457
15933,-58.390634,-49.159988
15934,-58.214246,-49.117972
15935,-58.047157,-49.047550
15936,-57.893907,-48.950635
15937,-57.758659,-48.829861
15938,-57.645090,-48.688510
15939,-52.310380,-48.320796
15940,-52.168296,-48.435438
15941,-52.009206,-48.525000
15942,-51.837494,-48.587016
15943,-51.657890,-48.619777
15944,-51.475341,-48.622380
15945,-51.294876,-48.594755
15946,-51.121465,-48.537661
15947,-50.959886,-48.452672
15948,-50.814590,-48.342129
15949,-50.689578,-48.209076
15950,-45.236705,-47.833217
15951,-45.085536,-47.935820
15952,-44.919470,-48.011987
15953,-44.743088,-48.059617
15954,-44.561255,-48.077395
15955,-44.378987,-48.064832
15956,-44.201313,-48.022273
15957,-44.033133,-47.950893
15958,-43.879088,-47.852661
15959,-43.743427,-47.730287
15960,-38.150779,-47.344794
15961,-37.992850,-47.432401
15962,-37.822716,-47.492985
15963,-37.644961,-47.524915
15964,-37.464377,-47.527328
15965,-37.285832,-47.500160
15966,-37.114139,-47.444144
15967,-36.953926,-47.360789
15968,-36.809511,-47.252342
15969,-31.047755,-46.855192
15970,-30.887914,-46.923948
15971,-30.719230,-46.966639
15972,-30.545925,-46.982197
15973,-30.372335,-46.970232
15974,-30.202803,-46.931043
15975,-30.041572,-46.865611
15976,-29.892676,-46.775574
15977,-23.918165,-46.363759
15978,-23.736162,-46.415207
15979,-23.548036,-46.434716
15980,-23.359349,-46.421710
15981,-23.175679,-46.376573
15982,-23.002456,-46.300640
15983,46.161045,-41.533295
15984,46.092279,-40.535662
15985,-15.423631,-44.775870
15986,-15.437212,-44.959997
15987,-15.481398,-45.139260
15988,-15.554943,-45.308608
15989,-15.655775,-45.463269
15990,-15.781055,-45.598888
15991,-15.927253,-45.711643
15992,-16.090250,-45.798359
15993,-16.265454,-45.856591
15994,-16.447930,-45.884700
15995,-16.632536,-45.881893
15996,-16.814073,-45.848251
15997,-16.987426,-45.784720
15998,-17.147712,-45.693090
15999,-17.290414,-45.575943
16000,-17.411514,-45.436579
16001,-17.507599,-45.278923
16002,-17.575962,-45.107419
16003,-17.614678,-44.926896
16004,-22.431680,-45.258925
16005,-22.461532,-45.069556
16006,-22.523809,-44.888245
16007,-22.616619,-44.720500
16008,-22.737143,-44.571416
16009,-22.881719,-44.445522
16010,-23.045958,-44.346640
16011,-23.224870,-44.277774
16012,-23.413021,-44.241017
16013,-23.604696,-44.237484
16014,-23.794074,-44.267282
16015,-23.975402,-44.329507
16016,-24.143174,-44.422269
16017,-24.292292,-44.542751
16018,-24.418228,-44.687291
16019,-24.517156,-44.851502
16020,-24.586073,-45.030394
16021,-24.622884,-45.218535
16022,-24.626472,-45.410209
16023,-29.443483,-45.742239
16024,-29.482255,-45.561777
16025,-29.550657,-45.390338
16026,-29.646761,-45.232750
16027,-29.767863,-45.093451
16028,-29.910552,-44.976361
16029,-30.070810,-44.884780
16030,-30.244125,-44.821284
16031,-30.425618,-44.787661
16032,-30.610177,-44.784860
16033,-30.792607,-44.812957
16034,-30.967769,-44.871163
16035,-31.130734,-44.957839
16036,-31.276911,-45.070543
16037,-31.402185,-45.206102
16038,-31.503029,-45.360700
16039,-31.576602,-45.529984
16040,-31.620835,-45.709186
16041,-31.634480,-45.893261
16042,-36.459122,-46.225817
16043,-36.509597,-46.044924
16044,-36.590107,-45.875253
16045,-36.698307,-45.721751
16046,-36.831041,-45.588891
16047,-36.984441,-45.480546
16048,-37.154035,-45.399875
16049,-37.334880,-45.349229
16050,-37.521705,-45.330084
16051,-37.709064,-45.342999
16052,-37.891495,-45.387596
16053,-38.063681,-45.462576
16054,-38.220603,-45.565753
16055,-38.357687,-45.694121
16056,-38.470937,-45.843936
16057,-38.557051,-46.010832
16058,-38.613521,-46.189945
16059,-38.638698,-46.376053
16060,-43.478610,-46.709661
16061,-43.541183,-46.528795
16062,-43.634157,-46.361512
16063,-43.754719,-46.212876
16064,-43.899218,-46.087386
16065,-44.063281,-45.988840
16066,-44.241942,-45.920223
16067,-44.429791,-45.883611
16068,-44.621144,-45.880112
16069,-44.810206,-45.909832
16070,-44.991255,-45.971872
16071,-45.158811,-46.064354
16072,-45.307802,-46.184477
16073,-45.433717,-46.328607
16074,-45.532745,-46.492379
16075,-45.601888,-46.670837
16076,-45.639053,-46.858577
16077,-50.502031,-47.193776
16078,-50.571540,-47.024295
16079,-50.668210,-46.868698
16080,-50.789361,-46.731302
16081,-50.931633,-46.615916
16082,-51.091081,-46.525739
16083,-51.263283,-46.463274
16084,-51.443463,-46.430252
16085,-51.626625,-46.427588
16086,-51.807690,-46.455357
16087,-51.981635,-46.512789
16088,-52.143637,-46.598291
16089,-52.289205,-46.709491
16090,-52.414300,-46.843307
16091,-52.515454,-46.996026
16092,-52.589861,-47.163415
16093,-52.635459,-47.340830
16094,-57.529596,-47.678176
16095,-57.610966,-47.510395
16096,-57.719506,-47.358769
16097,-57.852098,-47.227655
16098,-58.004931,-47.120820
16099,-58.173614,-47.041336
16100,-58.353298,-46.991486
16101,-58.538821,-46.972702
16102,-58.724851,-46.985525
16103,-58.906042,-47.029585
16104,-59.077187,-47.103618
16105,-59.233369,-47.205495
16106,-59.370098,-47.332288
16107,-59.483446,-47.480355
16108,-59.570156,-47.645440
16109,-59.627736,-47.822798
16110,-64.561493,-48.162875
16111,-64.655131,-47.997496
16112,-64.775838,-47.850702
16113,-64.920011,-47.726875
16114,-65.083345,-47.629713
16115,-65.260966,-47.562115
16116,-65.447571,-47.526099
16117,-65.637591,-47.522740
16118,-65.825352,-47.552139
16119,-66.005251,-47.613418
16120,-66.171917,-47.704747
16121,-66.320376,-47.823401
16122,-66.446195,-47.965837
16123,-66.545620,-48.127804
16124,-66.615682,-48.304468
16125,-71.598005,-48.647893
16126,-71.695826,-48.496666
16127,-71.817013,-48.363429
16128,-71.958318,-48.251753
16129,-72.115953,-48.164634
16130,-72.285691,-48.104405
16131,-72.462982,-48.072683
16132,-72.643073,-48.070317
16133,-72.821137,-48.097370
16134,-72.992399,-48.153118
16135,-73.152268,-48.236066
16136,-73.296458,-48.343990
16137,-73.421105,-48.473997
16138,-73.522865,-48.622601
16139,-73.599011,-48.785819
16140,-78.639453,-49.133250
16141,-78.748797,-48.986606
16142,-78.880930,-48.860110
16143,-79.032199,-48.757259
16144,-79.198421,-48.680899
16145,-79.374998,-48.633140
16146,-79.557049,-48.615303
16147,-79.739538,-48.627882
16148,-79.917419,-48.670528
16149,-80.085774,-48.742063
16150,-80.239946,-48.840508
16151,-80.375673,-48.963140
16152,-80.489201,-49.106570
16153,-80.577390,-49.266829
16154,-85.686457,-49.618990
16155,-85.807501,-49.478086
16156,-85.950529,-49.359558
16157,-86.111461,-49.266787
16158,-86.285709,-49.202419
16159,-86.468304,-49.168288
16160,-86.654038,-49.165369
16161,-86.837615,-49.193744
16162,-87.013800,-49.252605
16163,-87.177568,-49.340272
16164,-87.324250,-49.454247
16165,-87.449662,-49.591278
16166,-87.550228,-49.747458
16167,-92.739653,-50.105158
16168,-92.872456,-49.971366
16169,-93.026153,-49.862215
16170,-93.196230,-49.780910
16171,-93.377692,-49.729838
16172,-93.565210,-49.710500
16173,-93.753275,-49.723463
16174,-93.936366,-49.768346
16175,-94.109104,-49.843833
16176,-94.266417,-49.947705
16177,-94.403684,-50.076912
16178,-94.516875,-50.227659
16179,-99.799908,-50.591811
16180,-99.944316,-50.466797
16181,-100.108172,-50.368647
16182,-100.286536,-50.300321
16183,-100.474031,-50.263880
16184,-100.665002,-50.260421
16185,-100.853694,-50.290049
16186,-101.034415,-50.351872
16187,-101.201718,-50.444024
16188,-101.350557,-50.563727
16189,-101.476447,-50.707373
16190,-106.868778,-51.079059
16191,-107.007787,-50.975143
16192,-107.161411,-50.894385
16193,-107.325826,-50.838796
16194,-107.496937,-50.809759
16195,-107.670485,-50.807997
16196,-107.842150,-50.833554
16197,-108.007659,-50.885794
16198,-108.162891,-50.963416
16199,-108.303982,-51.064488
16200,-108.427420,-51.186494
16201,-113.948305,-51.567041
16202,-114.094147,-51.476352
16203,-114.252326,-51.409468
16204,-114.418988,-51.368019
16205,-114.590071,-51.353017
16206,-114.761403,-51.364827
16207,-114.928809,-51.403161
16208,-115.088208,-51.467084
16209,-115.235715,-51.555038
16210,-115.367734,-51.664880
16211,-121.042037,-52.056002
16212,-121.213467,-51.972894
16213,-121.396664,-51.920611
16214,-121.586136,-51.900722
16215,-121.776197,-51.913822
16216,-121.961147,-51.959520
16217,-122.135439,-52.036444
16218,-122.293844,-52.142288
16219,-128.156591,-52.546399
16220,-128.327273,-52.485320
16221,-128.505668,-52.453104
16222,-128.686932,-52.450626
16223,-128.866142,-52.477951
16224,-129.038430,-52.534340
16225,-129.199117,-52.618259
16226,-288.451823,-63.595330
16227,-288.441588,-62.592252
16228,-17.164770,-43.893511
16229,-17.016015,-43.803688
16230,-16.854971,-43.738412
16231,-16.685657,-43.699311
16232,-16.512298,-43.687361
16233,-16.339220,-43.702862
16234,-16.170743,-43.745425
16235,-16.011070,-43.813988
16236,46.023514,-39.538029
16237,45.954748,-38.540396
16238,-288.431353,-61.589174
16239,-288.421118,-60.586096
16240,31.735036,-38.518169
16241,31.866538,-38.639683
16242,32.016012,-38.738254
16243,32.179497,-38.811269
16244,32.352662,-38.856795
16245,32.530919,-38.873624
16246,32.709545,-38.861312
16247,32.883806,-38.820184
16248,33.049087,-38.751330
16249,33.201008,-38.656574
16250,33.335544,-38.538427
16251,33.449131,-38.400019
16252,38.465631,-38.054238
16253,38.517388,-38.233487
16254,38.598694,-38.401411
16255,38.707209,-38.553179
16256,38.839812,-38.684424
16257,38.992689,-38.791372
16258,39.161440,-38.870946
16259,39.341212,-38.920856
16260,39.526833,-38.939667
16261,39.712963,-38.926837
16262,39.894248,-38.882736
16263,40.065472,-38.808632
16264,40.221709,-38.706657
16265,40.358466,-38.579745
16266,40.471807,-38.431547
16267,40.558473,-38.266326
16268,40.615970,-38.088835
16269,40.642644,-37.904180
16270,45.885983,-37.542763
16271,45.817217,-36.545131
16272,40.169269,-36.934436
16273,40.008879,-36.842623
16274,39.835381,-36.778958
16275,39.653674,-36.745237
16276,39.468887,-36.742413
16277,39.286234,-36.770564
16278,39.110872,-36.828897
16279,38.947751,-36.915765
16280,38.801475,-37.028716
16281,33.575353,-37.388946
16282,33.494865,-37.219226
16283,33.386674,-37.065676
16284,33.253937,-36.932771
16285,33.100523,-36.824387
16286,32.930905,-36.743686
16287,32.750030,-36.693019
16288,32.563171,-36.673865
16289,32.375779,-36.686782
16290,32.193315,-36.731393
16291,32.021103,-36.806397
16292,31.864162,-36.909608
16293,31.727069,-37.038016
16294,31.613822,-37.187876
16295,31.527723,-37.354819
16296,31.471283,-37.533976
16297,26.633480,-37.867439
16298,26.590916,-38.048760
16299,26.518371,-38.220301
16300,26.417926,-38.377144
16301,26.292459,-38.514792
16302,26.145568,-38.629300
16303,25.981465,-38.717384
16304,25.804852,-38.776520
16305,25.620795,-38.805012
16306,25.434569,-38.802043
16307,25.251513,-38.767699
16308,25.076876,-38.702963
16309,24.915663,-38.609693
16310,24.772497,-38.490561
16311,24.651482,-38.348983
16312,24.556087,-38.189018
16313,24.489047,-38.015252
16314,19.371432,-38.368002
16315,19.233652,-38.499656
16316,19.075217,-38.605554
16317,18.900883,-38.682518
16318,18.715881,-38.728238
16319,18.525764,-38.741343
16320,18.336239,-38.721438
16321,18.152993,-38.669121
16322,17.981527,-38.585963
16323,17.826986,-38.474459
16324,-288.410883,-59.583017
16325,-288.400647,-58.579939
16326,3.942762,-38.429107
16327,4.099358,-38.514528
16328,4.267701,-38.573516
16329,4.443365,-38.604519
16330,4.621731,-38.606722
16331,4.798107,-38.580068
16332,4.967857,-38.525256
16333,5.126515,-38.443728
16334,5.269909,-38.337628
16335,10.521177,-37.975666
16336,10.603071,-38.142262
16337,10.711814,-38.292714
16338,10.844309,-38.422738
16339,10.996781,-38.528630
16340,11.164889,-38.607374
16341,11.343844,-38.656729
16342,11.528551,-38.675288
16343,11.713748,-38.662523
16344,11.894161,-38.618796
16345,12.064652,-38.545355
16346,12.220366,-38.444290
16347,12.356867,-38.318479
16348,12.470269,-38.171506
16349,12.557340,-38.007556
16350,12.615603,-37.831300
16351,17.454903,-37.497733
16352,17.495394,-37.313873
16353,17.566646,-37.139610
16354,17.666569,-36.980050
16355,17.792238,-36.839865
16356,17.939971,-36.723164
16357,18.105440,-36.633364
16358,18.283799,-36.573095
16359,18.469823,-36.544123
16360,18.658062,-36.547297
16361,18.843004,-36.582524
16362,19.019229,-36.648772
16363,19.181577,-36.744100
16364,19.325291,-36.865716
16365,19.446162,-37.010058
16366,19.540649,-37.172896
16367,19.605985,-37.349462
16368,24.704633,-36.998019
16369,24.828561,-36.873053
16370,24.970832,-36.769450
16371,25.127805,-36.689863
16372,25.295462,-36.636329
16373,25.469511,-36.610220
16374,25.645496,-36.612202
16375,25.818912,-36.642226
16376,25.985321,-36.699522
16377,26.140461,-36.782625
16378,26.280363,-36.889407
16379,45.748452,-35.547498
16380,46.387169,-34.501099
16381,12.369078,-36.845920
16382,12.236977,-36.719712
16383,12.085809,-36.617109
16384,11.919744,-36.540943
16385,11.743362,-36.493314
16386,11.561530,-36.475536
16387,11.379263,-36.488099
16388,11.201589,-36.530657
16389,11.033411,-36.602037
16390,10.879366,-36.700268
16391,10.743705,-36.822641
16392,10.630170,-36.965780
16393,5.627984,-37.310574
16394,5.578185,-37.128830
16395,5.498097,-36.958254
16396,5.390069,-36.803849
16397,5.257273,-36.670149
16398,5.103604,-36.561077
16399,4.933575,-36.479834
16400,4.752173,-36.428804
16401,4.564723,-36.409484
16402,4.376727,-36.422443
16403,4.193700,-36.467298
16404,4.021016,-36.542735
16405,3.863741,-36.646539
16406,3.726492,-36.775664
16407,3.613295,-36.926320
16408,3.527475,-37.094086
16409,3.471547,-37.274038
16410,3.447156,-37.460896
16411,-1.411634,-37.795805
16412,-1.485236,-37.965027
16413,-1.586090,-38.119564
16414,-1.711358,-38.255066
16415,-1.857516,-38.367721
16416,-2.020449,-38.454358
16417,-2.195572,-38.512539
16418,-2.377957,-38.540626
16419,-2.562471,-38.537829
16420,-2.743920,-38.504226
16421,-2.917200,-38.440764
16422,-3.077432,-38.349228
16423,-3.220107,-38.232194
16424,-3.341211,-38.092957
16425,-3.437334,-37.935434
16426,-288.390412,-57.576861
16427,-288.380177,-56.573782
16428,-3.427794,-36.932404
16429,-3.327436,-36.775091
16430,-3.201932,-36.637005
16431,-3.054894,-36.522119
16432,-2.890553,-36.433739
16433,-2.713639,-36.374408
16434,-2.529241,-36.345834
16435,-2.342667,-36.348838
16436,-2.159285,-36.383334
16437,-1.984372,-36.448330
16438,-1.822962,-36.541955
16439,-1.679698,-36.661515
16440,-1.558705,-36.803570
16441,46.318404,-33.503466
16442,46.249638,-32.505833
16443,-8.413402,-36.273682
16444,-8.497805,-36.445454
16445,-8.610704,-36.599996
16446,-8.748681,-36.732630
16447,-8.907559,-36.839341
16448,-9.082528,-36.916899
16449,-9.268292,-36.962955
16450,-9.459227,-36.976116
16451,-9.649554,-36.955983
16452,-9.833509,-36.903166
16453,-10.005526,-36.819263
16454,-10.160396,-36.706814
16455,-10.293432,-36.569224
16456,-10.400605,-36.410657
16457,-191.015100,-48.860168
16458,-191.164052,-48.931032
16459,-191.321926,-48.978825
16460,-191.485172,-49.002474
16461,-191.650119,-49.001447
16462,-191.813057,-48.975767
16463,-191.970324,-48.926010
16464,-197.910153,-49.335434
16465,-198.062069,-49.430182
16466,-198.227343,-49.499030
16467,-198.401596,-49.540155
16468,-198.580213,-49.552466
16469,-198.758461,-49.535639
16470,-198.931618,-49.490119
16471,-199.095097,-49.417111
16472,-204.830024,-49.812412
16473,-204.976110,-49.924890
16474,-205.138931,-50.011389
16475,-205.313912,-50.069478
16476,-205.496136,-50.097527
16477,-205.680486,-50.094746
16478,-205.861782,-50.061214
16479,-206.034931,-49.997873
16480,-206.195068,-49.906502
16481,-211.765924,-50.290494
16482,-211.902448,-50.416400
16483,-212.058207,-50.517543
16484,-212.228762,-50.591042
16485,-212.409250,-50.634800
16486,-212.594528,-50.647571
16487,-212.779313,-50.628991
16488,-212.958340,-50.579588
16489,-213.126503,-50.500772
16490,-213.279010,-50.394789
16491,-218.713496,-50.769380
16492,-218.838832,-50.905588
16493,-218.985233,-51.018852
16494,-219.148552,-51.105965
16495,-219.324166,-51.164459
16496,-219.507102,-51.192679
16497,-219.692179,-51.189826
16498,-219.874158,-51.155980
16499,-220.047885,-51.092099
16500,-220.208442,-50.999994
16501,-220.351281,-50.882271
16502,-225.670299,-51.248903
16503,-225.783807,-51.393033
16504,-225.919692,-51.516293
16505,-226.074172,-51.615255
16506,-226.242951,-51.687166
16507,-226.421334,-51.730025
16508,-226.604360,-51.742641
16509,-226.786937,-51.724662
16510,-226.963986,-51.676589
16511,-227.130583,-51.599758
16512,-227.282094,-51.496308
16513,-227.414305,-51.369115
16514,-232.634593,-51.728943
16515,-232.736121,-51.879207
16516,-232.860958,-52.010748
16517,-233.005710,-52.119990
16518,-233.166444,-52.203965
16519,-233.338791,-52.260390
16520,-233.518066,-52.287731
16521,-233.699398,-52.285246
16522,-233.877856,-52.253002
16523,-234.048592,-52.191874
16524,-234.206964,-52.103526
16525,-234.348668,-51.990357
16526,-234.469853,-51.855445
16527,-239.605375,-52.209429
16528,-239.695015,-52.364382
16529,-239.808601,-52.502743
16530,-239.943126,-52.620849
16531,-240.095025,-52.715570
16532,-240.260277,-52.784399
16533,-240.434505,-52.825514
16534,-240.613095,-52.837823
16535,-240.791316,-52.821003
16536,-240.964449,-52.775498
16537,-241.127908,-52.702514
16538,-241.277365,-52.603983
16539,-241.408861,-52.482515
16540,-241.518914,-52.341327
16541,-246.581914,-52.690312
16542,-246.666928,-52.860396
16543,-246.779962,-53.013297
16544,-246.917640,-53.144449
16545,-247.075847,-53.249930
16546,-247.249855,-53.326591
16547,-247.434466,-53.372139
16548,-247.624162,-53.385215
16549,-247.813276,-53.365427
16550,-247.996157,-53.313366
16551,-248.167340,-53.230589
16552,-248.321710,-53.119568
16553,-248.454655,-52.983621
16554,-248.562201,-52.826811
16555,-253.563561,-53.171548
16556,-253.635864,-53.343606
16557,-253.736214,-53.500965
16558,-253.861721,-53.639094
16559,-254.008774,-53.754017
16560,-254.173138,-53.842427
16561,-254.350082,-53.901777
16562,-254.534513,-53.930360
16563,-254.721122,-53.927352
16564,-254.904536,-53.892841
16565,-255.079476,-53.827819
16566,-255.240906,-53.734159
16567,-255.384179,-53.614557
16568,-255.505170,-53.472455
16569,-255.600397,-53.311944
16570,-260.549943,-53.653110
16571,-260.610022,-53.826339
16572,-260.698041,-53.987182
16573,-260.811553,-54.131171
16574,-260.947406,-54.254305
16575,-261.101824,-54.353163
16576,-261.270518,-54.424998
16577,-261.448800,-54.467814
16578,-261.631718,-54.480422
16579,-261.814189,-54.462472
16580,-261.991144,-54.414462
16581,-262.157665,-54.337726
16582,-262.309128,-54.234397
16583,-262.441323,-54.107344
16584,-262.550577,-53.960099
16585,-262.633856,-53.796751
16586,-267.540765,-54.134977
16587,-267.589084,-54.308676
16588,-267.665128,-54.472148
16589,-267.766855,-54.621003
16590,-267.891531,-54.751241
16591,-268.035806,-54.859363
16592,-268.195806,-54.942466
16593,-268.367232,-54.998315
16594,-268.545478,-55.025412
16595,-268.725756,-55.023028
16596,-268.903223,-54.991227
16597,-269.073112,-54.930863
16598,-269.230858,-54.843559
16599,-269.372224,-54.731659
16600,-269.493412,-54.598170
16601,-269.591167,-54.446677
16602,-269.662861,-54.281251
16603,-274.535747,-54.617132
16604,-274.575944,-54.801346
16605,-274.647009,-54.975989
16606,-274.746856,-55.135930
16607,-274.872551,-55.276470
16608,-275.020399,-55.393480
16609,-275.186059,-55.483521
16610,-275.364662,-55.543949
16611,-275.550961,-55.572988
16612,-275.739482,-55.569785
16613,-275.924687,-55.534434
16614,-276.101134,-55.467973
16615,-276.263639,-55.372356
16616,-276.407427,-55.250391
16617,-276.528274,-55.105662
16618,-276.622630,-54.942421
16619,-276.687722,-54.765465
16620,-281.534741,-55.099563
16621,-281.563101,-55.282538
16622,-281.621749,-55.458163
16623,-281.709024,-55.621464
16624,-281.822453,-55.767812
16625,-281.958821,-55.893062
16626,-282.114266,-55.993665
16627,-282.284383,-56.066769
16628,-282.464351,-56.110304
16629,-282.649072,-56.123037
16630,-282.833312,-56.104606
16631,-283.011850,-56.055534
16632,-283.179628,-55.977211
16633,-283.331892,-55.871856
16634,-283.464328,-55.742454
16635,-283.573183,-55.592673
16636,-283.655373,-55.426755
16637,-283.708570,-55.249402
16638,-288.369942,-55.570704
16639,-288.359707,-54.567626
16640,-283.389008,-54.225002
16641,-283.240758,-54.106916
16642,-283.074438,-54.016031
16643,-282.894985,-53.955047
16644,-282.707727,-53.925772
16645,-282.518224,-53.929077
16646,-282.332101,-53.964863
16647,-282.154884,-54.032068
16648,-281.991834,-54.128697
16649,-276.450480,-53.746739
16650,-276.312871,-53.615920
16651,-276.154816,-53.510713
16652,-275.981023,-53.434254
16653,-275.796672,-53.388819
16654,-275.607253,-53.375762
16655,-275.418411,-53.395473
16656,-275.235772,-53.447365
16657,-275.064776,-53.529891
16658,-274.910520,-53.640592
16659,-269.500893,-53.267714
16660,-269.375198,-53.127162
16661,-269.227346,-53.010143
16662,-269.061680,-52.920094
16663,-268.883070,-52.859661
16664,-268.696762,-52.830620
16665,-268.508232,-52.833824
16666,-268.323019,-52.869179
16667,-268.146565,-52.935646
16668,-267.984055,-53.031273
16669,-267.840264,-53.153249
16670,-262.542455,-52.788078
16671,-262.429103,-52.640084
16672,-262.292388,-52.513355
16673,-262.136238,-52.411532
16674,-261.965135,-52.337538
16675,-261.783996,-52.293500
16676,-261.598021,-52.280681
16677,-261.412552,-52.299450
16678,-261.232915,-52.349267
16679,-261.064271,-52.428703
16680,-260.911461,-52.535475
16681,-260.778876,-52.666517
16682,-255.576775,-52.307943
16683,-255.475784,-52.154224
16684,-255.350591,-52.019481
16685,-255.204698,-51.907480
16686,-255.042183,-51.821355
16687,-254.867589,-51.763511
16688,-254.685797,-51.735567
16689,-254.501892,-51.738304
16690,-254.321012,-51.771645
16691,-254.148217,-51.834659
16692,-253.988336,-51.925582
16693,-253.845840,-52.041874
16694,-253.724713,-52.180283
16695,-248.604784,-51.827373
16696,-248.515969,-51.669320
16697,-248.402400,-51.528003
16698,-248.267160,-51.407259
16699,-248.113925,-51.310368
16700,-247.946856,-51.239964
16701,-247.770492,-51.197957
16702,-247.589623,-51.185490
16703,-247.409164,-51.202901
16704,-247.234015,-51.249717
16705,-247.068935,-51.324667
16706,-246.918408,-51.425713
16707,-246.786522,-51.550112
16708,-246.676862,-51.694484
16709,-241.627165,-51.346416
16710,-241.550237,-51.185181
16711,-241.448225,-51.038525
16712,-241.323819,-50.910316
16713,-241.180300,-50.803935
16714,-241.021454,-50.722188
16715,-240.851470,-50.667232
16716,-240.674833,-50.640515
16717,-240.496200,-50.642743
16718,-240.320284,-50.673857
16719,-240.151725,-50.733036
16720,-239.994967,-50.818720
16721,-239.854146,-50.928647
16722,-239.732977,-51.059920
16723,-239.634654,-51.209075
16724,-234.644532,-50.865112
16725,-234.573518,-50.690363
16726,-234.473693,-50.530315
16727,-234.347992,-50.389675
16728,-234.200110,-50.272579
16729,-234.034398,-50.182470
16730,-233.855726,-50.121997
16731,-233.669350,-50.092939
16732,-233.480750,-50.096150
16733,-233.295471,-50.131536
16734,-233.118962,-50.198057
16735,-232.956413,-50.293755
16736,-232.812604,-50.415818
16737,-232.691764,-50.560656
16738,-232.597445,-50.724009
16739,-227.657234,-50.383487
16740,-227.598596,-50.207844
16741,-227.511327,-50.044525
16742,-227.397899,-49.898159
16743,-227.261527,-49.772894
16744,-227.106074,-49.672278
16745,-226.935947,-49.599164
16746,-226.755966,-49.555624
16747,-226.571232,-49.542890
16748,-226.386979,-49.561325
16749,-226.208429,-49.610405
16750,-226.040642,-49.688740
16751,-225.888372,-49.794110
16752,-225.755935,-49.923529
16753,-225.647083,-50.073329
16754,-225.564901,-50.239266
16755,-220.665551,-49.901560
16756,-220.618797,-49.725698
16757,-220.543690,-49.559949
16758,-220.442285,-49.408851
16759,-220.317358,-49.276538
16760,-220.172326,-49.166632
16761,-220.011160,-49.082139
16762,-219.838269,-49.025373
16763,-219.658386,-48.997887
16764,-219.476432,-49.000432
16765,-219.297388,-49.032940
16766,-219.126153,-49.094521
16767,-218.967414,-49.183489
16768,-218.825513,-49.297409
16769,-218.704336,-49.433165
16770,-218.607198,-49.587041
16771,-218.536757,-49.754825
16772,-213.669746,-49.419349
16773,-213.631303,-49.233072
16774,-213.561346,-49.056202
16775,-213.461966,-48.894027
16776,-213.336135,-48.751396
16777,-213.187614,-48.632574
16778,-213.020846,-48.541112
16779,-212.840814,-48.479746
16780,-212.652903,-48.450311
16781,-212.462730,-48.453685
16782,-212.275982,-48.489770
16783,-212.098241,-48.557485
16784,-211.934823,-48.654805
16785,-211.790612,-48.778823
16786,-211.669920,-48.925828
16787,-211.576357,-49.091427
16788,-211.512719,-49.270668
16789,-206.669957,-48.936863
16790,-206.643440,-48.752055
16791,-206.586050,-48.574393
16792,-206.499441,-48.408995
16793,-206.386109,-48.260627
16794,-206.249318,-48.133562
16795,-206.093008,-48.031461
16796,-205.921682,-47.957266
16797,-205.740277,-47.913113
16798,-205.554018,-47.900274
16799,-205.368270,-47.919120
16800,-205.188385,-47.969107
16801,-205.019545,-48.048796
16802,-204.866613,-48.155890
16803,-204.733995,-48.287305
16804,-204.625513,-48.439255
16805,-204.544289,-48.607363
16806,-204.492666,-48.786785
16807,-199.666295,-48.454110
16808,-199.651242,-48.271194
16809,-199.605986,-48.093327
16810,-199.531786,-47.925461
16811,-199.430709,-47.772267
16812,-199.305567,-47.638013
16813,-199.159845,-47.526434
16814,-198.997599,-47.440637
16815,-198.823346,-47.383010
16816,-198.641938,-47.355158
16817,-198.458423,-47.357857
16818,-198.277912,-47.391030
16819,-198.105429,-47.453754
16820,-197.945776,-47.544284
16821,-197.803397,-47.660099
16822,-197.682256,-47.797975
16823,-197.585726,-47.954073
16824,-197.516494,-48.124049
16825,-197.476486,-48.303170
16826,-192.658831,-47.971095
16827,-192.653735,-47.780488
16828,-192.615801,-47.593625
16829,-192.546166,-47.416120
16830,-192.446925,-47.253307
16831,-192.321059,-47.110077
16832,-192.172350,-46.990735
16833,-192.005266,-46.898866
16834,-191.824827,-46.837231
16835,-191.636456,-46.807682
16836,-191.445812,-46.811106
16837,-191.258623,-46.847401
16838,-191.080514,-46.915476
16839,-190.916837,-47.013286
16840,-190.772509,-47.137891
16841,-190.651868,-47.285548
16842,-190.558538,-47.451821
16843,-190.495323,-47.631712
16844,-190.464123,-47.819817
16845,-185.647585,-47.487820
16846,-185.610109,-47.669661
16847,-185.542586,-47.842609
16848,-185.446937,-48.001738
16849,-185.325888,-48.142513
16850,-185.182887,-48.260925
16851,-185.022009,-48.353601
16852,-184.847835,-48.417899
16853,-184.665329,-48.451989
16854,-184.479689,-48.454898
16855,-184.296204,-48.426545
16856,-184.120101,-48.367737
16857,-183.956397,-48.280150
16858,-183.809756,-48.166277
16859,-183.684354,-48.029365
16860,-183.583765,-47.873312
16861,-183.510854,-47.702565
16862,-183.467699,-47.521987
16863,-183.455527,-47.336724
16864,-178.632542,-47.004282
16865,-178.583302,-47.186720
16866,-178.503563,-47.358039
16867,-178.395680,-47.513182
16868,-178.262835,-47.647572
16869,-178.108949,-47.757241
16870,-177.938564,-47.838955
16871,-177.756707,-47.890301
16872,-177.568746,-47.909764
16873,-177.380226,-47.896769
16874,-177.196713,-47.851701
16875,-177.023621,-47.775889
16876,-176.866059,-47.671571
16877,-176.728675,-47.541824
16878,-176.615526,-47.390479
16879,-176.529949,-47.222000
16880,-176.474471,-47.041362
16881,-176.450727,-46.853893
16882,-171.613675,-46.520481
16883,-171.556753,-46.692653
16884,-171.472317,-46.853134
16885,-171.362664,-46.997562
16886,-171.230773,-47.122012
16887,-171.080227,-47.223103
16888,-170.915119,-47.298086
16889,-170.739935,-47.344925
16890,-170.559436,-47.362347
16891,-170.378528,-47.349877
16892,-170.202127,-47.307855
16893,-170.035026,-47.237423
16894,-169.881767,-47.140494
16895,-169.746516,-47.019704
16896,-169.632947,-46.878335
16897,-169.544147,-46.720228
16898,-169.482529,-46.549680
16899,-169.449768,-46.371326
16900,-164.590842,-46.036407
16901,-164.522331,-46.207654
16902,-164.426170,-46.365046
16903,-164.305062,-46.504159
16904,-164.162414,-46.621081
16905,-164.002234,-46.712524
16906,-163.829028,-46.775919
16907,-163.647664,-46.809482
16908,-163.463242,-46.812270
16909,-163.280946,-46.784205
16910,-163.105903,-46.726075
16911,-162.943033,-46.639515
16912,-162.796915,-46.526959
16913,-162.671658,-46.391571
16914,-162.570783,-46.237157
16915,-162.497126,-46.068059
16916,-162.452758,-45.889032
16917,-157.563918,-45.552051
16918,-157.483431,-45.721773
16919,-157.375242,-45.875326
16920,-157.242504,-46.008233
16921,-157.089089,-46.116619
16922,-156.919470,-46.197322
16923,-156.738593,-46.247990
16924,-156.551733,-46.267145
16925,-156.364338,-46.254228
16926,-156.181873,-46.209616
16927,-156.009659,-46.134610
16928,-155.852717,-46.031398
16929,-155.715624,-45.902988
16930,-155.602377,-45.753125
16931,-155.516279,-45.586180
16932,-155.459840,-45.407020
16933,-150.532700,-45.067398
16934,-150.439807,-45.234912
16935,-150.319264,-45.383771
16936,-150.174726,-45.509463
16937,-150.010576,-45.608176
16938,-149.831790,-45.676917
16939,-149.643790,-45.713602
16940,-149.452277,-45.717118
16941,-149.263057,-45.687358
16942,-149.081868,-45.625226
16943,-148.914205,-45.532605
16944,-148.765151,-45.412303
16945,-148.639225,-45.267968
16946,-148.540247,-45.103978
16947,-148.471216,-44.925303
16948,-143.496966,-44.582435
16949,-143.399710,-44.735866
16950,-143.278528,-44.871198
16951,-143.136726,-44.984741
16952,-142.978171,-45.073398
16953,-142.807186,-45.134751
16954,-142.628436,-45.167126
16955,-142.446795,-45.169641
16956,-142.267217,-45.142228
16957,-142.094599,-45.085633
16958,-141.933649,-45.001401
16959,-141.788758,-44.891828
16960,-141.663875,-44.759903
16961,-141.562408,-44.609223
16962,-141.487124,-44.443899
16963,-136.456257,-44.097129
16964,-136.347281,-44.246166
16965,-136.214913,-44.374877
16966,-136.062882,-44.479637
16967,-135.895471,-44.557493
16968,-135.717396,-44.606253
16969,-135.533675,-44.624542
16970,-135.349483,-44.611846
16971,-135.170008,-44.568522
16972,-135.000308,-44.495791
16973,-134.845163,-44.395701
16974,-134.708943,-44.271073
16975,-134.595487,-44.125417
16976,-134.507990,-43.962837
16977,-129.410133,-43.611449
16978,-129.289216,-43.754984
16979,-129.145658,-43.875874
16980,-128.983639,-43.970601
16981,-128.807875,-44.036407
16982,-128.623482,-44.071375
16983,-128.435829,-44.074489
16984,-128.250378,-44.045658
16985,-128.072528,-43.985720
16986,-127.907455,-43.896421
16987,-127.759965,-43.780360
16988,-127.634352,-43.640916
16989,-127.534272,-43.482148
16990,-122.358015,-43.125356
16991,-122.225026,-43.262075
16992,-122.070419,-43.373767
16993,-121.898843,-43.457073
16994,-121.715456,-43.509489
16995,-121.525772,-43.529439
16996,-121.335493,-43.516323
16997,-121.150339,-43.470536
16998,-120.975879,-43.393454
16999,-120.817355,-43.287395
17000,-120.679536,-43.155547
17001,-120.566563,-43.001874
17002,-115.298849,-42.638777
17003,-115.167936,-42.756419
17004,-115.019937,-42.851676
17005,-114.858639,-42.922109
17006,-114.688172,-42.965914
17007,-114.512901,-42.981971
17008,-114.337313,-42.969868
17009,-114.165903,-42.929915
17010,-114.003059,-42.863135
17011,-113.852950,-42.771237
17012,-113.719420,-42.656575
17013,-113.605887,-42.522084
17014,-108.231397,-42.151627
17015,-108.091385,-42.258777
17016,-107.936052,-42.342182
17017,-107.769390,-42.399699
17018,-107.595679,-42.429850
17019,-107.419382,-42.431861
17020,-107.245029,-42.405680
17021,-107.077098,-42.351980
17022,-106.919903,-42.272140
17023,-106.777483,-42.168212
17024,-106.653496,-42.042865
17025,-101.153679,-41.663770
17026,-101.006134,-41.758038
17027,-100.845500,-41.827702
17028,-100.675849,-41.870996
17029,-100.501477,-41.886824
17030,-100.326802,-41.874784
17031,-100.156251,-41.835181
17032,-99.994144,-41.769019
17033,-99.844588,-41.677975
17034,-99.711372,-41.564354
17035,-94.062586,-41.174991
17036,-93.910549,-41.253368
17037,-93.748199,-41.307228
17038,-93.579462,-41.335267
17039,-93.408418,-41.336808
17040,-93.239203,-41.311814
17041,-93.075908,-41.260888
17042,-92.922484,-41.185262
17043,-92.782638,-41.086766
17044,-86.951778,-40.684852
17045,-86.775715,-40.750944
17046,-86.590967,-40.786080
17047,-86.402935,-40.789232
17048,-86.217113,-40.760310
17049,-86.038934,-40.700159
17050,-85.873604,-40.610535
17051,-10.435720,-35.410705
17052,-10.346434,-35.254391
17053,-10.232849,-35.114732
17054,-10.098006,-34.995470
17055,-9.945517,-34.899798
17056,-9.779465,-34.830278
17057,-9.604299,-34.788774
17058,-9.424708,-34.776395
17059,-9.245503,-34.793473
17060,-9.071483,-34.839552
17061,-8.907310,-34.913397
17062,-8.757379,-35.013030
17063,-8.625706,-35.135783
17064,-8.515818,-35.278369
17065,46.180873,-31.508200
17066,46.112107,-30.510568
17067,-15.464629,-34.754968
17068,-15.566157,-34.905236
17069,-15.690994,-35.036780
17070,-15.835748,-35.146025
17071,-15.996483,-35.230002
17072,-16.168833,-35.286429
17073,-16.348111,-35.313771
17074,-16.529445,-35.311285
17075,-16.707906,-35.279040
17076,-16.878644,-35.217911
17077,-17.037017,-35.129560
17078,-17.178722,-35.016388
17079,-17.299907,-34.881471
17080,-22.435412,-35.235455
17081,-22.525052,-35.390411
17082,-22.638638,-35.528775
17083,-22.773163,-35.646883
17084,-22.925064,-35.741607
17085,-23.090318,-35.810438
17086,-23.264548,-35.851553
17087,-23.443140,-35.863863
17088,-23.621364,-35.847042
17089,-23.794499,-35.801536
17090,-23.957960,-35.728550
17091,-24.107418,-35.630016
17092,-24.238914,-35.508545
17093,-24.348967,-35.367353
17094,-29.411992,-35.716341
17095,-29.497013,-35.886404
17096,-29.610050,-36.039287
17097,-29.747724,-36.170420
17098,-29.905922,-36.275888
17099,-30.079919,-36.352538
17100,-30.264516,-36.398080
17101,-30.454198,-36.411155
17102,-30.643298,-36.391370
17103,-30.826166,-36.339319
17104,-30.997339,-36.256555
17105,-31.151704,-36.145551
17106,-31.284647,-36.009623
17107,-31.392198,-35.852834
17108,-36.393600,-36.197573
17109,-36.465902,-36.369635
17110,-36.566252,-36.526996
17111,-36.691759,-36.665128
17112,-36.838813,-36.780053
17113,-37.003178,-36.868465
17114,-37.180125,-36.927816
17115,-37.364558,-36.956399
17116,-37.551169,-36.953392
17117,-37.734585,-36.918879
17118,-37.909526,-36.853856
17119,-38.070957,-36.760194
17120,-38.214231,-36.640589
17121,-38.335222,-36.498484
17122,-38.430447,-36.337970
17123,-43.379984,-36.679135
17124,-43.440062,-36.852367
17125,-43.528079,-37.013213
17126,-43.641592,-37.157204
17127,-43.777445,-37.280340
17128,-43.931864,-37.379200
17129,-44.100560,-37.451036
17130,-44.278844,-37.493853
17131,-44.461764,-37.506462
17132,-44.644236,-37.488511
17133,-44.821193,-37.440500
17134,-44.987716,-37.363763
17135,-45.139179,-37.260431
17136,-45.271374,-37.133376
17137,-45.380628,-36.986128
17138,-45.463906,-36.822777
17139,-50.370807,-37.161003
17140,-50.419124,-37.334704
17141,-50.495168,-37.498179
17142,-50.596894,-37.647036
17143,-50.721570,-37.777276
17144,-50.865846,-37.885400
17145,-51.025847,-37.968504
17146,-51.197274,-38.024354
17147,-51.375522,-38.051452
17148,-51.555802,-38.049067
17149,-51.733271,-38.017266
17150,-51.903161,-37.956901
17151,-52.060909,-37.869595
17152,-52.202275,-37.757692
17153,-52.323463,-37.624201
17154,-52.421217,-37.472706
17155,-52.492910,-37.307277
17156,-57.365789,-37.643158
17157,-57.405984,-37.827374
17158,-57.477049,-38.002019
17159,-57.576895,-38.161963
17160,-57.702590,-38.302505
17161,-57.850439,-38.419516
17162,-58.016100,-38.509559
17163,-58.194704,-38.569988
17164,-58.381005,-38.599028
17165,-58.569528,-38.595824
17166,-58.754735,-38.560472
17167,-58.931183,-38.494011
17168,-59.093689,-38.398391
17169,-59.237478,-38.276424
17170,-59.358325,-38.131693
17171,-59.452680,-37.968450
17172,-59.517770,-37.791491
17173,-64.364785,-38.125589
17174,-64.393143,-38.308565
17175,-64.451789,-38.484193
17176,-64.539063,-38.647496
17177,-64.652492,-38.793847
17178,-64.788861,-38.919098
17179,-64.944307,-39.019702
17180,-65.114425,-39.092808
17181,-65.294395,-39.136344
17182,-65.479117,-39.149077
17183,-65.663359,-39.130645
17184,-65.841898,-39.081572
17185,-66.009677,-39.003247
17186,-66.161942,-38.897891
17187,-66.294378,-38.768487
17188,-66.403233,-38.618704
17189,-66.485422,-38.452783
17190,-66.538617,-38.275428
17191,-71.367673,-38.608288
17192,-71.384641,-38.789584
17193,-71.431284,-38.965597
17194,-71.506324,-39.131504
17195,-71.607706,-39.282758
17196,-71.732650,-39.415215
17197,-71.877733,-39.525246
17198,-72.038981,-39.609836
17199,-72.211973,-39.666666
17200,-72.391970,-39.694180
17201,-72.574041,-39.691623
17202,-72.753194,-39.659066
17203,-72.924523,-39.597400
17204,-73.083331,-39.508316
17205,-73.225267,-39.394254
17206,-73.346443,-39.258340
17207,-73.443537,-39.104299
17208,-73.513889,-38.936350
17209,-73.555571,-38.759097
17210,-78.374372,-39.091251
17211,-78.381545,-39.280348
17212,-78.421021,-39.465417
17213,-78.491633,-39.640982
17214,-78.591290,-39.801847
17215,-78.717044,-39.943252
17216,-78.865172,-40.061010
17217,-79.031292,-40.151638
17218,-79.210486,-40.212453
17219,-79.397452,-40.241656
17220,-79.586657,-40.238382
17221,-79.772501,-40.202729
17222,-79.949484,-40.135750
17223,-80.112369,-40.039429
17224,-80.256334,-39.916617
17225,-80.377121,-39.770947
17226,-80.471153,-39.606730
17227,-80.535649,-39.428827
17228,-80.568698,-39.242503
17229,-85.384856,-39.574474
17230,-85.420569,-39.390808
17231,-85.486893,-39.215851
17232,-85.581909,-39.054666
17233,-85.702868,-38.911916
17234,-85.846271,-38.791731
17235,-86.007968,-38.697589
17236,-86.183281,-38.632214
17237,-86.367138,-38.597496
17238,-86.554219,-38.594440
17239,-86.739112,-38.623135
17240,-86.916466,-38.682751
17241,-87.081151,-38.771562
17242,-87.228402,-38.887000
17243,-87.353959,-39.025723
17244,-87.454188,-39.183720
17245,-87.526190,-39.356417
17246,-87.567882,-39.538819
17247,-87.578057,-39.725648
17248,-92.399129,-40.057958
17249,-92.446706,-39.873494
17250,-92.525395,-39.700004
17251,-92.632837,-39.542692
17252,-92.765808,-39.406277
17253,-92.920322,-39.294849
17254,-93.091744,-39.211751
17255,-93.274932,-39.159475
17256,-93.464392,-39.139588
17257,-93.654443,-39.152688
17258,-93.839383,-39.198381
17259,-94.013666,-39.275298
17260,-94.172065,-39.381130
17261,-94.309829,-39.512704
17262,-94.422826,-39.666074
17263,-94.507668,-39.836639
17264,-94.561809,-40.019285
17265,-94.583626,-40.208532
17266,-99.417214,-40.541705
17267,-99.472658,-40.367427
17268,-99.556210,-40.204743
17269,-99.665562,-40.058152
17270,-99.797690,-39.931704
17271,-99.948942,-39.828895
17272,-100.115137,-39.752567
17273,-100.291682,-39.704830
17274,-100.473696,-39.687003
17275,-100.656148,-39.699579
17276,-100.833994,-39.742210
17277,-101.002319,-39.813719
17278,-101.156470,-39.912128
17279,-101.292186,-40.034717
17280,-101.405715,-40.178098
17281,-101.493919,-40.338307
17282,-101.554360,-40.510916
17283,-101.585367,-40.691153
17284,-106.439241,-41.025724
17285,-106.506399,-40.852157
17286,-106.601856,-40.692397
17287,-106.722880,-40.551015
17288,-106.866006,-40.432059
17289,-107.027137,-40.338934
17290,-107.201662,-40.274305
17291,-107.384583,-40.240023
17292,-107.570666,-40.237068
17293,-107.754584,-40.265526
17294,-107.931072,-40.324582
17295,-108.095078,-40.412545
17296,-108.241908,-40.526898
17297,-108.367359,-40.664367
17298,-108.467840,-40.821016
17299,-108.540475,-40.992363
17300,-108.583184,-41.173503
17301,-113.465325,-41.510022
17302,-113.544606,-41.337749
17303,-113.652299,-41.181653
17304,-113.785203,-41.046374
17305,-113.939366,-40.935932
17306,-114.110208,-40.853611
17307,-114.292651,-40.801858
17308,-114.481271,-40.782209
17309,-114.670463,-40.795250
17310,-114.854604,-40.840592
17311,-115.028220,-40.916889
17312,-115.186152,-41.021872
17313,-115.323704,-41.152420
17314,-115.436790,-41.304655
17315,-115.522047,-41.474051
17316,-115.576942,-41.655573
17317,-120.495657,-41.994613
17318,-120.580476,-41.835121
17319,-120.690256,-41.691661
17320,-120.822034,-41.568104
17321,-120.972258,-41.467780
17322,-121.136876,-41.393395
17323,-121.311449,-41.346956
17324,-121.491268,-41.329715
17325,-121.671484,-41.342137
17326,-121.847237,-41.383887
17327,-122.013787,-41.453839
17328,-122.166642,-41.550107
17329,-122.301681,-41.670094
17330,-122.415260,-41.810564
17331,-122.504318,-41.967729
17332,-122.566452,-42.137350
17333,-127.530445,-42.479512
17334,-127.626918,-42.323209
17335,-127.748054,-42.185138
17336,-127.890475,-42.069148
17337,-128.050212,-41.978474
17338,-128.222809,-41.915644
17339,-128.403456,-41.882409
17340,-128.587113,-41.879697
17341,-128.768662,-41.907582
17342,-128.943040,-41.965288
17343,-129.105384,-42.051206
17344,-129.251169,-42.162939
17345,-129.376330,-42.297373
17346,-129.477376,-42.450758
17347,-129.551491,-42.618820
17348,-134.570124,-42.964747
17349,-134.678564,-42.812558
17350,-134.811200,-42.680921
17351,-134.964205,-42.573634
17352,-135.133162,-42.493794
17353,-135.313195,-42.443706
17354,-135.499108,-42.424814
17355,-135.685537,-42.437664
17356,-135.867100,-42.481886
17357,-136.038559,-42.556202
17358,-136.194963,-42.658468
17359,-136.331800,-42.785733
17360,-136.445121,-42.934324
17361,-136.531654,-43.099953
17362,-141.615109,-43.450348
17363,-141.735800,-43.303348
17364,-141.880010,-43.179335
17365,-142.043427,-43.082018
17366,-142.221165,-43.014306
17367,-142.407910,-42.978224
17368,-142.598079,-42.974849
17369,-142.785986,-43.004284
17370,-142.966014,-43.065648
17371,-143.132781,-43.157106
17372,-143.281300,-43.275924
17373,-143.407130,-43.418550
17374,-143.506511,-43.580720
17375,-148.665940,-43.936353
17376,-148.787081,-43.806605
17377,-148.927513,-43.698031
17378,-149.083581,-43.613459
17379,-149.251220,-43.555091
17380,-149.426064,-43.524447
17381,-149.603561,-43.522325
17382,-149.779087,-43.548781
17383,-149.948074,-43.603124
17384,-150.106118,-43.683941
17385,-150.249107,-43.789127
17386,-150.373314,-43.915941
17387,-150.475507,-44.061084
17388,-155.723608,-44.422828
17389,-155.855110,-44.301318
17390,-156.004583,-44.202751
17391,-156.168066,-44.129738
17392,-156.341228,-44.084214
17393,-156.519481,-44.067386
17394,-156.698103,-44.079698
17395,-156.872362,-44.120825
17396,-157.037641,-44.189677
17397,-157.189560,-44.284429
17398,-157.324095,-44.402573
17399,-157.437681,-44.540977
17400,-162.789256,-44.909853
17401,-162.930491,-44.798436
17402,-163.087996,-44.711529
17403,-163.257561,-44.651456
17404,-163.434650,-44.619823
17405,-163.614526,-44.617478
17406,-163.792379,-44.644481
17407,-163.963453,-44.700112
17408,-164.123172,-44.782882
17409,-164.267264,-44.890578
17410,-164.391876,-45.020320
17411,-169.864694,-45.397554
17412,-170.014351,-45.298560
17413,-170.178111,-45.225215
17414,-170.351617,-45.179469
17415,-170.530252,-45.162540
17416,-170.709262,-45.174879
17417,-170.883884,-45.216158
17418,-171.049473,-45.285276
17419,-171.201621,-45.380397
17420,-171.336280,-45.498988
17421,-176.952703,-45.886120
17422,-177.108178,-45.802490
17423,-177.275030,-45.744809
17424,-177.448961,-45.714562
17425,-177.625490,-45.712530
17426,-177.800071,-45.738764
17427,-177.968207,-45.792588
17428,-178.125567,-45.872617
17429,-178.268098,-45.976789
17430,-184.058817,-46.375935
17431,-184.214698,-46.311572
17432,-184.378585,-46.271795
17433,-184.546627,-46.257537
17434,-184.714874,-46.269134
17435,-184.879370,-46.306313
17436,-185.036250,-46.368201
17437,-185.181826,-46.453343
17438,-288.349472,-53.564548
17439,-288.339236,-52.561469
17440,-80.043909,-38.203957
17441,-79.887908,-38.125472
17442,-79.721452,-38.072664
17443,-79.548736,-38.046864
17444,-79.374114,-38.048722
17445,-79.201987,-38.078192
17446,-79.036692,-38.134531
17447,-73.142646,-37.728262
17448,-72.986842,-37.627041
17449,-72.816225,-37.553487
17450,-72.635663,-37.509696
17451,-72.450306,-37.496920
17452,-72.265443,-37.515522
17453,-72.086347,-37.564972
17454,-71.918129,-37.643858
17455,-66.219036,-37.251027
17456,-66.070789,-37.132947
17457,-65.904472,-37.042067
17458,-65.725024,-36.981085
17459,-65.537772,-36.951812
17460,-65.348274,-36.955116
17461,-65.162156,-36.990900
17462,-64.984943,-37.058101
17463,-64.821896,-37.154724
17464,-59.280511,-36.772764
17465,-59.142903,-36.641950
17466,-58.984851,-36.536748
17467,-58.811062,-36.460291
17468,-58.626714,-36.414858
17469,-58.437300,-36.401802
17470,-58.248462,-36.421512
17471,-58.065826,-36.473401
17472,-57.894834,-36.555922
17473,-57.740579,-36.666619
17474,-52.330927,-36.293739
17475,-52.205232,-36.153192
17476,-52.057381,-36.036177
17477,-51.891718,-35.946131
17478,-51.713110,-35.885700
17479,-51.526806,-35.856659
17480,-51.338280,-35.859863
17481,-51.153070,-35.895217
17482,-50.976619,-35.961681
17483,-50.814111,-36.057304
17484,-50.670321,-36.179276
17485,-45.372490,-35.814103
17486,-45.259138,-35.666113
17487,-45.122424,-35.539388
17488,-44.966275,-35.437568
17489,-44.795175,-35.363577
17490,-44.614038,-35.319539
17491,-44.428067,-35.306720
17492,-44.242601,-35.325488
17493,-44.062967,-35.375304
17494,-43.894325,-35.454737
17495,-43.741516,-35.561505
17496,-43.608931,-35.692544
17497,-38.406812,-35.333969
17498,-38.305820,-35.180253
17499,-38.180628,-35.045513
17500,-38.034736,-34.933516
17501,-37.872222,-34.847392
17502,-37.697630,-34.789550
17503,-37.515842,-34.761607
17504,-37.331939,-34.764344
17505,-37.151062,-34.797684
17506,-36.978269,-34.860695
17507,-36.818390,-34.951616
17508,-36.675895,-35.067904
17509,-36.554767,-35.206310
17510,-31.434868,-34.853402
17511,-31.346059,-34.695329
17512,-31.232490,-34.553991
17513,-31.097246,-34.433230
17514,-30.944002,-34.336325
17515,-30.776921,-34.265910
17516,-30.600543,-34.223898
17517,-30.419659,-34.211430
17518,-30.239185,-34.228845
17519,-30.064023,-34.275670
17520,-29.898932,-34.350632
17521,-29.748398,-34.451695
17522,-29.616510,-34.576113
17523,-29.506852,-34.720507
17524,-24.457204,-34.372441
17525,-24.380275,-34.211209
17526,-24.278262,-34.064556
17527,-24.153856,-33.936349
17528,-24.010339,-33.829971
17529,-23.851494,-33.748226
17530,-23.681513,-33.693271
17531,-23.504877,-33.666555
17532,-23.326247,-33.668783
17533,-23.150333,-33.699896
17534,-22.981775,-33.759073
17535,-22.825019,-33.844754
17536,-22.684199,-33.954679
17537,-22.563029,-34.085949
17538,-22.464706,-34.235101
17539,-17.474572,-33.891138
17540,-17.403557,-33.716391
17541,-17.303731,-33.556346
17542,-17.178030,-33.415709
17543,-17.030149,-33.298615
17544,-16.864438,-33.208508
17545,-16.685769,-33.148036
17546,-16.499395,-33.118979
17547,-16.310796,-33.122190
17548,-16.125520,-33.157575
17549,-15.949012,-33.224094
17550,-15.786465,-33.319790
17551,-15.642656,-33.441850
17552,-15.521815,-33.586685
17553,-15.427496,-33.750036
17554,46.043342,-29.512935
17555,45.974576,-28.515302
17556,40.724907,-28.877154
17557,40.692323,-29.055700
17558,40.630823,-29.226458
17559,40.542082,-29.384778
17560,40.428516,-29.526352
17561,40.293217,-29.647325
17562,40.139867,-29.744403
17563,39.972642,-29.814945
17564,39.796093,-29.857028
17565,39.615028,-29.869509
17566,39.434375,-29.852047
17567,39.259053,-29.805117
17568,39.093834,-29.729997
17569,38.943216,-29.628732
17570,38.811299,-29.504079
17571,38.701675,-29.359431
17572,38.617328,-29.198727
17573,38.560555,-29.026340
17574,33.501728,-29.375038
17575,33.376317,-29.512058
17576,33.229639,-29.626023
17577,33.065877,-29.713684
17578,32.889699,-29.772540
17579,32.706131,-29.800913
17580,32.520405,-29.797994
17581,32.337819,-29.763868
17582,32.163577,-29.699506
17583,32.002650,-29.606743
17584,31.859625,-29.488226
17585,-288.329001,-51.558391
17586,-288.318766,-50.555313
17587,17.961262,-29.443849
17588,18.109593,-29.539837
17589,18.271379,-29.610839
17590,18.442446,-29.655023
17591,18.618379,-29.671250
17592,18.794641,-29.659100
17593,18.966685,-29.618888
17594,19.130071,-29.551650
17595,19.280585,-29.459122
17596,19.414344,-29.343690
17597,24.587856,-28.987087
17598,24.659205,-29.153173
17599,24.756790,-29.305332
17600,24.877978,-29.439454
17601,25.019496,-29.551918
17602,25.177521,-29.639687
17603,25.347787,-29.700389
17604,25.525696,-29.732387
17605,25.706443,-29.734816
17606,25.885147,-29.707611
17607,26.056983,-29.651505
17608,26.217310,-29.568015
17609,26.361798,-29.459395
17610,26.486547,-29.328578
17611,26.588186,-29.179096
17612,26.663972,-29.014987
17613,26.711858,-28.840682
17614,31.548126,-28.507325
17615,31.595175,-28.331864
17616,31.670459,-28.166540
17617,31.771927,-28.015860
17618,31.896809,-27.883935
17619,32.041701,-27.774362
17620,32.202650,-27.690129
17621,32.375268,-27.633534
17622,32.554847,-27.606121
17623,32.736488,-27.608636
17624,32.915238,-27.641011
17625,33.086223,-27.702364
17626,33.244779,-27.791021
17627,33.386581,-27.904564
17628,33.507762,-28.039897
17629,33.605018,-28.193329
17630,33.675696,-28.360674
17631,38.839636,-28.004731
17632,38.974155,-27.886643
17633,39.126045,-27.791936
17634,39.291285,-27.723118
17635,39.465498,-27.682010
17636,39.644072,-27.669701
17637,39.822278,-27.686517
17638,39.995397,-27.732013
17639,40.158846,-27.804984
17640,40.308295,-27.903498
17641,45.905811,-27.517669
17642,45.837045,-26.520036
17643,26.408252,-27.859236
17644,26.264716,-27.738448
17645,26.102743,-27.643806
17646,25.927044,-27.578062
17647,25.742729,-27.543130
17648,25.555159,-27.540024
17649,25.369788,-27.568836
17650,25.192009,-27.628727
17651,25.026992,-27.717956
17652,24.879537,-27.833926
17653,24.753931,-27.973266
17654,19.702360,-28.321464
17655,19.646374,-28.147951
17656,19.562497,-27.986068
17657,19.453032,-27.840264
17658,19.320988,-27.714543
17659,19.169991,-27.612360
17660,19.004190,-27.536522
17661,18.828139,-27.489113
17662,18.646676,-27.471434
17663,18.464786,-27.483971
17664,18.287464,-27.526381
17665,18.119584,-27.597497
17666,17.965756,-27.695367
17667,17.830207,-27.817301
17668,17.716661,-27.959949
17669,17.628237,-28.119394
17670,17.567364,-28.291254
17671,17.535715,-28.470808
17672,12.689838,-28.804828
17673,12.626964,-28.973097
17674,12.537541,-29.128889
17675,12.423954,-29.268049
17676,12.289233,-29.386867
17677,12.136969,-29.482174
17678,11.971224,-29.551428
17679,11.796417,-29.592783
17680,11.617211,-29.605135
17681,11.438383,-29.588156
17682,11.264704,-29.542298
17683,11.100804,-29.468784
17684,10.951054,-29.369574
17685,10.819448,-29.247314
17686,10.709495,-29.105265
17687,10.624128,-28.947215
17688,5.298088,-29.314331
17689,5.144056,-29.412542
17690,4.975894,-29.483906
17691,4.798240,-29.526456
17692,4.615995,-29.539018
17693,4.434183,-29.521246
17694,4.257820,-29.473629
17695,4.091770,-29.397481
17696,-288.308531,-49.552235
17697,-288.298296,-48.549156
17698,-3.329841,-28.906670
17699,-3.222707,-29.065415
17700,-3.089664,-29.203173
17701,-2.934743,-29.315768
17702,-2.762642,-29.399786
17703,-2.578577,-29.452681
17704,-2.388127,-29.472849
17705,-2.197066,-29.459680
17706,-2.011184,-29.413571
17707,-1.836117,-29.335922
17708,-1.677171,-29.229085
17709,-1.539165,-29.096300
17710,-1.426280,-28.941590
17711,-1.341940,-28.769646
17712,3.531750,-28.433710
17713,3.547830,-28.251657
17714,3.593831,-28.074779
17715,3.668484,-27.907959
17716,3.769726,-27.755802
17717,3.894765,-27.622508
17718,4.040147,-27.511757
17719,4.201860,-27.426606
17720,4.375440,-27.369406
17721,4.556095,-27.341735
17722,4.738838,-27.344357
17723,4.918624,-27.377201
17724,5.090491,-27.439358
17725,5.249694,-27.529115
17726,5.391839,-27.643992
17727,5.513001,-27.780819
17728,5.609835,-27.935819
17729,5.679670,-28.104712
17730,5.720577,-28.282837
17731,10.687467,-27.940476
17732,10.789832,-27.796904
17733,10.913823,-27.671532
17734,11.056252,-27.567583
17735,11.213461,-27.487727
17736,11.381410,-27.434016
17737,11.555783,-27.407831
17738,11.732099,-27.409844
17739,11.905829,-27.440003
17740,12.072508,-27.497534
17741,12.227853,-27.580958
17742,12.367872,-27.688132
17743,12.488968,-27.816301
17744,45.768280,-25.522403
17745,45.699514,-24.524770
17746,-1.445119,-27.774386
17747,-1.555029,-27.631983
17748,-1.686679,-27.509397
17749,-1.836549,-27.409908
17750,-2.000629,-27.336176
17751,-2.174533,-27.290172
17752,-2.353610,-27.273128
17753,-2.533070,-27.285498
17754,-2.708114,-27.326951
17755,-2.874062,-27.396381
17756,-3.026474,-27.491928
17757,-3.161276,-27.611039
17758,-3.274861,-27.750528
17759,-3.364194,-27.906665
17760,-288.288060,-47.546078
17761,-288.277825,-46.543000
17762,-10.290830,-27.381736
17763,-10.181727,-27.529973
17764,-10.049434,-27.657944
17765,-9.897655,-27.762064
17766,-9.730641,-27.839420
17767,-9.553065,-27.887844
17768,-9.369902,-27.905982
17769,-9.186278,-27.893325
17770,-9.007336,-27.850228
17771,-8.838084,-27.777897
17772,-8.683262,-27.678358
17773,-8.547205,-27.554397
17774,-8.433722,-27.409486
17775,-8.345990,-27.247681
17776,46.455290,-23.470303
17777,46.386524,-22.472670
17778,-8.404766,-26.249359
17779,-8.513061,-26.096374
17780,-8.645757,-25.963996
17781,-8.799002,-25.856068
17782,-8.968346,-25.775725
17783,-9.148872,-25.725299
17784,-9.335338,-25.706254
17785,-9.522330,-25.719143
17786,-9.704420,-25.763592
17787,-9.876319,-25.838311
17788,-10.033038,-25.941129
17789,-10.170025,-26.069062
17790,-10.283304,-26.218394
17791,-10.369585,-26.384791
17792,-253.889822,-43.170309
17793,-254.034086,-43.253592
17794,-254.189272,-43.314136
17795,-254.351820,-43.350553
17796,-254.518003,-43.362008
17797,-254.684011,-43.348238
17798,-254.846036,-43.309559
17799,-255.000362,-43.246857
17800,-260.802266,-43.646774
17801,-260.944059,-43.749340
17802,-261.100323,-43.828121
17803,-261.267102,-43.881124
17804,-261.440177,-43.907007
17805,-261.615166,-43.905116
17806,-261.787641,-43.875497
17807,-261.953236,-43.818901
17808,-262.107760,-43.736760
17809,-267.733232,-44.124516
17810,-267.867498,-44.241701
17811,-268.018923,-44.335666
17812,-268.183535,-44.403946
17813,-268.357013,-44.444750
17814,-268.534802,-44.457004
17815,-268.712238,-44.440389
17816,-268.884661,-44.395340
17817,-269.047548,-44.323040
17818,-269.196621,-44.225386
17819,-274.677002,-44.603141
17820,-274.801448,-44.731639
17821,-274.945075,-44.838267
17822,-275.104086,-44.920206
17823,-275.274275,-44.975289
17824,-275.451142,-45.002059
17825,-275.630009,-44.999809
17826,-275.806146,-44.968598
17827,-275.974895,-44.909251
17828,-276.131794,-44.823337
17829,-276.272694,-44.713130
17830,-281.630693,-45.082449
17831,-281.744273,-45.219746
17832,-281.878530,-45.336903
17833,-282.029942,-45.430846
17834,-282.194535,-45.499110
17835,-282.367990,-45.539904
17836,-282.545756,-45.552157
17837,-282.723168,-45.535548
17838,-282.895570,-45.490512
17839,-283.058439,-45.418232
17840,-283.207502,-45.320604
17841,-283.338846,-45.200190
17842,-288.267590,-45.539922
17843,-288.257355,-44.536843
17844,-283.606660,-44.216277
17845,-283.550655,-44.036445
17846,-283.464792,-43.868804
17847,-283.351588,-43.718269
17848,-283.214362,-43.589253
17849,-283.057137,-43.485539
17850,-282.884524,-43.410167
17851,-282.701583,-43.365349
17852,-282.513678,-43.352397
17853,-282.326318,-43.371691
17854,-282.144996,-43.422666
17855,-281.975029,-43.503827
17856,-281.821399,-43.612795
17857,-281.688611,-43.746374
17858,-281.580558,-43.900649
17859,-281.500409,-44.071096
17860,-276.613503,-43.734249
17861,-276.569602,-43.554620
17862,-276.496232,-43.384884
17863,-276.395465,-43.229836
17864,-276.270151,-43.093858
17865,-276.123829,-42.980793
17866,-275.960636,-42.893836
17867,-275.785182,-42.835444
17868,-275.602426,-42.807267
17869,-275.417532,-42.810102
17870,-275.235726,-42.843869
17871,-275.062145,-42.907612
17872,-274.901694,-42.999532
17873,-274.758908,-43.117030
17874,-274.637821,-43.256786
17875,-274.541856,-43.414850
17876,-274.473724,-43.586756
17877,-269.616264,-43.251938
17878,-269.583997,-43.073049
17879,-269.522709,-42.901915
17880,-269.434075,-42.743212
17881,-269.320516,-42.601272
17882,-269.185131,-42.479972
17883,-269.031618,-42.382625
17884,-268.864169,-42.311888
17885,-268.687358,-42.269693
17886,-268.506011,-42.257193
17887,-268.325082,-42.274729
17888,-268.149512,-42.321822
17889,-267.984094,-42.397187
17890,-267.833347,-42.498764
17891,-267.701386,-42.623780
17892,-267.591815,-42.768821
17893,-267.507627,-42.929927
17894,-267.451121,-43.102698
17895,-262.615082,-42.769357
17896,-262.591882,-42.581381
17897,-262.536779,-42.400172
17898,-262.451408,-42.231101
17899,-262.338300,-42.079182
17900,-262.200807,-41.948918
17901,-262.043006,-41.844171
17902,-261.869575,-41.768047
17903,-261.685657,-41.722801
17904,-261.496704,-41.709777
17905,-261.308317,-41.729360
17906,-261.126082,-41.780969
17907,-260.955402,-41.863074
17908,-260.801336,-41.973241
17909,-260.668453,-42.108205
17910,-260.560692,-42.263963
17911,-260.481248,-42.435898
17912,-260.432475,-42.618912
17913,-255.610064,-42.286510
17914,-255.598456,-42.100801
17915,-255.555712,-41.919705
17916,-255.483056,-41.748404
17917,-255.382567,-41.591800
17918,-255.257120,-41.454375
17919,-255.110304,-41.340059
17920,-254.946321,-41.252125
17921,-254.769863,-41.193089
17922,-254.585979,-41.164639
17923,-254.399930,-41.167590
17924,-254.217040,-41.201857
17925,-254.042543,-41.266460
17926,-253.881432,-41.359550
17927,-253.738315,-41.478464
17928,-253.617289,-41.619799
17929,-253.521817,-41.779511
17930,-253.454630,-41.953030
17931,-253.417651,-42.135390
17932,-248.601252,-41.803402
17933,-248.569524,-41.991004
17934,-248.505943,-42.170333
17935,-248.412411,-42.336022
17936,-248.291726,-42.483115
17937,-248.147499,-42.607211
17938,-247.984046,-42.704598
17939,-247.806255,-42.772361
17940,-247.619448,-42.808473
17941,-247.429212,-42.811855
17942,-247.241239,-42.782404
17943,-247.061153,-42.721002
17944,-246.894342,-42.629486
17945,-246.745796,-42.510594
17946,-246.619960,-42.367882
17947,-246.520598,-42.205622
17948,-246.450684,-42.028666
17949,-246.412309,-41.842310
17950,-246.406621,-41.652129
17951,-241.588672,-41.320035
17952,-241.548186,-41.498628
17953,-241.478633,-41.668029
17954,-241.381940,-41.823544
17955,-241.260788,-41.960863
17956,-241.118533,-42.076180
17957,-240.959118,-42.166299
17958,-240.786962,-42.228723
17959,-240.606835,-42.261721
17960,-240.423730,-42.264379
17961,-240.242721,-42.236623
17962,-240.068826,-42.179223
17963,-239.906863,-42.093769
17964,-239.761320,-41.982629
17965,-239.636233,-41.848885
17966,-239.535067,-41.696242
17967,-239.460626,-41.528930
17968,-239.414973,-41.351588
17969,-239.399374,-41.169129
17970,-234.572273,-40.836404
17971,-234.520200,-41.015242
17972,-234.438700,-41.182730
17973,-234.330109,-41.334065
17974,-234.197540,-41.464909
17975,-234.044796,-41.571510
17976,-233.876256,-41.650811
17977,-233.696752,-41.700539
17978,-233.511431,-41.719267
17979,-233.325607,-41.706458
17980,-233.144608,-41.662480
17981,-232.973625,-41.588594
17982,-232.817559,-41.486918
17983,-232.680885,-41.360368
17984,-232.567523,-41.212573
17985,-232.480723,-41.047769
17986,-232.422974,-40.870683
17987,-232.395931,-40.686392
17988,-227.551995,-40.352506
17989,-227.487942,-40.531101
17990,-227.394150,-40.696032
17991,-227.273412,-40.842393
17992,-227.129318,-40.965828
17993,-226.966157,-41.062666
17994,-226.788782,-41.130024
17995,-226.602470,-41.165900
17996,-226.412765,-41.169226
17997,-226.225310,-41.139903
17998,-226.045682,-41.078804
17999,-225.879227,-40.987745
18000,-225.730895,-40.869437
18001,-225.605100,-40.727398
18002,-225.505585,-40.565856
18003,-225.435310,-40.389616
18004,-225.396366,-40.203921
18005,-220.527759,-39.868335
18006,-220.456968,-40.035471
18007,-220.359656,-40.188690
18008,-220.238473,-40.323821
18009,-220.096718,-40.437184
18010,-219.938250,-40.525693
18011,-219.767385,-40.586937
18012,-219.588775,-40.619249
18013,-219.407283,-40.621750
18014,-219.227850,-40.594371
18015,-219.055362,-40.537858
18016,-218.894516,-40.453749
18017,-218.749692,-40.344335
18018,-218.624831,-40.212595
18019,-218.523335,-40.062115
18020,-218.447966,-39.896993
18021,-218.400777,-39.721725
18022,-213.499338,-39.383875
18023,-213.416841,-39.549080
18024,-213.307871,-39.698157
18025,-213.175499,-39.826905
18026,-213.023456,-39.931696
18027,-212.856025,-40.009578
18028,-212.677926,-40.058354
18029,-212.494177,-40.076651
18030,-212.309957,-40.063953
18031,-212.130456,-40.020617
18032,-211.960734,-39.947866
18033,-211.805573,-39.847749
18034,-211.669345,-39.723088
18035,-211.555890,-39.577395
18036,-211.468405,-39.414777
18037,-211.409354,-39.239816
18038,-206.466536,-38.899114
18039,-206.371955,-39.061663
18040,-206.251068,-39.205726
18041,-206.107407,-39.327092
18042,-205.945173,-39.422212
18043,-205.769106,-39.488307
18044,-205.584355,-39.523445
18045,-205.396317,-39.526598
18046,-205.210491,-39.497675
18047,-205.032308,-39.437520
18048,-204.866975,-39.347893
18049,-204.719326,-39.231413
18050,-204.593676,-39.091485
18051,-204.493698,-38.932198
18052,-204.422314,-38.758208
18053,-199.429049,-38.414030
18054,-199.321982,-38.573081
18055,-199.188925,-38.711125
18056,-199.033919,-38.823968
18057,-198.861673,-38.908183
18058,-198.677421,-38.961210
18059,-198.486761,-38.981439
18060,-198.295484,-38.968254
18061,-198.109402,-38.922057
18062,-197.934169,-38.844251
18063,-197.775107,-38.737200
18064,-197.637049,-38.604156
18065,-197.524190,-38.449161
18066,-197.439959,-38.276924
18067,-192.386538,-37.928599
18068,-192.276760,-38.072070
18069,-192.144980,-38.195639
18070,-191.994752,-38.295972
18071,-191.830128,-38.370364
18072,-191.655548,-38.416808
18073,-191.475721,-38.434051
18074,-191.295496,-38.421628
18075,-191.119735,-38.379875
18076,-190.953179,-38.309917
18077,-190.800318,-38.213642
18078,-190.665277,-38.093645
18079,-190.551698,-37.953164
18080,-190.462643,-37.795987
18081,-185.338347,-37.442777
18082,-185.217196,-37.580196
18083,-185.074919,-37.695603
18084,-184.915461,-37.785797
18085,-184.743246,-37.848275
18086,-184.563049,-37.881304
18087,-184.379870,-37.883970
18088,-184.198789,-37.856196
18089,-184.024829,-37.798755
18090,-183.862815,-37.713239
18091,-183.717240,-37.602020
18092,-183.592142,-37.468184
18093,-183.490992,-37.315441
18094,-178.283796,-36.956516
18095,-178.151308,-37.086469
18096,-177.998860,-37.192300
18097,-177.830790,-37.270996
18098,-177.651882,-37.320319
18099,-177.467229,-37.338863
18100,-177.282086,-37.326101
18101,-177.101723,-37.282397
18102,-176.931275,-37.208994
18103,-176.775591,-37.107981
18104,-176.639105,-36.982235
18105,-176.525701,-36.835333
18106,-171.221951,-36.469753
18107,-171.078419,-36.590525
18108,-170.916454,-36.685153
18109,-170.740765,-36.750887
18110,-170.556463,-36.785813
18111,-170.368906,-36.788917
18112,-170.183548,-36.760109
18113,-170.005781,-36.700225
18114,-169.840773,-36.611008
18115,-169.693323,-36.495052
18116,-169.567719,-36.355729
18117,-164.151134,-35.982371
18118,-163.997359,-36.091736
18119,-163.827154,-36.173210
18120,-163.645529,-36.224395
18121,-163.457828,-36.243785
18122,-163.269575,-36.230809
18123,-163.086310,-36.185849
18124,-162.913425,-36.110228
18125,-162.756009,-36.006172
18126,-162.618694,-35.876742
18127,-157.069091,-35.494215
18128,-156.906846,-35.589355
18129,-156.730765,-35.655464
18130,-156.545996,-35.690610
18131,-156.357940,-35.693765
18132,-156.172096,-35.664837
18133,-155.993896,-35.604673
18134,-155.828551,-35.515029
18135,-155.680894,-35.398529
18136,-149.971833,-35.005011
18137,-149.804922,-35.082236
18138,-149.627478,-35.130573
18139,-149.444460,-35.148671
18140,-149.260985,-35.136024
18141,-149.082181,-35.092986
18142,-148.913047,-35.020760
18143,-148.758310,-34.921365
18144,-142.851595,-34.514223
18145,-142.688504,-34.568699
18146,-142.518916,-34.597093
18147,-142.346976,-34.598713
18148,-142.176884,-34.573517
18149,-142.012796,-34.522123
18150,-141.858722,-34.445785
18151,46.317759,-21.475037
18152,46.248994,-20.477405
18153,-36.719844,-26.196333
18154,-36.864113,-26.279623
18155,-37.019305,-26.340172
18156,-37.181860,-26.376592
18157,-37.348052,-26.388048
18158,-37.514067,-26.374276
18159,-37.676099,-26.335592
18160,-37.830431,-26.272885
18161,-43.632293,-26.672799
18162,-43.774089,-26.775370
18163,-43.930356,-26.854156
18164,-44.097141,-26.907162
18165,-44.270222,-26.933047
18166,-44.445217,-26.931155
18167,-44.617697,-26.901534
18168,-44.783297,-26.844934
18169,-44.937824,-26.762787
18170,-50.563262,-27.150541
18171,-50.697529,-27.267731
18172,-50.848958,-27.361700
18173,-51.013573,-27.429984
18174,-51.187055,-27.470789
18175,-51.364849,-27.483044
18176,-51.542289,-27.466428
18177,-51.714716,-27.421376
18178,-51.877606,-27.349072
18179,-52.026682,-27.251413
18180,-57.507034,-27.629166
18181,-57.631481,-27.757668
18182,-57.775110,-27.864300
18183,-57.934124,-27.946243
18184,-58.104316,-28.001328
18185,-58.281186,-28.028099
18186,-58.460057,-28.025849
18187,-58.636197,-27.994636
18188,-58.804950,-27.935286
18189,-58.961851,-27.849369
18190,-59.102752,-27.739157
18191,-64.460727,-28.108474
18192,-64.574307,-28.245775
18193,-64.708566,-28.362936
18194,-64.859979,-28.456882
18195,-65.024575,-28.525148
18196,-65.198033,-28.565943
18197,-65.375802,-28.578196
18198,-65.553217,-28.561586
18199,-65.725622,-28.516549
18200,-65.888494,-28.444266
18201,-66.037557,-28.346635
18202,-66.168902,-28.226217
18203,-71.422483,-28.588339
18204,-71.524786,-28.732494
18205,-71.648858,-28.858401
18206,-71.791496,-28.962808
18207,-71.949016,-29.043020
18208,-72.117350,-29.096966
18209,-72.292152,-29.123251
18210,-72.468906,-29.121198
18211,-72.643050,-29.090859
18212,-72.810086,-29.033018
18213,-72.965700,-28.949169
18214,-73.105874,-28.841476
18215,-73.226988,-28.712721
18216,-78.391118,-29.068677
18217,-78.490703,-29.229888
18218,-78.616478,-29.371616
18219,-78.764711,-29.489655
18220,-78.931002,-29.580503
18221,-79.110418,-29.641463
18222,-79.297633,-29.670727
18223,-79.487094,-29.667427
18224,-79.673176,-29.631660
18225,-79.850360,-29.564487
18226,-80.013386,-29.467903
18227,-80.157417,-29.344772
18228,-80.278180,-29.198750
18229,-85.365657,-29.549423
18230,-85.452468,-29.714192
18231,-85.565831,-29.861954
18232,-85.702498,-29.988474
18233,-85.858550,-30.090125
18234,-86.029513,-30.163993
18235,-86.210488,-30.207961
18236,-86.396287,-30.220768
18237,-86.581583,-30.202047
18238,-86.761065,-30.152335
18239,-86.929588,-30.073056
18240,-87.082321,-29.966484
18241,-87.214886,-29.835673
18242,-87.323484,-29.684373
18243,-92.345531,-30.030536
18244,-92.419981,-30.197826
18245,-92.521150,-30.350448
18246,-92.646236,-30.484173
18247,-92.791771,-30.595295
18248,-92.953724,-30.680736
18249,-93.127605,-30.738128
18250,-93.308599,-30.765880
18251,-93.491688,-30.763223
18252,-93.671800,-30.730232
18253,-93.843944,-30.667820
18254,-94.003349,-30.577717
18255,-94.145599,-30.462419
18256,-94.266752,-30.325121
18257,-94.363452,-30.169628
18258,-99.330304,-30.511987
18259,-99.392819,-30.680915
18260,-99.482066,-30.837377
18261,-99.595650,-30.977175
18262,-99.730527,-31.096562
18263,-99.883079,-31.192337
18264,-100.049217,-31.261931
18265,-100.224485,-31.303478
18266,-100.404184,-31.315865
18267,-100.583495,-31.298758
18268,-100.757610,-31.252617
18269,-100.921860,-31.178679
18270,-101.071842,-31.078927
18271,-101.203534,-30.956035
18272,-101.313403,-30.813299
18273,-101.398505,-30.654545
18274,-106.319565,-30.993747
18275,-106.374900,-31.174604
18276,-106.460398,-31.343308
18277,-106.573532,-31.494873
18278,-106.710958,-31.624817
18279,-106.868611,-31.729299
18280,-107.041833,-31.805231
18281,-107.225501,-31.850366
18282,-107.414186,-31.863372
18283,-107.602310,-31.843864
18284,-107.784311,-31.792417
18285,-107.954809,-31.710554
18286,-108.108764,-31.600694
18287,-108.241623,-31.466086
18288,-108.349460,-31.310708
18289,-108.429087,-31.139154
18290,-113.313086,-31.475801
18291,-113.356268,-31.656346
18292,-113.429195,-31.827058
18293,-113.529790,-31.983077
18294,-113.655188,-32.119957
18295,-113.801819,-32.233802
18296,-113.965505,-32.321368
18297,-114.141586,-32.380161
18298,-114.325046,-32.408508
18299,-114.510660,-32.405601
18300,-114.693142,-32.371523
18301,-114.867295,-32.307243
18302,-115.028159,-32.214594
18303,-115.171153,-32.096213
18304,-115.292203,-31.955473
18305,-115.387863,-31.796381
18306,-115.455408,-31.623468
18307,-120.310675,-31.958135
18308,-120.342181,-32.137842
18309,-120.402958,-32.309870
18310,-120.491333,-32.469485
18311,-120.604876,-32.612298
18312,-120.740462,-32.734378
18313,-120.894362,-32.832368
18314,-121.062342,-32.903572
18315,-121.239781,-32.946031
18316,-121.421797,-32.958577
18317,-121.603383,-32.940865
18318,-121.779544,-32.893382
18319,-121.945434,-32.817435
18320,-122.096488,-32.715112
18321,-122.228551,-32.589229
18322,-122.337991,-32.443249
18323,-122.421796,-32.281187
18324,-122.477661,-32.107503
18325,-127.312196,-32.440740
18326,-127.334561,-32.629488
18327,-127.389083,-32.811568
18328,-127.474135,-32.981544
18329,-127.587178,-33.134341
18330,-127.724836,-33.265398
18331,-127.883000,-33.370802
18332,-128.056947,-33.447406
18333,-128.241484,-33.492922
18334,-128.431102,-33.505992
18335,-128.620139,-33.486226
18336,-128.802952,-33.434213
18337,-128.974082,-33.351507
18338,-129.128420,-33.240577
18339,-129.261358,-33.104735
18340,-129.368927,-32.948036
18341,-129.447916,-32.775159
18342,-129.495967,-32.591265
18343,-134.317548,-32.923610
18344,-134.328290,-33.109999
18345,-134.370399,-33.291887
18346,-134.442660,-33.464033
18347,-134.542994,-33.621480
18348,-134.668508,-33.759692
18349,-134.815588,-33.874686
18350,-134.979997,-33.963151
18351,-135.156998,-34.022538
18352,-135.341493,-34.051137
18353,-135.528167,-34.048122
18354,-135.711643,-34.013583
18355,-135.886634,-33.948512
18356,-136.048101,-33.854785
18357,-136.191392,-33.735102
18358,-136.312379,-33.592911
18359,-136.407577,-33.432307
18360,-136.474243,-33.257916
18361,-136.510457,-33.074764
18362,-141.326691,-33.406740
18363,-141.359222,-33.219911
18364,-141.423359,-33.041445
18365,-141.517196,-32.876648
18366,-141.637943,-32.730417
18367,-141.782013,-32.607099
18368,-141.945123,-32.510358
18369,-142.122424,-32.443071
18370,-142.308648,-32.407237
18371,-142.498260,-32.403920
18372,-142.685623,-32.433221
18373,-142.865169,-32.494267
18374,-143.031562,-32.585245
18375,-143.179856,-32.703450
18376,-143.305643,-32.845369
18377,-143.405185,-33.006785
18378,-143.475523,-33.182898
18379,-143.514567,-33.368476
18380,-143.521156,-33.558002
18381,-148.339602,-33.890131
18382,-148.380815,-33.712348
18383,-148.450854,-33.543827
18384,-148.547791,-33.389204
18385,-148.668959,-33.252736
18386,-148.811022,-33.138180
18387,-148.970070,-33.048688
18388,-149.141726,-32.986724
18389,-149.321263,-32.953993
18390,-149.503742,-32.951397
18391,-149.684138,-32.979006
18392,-149.857487,-33.036060
18393,-150.019017,-33.120991
18394,-150.164282,-33.231458
18395,-150.289284,-33.364423
18396,-150.390582,-33.516225
18397,-150.465387,-33.682686
18398,-150.511642,-33.859223
18399,-150.528072,-34.040979
18400,-155.356338,-34.373785
18401,-155.409092,-34.195844
18402,-155.491012,-34.029305
18403,-155.599765,-33.878910
18404,-155.732254,-33.748938
18405,-155.884709,-33.643091
18406,-156.052789,-33.564382
18407,-156.231709,-33.515052
18408,-156.416376,-33.496503
18409,-156.601533,-33.509266
18410,-156.781909,-33.552976
18411,-156.952369,-33.626389
18412,-157.108060,-33.727415
18413,-157.244550,-33.853179
18414,-157.357954,-34.000099
18415,-157.445043,-34.163994
18416,-157.503338,-34.340198
18417,-157.531179,-34.523694
18418,-162.376960,-34.857707
18419,-162.441644,-34.680102
18420,-162.535779,-34.516192
18421,-162.656585,-34.370819
18422,-162.800495,-34.248273
18423,-162.963260,-34.152174
18424,-163.140075,-34.085359
18425,-163.325718,-34.049800
18426,-163.514707,-34.046549
18427,-163.701463,-34.075700
18428,-163.880471,-34.136393
18429,-164.046446,-34.226836
18430,-164.194487,-34.344359
18431,-164.320222,-34.485491
18432,-164.419940,-34.646065
18433,-164.490695,-34.821340
18434,-164.530399,-35.006140
18435,-169.401586,-35.341905
18436,-169.472930,-35.175809
18437,-169.570514,-35.023641
18438,-169.691702,-34.889510
18439,-169.833221,-34.777038
18440,-169.991250,-34.689263
18441,-170.161522,-34.628555
18442,-170.339436,-34.596555
18443,-170.520190,-34.594125
18444,-170.698900,-34.621332
18445,-170.870742,-34.677441
18446,-171.031073,-34.760937
18447,-171.175565,-34.869564
18448,-171.300314,-35.000389
18449,-171.401953,-35.149879
18450,-171.477735,-35.313997
18451,-171.525615,-35.488311
18452,-176.430347,-35.826388
18453,-176.513319,-35.662305
18454,-176.622464,-35.514335
18455,-176.754731,-35.386613
18456,-176.906424,-35.282706
18457,-177.073306,-35.205518
18458,-177.250714,-35.157206
18459,-177.433690,-35.139119
18460,-177.617123,-35.151762
18461,-177.795888,-35.194784
18462,-177.964989,-35.266980
18463,-178.119702,-35.366335
18464,-178.255704,-35.490073
18465,-178.369196,-35.634735
18466,-178.457006,-35.796281
18467,-178.516681,-35.970196
18468,-183.463546,-36.311176
18469,-183.558520,-36.149859
18470,-183.679473,-36.006982
18471,-183.822901,-35.886683
18472,-183.984650,-35.792446
18473,-184.160037,-35.727001
18474,-184.343980,-35.692242
18475,-184.531154,-35.689177
18476,-184.716137,-35.717895
18477,-184.893572,-35.777562
18478,-185.058321,-35.866453
18479,-185.205610,-35.981991
18480,-185.331176,-36.120832
18481,-185.431382,-36.278953
18482,-185.503324,-36.451776
18483,-190.501460,-36.796290
18484,-190.608820,-36.638593
18485,-190.741812,-36.501818
18486,-190.896436,-36.390077
18487,-191.068041,-36.306732
18488,-191.251465,-36.254290
18489,-191.441191,-36.234328
18490,-191.631513,-36.247447
18491,-191.816706,-36.293251
18492,-191.991200,-36.370364
18493,-192.149746,-36.476466
18494,-192.287576,-36.608365
18495,-192.400544,-36.762094
18496,-192.485252,-36.933030
18497,-197.544439,-37.281753
18498,-197.654387,-37.139662
18499,-197.785998,-37.017363
18500,-197.935763,-36.918120
18501,-198.099684,-36.844580
18502,-198.273391,-36.798705
18503,-198.452248,-36.781718
18504,-198.631484,-36.794072
18505,-198.806319,-36.835439
18506,-198.972089,-36.904714
18507,-199.124370,-37.000050
18508,-199.259101,-37.118902
18509,-199.372688,-37.258102
18510,-199.462100,-37.413935
18511,-204.593155,-37.767611
18512,-204.714330,-37.631707
18513,-204.856264,-37.517654
18514,-205.015069,-37.428577
18515,-205.186391,-37.366916
18516,-205.365538,-37.334362
18517,-205.547601,-37.331806
18518,-205.727592,-37.359318
18519,-205.900578,-37.416144
18520,-206.061821,-37.500728
18521,-206.206901,-37.610751
18522,-206.331844,-37.743200
18523,-206.433227,-37.894445
18524,-211.648306,-38.253913
18525,-211.780631,-38.125629
18526,-211.932517,-38.021238
18527,-212.099700,-37.943671
18528,-212.277486,-37.895104
18529,-212.460886,-37.876903
18530,-212.644751,-37.889576
18531,-212.823918,-37.932769
18532,-212.993360,-38.005270
18533,-213.148319,-38.105042
18534,-213.284445,-38.229285
18535,-213.397918,-38.374512
18536,-218.710956,-38.740732
18537,-218.854068,-38.621836
18538,-219.015171,-38.528761
18539,-219.189657,-38.464168
18540,-219.372533,-38.429907
18541,-219.558567,-38.426958
18542,-219.742437,-38.455404
18543,-219.918882,-38.514433
18544,-220.082856,-38.602355
18545,-220.229665,-38.716654
18546,-220.355111,-38.854062
18547,-225.782550,-39.228168
18548,-225.935567,-39.120847
18549,-226.104544,-39.040981
18550,-226.284603,-38.990875
18551,-226.470546,-38.971975
18552,-226.657004,-38.984828
18553,-226.838595,-39.029061
18554,-227.010077,-39.103398
18555,-227.166498,-39.205694
18556,-227.303343,-39.332994
18557,-232.865732,-39.716402
18558,-233.026714,-39.623541
18559,-233.201032,-39.559107
18560,-233.383709,-39.524938
18561,-233.569531,-39.522010
18562,-233.753194,-39.550407
18563,-233.929456,-39.609316
18564,-234.093284,-39.697059
18565,-234.240004,-39.811128
18566,-239.964611,-40.205718
18567,-240.129466,-40.131044
18568,-240.304334,-40.084411
18569,-240.484482,-40.067083
18570,-240.665033,-40.079528
18571,-240.841100,-40.121410
18572,-241.007916,-40.191594
18573,-241.160967,-40.288181
18574,-247.087541,-40.696692
18575,-247.247150,-40.645072
18576,-247.412752,-40.618321
18577,-247.580496,-40.617063
18578,-247.746481,-40.641325
18579,-247.906846,-40.690544
18580,-248.057863,-40.763574
18581,-288.247120,-43.533765
18582,-288.236885,-42.530687
18583,-136.028313,-32.039158
18584,-135.861324,-31.947413
18585,-135.681009,-31.885859
18586,-135.492777,-31.856344
18587,-135.302276,-31.859754
18588,-135.115220,-31.895985
18589,-134.937223,-31.963950
18590,-129.117904,-31.562833
18591,-128.977277,-31.462730
18592,-128.822720,-31.385859
18593,-128.658041,-31.334114
18594,-128.487294,-31.308768
18595,-128.314685,-31.310447
18596,-128.144464,-31.339108
18597,-127.980822,-31.394045
18598,-127.827789,-31.473907
18599,-122.188277,-31.085183
18600,-122.054637,-30.970155
18601,-121.904336,-30.877958
18602,-121.741235,-30.810961
18603,-121.569523,-30.770885
18604,-121.393615,-30.758760
18605,-121.218029,-30.774897
18606,-121.047278,-30.818882
18607,-120.885748,-30.889585
18608,-120.737591,-30.985189
18609,-115.245496,-30.606627
18610,-115.121321,-30.480036
18611,-114.978419,-30.375042
18612,-114.820503,-30.294375
18613,-114.651678,-30.240129
18614,-114.476330,-30.213716
18615,-114.299016,-30.215821
18616,-114.124345,-30.246389
18617,-113.956854,-30.304627
18618,-113.800898,-30.389021
18619,-113.660529,-30.497377
18620,-108.292588,-30.127372
18621,-108.179031,-29.991773
18622,-108.045209,-29.876127
18623,-107.894583,-29.783423
18624,-107.731046,-29.716058
18625,-107.558827,-29.675773
18626,-107.382378,-29.663611
18627,-107.206260,-29.679885
18628,-107.035027,-29.724175
18629,-106.873106,-29.795335
18630,-106.724683,-29.891527
18631,-106.593595,-30.010263
18632,-101.331483,-29.647553
18633,-101.218603,-29.492802
18634,-101.080588,-29.359978
18635,-100.921626,-29.253110
18636,-100.746534,-29.175438
18637,-100.560624,-29.129317
18638,-100.369531,-29.116145
18639,-100.179050,-29.136322
18640,-99.994958,-29.189236
18641,-99.822836,-29.273283
18642,-99.667903,-29.385914
18643,-99.534857,-29.523714
18644,-94.363407,-29.167253
18645,-94.263518,-29.007521
18646,-94.137838,-28.867178
18647,-93.990053,-28.750338
18648,-93.824498,-28.660429
18649,-93.646030,-28.600089
18650,-93.459883,-28.571087
18651,-93.271517,-28.574275
18652,-93.086457,-28.609557
18653,-92.910132,-28.675901
18654,-92.747714,-28.771358
18655,-92.603966,-28.893131
18656,-92.483106,-29.037646
18657,-87.389365,-28.686541
18658,-87.302134,-28.523098
18659,-87.188712,-28.376612
18660,-87.052314,-28.251239
18661,-86.896810,-28.150535
18662,-86.726610,-28.077356
18663,-86.546544,-28.033779
18664,-86.361718,-28.021039
18665,-86.177376,-28.039499
18666,-85.998746,-28.088633
18667,-85.830896,-28.167049
18668,-85.678586,-28.272521
18669,-85.546137,-28.402060
18670,-85.437306,-28.551989
18671,-80.409938,-28.205459
18672,-80.334979,-28.039360
18673,-80.233627,-27.887915
18674,-80.108662,-27.755281
18675,-79.963515,-27.645098
18676,-79.802170,-27.560390
18677,-79.629053,-27.503482
18678,-79.448917,-27.475935
18679,-79.266705,-27.478506
18680,-79.087418,-27.511123
18681,-78.915976,-27.572893
18682,-78.757084,-27.662119
18683,-78.615103,-27.776352
18684,-78.493930,-27.912459
18685,-78.396891,-28.066702
18686,-73.425577,-27.724037
18687,-73.362481,-27.556178
18688,-73.272950,-27.400802
18689,-73.159363,-27.262037
18690,-73.024739,-27.143572
18691,-72.872655,-27.048556
18692,-72.707154,-26.979512
18693,-72.532634,-26.938276
18694,-72.353733,-26.925945
18695,-72.175206,-26.942845
18696,-72.001797,-26.988528
18697,-71.838115,-27.061780
18698,-71.688510,-27.160653
18699,-71.556958,-27.282521
18700,-71.446955,-27.424143
18701,-71.361425,-27.581757
18702,-66.436701,-27.242303
18703,-66.380695,-27.062474
18704,-66.294830,-26.894835
18705,-66.181626,-26.744302
18706,-66.044401,-26.615288
18707,-65.887177,-26.511576
18708,-65.714566,-26.436206
18709,-65.531627,-26.391388
18710,-65.343723,-26.378436
18711,-65.156365,-26.397730
18712,-64.975045,-26.448704
18713,-64.805079,-26.529863
18714,-64.651450,-26.638829
18715,-64.518662,-26.772406
18716,-64.410609,-26.926678
18717,-64.330458,-27.097122
18718,-59.443545,-26.760274
18719,-59.399642,-26.580648
18720,-59.326271,-26.410914
18721,-59.225504,-26.255868
18722,-59.100190,-26.119893
18723,-58.953869,-26.006830
18724,-58.790677,-25.919874
18725,-58.615224,-25.861483
18726,-58.432470,-25.833307
18727,-58.247578,-25.836142
18728,-58.065774,-25.869907
18729,-57.892194,-25.933650
18730,-57.731744,-26.025568
18731,-57.588958,-26.143063
18732,-57.467872,-26.282817
18733,-57.371906,-26.440879
18734,-57.303772,-26.612783
18735,-52.446307,-26.277964
18736,-52.414038,-26.099076
18737,-52.352749,-25.927945
18738,-52.264115,-25.769244
18739,-52.150555,-25.627307
18740,-52.015170,-25.506009
18741,-51.861658,-25.408663
18742,-51.694211,-25.337927
18743,-51.517401,-25.295733
18744,-51.336056,-25.283233
18745,-51.155129,-25.300769
18746,-50.979560,-25.347861
18747,-50.814144,-25.423223
18748,-50.663397,-25.524799
18749,-50.531436,-25.649813
18750,-50.421865,-25.794852
18751,-50.337676,-25.955956
18752,-50.281168,-26.128724
18753,-45.445126,-25.795382
18754,-45.421924,-25.607409
18755,-45.366820,-25.426202
18756,-45.281448,-25.257134
18757,-45.168339,-25.105216
18758,-45.030847,-24.974954
18759,-44.873047,-24.870209
18760,-44.699617,-24.794085
18761,-44.515701,-24.748841
18762,-44.326749,-24.735817
18763,-44.138364,-24.755399
18764,-43.956130,-24.807007
18765,-43.785451,-24.889111
18766,-43.631386,-24.999276
18767,-43.498503,-25.134238
18768,-43.390742,-25.289993
18769,-43.311296,-25.461926
18770,-43.262522,-25.644938
18771,-38.440109,-25.312536
18772,-38.428498,-25.126828
18773,-38.385753,-24.945734
18774,-38.313096,-24.774435
18775,-38.212606,-24.617834
18776,-38.087159,-24.480410
18777,-37.940344,-24.366096
18778,-37.776363,-24.278164
18779,-37.599906,-24.219128
18780,-37.416023,-24.190678
18781,-37.229976,-24.193629
18782,-37.047088,-24.227896
18783,-36.872592,-24.292498
18784,-36.711481,-24.385586
18785,-36.568365,-24.504498
18786,-36.447339,-24.645831
18787,-36.351866,-24.805541
18788,-36.284678,-24.979058
18789,-36.247697,-25.161416
18790,-31.431288,-24.829428
18791,-31.399548,-25.017018
18792,-31.335958,-25.196333
18793,-31.242422,-25.362009
18794,-31.121736,-25.509089
18795,-30.977512,-25.633173
18796,-30.814063,-25.730550
18797,-30.636281,-25.798306
18798,-30.449482,-25.834414
18799,-30.259255,-25.837795
18800,-30.071292,-25.808346
18801,-29.891214,-25.746949
18802,-29.724409,-25.655441
18803,-29.575867,-25.536560
18804,-29.450032,-25.393860
18805,-29.350667,-25.231613
18806,-29.280747,-25.054670
18807,-29.242361,-24.868326
18808,-29.236660,-24.678155
18809,-24.418719,-24.346061
18810,-24.378234,-24.524656
18811,-24.308683,-24.694059
18812,-24.211990,-24.849576
18813,-24.090838,-24.986897
18814,-23.948582,-25.102216
18815,-23.789166,-25.192337
18816,-23.617009,-25.254762
18817,-23.436881,-25.287760
18818,-23.253774,-25.290418
18819,-23.072764,-25.262662
18820,-22.898867,-25.205261
18821,-22.736903,-25.119806
18822,-22.591360,-25.008665
18823,-22.466272,-24.874918
18824,-22.365107,-24.722273
18825,-22.290667,-24.554960
18826,-22.245016,-24.377616
18827,-22.229418,-24.195155
18828,-17.402320,-23.862430
18829,-17.350249,-24.041270
18830,-17.268750,-24.208760
18831,-17.160159,-24.360098
18832,-17.027590,-24.490944
18833,-16.874845,-24.597547
18834,-16.706304,-24.676850
18835,-16.526798,-24.726578
18836,-16.341476,-24.745306
18837,-16.155651,-24.732497
18838,-15.974650,-24.688519
18839,-15.803666,-24.614632
18840,-15.647599,-24.512955
18841,-15.510925,-24.386403
18842,-15.397563,-24.238605
18843,-15.310763,-24.073799
18844,-15.253015,-23.896710
18845,-15.225974,-23.712417
18846,46.180228,-19.479772
18847,46.111463,-18.482139
18848,40.607882,-18.861493
18849,40.482244,-19.001256
18850,40.334650,-19.117593
18851,40.169406,-19.207108
18852,39.991336,-19.267189
18853,39.805637,-19.296081
18854,39.617731,-19.292941
18855,39.433102,-19.257861
18856,39.257139,-19.191865
18857,39.094978,-19.096879
18858,38.951352,-18.975675
18859,-15.695794,-22.742429
18860,-15.856773,-22.649574
18861,-16.031087,-22.585144
18862,-16.213759,-22.550977
18863,-16.399576,-22.548050
18864,-16.583233,-22.576445
18865,-16.759490,-22.635352
18866,-16.923315,-22.723089
18867,-17.070032,-22.837153
18868,-22.794677,-23.231745
18869,-22.959527,-23.157077
18870,-23.134389,-23.110449
18871,-23.314530,-23.093123
18872,-23.495074,-23.105568
18873,-23.671134,-23.147446
18874,-23.837945,-23.217625
18875,-23.990991,-23.314205
18876,-29.917405,-23.722705
18877,-30.077067,-23.671042
18878,-30.242731,-23.644266
18879,-30.410539,-23.643002
18880,-30.576587,-23.667279
18881,-30.737010,-23.716531
18882,-30.888074,-23.789612
18883,-288.226649,-41.527609
18884,-288.216414,-40.524530
18885,25.051007,-18.931435
18886,25.200656,-19.030410
18887,25.364404,-19.103741
18888,25.537895,-19.149477
18889,25.716513,-19.166401
18890,25.895506,-19.154063
18891,26.070113,-19.112792
18892,26.235688,-19.043684
18893,26.387826,-18.948580
18894,26.522480,-18.830008
18895,31.684692,-18.474184
18896,31.755246,-18.641759
18897,31.852441,-18.795423
18898,31.973620,-18.930976
18899,32.115474,-19.044717
18900,32.274125,-19.133536
18901,32.445241,-19.195008
18902,32.624145,-19.227453
18903,32.805950,-19.229984
18904,32.985687,-19.202532
18905,33.158448,-19.145848
18906,33.319511,-19.061479
18907,33.464476,-18.951732
18908,33.589382,-18.819604
18909,33.690817,-18.668706
18910,33.766009,-18.503160
18911,33.812903,-18.327489
18912,38.649182,-17.994131
18913,38.697219,-17.820037
18914,38.773096,-17.656151
18915,38.874766,-17.506888
18916,38.999489,-17.376273
18917,39.143904,-17.267827
18918,39.304117,-17.184472
18919,39.475809,-17.128456
18920,39.654353,-17.101288
18921,39.834937,-17.103702
18922,40.012691,-17.135631
18923,40.182826,-17.196215
18924,40.340754,-17.283821
18925,40.482218,-17.396088
18926,40.603407,-17.529990
18927,40.701052,-17.681916
18928,40.772521,-17.847772
18929,46.042697,-17.484506
18930,46.527978,-16.448684
18931,33.499957,-17.346687
18932,33.357028,-17.228585
18933,33.196294,-17.136166
18934,33.022322,-17.072056
18935,32.840052,-17.038076
18936,32.654665,-17.035192
18937,32.471428,-17.063485
18938,32.295544,-17.122152
18939,32.132013,-17.209526
18940,31.985480,-17.323124
18941,31.860107,-17.459720
18942,26.799940,-17.808510
18943,26.743023,-17.636330
18944,26.658592,-17.475841
18945,26.548939,-17.331405
18946,26.417047,-17.206946
18947,26.266498,-17.105849
18948,26.101386,-17.030860
18949,25.926197,-16.984018
18950,25.745692,-16.966595
18951,25.564778,-16.979065
18952,25.388371,-17.021089
18953,25.221265,-17.091526
18954,25.068003,-17.188460
18955,24.932750,-17.309257
18956,24.819181,-17.450634
18957,24.730383,-17.608750
18958,24.668770,-17.779306
18959,24.636016,-17.957667
18960,19.791692,-18.291579
18961,19.729668,-18.461400
18962,19.640665,-18.618768
18963,19.527088,-18.759431
18964,19.392003,-18.879590
18965,19.239061,-18.976000
18966,19.072393,-19.046055
18967,18.896500,-19.087863
18968,18.716135,-19.100295
18969,18.536170,-19.083016
18970,18.361466,-19.036491
18971,18.196743,-18.961978
18972,18.046449,-18.861489
18973,17.914646,-18.737740
18974,17.804893,-18.594072
18975,17.720156,-18.434367
18976,12.409335,-18.800435
18977,12.252914,-18.902730
18978,12.081432,-18.977068
18979,11.899841,-19.021301
18980,11.713383,-19.034153
18981,11.527440,-19.015254
18982,11.347381,-18.965148
18983,11.178404,-18.885281
18984,-288.206179,-39.521452
18985,-288.195944,-38.518374
18986,3.765296,-18.393884
18987,3.863446,-18.543765
18988,3.984624,-18.675725
18989,4.125617,-18.786264
18990,4.282683,-18.872449
18991,4.451656,-18.931995
18992,4.628054,-18.963322
18993,4.807198,-18.965598
18994,4.984335,-18.938764
18995,5.154767,-18.883531
18996,5.313972,-18.801364
18997,5.457727,-18.694443
18998,5.582220,-18.565605
18999,5.684147,-18.418266
19000,5.760804,-18.256336
19001,10.631329,-17.920618
19002,10.648613,-17.739594
19003,10.695484,-17.563891
19004,10.770662,-17.398311
19005,10.872091,-17.247380
19006,10.997001,-17.115221
19007,11.141977,-17.005447
19008,11.303057,-16.921058
19009,11.475839,-16.864360
19010,11.655602,-16.836902
19011,11.837431,-16.839436
19012,12.016359,-16.871891
19013,12.187494,-16.933381
19014,12.346160,-17.022225
19015,12.488022,-17.135996
19016,12.609201,-17.271583
19017,12.706386,-17.425282
19018,12.776921,-17.592893
19019,12.818879,-17.769833
19020,17.792181,-17.427030
19021,17.905179,-17.273668
19022,18.042942,-17.142100
19023,18.201338,-17.036273
19024,18.375617,-16.959361
19025,18.560551,-16.913670
19026,18.750596,-16.900571
19027,18.940051,-16.920456
19028,19.123234,-16.972728
19029,19.294652,-17.055821
19030,19.449164,-17.167243
19031,19.582135,-17.303651
19032,46.459212,-15.451051
19033,46.390447,-14.453418
19034,5.649216,-17.261655
19035,5.539075,-17.121266
19036,5.407684,-17.000532
19037,5.258502,-16.902631
19038,5.095453,-16.830137
19039,4.922828,-16.784959
19040,4.745171,-16.768286
19041,4.567155,-16.780557
19042,4.393465,-16.821448
19043,4.228672,-16.889883
19044,4.077112,-16.984062
19045,3.942773,-17.101507
19046,3.829190,-17.239126
19047,3.739352,-17.393300
19048,-1.170386,-17.731721
19049,-1.174777,-17.922830
19050,-1.212187,-18.110293
19051,-1.281486,-18.288449
19052,-1.380582,-18.451917
19053,-1.506482,-18.595761
19054,-1.655384,-18.715637
19055,-1.822791,-18.807924
19056,-2.003647,-18.869836
19057,-2.192490,-18.899502
19058,-2.383618,-18.896026
19059,-2.571258,-18.859515
19060,-2.749744,-18.791070
19061,-2.913685,-18.692758
19062,-3.058130,-18.567548
19063,-3.178718,-18.419223
19064,-3.271806,-18.252260
19065,-3.334583,-18.071703
19066,-3.365153,-17.883003
19067,-8.280972,-18.221844
19068,-8.380045,-18.385415
19069,-8.505950,-18.529355
19070,-8.654882,-18.649314
19071,-8.822339,-18.741666
19072,-9.003260,-18.803621
19073,-9.192177,-18.833305
19074,-9.383380,-18.829822
19075,-9.571091,-18.793277
19076,-9.749635,-18.724774
19077,-9.913618,-18.626383
19078,-10.058081,-18.501079
19079,-10.178660,-18.352649
19080,-288.185709,-37.515296
19081,-288.175473,-36.512217
19082,-283.213932,-36.170225
19083,-283.071192,-36.287532
19084,-282.910831,-36.379294
19085,-282.737374,-36.442922
19086,-282.555714,-36.476621
19087,-282.370977,-36.479440
19088,-282.188373,-36.451300
19089,-282.013055,-36.392995
19090,-281.849969,-36.306170
19091,-281.703715,-36.193274
19092,-281.578419,-36.057491
19093,-276.141459,-35.682729
19094,-275.989130,-35.788251
19095,-275.821250,-35.866705
19096,-275.642582,-35.915865
19097,-275.458197,-35.934335
19098,-275.273328,-35.921593
19099,-275.093222,-35.877998
19100,-274.922988,-35.804789
19101,-274.767460,-35.704043
19102,-274.631050,-35.578619
19103,-269.057251,-35.194424
19104,-268.897409,-35.285281
19105,-268.724667,-35.348245
19106,-268.543851,-35.381557
19107,-268.360011,-35.384288
19108,-268.178285,-35.356359
19109,-268.003749,-35.298553
19110,-267.841280,-35.212483
19111,-267.695415,-35.100555
19112,-261.957060,-34.705018
19113,-261.794025,-34.777496
19114,-261.621417,-34.822663
19115,-261.443777,-34.839331
19116,-261.265780,-34.827062
19117,-261.092107,-34.786178
19118,-260.927329,-34.717756
19119,-260.775780,-34.623594
19120,-254.831471,-34.213861
19121,-254.675026,-34.262975
19122,-254.513018,-34.288287
19123,-254.349047,-34.289235
19124,-254.186757,-34.265798
19125,-254.029754,-34.218497
19126,-253.881526,-34.148382
19127,-10.301128,-17.358718
19128,-10.225374,-17.194531
19129,-10.123745,-17.044974
19130,-9.998988,-16.914086
19131,-9.854473,-16.805405
19132,-9.694107,-16.721868
19133,-9.522221,-16.665732
19134,-9.343461,-16.638513
19135,-9.162657,-16.640947
19136,-8.984695,-16.672969
19137,-8.814384,-16.733713
19138,-8.656324,-16.821538
19139,-8.514789,-16.934071
19140,-8.393601,-17.068270
19141,-8.296036,-17.220510
19142,-2.805009,-16.842021
19143,-2.658575,-16.773731
19144,-2.503716,-16.727629
19145,-2.343774,-16.704709
19146,-2.182200,-16.705467
19147,-2.022481,-16.729886
19148,-1.868061,-16.777438
19149,46.321682,-13.455785
19150,46.252916,-12.458152
19151,-148.739652,-25.898724
19152,-148.904398,-25.987611
19153,-149.081830,-26.047277
19154,-149.266810,-26.075993
19155,-149.453980,-26.072929
19156,-149.637920,-26.038172
19157,-149.813304,-25.972729
19158,-155.648200,-26.374920
19159,-155.787770,-26.472860
19160,-155.940800,-26.548055
19161,-156.103611,-26.598696
19162,-156.272292,-26.623569
19163,-156.442791,-26.622076
19164,-156.611011,-26.594251
19165,-156.772910,-26.540765
19166,-156.924599,-26.462901
19167,-162.576514,-26.852480
19168,-162.709591,-26.965651
19169,-162.858907,-27.056328
19170,-163.020695,-27.122223
19171,-163.190875,-27.161674
19172,-163.365153,-27.173687
19173,-163.539136,-27.157958
19174,-163.708435,-27.114884
19175,-163.868780,-27.045552
19176,-164.016127,-26.951710
19177,-169.518426,-27.330976
19178,-169.642351,-27.455926
19179,-169.784615,-27.559514
19180,-169.941579,-27.639089
19181,-170.109223,-27.692615
19182,-170.283258,-27.718722
19183,-170.459229,-27.716741
19184,-170.632632,-27.686723
19185,-170.799029,-27.629436
19186,-170.954161,-27.546347
19187,-171.094057,-27.439582
19188,-176.470725,-27.810189
19189,-176.584248,-27.944296
19190,-176.717676,-28.058617
19191,-176.867604,-28.150235
19192,-177.030207,-28.216813
19193,-177.201337,-28.256651
19194,-177.376626,-28.268734
19195,-177.551603,-28.252752
19196,-177.721803,-28.209114
19197,-177.882884,-28.138933
19198,-178.030735,-28.044000
19199,-178.161585,-27.926737
19200,-183.431252,-28.289968
19201,-183.544255,-28.443267
19202,-183.682006,-28.574778
19203,-183.840376,-28.680557
19204,-184.014617,-28.757435
19205,-184.199508,-28.803106
19206,-184.389505,-28.816202
19207,-184.578913,-28.796331
19208,-184.762055,-28.744087
19209,-184.933441,-28.661037
19210,-185.087933,-28.549671
19211,-185.220901,-28.413326
19212,-190.398780,-28.770230
19213,-190.498920,-28.928691
19214,-190.624511,-29.067847
19215,-190.771905,-29.183659
19216,-190.936824,-29.272764
19217,-191.114477,-29.332573
19218,-191.299705,-29.361350
19219,-191.487130,-29.358259
19220,-191.671309,-29.323391
19221,-191.846893,-29.257757
19222,-192.008784,-29.163263
19223,-192.152280,-29.042655
19224,-192.273215,-28.899433
19225,-197.372438,-29.250915
19226,-197.460026,-29.413196
19227,-197.573493,-29.558564
19228,-197.709650,-29.682934
19229,-197.864671,-29.782811
19230,-198.034198,-29.855387
19231,-198.213467,-29.898624
19232,-198.397439,-29.911305
19233,-198.580945,-29.893074
19234,-198.758827,-29.844444
19235,-198.926085,-29.766781
19236,-199.078018,-29.662269
19237,-199.210358,-29.533844
19238,-199.319384,-29.385116
19239,-204.351470,-29.731970
19240,-204.426866,-29.897025
19241,-204.528372,-30.047439
19242,-204.653226,-30.179119
19243,-204.798028,-30.288481
19244,-204.958840,-30.372549
19245,-205.131285,-30.429035
19246,-205.310670,-30.456402
19247,-205.492113,-30.453906
19248,-205.670677,-30.421615
19249,-205.841502,-30.360406
19250,-205.999941,-30.271946
19251,-206.141680,-30.158643
19252,-206.262864,-30.023578
19253,-206.360194,-29.870429
19254,-211.335440,-30.213366
19255,-211.404595,-30.391801
19256,-211.503628,-30.555551
19257,-211.629542,-30.699659
19258,-211.778526,-30.819765
19259,-211.946071,-30.912232
19260,-212.127106,-30.974262
19261,-212.316152,-31.003979
19262,-212.507488,-31.000481
19263,-212.695322,-30.963877
19264,-212.873969,-30.895272
19265,-213.038024,-30.796744
19266,-213.182519,-30.671275
19267,-213.303083,-30.522661
19268,-213.396066,-30.355402
19269,-218.323984,-30.695077
19270,-218.380560,-30.874023
19271,-218.466732,-31.040747
19272,-218.579992,-31.190395
19273,-218.717042,-31.318612
19274,-218.873894,-31.421666
19275,-219.045981,-31.496555
19276,-219.228295,-31.541101
19277,-219.415527,-31.554007
19278,-219.602228,-31.534897
19279,-219.782963,-31.484327
19280,-219.952471,-31.403769
19281,-220.105817,-31.295568
19282,-220.238539,-31.162875
19283,-220.346771,-31.009551
19284,-220.427364,-30.840060
19285,-225.316841,-31.177085
19286,-225.361369,-31.355904
19287,-225.435124,-31.524781
19288,-225.536036,-31.678976
19289,-225.661273,-31.814161
19290,-225.807320,-31.926542
19291,-225.970078,-32.012964
19292,-226.144980,-32.071004
19293,-226.327117,-32.099031
19294,-226.511376,-32.096259
19295,-226.692587,-32.062766
19296,-226.865664,-31.999492
19297,-227.025749,-31.908212
19298,-227.168350,-31.791489
19299,-227.289464,-31.652599
19300,-227.385692,-31.495438
19301,-227.454334,-31.324419
19302,-232.313772,-31.659374
19303,-232.346702,-31.837542
19304,-232.408434,-32.007887
19305,-232.497290,-32.165789
19306,-232.610862,-32.306961
19307,-232.746067,-32.427576
19308,-232.899238,-32.524360
19309,-233.066218,-32.594687
19310,-233.242478,-32.636649
19311,-233.423235,-32.649109
19312,-233.603585,-32.631727
19313,-233.778636,-32.584975
19314,-233.943637,-32.510123
19315,-234.094112,-32.409200
19316,-234.225980,-32.284945
19317,-234.335661,-32.140728
19318,-234.420181,-31.980464
19319,-234.477246,-31.808499
19320,-239.314651,-32.141935
19321,-239.338566,-32.329242
19322,-239.394164,-32.509699
19323,-239.479806,-32.677989
19324,-239.592968,-32.829152
19325,-239.730316,-32.958734
19326,-239.887802,-33.062916
19327,-240.060786,-33.138629
19328,-240.244171,-33.183641
19329,-240.432552,-33.196626
19330,-240.620378,-33.177201
19331,-240.802114,-33.125939
19332,-240.972406,-33.044350
19333,-241.126234,-32.934838
19334,-241.259066,-32.800631
19335,-241.366988,-32.645683
19336,-241.446820,-32.474561
19337,-241.496208,-32.292306
19338,-246.319379,-32.624761
19339,-246.331744,-32.809870
19340,-246.375041,-32.990268
19341,-246.448039,-33.160824
19342,-246.548662,-33.316687
19343,-246.674048,-33.453423
19344,-246.820629,-33.567142
19345,-246.984237,-33.654610
19346,-247.160217,-33.713340
19347,-247.343564,-33.741659
19348,-247.529063,-33.738764
19349,-247.711437,-33.704735
19350,-247.885498,-33.640542
19351,-248.046296,-33.548010
19352,-248.189256,-33.429771
19353,-248.310313,-33.289188
19354,-248.406022,-33.130261
19355,-248.473662,-32.957509
19356,-248.511307,-32.775848
19357,-253.327900,-33.107849
19358,-253.358917,-32.919570
19359,-253.422004,-32.739485
19360,-253.515264,-32.573012
19361,-253.635890,-32.425160
19362,-253.780252,-32.300379
19363,-253.944007,-32.202423
19364,-254.122225,-32.134240
19365,-254.309546,-32.097882
19366,-254.500331,-32.094443
19367,-254.688840,-32.124026
19368,-254.869400,-32.185742
19369,-255.036578,-32.277732
19370,-255.185343,-32.397230
19371,-255.311220,-32.540638
19372,-255.410419,-32.703642
19373,-255.479956,-32.881337
19374,-255.517738,-33.068375
19375,-255.522629,-33.259128
19376,-260.340203,-33.591197
19377,-260.380057,-33.411909
19378,-260.449187,-33.241751
19379,-260.545665,-33.085467
19380,-260.666801,-32.947414
19381,-260.809219,-32.831440
19382,-260.968948,-32.740780
19383,-261.141535,-32.677959
19384,-261.322169,-32.644730
19385,-261.505813,-32.642019
19386,-261.687349,-32.669902
19387,-261.861715,-32.727600
19388,-262.024051,-32.813507
19389,-262.169830,-32.925225
19390,-262.294989,-33.059643
19391,-262.396038,-33.213011
19392,-262.470160,-33.381054
19393,-262.515290,-33.559088
19394,-262.530168,-33.742149
19395,-267.356292,-34.074807
19396,-267.407760,-33.895183
19397,-267.488887,-33.726862
19398,-267.597332,-33.574700
19399,-267.729966,-33.443087
19400,-267.882962,-33.335822
19401,-268.051906,-33.256000
19402,-268.231922,-33.205923
19403,-268.417817,-33.187036
19404,-268.604227,-33.199885
19405,-268.785772,-33.244099
19406,-268.957215,-33.318401
19407,-269.113609,-33.420649
19408,-269.250441,-33.547892
19409,-269.363763,-33.696457
19410,-269.450305,-33.862060
19411,-269.507570,-34.039920
19412,-269.533905,-34.224907
19413,-274.376268,-34.558684
19414,-274.439762,-34.379221
19415,-274.533246,-34.213392
19416,-274.653920,-34.066163
19417,-274.798171,-33.941945
19418,-274.961678,-33.844457
19419,-275.139545,-33.776619
19420,-275.326444,-33.740463
19421,-275.516778,-33.737072
19422,-275.704846,-33.766546
19423,-275.885017,-33.828004
19424,-276.051894,-33.919604
19425,-276.200479,-34.038604
19426,-276.326322,-34.181440
19427,-276.425655,-34.343833
19428,-276.495502,-34.520920
19429,-276.533772,-34.707398
19430,-281.400226,-35.042836
19431,-281.470542,-34.874822
19432,-281.567618,-34.720713
19433,-281.688793,-34.584736
19434,-281.830744,-34.470617
19435,-281.989580,-34.381486
19436,-282.160946,-34.319786
19437,-282.340144,-34.287209
19438,-282.522261,-34.284648
19439,-282.702304,-34.312172
19440,-282.875337,-34.369028
19441,-283.036617,-34.453657
19442,-283.181721,-34.563738
19443,-283.306672,-34.696254
19444,-283.408044,-34.847571
19445,-283.483058,-35.013542
19446,-283.529656,-35.189615
19447,-288.165238,-35.509139
19448,-288.155003,-34.506061
19449,-248.047743,-31.741522
19450,-247.901722,-31.655740
19451,-247.744263,-31.593388
19452,-247.579100,-31.555946
19453,-247.410147,-31.544300
19454,-247.241408,-31.558727
19455,-247.076884,-31.598885
19456,-246.920474,-31.663821
19457,-241.133456,-31.264930
19458,-240.990694,-31.160248
19459,-240.832988,-31.079822
19460,-240.664424,-31.025736
19461,-240.489366,-30.999391
19462,-240.312349,-31.001468
19463,-240.137958,-31.031915
19464,-239.970709,-31.089941
19465,-239.814935,-31.174046
19466,-234.201471,-30.787117
19467,-234.066679,-30.668041
19468,-233.914285,-30.572522
19469,-233.748361,-30.503114
19470,-233.573345,-30.461672
19471,-233.393915,-30.449304
19472,-233.214868,-30.466341
19473,-233.040991,-30.512327
19474,-232.876932,-30.586034
19475,-232.727077,-30.685489
19476,-227.256851,-30.308434
19477,-227.132184,-30.178264
19478,-226.987933,-30.070200
19479,-226.827971,-29.987143
19480,-226.656594,-29.931323
19481,-226.478401,-29.904239
19482,-226.298177,-29.906617
19483,-226.120761,-29.938396
19484,-225.950917,-29.998720
19485,-225.793203,-30.085970
19486,-225.651855,-30.197804
19487,-220.302412,-29.829074
19488,-220.188825,-29.690319
19489,-220.054203,-29.571861
19490,-219.902124,-29.476851
19491,-219.736628,-29.407812
19492,-219.562114,-29.366579
19493,-219.383220,-29.354248
19494,-219.204700,-29.371147
19495,-219.031297,-29.416826
19496,-218.867620,-29.490072
19497,-218.718018,-29.588938
19498,-218.586467,-29.710797
19499,-213.340105,-29.349172
19500,-213.237949,-29.203715
19501,-213.113699,-29.076610
19502,-212.970600,-28.971177
19503,-212.812388,-28.890167
19504,-212.643194,-28.835696
19505,-212.467436,-28.809186
19506,-212.289703,-28.811330
19507,-212.114636,-28.842072
19508,-211.946805,-28.900608
19509,-211.790593,-28.985411
19510,-211.650079,-29.094265
19511,-211.528932,-29.224330
19512,-206.371046,-28.868804
19513,-206.271737,-28.706303
19514,-206.145888,-28.563365
19515,-205.997270,-28.444277
19516,-205.830340,-28.352607
19517,-205.650100,-28.291104
19518,-205.461954,-28.261610
19519,-205.271540,-28.265010
19520,-205.084566,-28.301202
19521,-204.906637,-28.369101
19522,-204.743085,-28.466672
19523,-204.598815,-28.590990
19524,-204.478148,-28.738329
19525,-199.396078,-28.388029
19526,-199.309642,-28.222104
19527,-199.196338,-28.073226
19528,-199.059442,-27.945703
19529,-198.902916,-27.843223
19530,-198.731287,-27.768751
19531,-198.549520,-27.724442
19532,-198.362874,-27.711577
19533,-198.176746,-27.730528
19534,-197.996522,-27.780747
19535,-197.827416,-27.860781
19536,-197.674318,-27.968315
19537,-197.541658,-28.100239
19538,-197.433274,-28.252736
19539,-192.415781,-27.906887
19540,-192.341774,-27.738580
19541,-192.240768,-27.584950
19542,-192.115584,-27.450290
19543,-191.969720,-27.338362
19544,-191.807251,-27.252292
19545,-191.632715,-27.194486
19546,-191.450989,-27.166558
19547,-191.267150,-27.169288
19548,-191.086334,-27.202601
19549,-190.913591,-27.265564
19550,-190.753750,-27.356421
19551,-190.611274,-27.472631
19552,-190.490144,-27.610949
19553,-190.393744,-27.767511
19554,-185.430685,-27.425414
19555,-185.368684,-27.255552
19556,-185.279692,-27.098144
19557,-185.166115,-26.957441
19558,-185.031021,-26.837246
19559,-184.878061,-26.740808
19560,-184.711369,-26.670732
19561,-184.535448,-26.628912
19562,-184.355053,-26.616478
19563,-184.175058,-26.633765
19564,-184.000327,-26.680307
19565,-183.835582,-26.754847
19566,-183.685275,-26.855369
19567,-183.553466,-26.979157
19568,-183.443719,-27.122867
19569,-183.358998,-27.282615
19570,-178.441089,-26.943630
19571,-178.386347,-26.761878
19572,-178.301174,-26.592243
19573,-178.188106,-26.439776
19574,-178.050510,-26.309018
19575,-177.892482,-26.203862
19576,-177.718730,-26.127438
19577,-177.534425,-26.082024
19578,-177.345058,-26.068971
19579,-177.156265,-26.088669
19580,-176.973670,-26.140529
19581,-176.802709,-26.223009
19582,-176.648474,-26.333652
19583,-176.515556,-26.469163
19584,-176.407913,-26.625507
19585,-176.328752,-26.798030
19586,-171.447235,-26.461554
19587,-171.404677,-26.280225
19588,-171.332137,-26.108675
19589,-171.231693,-25.951824
19590,-171.106225,-25.814167
19591,-170.959332,-25.699652
19592,-170.795224,-25.611562
19593,-170.618606,-25.552423
19594,-170.434542,-25.523929
19595,-170.248309,-25.526899
19596,-170.065248,-25.561246
19597,-169.890605,-25.625986
19598,-169.729389,-25.719264
19599,-169.586221,-25.838404
19600,-169.465206,-25.979990
19601,-169.369814,-26.139964
19602,-169.302779,-26.313739
19603,-164.449346,-25.979199
19604,-164.418499,-25.798793
19605,-164.358166,-25.625999
19606,-164.270017,-25.465600
19607,-164.156492,-25.322038
19608,-164.020736,-25.199286
19609,-163.866505,-25.100743
19610,-163.698069,-25.029137
19611,-163.520093,-24.986450
19612,-163.337501,-24.973865
19613,-163.155351,-24.991728
19614,-162.978684,-25.039547
19615,-162.812391,-25.115997
19616,-162.661076,-25.218961
19617,-162.528928,-25.345589
19618,-162.419605,-25.492376
19619,-162.336134,-25.655258
19620,-162.280826,-25.829726
19621,-157.447536,-25.496573
19622,-157.425909,-25.307153
19623,-157.371901,-25.124311
19624,-157.287133,-24.953542
19625,-157.174151,-24.799974
19626,-157.036351,-24.668221
19627,-156.877871,-24.562240
19628,-156.703471,-24.485215
19629,-156.518392,-24.439461
19630,-156.328192,-24.426350
19631,-156.138585,-24.446278
19632,-155.955267,-24.498646
19633,-155.783744,-24.581880
19634,-155.629170,-24.693480
19635,-155.496187,-24.830094
19636,-155.388790,-24.987618
19637,-155.310205,-25.161320
19638,-155.262793,-25.345982
19639,-150.441892,-25.013684
19640,-150.431914,-24.826703
19641,-150.390367,-24.644123
19642,-150.318456,-24.471235
19643,-150.218263,-24.313048
19644,-150.092692,-24.174147
19645,-149.945382,-24.058556
19646,-149.780601,-23.969625
19647,-149.603124,-23.909930
19648,-149.418094,-23.881201
19649,-149.230872,-23.884271
19650,-149.046883,-23.919051
19651,-148.871458,-23.984532
19652,-148.709682,-24.078818
19653,-148.566241,-24.199177
19654,-148.445291,-24.342120
19655,-148.350338,-24.503506
19656,-148.284134,-24.678659
19657,-148.248595,-24.862503
19658,-143.432469,-24.530534
19659,-143.399254,-24.716697
19660,-143.334644,-24.894420
19661,-143.240550,-25.058451
19662,-143.119752,-25.203942
19663,-142.975819,-25.326594
19664,-142.813007,-25.422781
19665,-142.636125,-25.489661
19666,-142.450403,-25.525257
19667,-142.261328,-25.528517
19668,-142.074489,-25.499345
19669,-141.895407,-25.438604
19670,-141.729374,-25.348088
19671,-141.581299,-25.230471
19672,-141.455556,-25.089232
19673,-141.355862,-24.928542
19674,-141.285164,-24.753152
19675,-141.245550,-24.568245
19676,-141.238192,-24.379285
19677,-136.419257,-24.047123
19678,-136.377412,-24.224192
19679,-136.306953,-24.391942
19680,-136.209805,-24.545782
19681,-136.088627,-24.681504
19682,-135.946735,-24.795395
19683,-135.788010,-24.884338
19684,-135.616795,-24.945901
19685,-135.437774,-24.978398
19686,-135.255845,-24.980941
19687,-135.075986,-24.953460
19688,-134.903117,-24.896708
19689,-134.741968,-24.812236
19690,-134.596948,-24.702356
19691,-134.472024,-24.570074
19692,-134.370614,-24.419009
19693,-134.295493,-24.253295
19694,-134.248715,-24.077464
19695,-134.231562,-23.896328
19696,-129.402226,-23.563449
19697,-129.348879,-23.740601
19698,-129.266598,-23.906306
19699,-129.157708,-24.055878
19700,-129.025291,-24.185085
19701,-128.873092,-24.290272
19702,-128.705418,-24.368464
19703,-128.527010,-24.417448
19704,-128.342917,-24.435839
19705,-128.158344,-24.423116
19706,-127.978515,-24.379641
19707,-127.808516,-24.306641
19708,-127.653155,-24.206183
19709,-127.516828,-24.081109
19710,-127.403392,-23.934955
19711,-127.316054,-23.771858
19712,-127.257286,-23.596430
19713,-127.228750,-23.413634
19714,-122.381329,-23.079508
19715,-122.316110,-23.256260
19716,-122.221685,-23.419290
19717,-122.100826,-23.563817
19718,-121.957076,-23.685599
19719,-121.794653,-23.781065
19720,-121.618322,-23.847415
19721,-121.433255,-23.882701
19722,-121.244881,-23.885889
19723,-121.058726,-23.856885
19724,-120.880250,-23.796540
19725,-120.714690,-23.706625
19726,-120.566902,-23.589776
19727,-120.441221,-23.449422
19728,-120.341334,-23.289680
19729,-120.270171,-23.115236
19730,-120.229820,-22.931207
19731,-115.356395,-22.595289
19732,-115.284591,-22.760504
19733,-115.186783,-22.911784
19734,-115.065596,-23.045072
19735,-114.924279,-23.156792
19736,-114.766622,-23.243949
19737,-114.596853,-23.304204
19738,-114.419527,-23.335943
19739,-114.239398,-23.338313
19740,-114.061298,-23.311250
19741,-113.890003,-23.255482
19742,-113.730108,-23.172503
19743,-113.585900,-23.064540
19744,-113.461248,-22.934486
19745,-113.359495,-22.785832
19746,-113.283368,-22.622562
19747,-113.234912,-22.449058
19748,-108.327272,-22.110781
19749,-108.243890,-22.273877
19750,-108.134598,-22.420876
19751,-108.002428,-22.547700
19752,-107.851045,-22.650832
19753,-107.684647,-22.727414
19754,-107.507847,-22.775321
19755,-107.325549,-22.793224
19756,-107.142807,-22.780628
19757,-106.964689,-22.737881
19758,-106.796135,-22.666170
19759,-106.641818,-22.567482
19760,-106.506017,-22.444554
19761,-106.392498,-22.300795
19762,-106.304409,-22.140192
19763,-106.244192,-21.967197
19764,-101.293723,-21.625968
19765,-101.198411,-21.786203
19766,-101.077408,-21.928040
19767,-100.934189,-22.047405
19768,-100.772869,-22.140868
19769,-100.598081,-22.205745
19770,-100.414848,-22.240172
19771,-100.228433,-22.243160
19772,-100.044190,-22.214623
19773,-99.867413,-22.155381
19774,-99.703181,-22.067136
19775,-99.556210,-21.952423
19776,-99.430723,-21.814536
19777,-99.330324,-21.657438
19778,-99.257899,-21.485641
19779,-94.255487,-21.140832
19780,-94.147883,-21.297363
19781,-94.014954,-21.433049
19782,-93.860665,-21.543844
19783,-93.689614,-21.626443
19784,-93.506905,-21.678383
19785,-93.317983,-21.698117
19786,-93.128484,-21.685055
19787,-92.944056,-21.639587
19788,-92.770201,-21.563069
19789,-92.612102,-21.457782
19790,-92.474473,-21.326866
19791,-92.361418,-21.174225
19792,-92.276309,-21.004410
19793,-87.212038,-20.655336
19794,-87.101951,-20.796216
19795,-86.970495,-20.917401
19796,-86.821144,-21.015689
19797,-86.657843,-21.088484
19798,-86.484906,-21.133862
19799,-86.306902,-21.150625
19800,-86.128534,-21.138331
19801,-85.954514,-21.097303
19802,-85.789439,-21.028626
19803,-85.637670,-20.934114
19804,-85.503217,-20.816263
19805,-85.389632,-20.678188
19806,-85.299915,-20.523536
19807,-80.162859,-20.169446
19808,-80.041672,-20.304020
19809,-79.900048,-20.416887
19810,-79.741824,-20.504987
19811,-79.571290,-20.565932
19812,-79.393066,-20.598071
19813,-79.211985,-20.600532
19814,-79.032955,-20.573249
19815,-78.860827,-20.516961
19816,-78.700267,-20.433194
19817,-78.555627,-20.324218
19818,-78.430828,-20.192987
19819,-78.329252,-20.043058
19820,-73.107258,-19.683113
19821,-72.975086,-19.809963
19822,-72.823694,-19.913117
19823,-72.657282,-19.989716
19824,-72.480465,-20.037634
19825,-72.298147,-20.055543
19826,-72.115386,-20.042946
19827,-71.937250,-20.000191
19828,-71.768679,-19.928466
19829,-71.614351,-19.829759
19830,-71.478544,-19.706808
19831,-71.365026,-19.563024
19832,-66.043990,-19.196252
19833,-65.901248,-19.313563
19834,-65.740885,-19.405329
19835,-65.567425,-19.468959
19836,-65.385762,-19.502660
19837,-65.201021,-19.505480
19838,-65.018414,-19.477339
19839,-64.843093,-19.419032
19840,-64.680004,-19.332204
19841,-64.533748,-19.219303
19842,-64.408452,-19.083516
19843,-58.971519,-18.708756
19844,-58.819188,-18.814283
19845,-58.651305,-18.892741
19846,-58.472633,-18.941903
19847,-58.288244,-18.960375
19848,-58.103370,-18.947632
19849,-57.923260,-18.904036
19850,-57.753023,-18.830823
19851,-57.597492,-18.730073
19852,-57.461081,-18.604644
19853,-51.887314,-18.220451
19854,-51.727469,-18.311314
19855,-51.554722,-18.374282
19856,-51.373900,-18.407596
19857,-51.190056,-18.410327
19858,-51.008324,-18.382398
19859,-50.833783,-18.324588
19860,-50.671310,-18.238514
19861,-50.525443,-18.126580
19862,-44.787127,-17.731045
19863,-44.624086,-17.803529
19864,-44.451472,-17.848701
19865,-44.273825,-17.865371
19866,-44.095821,-17.853101
19867,-43.922141,-17.812215
19868,-43.757357,-17.743787
19869,-43.605803,-17.649618
19870,-37.661545,-17.239889
19871,-37.505091,-17.289010
19872,-37.343073,-17.314326
19873,-37.179091,-17.315275
19874,-37.016791,-17.291836
19875,-36.859778,-17.244529
19876,-36.711543,-17.174406
19877,39.102575,-11.948643
19878,39.254166,-12.052292
19879,39.420888,-12.129278
19880,39.598093,-12.177456
19881,39.780845,-12.195482
19882,39.964048,-12.182854
19883,40.142598,-12.139924
19884,40.311517,-12.067888
19885,40.466099,-11.968755
19886,40.602035,-11.845287
19887,46.184151,-11.460519
19888,46.115385,-10.462886
19889,40.863242,-10.824909
19890,40.800337,-10.644545
19891,40.707179,-10.477783
19892,40.586575,-10.329652
19893,40.442164,-10.204618
19894,40.278299,-10.106452
19895,40.099923,-10.038114
19896,39.912414,-10.001665
19897,39.721426,-9.998205
19898,39.532720,-10.027837
19899,39.351985,-10.089668
19900,39.184672,-10.181834
19901,39.035826,-10.301555
19902,38.909936,-10.445220
19903,38.810797,-10.608498
19904,38.741400,-10.786465
19905,38.703838,-10.973754
19906,33.861668,-11.307518
19907,33.801011,-11.479754
19908,33.712697,-11.639583
19909,33.599159,-11.782599
19910,33.463526,-11.904861
19911,33.309536,-12.003002
19912,33.141433,-12.074315
19913,32.963848,-12.116836
19914,32.781675,-12.129393
19915,32.599936,-12.111639
19916,32.423637,-12.064065
19917,32.257638,-11.987982
19918,32.106513,-11.885485
19919,31.974426,-11.759399
19920,31.865018,-11.613200
19921,31.781303,-11.450915
19922,26.493475,-11.815398
19923,26.354554,-11.912042
19924,26.202452,-11.986233
19925,26.040770,-12.036214
19926,25.873334,-12.060804
19927,25.704109,-12.059420
19928,25.537098,-12.032095
19929,25.376255,-11.979475
19930,25.225388,-11.902805
19931,-15.143815,-14.685399
19932,-15.176744,-14.863570
19933,-15.238473,-15.033917
19934,-15.327330,-15.191821
19935,-15.440901,-15.332996
19936,-15.576107,-15.453612
19937,-15.729279,-15.550397
19938,-15.896260,-15.620726
19939,-16.072521,-15.662689
19940,-16.253280,-15.675148
19941,-16.433632,-15.657766
19942,-16.608684,-15.611014
19943,-16.773686,-15.536160
19944,-16.924162,-15.435235
19945,-17.056030,-15.310978
19946,-17.165711,-15.166759
19947,-17.250230,-15.006492
19948,-17.307293,-14.834525
19949,-22.144695,-15.167961
19950,-22.168608,-15.355270
19951,-22.224204,-15.535729
19952,-22.309845,-15.704021
19953,-22.423007,-15.855186
19954,-22.560356,-15.984770
19955,-22.717843,-16.088954
19956,-22.890828,-16.164668
19957,-23.074214,-16.209680
19958,-23.262597,-16.222665
19959,-23.450425,-16.203240
19960,-23.632162,-16.151977
19961,-23.802455,-16.070386
19962,-23.956284,-15.960873
19963,-24.089116,-15.826664
19964,-24.197038,-15.671714
19965,-24.276868,-15.500589
19966,-24.326255,-15.318333
19967,-36.157945,-16.133875
19968,-36.188964,-15.945598
19969,-36.252053,-15.765515
19970,-36.345314,-15.599044
19971,-36.465940,-15.451194
19972,-36.610302,-15.326415
19973,-36.774055,-15.228460
19974,-36.952273,-15.160279
19975,-37.139591,-15.123922
19976,-37.330375,-15.120483
19977,-37.518883,-15.150066
19978,-37.699441,-15.211780
19979,-37.866619,-15.303769
19980,-38.015383,-15.423265
19981,-38.141259,-15.566672
19982,-38.240459,-15.729674
19983,-38.309997,-15.907366
19984,-38.347781,-16.094403
19985,-38.352674,-16.285154
19986,-43.170249,-16.617223
19987,-43.210105,-16.437937
19988,-43.279236,-16.267781
19989,-43.375715,-16.111499
19990,-43.496851,-15.973448
19991,-43.639269,-15.857477
19992,-43.798997,-15.766817
19993,-43.971583,-15.703998
19994,-44.152215,-15.670770
19995,-44.335858,-15.668059
19996,-44.517392,-15.695941
19997,-44.691757,-15.753639
19998,-44.854091,-15.839544
19999,-44.999870,-15.951261
20000,-45.125028,-16.085676
20001,-45.226078,-16.239042
20002,-45.300201,-16.407083
20003,-45.345332,-16.585115
20004,-45.360212,-16.768174
20005,-50.186339,-17.100833
20006,-50.237809,-16.921211
20007,-50.318937,-16.752892
20008,-50.427382,-16.600732
20009,-50.560016,-16.469122
20010,-50.713011,-16.361859
20011,-50.881954,-16.282038
20012,-51.061969,-16.231962
20013,-51.247862,-16.213076
20014,-51.434270,-16.225925
20015,-51.615814,-16.270138
20016,-51.787256,-16.344439
20017,-51.943649,-16.446685
20018,-52.080480,-16.573926
20019,-52.193802,-16.722489
20020,-52.280345,-16.888089
20021,-52.337611,-17.065948
20022,-52.363949,-17.250932
20023,-57.206316,-17.584710
20024,-57.269811,-17.405249
20025,-57.363296,-17.239423
20026,-57.483971,-17.092197
20027,-57.628221,-16.967981
20028,-57.791727,-16.870495
20029,-57.969593,-16.802658
20030,-58.156490,-16.766503
20031,-58.346822,-16.763111
20032,-58.534889,-16.792585
20033,-58.715058,-16.854042
20034,-58.881934,-16.945641
20035,-59.030518,-17.064639
20036,-59.156361,-17.207472
20037,-59.255695,-17.369863
20038,-59.325543,-17.546948
20039,-59.363815,-17.733424
20040,-64.230274,-18.068862
20041,-64.300592,-17.900850
20042,-64.397669,-17.746744
20043,-64.518844,-17.610769
20044,-64.660794,-17.496653
20045,-64.819629,-17.407524
20046,-64.990993,-17.345825
20047,-65.170190,-17.313249
20048,-65.352305,-17.310687
20049,-65.532346,-17.338212
20050,-65.705378,-17.395067
20051,-65.866657,-17.479694
20052,-66.011760,-17.589773
20053,-66.136711,-17.722287
20054,-66.238083,-17.873602
20055,-66.313098,-18.039570
20056,-66.359698,-18.215640
20057,-71.258375,-18.553299
20058,-71.340457,-18.387133
20059,-71.449271,-18.237105
20060,-71.581729,-18.107475
20061,-71.734070,-18.001923
20062,-71.901969,-17.923446
20063,-72.080660,-17.874270
20064,-72.265071,-17.855792
20065,-72.449967,-17.868537
20066,-72.630098,-17.912142
20067,-72.800353,-17.985370
20068,-72.955896,-18.086142
20069,-73.092314,-18.211598
20070,-73.205733,-18.358176
20071,-73.292933,-18.521714
20072,-73.351440,-18.697572
20073,-78.290792,-19.038034
20074,-78.385020,-18.874407
20075,-78.505844,-18.729305
20076,-78.649703,-18.607004
20077,-78.812359,-18.511108
20078,-78.989019,-18.444442
20079,-79.174477,-18.408971
20080,-79.363269,-18.405740
20081,-79.549833,-18.434844
20082,-79.728671,-18.495425
20083,-79.894513,-18.585699
20084,-80.042473,-18.703005
20085,-80.168191,-18.843888
20086,-80.267963,-19.004195
20087,-80.338850,-19.179204
20088,-85.327906,-19.523093
20089,-85.426163,-19.373658
20090,-85.547336,-19.242120
20091,-85.688223,-19.131956
20092,-85.845100,-19.046079
20093,-86.013820,-18.986758
20094,-86.189922,-18.955562
20095,-86.368752,-18.953316
20096,-86.545583,-18.980078
20097,-86.715739,-19.035141
20098,-86.874724,-19.117050
20099,-87.018335,-19.223639
20100,-87.142774,-19.352091
20101,-87.244754,-19.499011
20102,-87.321578,-19.660514
20103,-92.370073,-20.008500
20104,-92.479695,-19.863845
20105,-92.611613,-19.739185
20106,-92.762233,-19.637914
20107,-92.927456,-19.562789
20108,-93.102784,-19.515856
20109,-93.283442,-19.498392
20110,-93.464512,-19.510873
20111,-93.641066,-19.552959
20112,-93.808295,-19.623504
20113,-93.961648,-19.720588
20114,-94.096949,-19.841567
20115,-94.210515,-19.983148
20116,-94.299254,-20.141476
20117,-99.417747,-20.494287
20118,-99.538865,-20.355540
20119,-99.681434,-20.238946
20120,-99.841459,-20.147773
20121,-100.014451,-20.084577
20122,-100.195563,-20.051129
20123,-100.379717,-20.048368
20124,-100.561750,-20.076370
20125,-100.736560,-20.134351
20126,-100.899245,-20.220685
20127,-101.045247,-20.332952
20128,-101.170470,-20.468004
20129,-101.271406,-20.622057
20130,-106.471778,-20.980511
20131,-106.604395,-20.849097
20132,-106.757327,-20.742004
20133,-106.926166,-20.662316
20134,-107.106051,-20.612329
20135,-107.291797,-20.593484
20136,-107.478056,-20.606322
20137,-107.659460,-20.650475
20138,-107.830785,-20.724670
20139,-107.987094,-20.826770
20140,-108.123885,-20.953834
20141,-108.237218,-21.102201
20142,-113.533105,-21.467239
20143,-113.676975,-21.344885
20144,-113.839655,-21.248944
20145,-114.016348,-21.182246
20146,-114.201847,-21.146756
20147,-114.390682,-21.143520
20148,-114.577288,-21.172635
20149,-114.756162,-21.233240
20150,-114.922033,-21.323551
20151,-115.070011,-21.440905
20152,-115.195733,-21.581842
20153,-120.603185,-21.954570
20154,-120.757591,-21.843449
20155,-120.928833,-21.760592
20156,-121.111790,-21.708478
20157,-121.300990,-21.688666
20158,-121.490773,-21.701748
20159,-121.675465,-21.747332
20160,-121.849542,-21.824055
20161,-122.007796,-21.929624
20162,-122.145495,-22.060879
20163,-127.684145,-22.442651
20164,-127.847467,-22.345514
20165,-128.025069,-22.277934
20166,-128.211651,-22.241929
20167,-128.401647,-22.238573
20168,-128.589384,-22.267965
20169,-128.769262,-22.329230
20170,-128.935913,-22.420539
20171,-129.084361,-22.539166
20172,-134.780029,-22.931760
20173,-134.948694,-22.852298
20174,-135.128357,-22.802463
20175,-135.313855,-22.783686
20176,-135.499860,-22.796507
20177,-135.681027,-22.840558
20178,-135.852153,-22.914572
20179,-136.008320,-23.016425
20180,-141.898224,-23.422408
20181,-142.064212,-23.365474
20182,-142.237142,-23.335660
20183,-142.412612,-23.333725
20184,-142.586157,-23.359717
20185,-142.753361,-23.412976
20186,-142.909967,-23.492146
20187,-288.144768,-33.502982
20188,-288.134533,-32.499904
20189,-31.301495,-14.796753
20190,-31.237256,-14.975060
20191,-31.143364,-15.139693
20192,-31.022605,-15.285766
20193,-30.878565,-15.408941
20194,-30.715519,-15.505563
20195,-30.538307,-15.572763
20196,-30.352190,-15.608546
20197,-30.162694,-15.611850
20198,-29.975443,-15.582578
20199,-29.795996,-15.521596
20200,-29.629681,-15.430718
20201,-29.481433,-15.312639
20202,-29.355655,-15.170865
20203,-29.256081,-15.009605
20204,-29.185665,-14.833647
20205,-29.146499,-14.648213
20206,-23.963483,-14.290954
20207,-23.820724,-14.186278
20208,-23.663022,-14.105857
20209,-23.494463,-14.051775
20210,-23.319411,-14.025430
20211,-23.142399,-14.027507
20212,-22.968014,-14.057951
20213,-22.800769,-14.115974
20214,-22.644998,-14.200073
20215,-17.031502,-13.813142
20216,-16.896711,-13.694071
20217,-16.744319,-13.598557
20218,-16.578399,-13.529152
20219,-16.403387,-13.487711
20220,-16.223962,-13.475344
20221,-16.044920,-13.492380
20222,-15.871046,-13.538363
20223,-15.706990,-13.612066
20224,-15.557137,-13.711516
20225,11.393132,-11.853871
20226,11.549096,-11.902611
20227,11.710559,-11.927709
20228,11.873959,-11.928611
20229,12.035689,-11.905298
20230,12.192182,-11.858284
20231,12.339983,-11.788606
20232,17.825065,-11.410527
20233,17.922502,-11.563266
20234,18.043688,-11.697941
20235,18.185336,-11.810897
20236,18.343604,-11.899070
20237,18.514198,-11.960069
20238,18.692491,-11.992239
20239,18.873646,-11.994708
20240,19.052750,-11.967407
20241,19.224943,-11.911079
20242,19.385554,-11.827250
20243,19.530227,-11.718195
20244,19.655038,-11.586873
20245,19.756599,-11.436844
20246,19.832158,-11.272181
20247,24.698015,-10.936784
20248,24.719198,-10.746962
20249,24.772897,-10.563666
20250,24.857493,-10.392422
20251,24.970436,-10.238393
20252,25.108321,-10.106223
20253,25.266989,-9.999897
20254,25.441659,-9.922620
20255,25.627062,-9.876723
20256,25.817610,-9.863588
20257,26.007557,-9.883613
20258,26.191178,-9.936194
20259,26.362934,-10.019744
20260,26.517649,-10.131746
20261,26.650658,-10.268822
20262,26.757949,-10.426839
20263,26.836290,-10.601034
20264,26.883317,-10.786154
20265,31.867013,-10.442634
20266,31.980278,-10.293065
20267,32.117312,-10.164920
20268,32.274131,-10.061925
20269,32.446171,-9.987079
20270,32.628428,-9.942557
20271,32.815600,-9.929656
20272,33.002242,-9.948749
20273,33.182924,-9.999283
20274,33.352391,-10.079787
20275,33.505712,-10.187919
20276,33.638427,-10.320533
20277,46.046620,-9.465254
20278,45.977854,-8.467621
20279,19.707377,-10.278409
20280,19.586750,-10.130578
20281,19.442391,-10.005815
20282,19.278645,-9.907875
20283,19.100439,-9.839704
20284,18.913132,-9.803353
20285,18.722362,-9.799916
20286,18.533868,-9.829495
20287,18.353321,-9.891202
20288,18.186153,-9.983179
20289,18.037394,-10.102660
20290,17.911519,-10.246049
20291,17.812315,-10.409033
20292,12.895162,-10.747966
20293,12.864252,-10.559586
20294,12.801238,-10.379388
20295,12.708019,-10.212797
20296,12.587403,-10.064832
20297,12.443020,-9.939948
20298,12.279221,-9.841907
20299,12.100939,-9.773661
20300,11.913542,-9.737267
20301,11.722675,-9.733819
20302,11.534085,-9.763422
20303,11.353454,-9.825185
20304,11.186221,-9.917246
20305,11.037423,-10.036834
20306,10.911541,-10.180347
20307,10.812367,-10.343462
20308,10.742887,-10.521267
20309,10.705193,-10.708407
20310,10.700422,-10.899246
20311,5.791998,-11.237577
20312,5.702303,-11.392313
20313,5.588717,-11.530468
20314,5.454244,-11.648390
20315,5.302438,-11.742961
20316,5.137314,-11.811681
20317,4.963235,-11.852733
20318,4.784805,-11.865032
20319,4.606740,-11.848253
20320,4.433749,-11.802839
20321,4.270403,-11.729991
20322,4.121022,-11.631635
20323,3.989555,-11.510370
20324,3.879477,-11.369404
20325,-29.530657,-13.672319
20326,-29.683899,-13.564402
20327,-29.853236,-13.484067
20328,-30.033754,-13.433646
20329,-30.220211,-13.414604
20330,-30.407195,-13.427492
20331,-30.589276,-13.471938
20332,-30.761168,-13.546649
20333,-30.917882,-13.649459
20334,-31.054867,-13.777381
20335,-288.124298,-31.496826
20336,-288.114062,-30.493748
20337,-3.289046,-10.861148
20338,-3.247388,-11.038428
20339,-3.177052,-11.206406
20340,-3.079966,-11.360478
20341,-2.958791,-11.496420
20342,-2.816848,-11.610507
20343,-2.658027,-11.699612
20344,-2.486682,-11.761293
20345,-2.307508,-11.793859
20346,-2.125417,-11.796418
20347,-1.945399,-11.768900
20348,-1.772389,-11.712058
20349,-1.611127,-11.627451
20350,-1.466034,-11.517397
20351,-1.341087,-11.384914
20352,-1.239710,-11.233631
20353,-1.164681,-11.067696
20354,-1.118058,-10.891657
20355,-1.101118,-10.710337
20356,3.770299,-10.374557
20357,3.847152,-10.213129
20358,3.949141,-10.066283
20359,4.073571,-9.937899
20360,4.217156,-9.831368
20361,4.376102,-9.749505
20362,4.546210,-9.694472
20363,4.722987,-9.667723
20364,4.901761,-9.669964
20365,5.077811,-9.701137
20366,5.246486,-9.760418
20367,5.403330,-9.846241
20368,5.544198,-9.956338
20369,5.665371,-10.087802
20370,5.763646,-10.237158
20371,45.909089,-7.469988
20372,45.840323,-6.472355
20373,-1.651869,-9.745927
20374,-1.820021,-9.667126
20375,-1.999032,-9.617734
20376,-2.183801,-9.599158
20377,-2.369062,-9.611927
20378,-2.549534,-9.655679
20379,-2.720076,-9.729165
20380,-2.875825,-9.830293
20381,-288.103827,-29.490669
20382,-288.093592,-28.487591
20383,45.771558,-5.474722
20384,45.702792,-4.477089
20385,-288.083357,-27.484513
20386,-288.073122,-26.481435
20387,-282.874389,-26.123093
20388,-282.711948,-26.194866
20389,-282.540074,-26.239563
20390,-282.363247,-26.256021
20391,-282.186077,-26.243809
20392,-282.013181,-26.203245
20393,-281.849065,-26.135389
20394,-281.698008,-26.042007
20395,-275.747987,-25.631880
20396,-275.592558,-25.680206
20397,-275.431699,-25.705068
20398,-275.268933,-25.705920
20399,-275.107822,-25.682743
20400,-274.951896,-25.636046
20401,-274.804567,-25.566851
20402,-10.255273,-7.331830
20403,-10.213011,-7.508423
20404,-10.142273,-7.675658
20405,-10.044988,-7.828978
20406,-9.923806,-7.964204
20407,-9.782028,-8.077652
20408,-9.623519,-8.166231
20409,-9.452598,-8.227526
20410,-9.273921,-8.259869
20411,-9.092358,-8.262376
20412,-8.912857,-8.234981
20413,-8.740307,-8.178429
20414,-8.579412,-8.094262
20415,-8.434556,-7.984773
20416,-8.309685,-7.852945
20417,-8.208202,-7.702370
20418,-8.132873,-7.537153
20419,-8.085751,-7.361794
20420,-8.068118,-7.181072
20421,31.709918,-4.439226
20422,17.717045,-4.401363
20423,-8.611471,-6.216152
20424,-8.781279,-6.135200
20425,-8.962398,-6.084366
20426,-9.149529,-6.065135
20427,-9.337201,-6.078071
20428,-9.519924,-6.122795
20429,-9.692355,-6.197999
20430,-9.849450,-6.301484
20431,-169.662051,-17.317148
20432,-169.826120,-17.405190
20433,-170.002688,-17.464298
20434,-170.186697,-17.492778
20435,-170.372872,-17.489814
20436,-170.555880,-17.455491
20437,-170.730478,-17.390794
20438,-176.570166,-17.793315
20439,-176.709396,-17.890572
20440,-176.861937,-17.965236
20441,-177.024153,-18.015530
20442,-177.192178,-18.040254
20443,-177.362006,-18.038818
20444,-177.529589,-18.011257
20445,-177.690932,-17.958228
20446,-177.842189,-17.880994
20447,-183.498091,-18.270848
20448,-183.630983,-18.383420
20449,-183.779978,-18.473607
20450,-183.941339,-18.539147
20451,-184.111023,-18.578397
20452,-184.284774,-18.590374
20453,-184.458238,-18.574776
20454,-184.627066,-18.531996
20455,-184.787026,-18.463105
20456,-184.934107,-18.369830
20457,-190.439720,-18.749325
20458,-190.563561,-18.873745
20459,-190.705617,-18.976880
20460,-190.862271,-19.056104
20461,-191.029534,-19.109398
20462,-191.203144,-19.135406
20463,-191.378680,-19.133465
20464,-191.551673,-19.103624
20465,-191.717716,-19.046643
20466,-191.872579,-18.963974
20467,-192.012320,-18.857722
20468,-197.391796,-19.228522
20469,-197.505306,-19.362158
20470,-197.638608,-19.476061
20471,-197.788314,-19.567336
20472,-197.950621,-19.633665
20473,-198.121405,-19.673363
20474,-198.296327,-19.685420
20475,-198.470943,-19.669530
20476,-198.640816,-19.626098
20477,-198.801629,-19.556226
20478,-198.949298,-19.461690
20479,-199.080070,-19.344892
20480,-204.352139,-19.708289
20481,-204.465179,-19.861129
20482,-204.602845,-19.992225
20483,-204.761026,-20.097661
20484,-204.934999,-20.174288
20485,-205.119566,-20.219818
20486,-205.309216,-20.232890
20487,-205.498285,-20.213115
20488,-205.681126,-20.161082
20489,-205.852278,-20.078347
20490,-206.006629,-19.967379
20491,-206.139570,-19.831494
20492,-211.319510,-20.188540
20493,-211.419729,-20.346591
20494,-211.545289,-20.485365
20495,-211.692557,-20.600846
20496,-211.857270,-20.689691
20497,-212.034659,-20.749330
20498,-212.219591,-20.778034
20499,-212.406712,-20.774975
20500,-212.590607,-20.740239
20501,-212.765952,-20.674833
20502,-212.927671,-20.580650
20503,-213.071085,-20.460416
20504,-213.192041,-20.317611
20505,-218.292985,-20.669212
20506,-218.380678,-20.831149
20507,-218.494157,-20.976187
20508,-218.630242,-21.100261
20509,-218.785118,-21.199893
20510,-218.954446,-21.272292
20511,-219.133479,-21.315427
20512,-219.317199,-21.328091
20513,-219.500457,-21.309928
20514,-219.678117,-21.261446
20515,-219.845199,-21.184006
20516,-219.997021,-21.079777
20517,-220.129327,-20.951681
20518,-220.238408,-20.803308
20519,-225.271936,-21.150262
20520,-225.347469,-21.314987
20521,-225.449023,-21.465075
20522,-225.573840,-21.596454
20523,-225.718533,-21.705557
20524,-225.879176,-21.789423
20525,-226.051408,-21.845776
20526,-226.230555,-21.873087
20527,-226.411756,-21.870614
20528,-226.590091,-21.838425
20529,-226.760721,-21.777393
20530,-226.919016,-21.689175
20531,-227.060678,-21.576165
20532,-227.181864,-21.441429
20533,-227.279284,-21.288626
20534,-232.255792,-21.631650
20535,-232.325111,-21.809767
20536,-232.424216,-21.973196
20537,-232.550114,-22.117003
20538,-232.699004,-22.236847
20539,-232.866392,-22.329109
20540,-233.047223,-22.391004
20541,-233.236038,-22.420663
20542,-233.427137,-22.417191
20543,-233.614750,-22.380692
20544,-233.793213,-22.312269
20545,-233.957139,-22.213987
20546,-234.101577,-22.088814
20547,-234.222168,-21.940528
20548,-234.315271,-21.773607
20549,-239.244228,-22.113353
20550,-239.300986,-22.292014
20551,-239.387256,-22.458443
20552,-239.500533,-22.607807
20553,-239.637527,-22.735767
20554,-239.794258,-22.838609
20555,-239.966176,-22.913344
20556,-240.148288,-22.957802
20557,-240.335304,-22.970693
20558,-240.521793,-22.951642
20559,-240.702339,-22.901202
20560,-240.871699,-22.820837
20561,-241.024954,-22.712883
20562,-241.157653,-22.580474
20563,-241.265942,-22.427456
20564,-241.346677,-22.258272
20565,-246.236984,-22.595354
20566,-246.281708,-22.773919
20567,-246.355583,-22.942525
20568,-246.456540,-23.096451
20569,-246.581752,-23.231386
20570,-246.727712,-23.343552
20571,-246.890333,-23.429807
20572,-247.065061,-23.487735
20573,-247.247003,-23.515715
20574,-247.431062,-23.512963
20575,-247.612086,-23.479556
20576,-247.785004,-23.416429
20577,-247.944973,-23.325351
20578,-248.087515,-23.208872
20579,-248.208637,-23.070253
20580,-248.304946,-22.913378
20581,-248.373747,-22.742638
20582,-253.233818,-23.077636
20583,-253.266956,-23.255577
20584,-253.328826,-23.425674
20585,-253.417752,-23.583323
20586,-253.531327,-23.724254
20587,-253.666475,-23.844653
20588,-253.819537,-23.941260
20589,-253.986370,-24.011458
20590,-254.162456,-24.053348
20591,-254.343028,-24.065794
20592,-254.523196,-24.048461
20593,-254.698082,-24.001817
20594,-254.862952,-23.927125
20595,-255.013341,-23.826408
20596,-255.145179,-23.702392
20597,-255.254894,-23.558435
20598,-255.339517,-23.398435
20599,-255.396756,-23.226725
20600,-260.234603,-23.560191
20601,-260.258746,-23.747283
20602,-260.314502,-23.927498
20603,-260.400230,-24.095537
20604,-260.513408,-24.246458
20605,-260.650709,-24.375821
20606,-260.808095,-24.479822
20607,-260.980935,-24.555402
20608,-261.164148,-24.600340
20609,-261.352345,-24.613312
20610,-261.539991,-24.593937
20611,-261.721567,-24.542786
20612,-261.891733,-24.461363
20613,-262.045485,-24.352062
20614,-262.178301,-24.218097
20615,-262.286273,-24.063410
20616,-262.366228,-23.892549
20617,-262.415814,-23.710539
20618,-267.239238,-24.043011
20619,-267.251840,-24.227930
20620,-267.295311,-24.408108
20621,-267.368416,-24.578430
20622,-267.469080,-24.734059
20623,-267.594446,-24.870578
20624,-267.740953,-24.984110
20625,-267.904442,-25.071432
20626,-268.080272,-25.130065
20627,-268.263450,-25.158344
20628,-268.448775,-25.155465
20629,-268.630987,-25.121512
20630,-268.804911,-25.057447
20631,-268.965610,-24.965091
20632,-269.108521,-24.847064
20633,-269.229586,-24.706718
20634,-269.325369,-24.548037
20635,-269.393150,-24.375527
20636,-269.431005,-24.194086
20637,-274.247668,-24.526092
20638,-274.278460,-24.337602
20639,-274.341391,-24.157278
20640,-274.434564,-23.990558
20641,-274.555171,-23.842467
20642,-274.699575,-23.717470
20643,-274.863424,-23.619335
20644,-275.041777,-23.551020
20645,-275.229259,-23.514585
20646,-275.420217,-23.511127
20647,-275.608894,-23.540752
20648,-275.789603,-23.602567
20649,-275.956897,-23.694707
20650,-276.105731,-23.814395
20651,-276.231619,-23.958023
20652,-276.330767,-24.121261
20653,-276.400184,-24.299188
20654,-276.437779,-24.486441
20655,-276.442418,-24.677373
20656,-281.259879,-25.009434
20657,-281.299529,-24.829923
20658,-281.368522,-24.659522
20659,-281.464930,-24.502992
20660,-281.586061,-24.364703
20661,-281.728530,-24.248518
20662,-281.888360,-24.157683
20663,-282.061085,-24.094735
20664,-282.241881,-24.061432
20665,-282.425699,-24.058704
20666,-282.607404,-24.086627
20667,-282.781922,-24.144421
20668,-282.944376,-24.230473
20669,-283.090231,-24.342378
20670,-283.215412,-24.477012
20671,-283.316423,-24.630612
20672,-283.390443,-24.798891
20673,-283.435403,-24.977146
20674,-283.450049,-25.160400
20675,-288.062886,-25.478356
20676,-288.052651,-24.475278
20677,-268.970119,-23.159945
20678,-268.823556,-23.073377
20679,-268.665393,-23.010458
20680,-268.499415,-22.972694
20681,-268.329599,-22.960988
20682,-268.160010,-22.975623
20683,-267.994709,-23.016246
20684,-267.837655,-23.081886
20685,-262.055305,-22.683317
20686,-261.912238,-22.577956
20687,-261.754075,-22.497002
20688,-261.584942,-22.442569
20689,-261.409252,-22.416075
20690,-261.231588,-22.418213
20691,-261.056586,-22.448925
20692,-260.888812,-22.507412
20693,-260.732643,-22.592147
20694,-255.122966,-22.205480
20695,-254.988013,-22.085809
20696,-254.835317,-21.989801
20697,-254.668984,-21.920038
20698,-254.493487,-21.878395
20699,-254.313543,-21.865992
20700,-254.133992,-21.883162
20701,-253.959660,-21.929444
20702,-253.795235,-22.003593
20703,-253.645139,-22.103615
20704,-248.178081,-21.726778
20705,-248.053348,-21.596082
20706,-247.908904,-21.487566
20707,-247.748645,-21.404157
20708,-247.576895,-21.348106
20709,-247.398287,-21.320923
20710,-247.217638,-21.323342
20711,-247.039822,-21.355299
20712,-246.869634,-21.415931
20713,-246.711667,-21.503602
20714,-246.570181,-21.615948
20715,-241.223432,-21.247404
20716,-241.109846,-21.108180
20717,-240.975109,-20.989306
20718,-240.822816,-20.893953
20719,-240.657032,-20.824665
20720,-240.482180,-20.783291
20721,-240.302925,-20.770935
20722,-240.124049,-20.787927
20723,-239.950326,-20.833813
20724,-239.786391,-20.907369
20725,-239.636618,-21.006633
20726,-239.505004,-21.128955
20727,-234.260949,-20.767490
20728,-234.158842,-20.621614
20729,-234.034537,-20.494124
20730,-233.891291,-20.388359
20731,-233.732857,-20.307093
20732,-233.563387,-20.252452
20733,-233.387322,-20.225871
20734,-233.209275,-20.228044
20735,-233.033911,-20.258915
20736,-232.865825,-20.317676
20737,-232.709423,-20.402785
20738,-232.568801,-20.512015
20739,-232.447644,-20.642501
20740,-227.291738,-20.287111
20741,-227.192518,-20.124203
20742,-227.066647,-19.980884
20743,-226.917910,-19.861465
20744,-226.750779,-19.769536
20745,-226.570279,-19.707861
20746,-226.381839,-19.678294
20747,-226.191125,-19.681726
20748,-226.003871,-19.718052
20749,-225.825707,-19.786181
20750,-225.661992,-19.884063
20751,-225.517647,-20.008756
20752,-225.397013,-20.156511
20753,-220.316594,-19.806324
20754,-220.230270,-19.640057
20755,-220.116984,-19.490850
20756,-219.980022,-19.363031
20757,-219.823357,-19.260306
20758,-219.651532,-19.185656
20759,-219.469531,-19.141246
20760,-219.282634,-19.128363
20761,-219.096262,-19.147382
20762,-218.915820,-19.197751
20763,-218.746541,-19.278009
20764,-218.593337,-19.385827
20765,-218.460651,-19.518080
20766,-218.352331,-19.670930
20767,-213.336217,-19.325176
20768,-213.262354,-19.156542
20769,-213.161402,-19.002588
20770,-213.036187,-18.867627
20771,-212.890218,-18.755439
20772,-212.727582,-18.669167
20773,-212.552837,-18.611227
20774,-212.370875,-18.583242
20775,-212.186795,-18.585996
20776,-212.005752,-18.619412
20777,-211.832817,-18.682554
20778,-211.672836,-18.773653
20779,-211.530288,-18.890158
20780,-211.409167,-19.028804
20781,-211.312866,-19.185709
20782,-206.351007,-18.843695
20783,-206.289170,-18.673540
20784,-206.200260,-18.515833
20785,-206.086686,-18.374845
20786,-205.951524,-18.254396
20787,-205.798437,-18.157748
20788,-205.631569,-18.087519
20789,-205.455443,-18.045613
20790,-205.274828,-18.033163
20791,-205.094618,-18.050508
20792,-204.919693,-18.097177
20793,-204.754793,-18.171906
20794,-204.604383,-18.272672
20795,-204.472539,-18.396743
20796,-204.362831,-18.540760
20797,-204.278232,-18.700822
20798,-199.361306,-18.361905
20799,-199.306753,-18.179871
20800,-199.221684,-18.009942
20801,-199.108638,-17.857191
20802,-198.970988,-17.726175
20803,-198.812843,-17.620806
20804,-198.638923,-17.544227
20805,-198.454418,-17.498725
20806,-198.264835,-17.485658
20807,-198.075832,-17.505414
20808,-197.893050,-17.557406
20809,-197.721944,-17.640080
20810,-197.567620,-17.750970
20811,-197.434685,-17.886767
20812,-197.327105,-18.043416
20813,-197.248092,-18.216244
20814,-192.367352,-17.879821
20815,-192.324996,-17.698240
20816,-192.252581,-17.526421
20817,-192.152187,-17.369302
20818,-192.026698,-17.231395
20819,-191.879720,-17.116664
20820,-191.715477,-17.028405
20821,-191.538686,-16.969154
20822,-191.354428,-16.940614
20823,-191.167996,-16.943603
20824,-190.984748,-16.978037
20825,-190.809948,-17.042926
20826,-190.648619,-17.136406
20827,-190.505395,-17.255791
20828,-190.384393,-17.397650
20829,-190.289088,-17.557908
20830,-190.222219,-17.731960
20831,-185.369367,-17.397460
20832,-185.338733,-17.216829
20833,-185.278543,-17.043788
20834,-185.190468,-16.883138
20835,-185.076950,-16.739334
20836,-184.941139,-16.616366
20837,-184.786802,-16.517645
20838,-184.618220,-16.445909
20839,-184.440070,-16.403149
20840,-184.257294,-16.390550
20841,-184.074962,-16.408463
20842,-183.898132,-16.456390
20843,-183.731710,-16.533001
20844,-183.580311,-16.636173
20845,-183.448136,-16.763041
20846,-183.338852,-16.910088
20847,-183.255490,-17.073234
20848,-183.200362,-17.247953
20849,-178.367463,-16.914828
20850,-178.346070,-16.725195
20851,-178.292225,-16.542114
20852,-178.207547,-16.371094
20853,-178.094586,-16.217283
20854,-177.956741,-16.085310
20855,-177.798161,-15.979147
20856,-177.623620,-15.901989
20857,-177.438369,-15.856159
20858,-177.247985,-15.843036
20859,-177.058199,-15.863016
20860,-176.874721,-15.915495
20861,-176.703075,-15.998896
20862,-176.548427,-16.110708
20863,-176.415430,-16.247566
20864,-176.308088,-16.405350
20865,-176.229632,-16.579312
20866,-176.182423,-16.764216
20867,-171.361731,-16.431932
20868,-171.351980,-16.244777
20869,-171.310600,-16.061993
20870,-171.238792,-15.888886
20871,-171.138642,-15.730481
20872,-171.013055,-15.591376
20873,-170.865677,-15.475608
20874,-170.700786,-15.386539
20875,-170.523169,-15.326753
20876,-170.337981,-15.297985
20877,-170.150597,-15.301072
20878,-169.966456,-15.335922
20879,-169.790904,-15.401526
20880,-169.629036,-15.495977
20881,-169.485551,-15.616536
20882,-169.364613,-15.759701
20883,-169.269734,-15.921319
20884,-169.203666,-16.096696
20885,-169.168328,-16.280744
20886,-164.352212,-15.948776
20887,-164.318778,-16.134724
20888,-164.254017,-16.312207
20889,-164.159841,-16.475992
20890,-164.039027,-16.621245
20891,-163.895139,-16.743682
20892,-163.732422,-16.839691
20893,-163.555677,-16.906439
20894,-163.370116,-16.941959
20895,-163.181214,-16.945201
20896,-162.994543,-16.916071
20897,-162.815611,-16.855428
20898,-162.649695,-16.765060
20899,-162.501690,-16.647633
20900,-162.375962,-16.506612
20901,-162.276220,-16.346156
20902,-162.205407,-16.171000
20903,-162.165610,-15.986309
20904,-162.158005,-15.797532
20905,-157.338908,-15.465358
20906,-157.296866,-15.642202
20907,-157.226274,-15.809708
20908,-157.129061,-15.963301
20909,-157.007881,-16.098788
20910,-156.866043,-16.212469
20911,-156.707420,-16.301239
20912,-156.536344,-16.362675
20913,-156.357486,-16.395099
20914,-156.175731,-16.397625
20915,-155.996041,-16.370185
20916,-155.823324,-16.313528
20917,-155.662295,-16.229200
20918,-155.517353,-16.119506
20919,-155.392454,-15.987439
20920,-155.291009,-15.836607
20921,-155.215789,-15.671128
20922,-155.168848,-15.495521
20923,-155.151467,-15.314581
20924,-150.321784,-14.981677
20925,-150.268252,-15.158580
20926,-150.185857,-15.324023
20927,-150.076925,-15.473335
20928,-149.944531,-15.602301
20929,-149.792414,-15.707280
20930,-149.624868,-15.785308
20931,-149.446622,-15.834183
20932,-149.262710,-15.852524
20933,-149.078322,-15.839815
20934,-148.898665,-15.796413
20935,-148.728812,-15.723544
20936,-148.573556,-15.623265
20937,-148.437281,-15.498408
20938,-148.323834,-15.352496
20939,-148.236419,-15.189651
20940,-148.177502,-15.014468
20941,-148.148748,-14.831893
20942,-143.300792,-14.497730
20943,-143.235401,-14.674207
20944,-143.140885,-14.836955
20945,-143.020008,-14.981208
20946,-142.876311,-15.102745
20947,-142.713999,-15.198007
20948,-142.537824,-15.264207
20949,-142.352942,-15.299405
20950,-142.164767,-15.302573
20951,-141.978805,-15.273617
20952,-141.800502,-15.213384
20953,-141.635075,-15.123638
20954,-141.487369,-15.007007
20955,-141.361706,-14.866903
20956,-141.261766,-14.707429
20957,-141.190472,-14.533253
20958,-141.149914,-14.349473
20959,-136.275759,-14.013504
20960,-136.203807,-14.178436
20961,-136.105929,-14.329430
20962,-135.984742,-14.462446
20963,-135.843491,-14.573924
20964,-135.685954,-14.660882
20965,-135.516348,-14.720992
20966,-135.339211,-14.752646
20967,-135.159284,-14.754997
20968,-134.981381,-14.727981
20969,-134.810262,-14.672323
20970,-134.650508,-14.589510
20971,-134.506392,-14.481760
20972,-134.381772,-14.351955
20973,-134.279982,-14.203570
20974,-134.203746,-14.040574
20975,-134.155105,-13.867330
20976,-129.246532,-13.528989
20977,-129.163021,-13.691774
20978,-129.053684,-13.838466
20979,-128.921546,-13.965006
20980,-128.770262,-14.067895
20981,-128.604016,-14.144285
20982,-128.427409,-14.192064
20983,-128.245325,-14.209910
20984,-128.062802,-14.197329
20985,-127.884888,-14.154669
20986,-127.716507,-14.083110
20987,-127.562315,-13.984633
20988,-127.426578,-13.861960
20989,-127.313051,-13.718487
20990,-127.224876,-13.558180
20991,-127.164490,-13.385477
20992,-122.212920,-13.044172
20993,-122.117510,-13.204087
20994,-121.996492,-13.345617
20995,-121.853336,-13.464706
20996,-121.692143,-13.557941
20997,-121.517533,-13.622650
20998,-121.334511,-13.656979
20999,-121.148319,-13.659945
21000,-120.964296,-13.631461
21001,-120.787714,-13.572345
21002,-120.623634,-13.484290
21003,-120.476758,-13.369820
21004,-120.351295,-13.232216
21005,-120.250841,-13.075420
21006,-120.178275,-12.903926
21007,-115.174516,-12.559024
21008,-115.066835,-12.715180
21009,-114.933928,-12.850515
21010,-114.779747,-12.961005
21011,-114.608877,-13.043364
21012,-114.426397,-13.095144
21013,-114.237736,-13.114804
21014,-114.048501,-13.101760
21015,-113.864321,-13.056400
21016,-113.690672,-12.980073
21017,-113.532718,-12.875049
21018,-113.395154,-12.744449
21019,-113.282073,-12.592159
21020,-113.196836,-12.422705
21021,-108.130936,-12.073520
21022,-108.020806,-12.214017
21023,-107.889401,-12.334850
21024,-107.740181,-12.432837
21025,-107.577077,-12.505397
21026,-107.404384,-12.550619
21027,-107.226650,-12.567311
21028,-107.048557,-12.555036
21029,-106.874794,-12.514115
21030,-106.709939,-12.445626
21031,-106.558333,-12.351374
21032,-106.423969,-12.233840
21033,-106.310385,-12.096120
21034,-106.220574,-11.941841
21035,-101.081609,-11.587619
21036,-100.960421,-11.721773
21037,-100.818896,-11.834266
21038,-100.660857,-11.922057
21039,-100.490572,-11.982777
21040,-100.312642,-12.014785
21041,-100.131871,-12.017216
21042,-99.953144,-11.990005
21043,-99.781288,-11.933887
21044,-99.620945,-11.850378
21045,-99.476445,-11.741732
21046,-99.351693,-11.610886
21047,-99.250058,-11.461373
21048,-94.025840,-11.101275
21049,-93.893719,-11.227662
21050,-93.742488,-11.330419
21051,-93.576325,-11.406706
21052,-93.399822,-11.454416
21053,-93.217854,-11.472230
21054,-93.035449,-11.459657
21055,-92.857646,-11.417044
21056,-92.689358,-11.345568
21057,-92.535234,-11.247204
21058,-92.399532,-11.124670
21059,-92.286001,-10.981350
21060,-86.962370,-10.614400
21061,-86.819750,-10.731200
21062,-86.659628,-10.822544
21063,-86.486501,-10.885865
21064,-86.305230,-10.919386
21065,-86.120907,-10.922164
21066,-85.938708,-10.894122
21067,-85.763751,-10.836047
21068,-85.600949,-10.749571
21069,-85.454874,-10.637121
21070,-85.329629,-10.501857
21071,-79.889649,-10.126887
21072,-79.737539,-10.231847
21073,-79.570004,-10.309861
21074,-79.391773,-10.358726
21075,-79.207877,-10.377063
21076,-79.023506,-10.364355
21077,-78.843865,-10.320959
21078,-78.674024,-10.248102
21079,-78.518777,-10.147839
21080,-78.382507,-10.023001
21081,-72.805250,-9.638569
21082,-72.645747,-9.728840
21083,-72.473469,-9.791376
21084,-72.293199,-9.824439
21085,-72.109942,-9.827112
21086,-71.928785,-9.799320
21087,-71.754757,-9.741836
21088,-71.592688,-9.656254
21089,-71.447079,-9.544952
21090,-65.704456,-9.149121
21091,-65.542009,-9.220900
21092,-65.370129,-9.265601
21093,-65.193295,-9.282060
21094,-65.016118,-9.269848
21095,-64.843215,-9.229282
21096,-64.679093,-9.161420
21097,-64.528031,-9.068031
21098,-58.578061,-8.657908
21099,-58.422623,-8.706241
21100,-58.261754,-8.731107
21101,-58.098977,-8.731959
21102,-57.937856,-8.708781
21103,-57.781920,-8.662079
21104,-57.634584,-8.592875
21105,-24.232097,-6.290487
21106,-24.177513,-6.465959
21107,-24.094479,-6.629895
21108,-23.985312,-6.777720
21109,-23.853059,-6.905309
21110,-23.701412,-7.009101
21111,-23.534601,-7.086199
21112,-23.357284,-7.134451
21113,-23.174408,-7.152510
21114,-22.991078,-7.139874
21115,-22.812410,-7.096893
21116,-22.643390,-7.024769
21117,-22.488735,-6.925513
21118,-22.352762,-6.801896
21119,-22.239266,-6.657368
21120,-22.151415,-6.495962
21121,-22.091659,-6.322184
21122,-22.061667,-6.140883
21123,-17.210528,-5.806500
21124,-17.144158,-5.981382
21125,-17.049118,-6.142490
21126,-16.928155,-6.285166
21127,-16.784767,-6.405284
21128,-16.623100,-6.499371
21129,-16.447830,-6.564707
21130,-16.264023,-6.599401
21131,-16.076996,-6.602451
21132,-15.892156,-6.573769
21133,-15.714848,-6.514183
21134,-15.550200,-6.425418
21135,-15.402971,-6.310039
21136,-15.277420,-6.171383
21137,-15.177177,-6.013460
21138,-15.105140,-5.840835
21139,-15.063393,-5.658501
21140,3.724171,-4.363500
21141,-3.036146,-3.827107
21142,-15.424003,-4.680985
21143,-15.563267,-4.576270
21144,-15.717318,-4.494858
21145,-15.882292,-4.438793
21146,-16.054049,-4.409482
21147,-16.228280,-4.407659
21148,-16.400613,-4.433370
21149,-16.566724,-4.485970
21150,-16.722445,-4.564140
21151,-16.863869,-4.665918
21152,-16.987449,-4.788751
21153,-22.503077,-5.168936
21154,-22.649348,-5.077362
21155,-22.808141,-5.009792
21156,-22.975548,-4.967888
21157,-23.147448,-4.952683
21158,-23.319611,-4.964550
21159,-23.487800,-5.003197
21160,-23.647874,-5.067673
21161,-23.795894,-5.156392
21162,-23.928217,-5.267169
21163,-29.067042,-5.621381
21164,-29.111777,-5.799931
21165,-29.185658,-5.968523
21166,-29.286617,-6.122434
21167,-29.411828,-6.257355
21168,-29.557784,-6.369509
21169,-29.720397,-6.455755
21170,-29.895115,-6.513677
21171,-30.077046,-6.541655
21172,-30.261095,-6.538904
21173,-30.442108,-6.505501
21174,-30.615017,-6.442383
21175,-30.774980,-6.351316
21176,-30.917519,-6.234850
21177,-31.038641,-6.096246
21178,-31.134955,-5.939386
21179,-31.203765,-5.768662
21180,-36.063861,-6.103662
21181,-36.096997,-6.281604
21182,-36.158866,-6.451704
21183,-36.247791,-6.609355
21184,-36.361366,-6.750289
21185,-36.496515,-6.870690
21186,-36.649578,-6.967298
21187,-36.816412,-7.037497
21188,-36.992500,-7.079387
21189,-37.173073,-7.091834
21190,-37.353242,-7.074500
21191,-37.528130,-7.027855
21192,-37.693001,-6.953162
21193,-37.843392,-6.852443
21194,-37.975229,-6.728425
21195,-38.084944,-6.584466
21196,-38.169566,-6.424464
21197,-38.226804,-6.252751
21198,-43.064646,-6.586217
21199,-43.088788,-6.773311
21200,-43.144542,-6.953528
21201,-43.230269,-7.121569
21202,-43.343448,-7.272492
21203,-43.480749,-7.401857
21204,-43.638135,-7.505860
21205,-43.810977,-7.581441
21206,-43.994192,-7.626379
21207,-44.182390,-7.639351
21208,-44.370038,-7.619977
21209,-44.551615,-7.568824
21210,-44.721783,-7.487400
21211,-44.875535,-7.378097
21212,-45.008351,-7.244130
21213,-45.116323,-7.089440
21214,-45.196277,-6.918577
21215,-45.245860,-6.736565
21216,-50.069283,-7.069037
21217,-50.081882,-7.253957
21218,-50.125351,-7.434138
21219,-50.198456,-7.604461
21220,-50.299120,-7.760093
21221,-50.424485,-7.896614
21222,-50.570993,-8.010147
21223,-50.734484,-8.097471
21224,-50.910315,-8.156104
21225,-51.093494,-8.184383
21226,-51.278821,-8.181505
21227,-51.461034,-8.147551
21228,-51.634960,-8.083485
21229,-51.795659,-7.991127
21230,-51.938571,-7.873098
21231,-52.059636,-7.732750
21232,-52.155419,-7.574067
21233,-52.223198,-7.401555
21234,-52.261051,-7.220112
21235,-57.077713,-7.552118
21236,-57.108507,-7.363629
21237,-57.171440,-7.183308
21238,-57.264614,-7.016590
21239,-57.385221,-6.868502
21240,-57.529625,-6.743506
21241,-57.693472,-6.645373
21242,-57.871824,-6.577059
21243,-58.059305,-6.540624
21244,-58.250261,-6.537167
21245,-58.438937,-6.566792
21246,-58.619645,-6.628605
21247,-58.786937,-6.720744
21248,-58.935771,-6.840430
21249,-59.061659,-6.984056
21250,-59.160807,-7.147292
21251,-59.230225,-7.325217
21252,-59.267822,-7.512468
21253,-59.272463,-7.703399
21254,-64.089925,-8.035460
21255,-64.129577,-7.855951
21256,-64.198571,-7.685552
21257,-64.294980,-7.529024
21258,-64.416111,-7.390737
21259,-64.558580,-7.274554
21260,-64.718408,-7.183721
21261,-64.891132,-7.120774
21262,-65.071927,-7.087471
21263,-65.255744,-7.084743
21264,-65.437447,-7.112666
21265,-65.611963,-7.170460
21266,-65.774417,-7.256510
21267,-65.920271,-7.368414
21268,-66.045452,-7.503045
21269,-66.146463,-7.656644
21270,-66.220484,-7.824920
21271,-66.265445,-8.003174
21272,-66.280093,-8.186426
21273,-71.105943,-8.519065
21274,-71.157233,-8.339212
21275,-71.238249,-8.170648
21276,-71.346651,-8.018245
21277,-71.479304,-7.886408
21278,-71.632373,-7.778949
21279,-71.801434,-7.698974
21280,-71.981600,-7.648794
21281,-72.167662,-7.629861
21282,-72.354243,-7.642722
21283,-72.535948,-7.687005
21284,-72.707525,-7.761429
21285,-72.864014,-7.863844
21286,-73.000892,-7.991289
21287,-73.114201,-8.140079
21288,-73.200667,-8.305915
21289,-73.257790,-8.484001
21290,-73.283918,-8.669190
21291,-78.125804,-9.002934
21292,-78.189122,-8.823201
21293,-78.282509,-8.657092
21294,-78.403163,-8.509593
21295,-78.547462,-8.385130
21296,-78.711077,-8.287439
21297,-78.889096,-8.219451
21298,-79.076178,-8.183208
21299,-79.266708,-8.179795
21300,-79.454968,-8.209317
21301,-79.635308,-8.270887
21302,-79.802316,-8.362657
21303,-79.950979,-8.481873
21304,-80.076837,-8.624957
21305,-80.176112,-8.787615
21306,-80.245825,-8.964966
21307,-80.283883,-9.151688
21308,-85.149665,-9.487079
21309,-85.219829,-9.318786
21310,-85.316829,-9.164395
21311,-85.438000,-9.028148
21312,-85.580013,-8.913789
21313,-85.738965,-8.824459
21314,-85.910490,-8.762614
21315,-86.089875,-8.729952
21316,-86.272191,-8.727372
21317,-86.452428,-8.754943
21318,-86.625635,-8.811908
21319,-86.787053,-8.896702
21320,-86.932245,-9.006996
21321,-87.057225,-9.139759
21322,-87.158556,-9.291342
21323,-87.233455,-9.457583
21324,-87.279865,-9.633911
21325,-92.177662,-9.971510
21326,-92.259610,-9.805034
21327,-92.368373,-9.654700
21328,-92.500857,-9.524786
21329,-92.653292,-9.418989
21330,-92.821342,-9.340319
21331,-93.000224,-9.291014
21332,-93.184848,-9.272478
21333,-93.369961,-9.285238
21334,-93.550295,-9.328930
21335,-93.720720,-9.402312
21336,-93.876387,-9.503295
21337,-94.012865,-9.629007
21338,-94.126271,-9.775869
21339,-94.213379,-9.939704
21340,-94.271709,-10.115850
21341,-99.209971,-10.456237
21342,-99.304086,-10.292270
21343,-99.424889,-10.146840
21344,-99.568810,-10.024243
21345,-99.731598,-9.928102
21346,-99.908444,-9.861256
21347,-100.094125,-9.825680
21348,-100.283155,-9.822424
21349,-100.469951,-9.851585
21350,-100.648995,-9.912301
21351,-100.814997,-10.002779
21352,-100.963055,-10.120347
21353,-101.088793,-10.261530
21354,-101.188500,-10.422160
21355,-101.259228,-10.597490
21356,-106.246968,-10.941288
21357,-106.345142,-10.791505
21358,-106.466319,-10.659638
21359,-106.607288,-10.549182
21360,-106.764313,-10.463064
21361,-106.933230,-10.403568
21362,-107.109563,-10.372270
21363,-107.288638,-10.370000
21364,-107.465708,-10.396818
21365,-107.636079,-10.452014
21366,-107.795236,-10.534124
21367,-107.938959,-10.640972
21368,-108.063440,-10.769725
21369,-108.165379,-10.916972
21370,-108.242073,-11.078808
21371,-113.289006,-11.426686
21372,-113.398578,-11.281650
21373,-113.530538,-11.156638
21374,-113.681284,-11.055065
21375,-113.846699,-10.979704
21376,-114.022266,-10.932614
21377,-114.203191,-10.915079
21378,-114.384533,-10.927578
21379,-114.561342,-10.969771
21380,-114.728787,-11.040506
21381,-114.882298,-11.137850
21382,-115.017682,-11.259145
21383,-115.131242,-11.401080
21384,-115.219877,-11.559778
21385,-120.336609,-11.912467
21386,-120.457715,-11.773329
21387,-120.600370,-11.656384
21388,-120.760560,-11.564922
21389,-120.933781,-11.501513
21390,-121.115162,-11.467942
21391,-121.299603,-11.465152
21392,-121.481917,-11.493222
21393,-121.656977,-11.551362
21394,-121.819860,-11.637938
21395,-121.965986,-11.750515
21396,-122.091246,-11.885926
21397,-122.192117,-12.040365
21398,-127.390406,-12.398676
21399,-127.523062,-12.266801
21400,-127.676144,-12.159309
21401,-127.845225,-12.079308
21402,-128.025416,-12.029112
21403,-128.211507,-12.010171
21404,-128.398116,-12.023034
21405,-128.579848,-12.067328
21406,-128.751448,-12.141773
21407,-128.907953,-12.244216
21408,-129.044839,-12.371695
21409,-129.158146,-12.520524
21410,-134.451541,-12.885391
21411,-134.595518,-12.762527
21412,-134.758425,-12.666164
21413,-134.935440,-12.599155
21414,-135.121322,-12.563483
21415,-135.310568,-12.560205
21416,-135.497574,-12.589417
21417,-135.676804,-12.650256
21418,-135.842951,-12.740919
21419,-135.991096,-12.858722
21420,-136.116853,-13.000178
21421,-141.521388,-13.372705
21422,-141.675992,-13.261019
21423,-141.847565,-13.177717
21424,-142.030948,-13.125304
21425,-142.220629,-13.105355
21426,-142.410903,-13.118470
21427,-142.596052,-13.164255
21428,-142.770510,-13.241334
21429,-142.929031,-13.347389
21430,-143.066849,-13.479232
21431,-148.602045,-13.860765
21432,-148.765700,-13.762998
21433,-148.943778,-13.694954
21434,-149.130929,-13.658677
21435,-149.321532,-13.655257
21436,-149.509864,-13.684796
21437,-149.690268,-13.746408
21438,-149.857325,-13.838242
21439,-150.006018,-13.957539
21440,-155.697504,-14.349846
21441,-155.866713,-14.269677
21442,-156.047068,-14.219369
21443,-156.233342,-14.200377
21444,-156.420139,-14.213253
21445,-156.602046,-14.257623
21446,-156.773792,-14.332201
21447,-156.930402,-14.434828
21448,-162.815011,-14.840446
21449,-162.981915,-14.782720
21450,-163.155905,-14.752447
21451,-163.332498,-14.750409
21452,-163.507141,-14.776658
21453,-163.675332,-14.830516
21454,-163.832737,-14.910596
21455,-288.042416,-23.472200
21456,-288.032181,-22.469122
21457,-51.800141,-6.185970
21458,-51.653583,-6.099409
21459,-51.495426,-6.036494
21460,-51.329456,-5.998733
21461,-51.159647,-5.987028
21462,-50.990066,-6.001661
21463,-50.824772,-6.042280
21464,-50.667723,-6.107914
21465,-44.885332,-5.709341
21466,-44.742268,-5.603986
21467,-44.584109,-5.523038
21468,-44.414981,-5.468607
21469,-44.239296,-5.442115
21470,-44.061638,-5.444252
21471,-43.886642,-5.474962
21472,-43.718872,-5.533445
21473,-43.562706,-5.618174
21474,-37.952996,-5.231505
21475,-37.818044,-5.111839
21476,-37.665351,-5.015836
21477,-37.499022,-4.946076
21478,-37.323529,-4.904434
21479,-37.143590,-4.892031
21480,-36.964043,-4.909200
21481,-36.789715,-4.955479
21482,-36.625294,-5.029625
21483,-36.475199,-5.129642
21484,-31.008198,-4.752809
21485,-30.883461,-4.622084
21486,-30.739007,-4.513544
21487,-30.578732,-4.430115
21488,-30.406961,-4.374051
21489,-30.228330,-4.346862
21490,-30.047658,-4.349284
21491,-29.869820,-4.381251
21492,-29.699614,-4.441900
21493,-29.541633,-4.529594
21494,-29.400139,-4.641968
21495,-3.104912,-2.829474
21496,-2.349136,-1.775007
21497,-288.021946,-21.466043
21498,-288.011711,-20.462965
21499,-2.417902,-0.777374
21500,-2.486667,0.220259
21501,-288.001475,-19.459887
21502,-287.991240,-18.456809
21503,-2.555433,1.217892
21504,-2.624198,2.215525
21505,-287.981005,-17.453730
21506,-287.970770,-16.450652
21507,-9.923886,2.714740
21508,-9.802813,2.587220
21509,-9.662967,2.480621
21510,-9.507922,2.397669
21511,-9.341640,2.340481
21512,-9.168370,2.310521
21513,-8.992539,2.308552
21514,-8.818642,2.334627
21515,-8.651121,2.388078
21516,-8.494258,2.467539
21517,-8.352061,2.570980
21518,-8.228163,2.695758
21519,-8.125732,2.838684
21520,-2.692964,3.213158
21521,-2.761729,4.210791
21522,-8.059862,3.845598
21523,-8.145047,4.004131
21524,-8.254943,4.146653
21525,-8.386608,4.269347
21526,-8.536517,4.368930
21527,-8.700658,4.442735
21528,-8.874637,4.488788
21529,-9.053797,4.505854
21530,-9.233342,4.493479
21531,-9.408466,4.451992
21532,-9.574481,4.382504
21533,-9.726943,4.286876
21534,-9.861772,4.167666
21535,-9.975357,4.028067
21536,-10.064659,3.871815
21537,-10.127287,3.703093
21538,-225.647909,-11.152450
21539,-225.800463,-11.227128
21540,-225.962695,-11.277431
21541,-226.130737,-11.302158
21542,-226.300582,-11.300721
21543,-226.468181,-11.273153
21544,-226.629538,-11.220112
21545,-232.546020,-11.627927
21546,-232.699948,-11.725962
21547,-232.867965,-11.797199
21548,-233.045448,-11.839677
21549,-233.227512,-11.852227
21550,-233.409144,-11.834502
21551,-233.585347,-11.786992
21552,-233.751269,-11.711003
21553,-239.467827,-12.105038
21554,-239.615034,-12.220361
21555,-239.779648,-12.309083
21556,-239.956912,-12.368640
21557,-240.141702,-12.397310
21558,-240.328678,-12.394265
21559,-240.512437,-12.359593
21560,-240.687668,-12.294296
21561,-240.849305,-12.200261
21562,-246.405173,-12.583219
21563,-246.542256,-12.711580
21564,-246.699175,-12.814752
21565,-246.871357,-12.889729
21566,-247.053783,-12.934324
21567,-247.241137,-12.947238
21568,-247.427956,-12.928094
21569,-247.608797,-12.877452
21570,-247.778388,-12.796785
21571,-247.931786,-12.688447
21572,-253.353762,-13.062176
21573,-253.479291,-13.200555
21574,-253.626426,-13.315693
21575,-253.790925,-13.404271
21576,-253.968042,-13.463733
21577,-254.152666,-13.492363
21578,-254.339473,-13.489335
21579,-254.523073,-13.454737
21580,-254.698170,-13.389567
21581,-254.859712,-13.295705
21582,-255.003039,-13.175859
21583,-260.311322,-13.541751
21584,-260.424762,-13.687842
21585,-260.561075,-13.812860
21586,-260.716409,-13.913272
21587,-260.886370,-13.986237
21588,-261.066155,-14.029694
21589,-261.250679,-14.042413
21590,-261.434726,-14.024035
21591,-261.613091,-13.975079
21592,-261.780733,-13.896930
21593,-261.932910,-13.791797
21594,-262.065321,-13.662652
21595,-267.276380,-14.021843
21596,-267.377649,-14.173834
21597,-267.502670,-14.306974
21598,-267.647998,-14.417593
21599,-267.809625,-14.502640
21600,-267.983097,-14.559773
21601,-268.163631,-14.587415
21602,-268.346250,-14.584804
21603,-268.525920,-14.552014
21604,-268.697688,-14.489946
21605,-268.856819,-14.400314
21606,-268.998925,-14.285587
21607,-269.120090,-14.148928
21608,-274.247769,-14.502372
21609,-274.337004,-14.658874
21610,-274.450589,-14.798712
21611,-274.585475,-14.918134
21612,-274.738045,-15.013937
21613,-274.904207,-15.083552
21614,-275.079503,-15.125111
21615,-275.259232,-15.137500
21616,-275.438573,-15.120385
21617,-275.612715,-15.074227
21618,-275.776987,-15.000263
21619,-275.926983,-14.900477
21620,-276.058679,-14.777547
21621,-276.168544,-14.634768
21622,-281.224811,-14.983290
21623,-281.309275,-15.154897
21624,-281.422188,-15.309279
21625,-281.560136,-15.441768
21626,-281.718948,-15.548359
21627,-281.893824,-15.625829
21628,-282.079476,-15.671836
21629,-282.270290,-15.684988
21630,-282.460498,-15.664889
21631,-282.644349,-15.612145
21632,-282.816285,-15.528353
21633,-282.971107,-15.416043
21634,-283.104134,-15.278614
21635,-283.211344,-15.120219
21636,-287.960535,-15.447574
21637,-287.950299,-14.444496
21638,-283.247189,-14.120317
21639,-283.157949,-13.963832
21640,-283.044364,-13.824011
21641,-282.909482,-13.704604
21642,-282.756920,-13.608813
21643,-282.590768,-13.539208
21644,-282.415484,-13.497654
21645,-282.235768,-13.485266
21646,-282.056441,-13.502377
21647,-281.882310,-13.548528
21648,-281.718048,-13.622480
21649,-281.568058,-13.722252
21650,-281.436364,-13.845166
21651,-281.326497,-13.987926
21652,-276.270153,-13.639399
21653,-276.185683,-13.467809
21654,-276.072769,-13.313444
21655,-275.934824,-13.180970
21656,-275.776018,-13.074392
21657,-275.601152,-12.996931
21658,-275.415512,-12.950929
21659,-275.224710,-12.937777
21660,-275.034515,-12.957873
21661,-274.850675,-13.010609
21662,-274.678747,-13.094390
21663,-274.523931,-13.206685
21664,-274.390905,-13.344098
21665,-274.283690,-13.502475
21666,-269.288010,-13.158129
21667,-269.216347,-12.984720
21668,-269.116255,-12.826014
21669,-268.990646,-12.686627
21670,-268.843175,-12.570615
21671,-268.678133,-12.481355
21672,-268.500322,-12.421443
21673,-268.314915,-12.392623
21674,-268.127307,-12.395732
21675,-267.942957,-12.430681
21676,-267.767229,-12.496452
21677,-267.605236,-12.591132
21678,-267.461690,-12.711967
21679,-267.340769,-12.855439
21680,-267.245991,-13.017376
21681,-262.301143,-12.676534
21682,-262.241770,-12.502112
21683,-262.154116,-12.340046
21684,-262.040641,-12.194884
21685,-261.904529,-12.070699
21686,-261.749599,-11.970975
21687,-261.580196,-11.898510
21688,-261.401075,-11.855337
21689,-261.217260,-11.842667
21690,-261.033909,-11.860855
21691,-260.856166,-11.909392
21692,-260.689018,-11.986916
21693,-260.537154,-12.091251
21694,-260.404836,-12.219471
21695,-260.295775,-12.367977
21696,-260.213032,-12.532604
21697,-255.309913,-12.194638
21698,-255.262373,-12.019853
21699,-255.186794,-11.855239
21700,-255.085225,-11.705261
21701,-254.960420,-11.573984
21702,-254.815764,-11.464968
21703,-254.655178,-11.381170
21704,-254.483018,-11.324862
21705,-254.303950,-11.297570
21706,-254.122832,-11.300035
21707,-253.944574,-11.332189
21708,-253.774010,-11.393162
21709,-253.615764,-11.481299
21710,-253.474127,-11.594210
21711,-253.352941,-11.728834
21712,-253.255491,-11.881521
21713,-253.184419,-12.048131
21714,-248.314518,-11.712455
21715,-248.275195,-11.527205
21716,-248.204680,-11.351445
21717,-248.105064,-11.190385
21718,-247.979298,-11.048798
21719,-247.831111,-10.930881
21720,-247.664894,-10.840129
21721,-247.485575,-10.779232
21722,-247.298468,-10.749994
21723,-247.109119,-10.753283
21724,-246.923140,-10.789001
21725,-246.746044,-10.856089
21726,-246.583079,-10.952558
21727,-246.439076,-11.075551
21728,-246.318303,-11.221420
21729,-246.224340,-11.385843
21730,-246.159972,-11.563945
21731,-241.315120,-11.229996
21732,-241.287664,-11.046114
21733,-241.229633,-10.869483
21734,-241.142683,-10.705148
21735,-241.029299,-10.557803
21736,-240.892720,-10.431659
21737,-240.736847,-10.330318
21738,-240.566133,-10.256676
21739,-240.385455,-10.212836
21740,-240.199975,-10.200051
21741,-240.014991,-10.218686
21742,-239.835788,-10.268209
21743,-239.667485,-10.347205
21744,-239.514889,-10.453417
21745,-239.382361,-10.583811
21746,-239.273686,-10.734662
21747,-239.191969,-10.901661
21748,-239.139543,-11.080037
21749,-234.311850,-10.747270
21750,-234.295821,-10.565174
21751,-234.249858,-10.388246
21752,-234.175228,-10.221373
21753,-234.073994,-10.069163
21754,-233.948950,-9.935821
21755,-233.803550,-9.825028
21756,-233.641810,-9.739844
21757,-233.468196,-9.682622
21758,-233.287503,-9.654942
21759,-233.104721,-9.657568
21760,-232.924898,-9.690428
21761,-232.753000,-9.752615
21762,-232.593774,-9.842410
21763,-232.451618,-9.957335
21764,-232.330457,-10.094215
21765,-232.233637,-10.249270
21766,-232.163833,-10.418219
21767,-232.122971,-10.596394
21768,-227.304767,-10.264282
21769,-227.298630,-10.074426
21770,-227.259921,-9.888457
21771,-227.189795,-9.711921
21772,-227.090343,-9.550081
21773,-226.964531,-9.407764
21774,-226.816110,-9.289214
21775,-226.649507,-9.197967
21776,-226.469690,-9.136742
21777,-226.282021,-9.107366
21778,-226.092095,-9.110715
21779,-225.905578,-9.146688
21780,-225.728031,-9.214215
21781,-225.564749,-9.311279
21782,-225.420600,-9.434988
21783,-225.299883,-9.581652
21784,-225.206199,-9.746897
21785,-225.142340,-9.925796
21786,-225.110211,-10.113014
21787,-220.293914,-9.781033
21788,-220.257328,-9.963802
21789,-220.190409,-10.137770
21790,-220.095078,-10.297942
21791,-219.974071,-10.439718
21792,-219.830865,-10.559029
21793,-219.669570,-10.652447
21794,-219.494817,-10.717291
21795,-219.311626,-10.751698
21796,-219.125255,-10.754682
21797,-218.941056,-10.726155
21798,-218.764317,-10.666938
21799,-218.600115,-10.578731
21800,-218.453163,-10.464066
21801,-218.327680,-10.326235
21802,-218.227271,-10.169197
21803,-218.154818,-9.997460
21804,-218.112401,-9.815955
21805,-218.101238,-9.629895
21806,-213.279262,-9.297523
21807,-213.230861,-9.480991
21808,-213.151650,-9.653412
21809,-213.043987,-9.809655
21810,-212.911075,-9.945071
21811,-212.756869,-10.055632
21812,-212.585957,-10.138046
21813,-212.403424,-10.189863
21814,-212.214702,-10.209540
21815,-212.025406,-10.196493
21816,-211.841168,-10.151108
21817,-211.667472,-10.074736
21818,-211.509483,-9.969651
21819,-211.371905,-9.838978
21820,-211.258830,-9.686606
21821,-211.173622,-9.517069
21822,-211.118818,-9.335411
21823,-211.096048,-9.147037
21824,-206.260768,-8.813748
21825,-206.204579,-8.986974
21826,-206.120581,-9.148555
21827,-206.011075,-9.294064
21828,-205.879063,-9.419512
21829,-205.728162,-9.521460
21830,-205.562510,-9.597114
21831,-205.386645,-9.644401
21832,-205.205389,-9.662025
21833,-205.023709,-9.649502
21834,-204.846585,-9.607176
21835,-204.678872,-9.536206
21836,-204.525166,-9.438539
21837,-204.389680,-9.316851
21838,-204.276129,-9.174477
21839,-204.187623,-9.015319
21840,-204.126589,-8.843741
21841,-204.094700,-8.664443
21842,-199.238339,-8.329701
21843,-199.170498,-8.502109
21844,-199.074684,-8.660685
21845,-198.953615,-8.800931
21846,-198.810725,-8.918868
21847,-198.650068,-9.011151
21848,-198.476202,-9.075161
21849,-198.294059,-9.109083
21850,-198.108807,-9.111953
21851,-197.925700,-9.083692
21852,-197.749934,-9.025100
21853,-197.586495,-8.937840
21854,-197.440019,-8.824387
21855,-197.314662,-8.687960
21856,-197.213980,-8.532429
21857,-197.140830,-8.362206
21858,-197.097286,-8.182121
21859,-192.211872,-7.845376
21860,-192.131991,-8.016394
21861,-192.024049,-8.171238
21862,-191.891223,-8.305348
21863,-191.737425,-8.414775
21864,-191.567184,-8.496298
21865,-191.385511,-8.547516
21866,-191.197757,-8.566921
21867,-191.009450,-8.553941
21868,-190.826134,-8.508959
21869,-190.653207,-8.433299
21870,-190.495761,-8.329189
21871,-190.358432,-8.199695
21872,-190.245263,-8.048629
21873,-190.159587,-7.880439
21874,-190.103926,-7.700079
21875,-185.181104,-7.360755
21876,-185.095794,-7.518958
21877,-184.985859,-7.661156
21878,-184.854234,-7.783553
21879,-184.704434,-7.882880
21880,-184.540458,-7.956486
21881,-184.366684,-8.002406
21882,-184.187752,-8.019412
21883,-184.008438,-8.007053
21884,-183.833532,-7.965656
21885,-183.667701,-7.896328
21886,-183.515375,-7.800920
21887,-183.380620,-7.681979
21888,-183.267033,-7.542680
21889,-183.177649,-7.386743
21890,-183.114852,-7.218331
21891,-178.145801,-6.875821
21892,-178.048930,-7.030689
21893,-177.927766,-7.167390
21894,-177.785650,-7.282154
21895,-177.626501,-7.371818
21896,-177.454709,-7.433908
21897,-177.275009,-7.466712
21898,-177.092359,-7.469325
21899,-176.911795,-7.441676
21900,-176.738297,-7.384526
21901,-176.576648,-7.299453
21902,-176.431306,-7.188801
21903,-176.306281,-7.055623
21904,-176.205019,-6.903590
21905,-176.130312,-6.736896
21906,-171.105668,-6.390555
21907,-170.996956,-6.541192
21908,-170.864446,-6.671388
21909,-170.711917,-6.777429
21910,-170.543718,-6.856290
21911,-170.364647,-6.905722
21912,-170.179812,-6.924317
21913,-169.994483,-6.911542
21914,-169.813947,-6.867763
21915,-169.643353,-6.794229
21916,-169.487565,-6.693036
21917,-169.351027,-6.567070
21918,-169.237634,-6.419924
21919,-169.150619,-6.255796
21920,-164.060125,-5.904915
21921,-163.939314,-6.050209
21922,-163.795418,-6.172683
21923,-163.632685,-6.268723
21924,-163.455916,-6.335494
21925,-163.270327,-6.371027
21926,-163.081395,-6.374273
21927,-162.894695,-6.345135
21928,-162.715737,-6.284475
21929,-162.549801,-6.194081
21930,-162.401784,-6.076622
21931,-162.276053,-5.935563
21932,-162.176320,-5.775067
21933,-157.008587,-5.418862
21934,-156.887497,-5.546851
21935,-156.747526,-5.653864
21936,-156.592264,-5.737157
21937,-156.425695,-5.794592
21938,-156.252094,-5.824696
21939,-156.075912,-5.826697
21940,-155.901672,-5.800542
21941,-155.733842,-5.746904
21942,-155.576729,-5.667158
21943,-155.434364,-5.563350
21944,-155.310399,-5.438143
21945,-155.208015,-5.294751
21946,-149.950175,-4.932335
21947,-149.818957,-5.051911
21948,-149.670212,-5.148821
21949,-149.507816,-5.220541
21950,-149.335997,-5.265204
21951,-149.159231,-5.281646
21952,-148.982122,-5.269438
21953,-148.809283,-5.228898
21954,-148.645217,-5.161084
21955,-148.494197,-5.067760
21956,-148.360155,-4.951358
21957,-148.246584,-4.814909
21958,-142.883737,-4.445255
21959,-142.743090,-4.554571
21960,-142.586643,-4.639751
21961,-142.418499,-4.698563
21962,-142.243067,-4.729464
21963,-142.064948,-4.731644
21964,-141.888812,-4.705046
21965,-141.719279,-4.650367
21966,-141.560794,-4.569041
21967,-141.417514,-4.463200
21968,-141.293197,-4.335622
21969,-135.807190,-3.957479
21970,-135.658554,-4.054144
21971,-135.496319,-4.125674
21972,-135.324699,-4.170210
21973,-135.148153,-4.186595
21974,-134.971269,-4.174402
21975,-134.798641,-4.133950
21976,-134.634754,-4.066288
21977,-134.483868,-3.973175
21978,-134.349901,-3.857030
21979,-128.717546,-3.468799
21980,-128.563762,-3.549801
21981,-128.399138,-3.605568
21982,-128.227786,-3.634707
21983,-128.053982,-3.636492
21984,-127.882067,-3.610877
21985,-127.716334,-3.558503
21986,-127.560918,-3.480676
21987,-127.419703,-3.379341
21988,-121.609321,-2.978839
21989,-121.456162,-3.040316
21990,-121.295528,-3.078186
21991,-121.131037,-3.091598
21992,-120.966390,-3.080249
21993,-120.805295,-3.044395
21994,-120.651377,-2.984843
21995,-120.508101,-2.902933
21996,-23.854465,3.759270
21997,-23.723673,3.642352
21998,-23.575957,3.547714
21999,-23.415075,3.477763
22000,-23.245118,3.434278
22001,-23.070409,3.418364
22002,-22.895392,3.430428
22003,-22.724519,3.470162
22004,-22.562136,3.536555
22005,-22.412373,3.627918
22006,-22.279039,3.741929
22007,-22.165525,3.875686
22008,-16.786668,4.246443
22009,-16.646897,4.140092
22010,-16.491981,4.057342
22011,-16.325870,4.000302
22012,-16.152798,3.970427
22013,-15.977177,3.968478
22014,-15.803485,3.994505
22015,-15.636148,4.047844
22016,-15.479434,4.127135
22017,-15.337338,4.230358
22018,-15.213480,4.354881
22019,-2.830494,5.208423
22020,-2.899260,6.206056
22021,-14.996338,5.372221
22022,-15.063239,5.546220
22023,-15.158561,5.706423
22024,-15.279566,5.848229
22025,-15.422779,5.967566
22026,-15.584086,6.061007
22027,-15.758856,6.125867
22028,-15.942068,6.160284
22029,-16.128461,6.163270
22030,-16.312682,6.134738
22031,-16.489439,6.075509
22032,-16.653656,5.987283
22033,-16.800618,5.872594
22034,-16.926102,5.734736
22035,-17.026506,5.577668
22036,-17.098946,5.405901
22037,-17.141341,5.224369
22038,-22.022266,4.887934
22039,-22.101318,5.060683
22040,-22.208913,5.217254
22041,-22.341844,5.352977
22042,-22.496146,5.463803
22043,-22.667215,5.546428
22044,-22.849949,5.598385
22045,-23.038897,5.618127
22046,-23.228425,5.605063
22047,-23.412878,5.559583
22048,-23.586755,5.483045
22049,-23.744870,5.377730
22050,-23.882506,5.246781
22051,-23.995558,5.094103
22052,-24.080653,4.924250
22053,-24.135255,4.742288
22054,-29.235299,4.390749
22055,-29.372375,4.262421
22056,-29.529279,4.159275
22057,-29.701439,4.084318
22058,-29.883840,4.039734
22059,-30.071166,4.026822
22060,-30.257959,4.045958
22061,-30.438776,4.096585
22062,-30.608348,4.177227
22063,-30.761734,4.285534
22064,-36.183795,3.911799
22065,-36.309324,3.773416
22066,-36.456462,3.658273
22067,-36.620963,3.569692
22068,-36.798083,3.510229
22069,-36.982711,3.481598
22070,-37.169521,3.484626
22071,-37.353124,3.519225
22072,-37.528224,3.584398
22073,-37.689768,3.678264
22074,-37.833096,3.798115
22075,-43.141357,3.432223
22076,-43.254796,3.286129
22077,-43.391111,3.161107
22078,-43.546446,3.060692
22079,-43.716410,2.987725
22080,-43.896198,2.944267
22081,-44.080725,2.931547
22082,-44.264775,2.949927
22083,-44.443143,2.998884
22084,-44.610787,3.077036
22085,-44.762966,3.182173
22086,-44.895377,3.311321
22087,-50.106417,2.952131
22088,-50.207685,2.800137
22089,-50.332706,2.666994
22090,-50.478035,2.556372
22091,-50.639665,2.471322
22092,-50.813139,2.414188
22093,-50.993675,2.386546
22094,-51.176297,2.389156
22095,-51.355970,2.421948
22096,-51.527740,2.484017
22097,-51.686872,2.573653
22098,-51.828979,2.688383
22099,-51.950144,2.825046
22100,-57.077807,2.471603
22101,-57.167041,2.315097
22102,-57.280625,2.175257
22103,-57.415512,2.055832
22104,-57.568084,1.960026
22105,-57.734248,1.890409
22106,-57.909546,1.848849
22107,-58.089278,1.836461
22108,-58.268621,1.853576
22109,-58.442765,1.899735
22110,-58.607038,1.973701
22111,-58.757035,2.073490
22112,-58.888732,2.196424
22113,-58.998597,2.339206
22114,-64.054850,1.990685
22115,-64.139312,1.819075
22116,-64.252225,1.664690
22117,-64.390174,1.532198
22118,-64.548988,1.425604
22119,-64.723865,1.348133
22120,-64.909519,1.302125
22121,-65.100335,1.288972
22122,-65.290546,1.309072
22123,-65.474399,1.361817
22124,-65.646336,1.445612
22125,-65.801159,1.557924
22126,-65.934186,1.695357
22127,-66.041396,1.853755
22128,-71.037000,1.509415
22129,-71.108654,1.335988
22130,-71.208742,1.177262
22131,-71.334353,1.037859
22132,-71.481829,0.921832
22133,-71.646880,0.832561
22134,-71.824703,0.772641
22135,-72.010123,0.743817
22136,-72.197745,0.746928
22137,-72.382107,0.781883
22138,-72.557846,0.847664
22139,-72.719847,0.942358
22140,-72.863396,1.063209
22141,-72.984316,1.206701
22142,-73.079088,1.368657
22143,-78.023873,1.027819
22144,-78.083236,0.853380
22145,-78.170885,0.691298
22146,-78.284359,0.546120
22147,-78.420475,0.421921
22148,-78.575412,0.322185
22149,-78.744824,0.249711
22150,-78.923957,0.206532
22151,-79.107785,0.193861
22152,-79.291148,0.212053
22153,-79.468901,0.260598
22154,-79.636058,0.338132
22155,-79.787927,0.442481
22156,-79.920247,0.570717
22157,-80.029306,0.719240
22158,-80.112041,0.883885
22159,-85.015109,0.545923
22160,-85.062638,0.371123
22161,-85.138210,0.206494
22162,-85.239777,0.056500
22163,-85.364584,-0.074791
22164,-85.509246,-0.183819
22165,-85.669839,-0.267626
22166,-85.842010,-0.323941
22167,-86.021088,-0.351235
22168,-86.202217,-0.348769
22169,-86.380486,-0.316610
22170,-86.551060,-0.255629
22171,-86.709313,-0.167481
22172,-86.850953,-0.054556
22173,-86.972139,0.080084
22174,-87.069585,0.232787
22175,-87.140648,0.399412
22176,-92.010509,0.063740
22177,-92.049820,-0.121525
22178,-92.120327,-0.297300
22179,-92.219941,-0.458375
22180,-92.345708,-0.599976
22181,-92.493899,-0.717906
22182,-92.660124,-0.808667
22183,-92.839453,-0.869571
22184,-93.026571,-0.898811
22185,-93.215931,-0.895521
22186,-93.401920,-0.859799
22187,-93.579025,-0.792702
22188,-93.741996,-0.696221
22189,-93.886002,-0.573215
22190,-94.006774,-0.427330
22191,-94.100731,-0.262891
22192,-94.165090,-0.084773
22193,-99.009913,-0.418720
22194,-99.037356,-0.602614
22195,-99.095379,-0.779260
22196,-99.182324,-0.943609
22197,-99.295707,-1.090967
22198,-99.432289,-1.217124
22199,-99.588168,-1.318475
22200,-99.758890,-1.392125
22201,-99.939578,-1.435968
22202,-100.125068,-1.448754
22203,-100.310063,-1.430116
22204,-100.489275,-1.380587
22205,-100.657586,-1.301582
22206,-100.810185,-1.195358
22207,-100.942715,-1.064950
22208,-101.051387,-0.914085
22209,-101.133098,-0.747071
22210,-101.185513,-0.568681
22211,-106.013188,-0.901446
22212,-106.029204,-1.083554
22213,-106.075158,-1.260494
22214,-106.149782,-1.427381
22215,-106.251014,-1.579603
22216,-106.376059,-1.712958
22217,-106.521463,-1.823762
22218,-106.683210,-1.908954
22219,-106.856832,-1.966181
22220,-107.037535,-1.993864
22221,-107.220327,-1.991236
22222,-107.400159,-1.958372
22223,-107.572065,-1.896178
22224,-107.731297,-1.806373
22225,-107.873456,-1.691436
22226,-107.994617,-1.554543
22227,-108.091433,-1.399474
22228,-108.161230,-1.230512
22229,-108.202080,-1.052323
22230,-113.020276,-1.384435
22231,-113.026399,-1.574301
22232,-113.065098,-1.760282
22233,-113.135217,-1.936832
22234,-113.234666,-2.098685
22235,-113.360479,-2.241014
22236,-113.508903,-2.359575
22237,-113.675513,-2.450831
22238,-113.855339,-2.512061
22239,-114.043018,-2.541440
22240,-114.232953,-2.538090
22241,-114.419479,-2.502112
22242,-114.597034,-2.434578
22243,-114.760322,-2.337503
22244,-114.904473,-2.213782
22245,-115.025189,-2.067105
22246,-115.118869,-1.901845
22247,-115.182718,-1.722933
22248,-115.214834,-1.535703
22249,-120.031147,-1.867685
22250,-120.067758,-1.684942
22251,-120.134694,-1.511003
22252,-120.230035,-1.350861
22253,-120.351042,-1.209113
22254,-120.494243,-1.089829
22255,-120.655527,-0.996432
22256,-120.830262,-0.931603
22257,-121.013434,-0.897205
22258,-121.199785,-0.894224
22259,-121.383963,-0.922745
22260,-121.560683,-0.981950
22261,-121.724872,-1.070140
22262,-121.871815,-1.184783
22263,-121.997295,-1.322587
22264,-122.097710,-1.479597
22265,-122.170176,-1.651306
22266,-122.212615,-1.832784
22267,-122.223806,-2.018822
22268,-127.045792,-2.351195
22269,-127.094204,-2.167740
22270,-127.173422,-1.995334
22271,-127.281088,-1.839106
22272,-127.413999,-1.703704
22273,-127.568201,-1.593155
22274,-127.739106,-1.510750
22275,-127.921630,-1.458939
22276,-128.110342,-1.439265
22277,-128.299627,-1.452312
22278,-128.483855,-1.497693
22279,-128.657544,-1.574056
22280,-128.815526,-1.679132
22281,-128.953102,-1.809792
22282,-129.066178,-1.962150
22283,-129.151391,-2.131673
22284,-129.206204,-2.313318
22285,-129.228988,-2.501679
22286,-134.064291,-2.834970
22287,-134.120490,-2.661759
22288,-134.204494,-2.500192
22289,-134.314002,-2.354698
22290,-134.446013,-2.229264
22291,-134.596908,-2.127327
22292,-134.762554,-2.051682
22293,-134.938409,-2.004401
22294,-135.119655,-1.986781
22295,-135.301324,-1.999303
22296,-135.478438,-2.041625
22297,-135.646143,-2.112587
22298,-135.799843,-2.210244
22299,-135.935325,-2.331920
22300,-136.048877,-2.474280
22301,-136.137387,-2.633423
22302,-136.198429,-2.804988
22303,-136.230330,-2.984272
22304,-141.086726,-3.319017
22305,-141.154576,-3.146625
22306,-141.250394,-2.988065
22307,-141.371464,-2.847835
22308,-141.514351,-2.729911
22309,-141.675001,-2.637640
22310,-141.848858,-2.573639
22311,-142.030991,-2.539722
22312,-142.216232,-2.536852
22313,-142.399327,-2.565111
22314,-142.575083,-2.623696
22315,-142.738515,-2.710947
22316,-142.884986,-2.824387
22317,-143.010341,-2.960800
22318,-143.111026,-3.116316
22319,-143.184183,-3.286523
22320,-143.227738,-3.466594
22321,-148.113198,-3.803342
22322,-148.193087,-3.632342
22323,-148.301033,-3.477515
22324,-148.433858,-3.343422
22325,-148.587650,-3.234008
22326,-148.757883,-3.152496
22327,-148.939545,-3.101286
22328,-149.127287,-3.081885
22329,-149.315582,-3.094864
22330,-149.498887,-3.139841
22331,-149.671804,-3.215492
22332,-149.829243,-3.319590
22333,-149.966569,-3.449069
22334,-150.079739,-3.600119
22335,-150.165421,-3.768292
22336,-150.221092,-3.948637
22337,-155.143972,-4.287964
22338,-155.229289,-4.129779
22339,-155.339226,-3.987598
22340,-155.470848,-3.865217
22341,-155.620643,-3.765904
22342,-155.784610,-3.692309
22343,-155.958373,-3.646396
22344,-156.137293,-3.629393
22345,-156.316594,-3.641752
22346,-156.491489,-3.683143
22347,-156.657309,-3.752463
22348,-156.809628,-3.847859
22349,-156.944379,-3.966786
22350,-157.057966,-4.106068
22351,-157.147355,-4.261988
22352,-157.210161,-4.430383
22353,-162.179281,-4.772898
22354,-162.276158,-4.618050
22355,-162.397322,-4.481368
22356,-162.539434,-4.366620
22357,-162.698575,-4.276970
22358,-162.870356,-4.214891
22359,-163.050043,-4.182092
22360,-163.232679,-4.179480
22361,-163.413230,-4.207126
22362,-163.586716,-4.264268
22363,-163.748356,-4.349330
22364,-163.893691,-4.459967
22365,-164.018715,-4.593129
22366,-164.119980,-4.745143
22367,-164.194694,-4.911818
22368,-169.219480,-5.258169
22369,-169.328200,-5.107578
22370,-169.460706,-4.977424
22371,-169.613221,-4.871420
22372,-169.781398,-4.792587
22373,-169.960440,-4.743174
22374,-170.145243,-4.724588
22375,-170.330540,-4.737361
22376,-170.511046,-4.781126
22377,-170.681615,-4.854638
22378,-170.837384,-4.955800
22379,-170.973913,-5.081727
22380,-171.087308,-5.228830
22381,-171.174337,-5.392915
22382,-176.264973,-5.743806
22383,-176.385785,-5.598535
22384,-176.529676,-5.476082
22385,-176.692400,-5.380060
22386,-176.869156,-5.313302
22387,-177.054729,-5.277777
22388,-177.243643,-5.274533
22389,-177.430326,-5.303666
22390,-177.609270,-5.364317
22391,-177.775194,-5.454696
22392,-177.923205,-5.572136
22393,-178.048934,-5.713174
22394,-178.148672,-5.873646
22395,-183.316519,-6.229859
22396,-183.437608,-6.101894
22397,-183.577573,-5.994902
22398,-183.732824,-5.911627
22399,-183.899378,-5.854204
22400,-184.072963,-5.824108
22401,-184.249126,-5.822109
22402,-184.423349,-5.848259
22403,-184.591163,-5.901888
22404,-184.748263,-5.981620
22405,-184.890620,-6.085409
22406,-185.014581,-6.210593
22407,-185.116967,-6.353962
22408,-190.374941,-6.716387
22409,-190.506155,-6.596837
22410,-190.654890,-6.499950
22411,-190.817272,-6.428247
22412,-190.989072,-6.383596
22413,-191.165818,-6.367160
22414,-191.342906,-6.379366
22415,-191.515725,-6.419897
22416,-191.679775,-6.487698
22417,-191.830783,-6.581002
22418,-191.964818,-6.697381
22419,-192.078388,-6.833803
22420,-197.441392,-7.203467
22421,-197.582030,-7.094181
22422,-197.738462,-7.009025
22423,-197.906587,-6.950230
22424,-198.081996,-6.919339
22425,-198.260091,-6.917161
22426,-198.436203,-6.943754
22427,-198.605714,-6.998420
22428,-198.764182,-7.079726
22429,-198.907450,-7.185541
22430,-199.031764,-7.313089
22431,-204.517954,-7.691245
22432,-204.666575,-7.594612
22433,-204.828789,-7.523107
22434,-205.000383,-7.478588
22435,-205.176900,-7.462211
22436,-205.353755,-7.474401
22437,-205.526355,-7.514842
22438,-205.690218,-7.582484
22439,-205.841087,-7.675569
22440,-205.975044,-7.791680
22441,-211.607619,-8.179926
22442,-211.761380,-8.098960
22443,-211.925973,-8.043219
22444,-212.097290,-8.014095
22445,-212.271056,-8.012313
22446,-212.442934,-8.037920
22447,-212.608635,-8.090274
22448,-212.764024,-8.168071
22449,-212.905221,-8.269368
22450,-218.716055,-8.669901
22451,-218.869134,-8.608509
22452,-219.029670,-8.570694
22453,-219.194056,-8.557307
22454,-219.358596,-8.568648
22455,-219.519590,-8.604464
22456,-219.673420,-8.663947
22457,-219.816627,-8.745762
22458,-287.940064,-13.441417
22459,-287.929829,-12.438339
22460,-114.676958,-0.496255
22461,-114.524452,-0.421629
22462,-114.362279,-0.371360
22463,-114.194302,-0.346647
22464,-114.024522,-0.348079
22465,-113.856986,-0.375621
22466,-113.695683,-0.428617
22467,-107.778889,-0.020781
22468,-107.624988,0.077211
22469,-107.457007,0.148416
22470,-107.279567,0.190875
22471,-107.097550,0.203422
22472,-106.915962,0.185709
22473,-106.739800,0.138226
22474,-106.573910,0.062277
22475,-100.857108,0.456328
22476,-100.709916,0.571614
22477,-100.545326,0.660306
22478,-100.368092,0.719843
22479,-100.183336,0.748505
22480,-99.996395,0.745464
22481,-99.812669,0.710807
22482,-99.637466,0.645536
22483,-99.475848,0.551537
22484,-93.919780,0.934509
22485,-93.782705,1.062836
22486,-93.625801,1.165981
22487,-93.453641,1.240937
22488,-93.271241,1.285521
22489,-93.083916,1.298433
22490,-92.897124,1.279297
22491,-92.716308,1.228671
22492,-92.546736,1.148030
22493,-92.393350,1.039724
22494,-86.971204,1.413465
22495,-86.845679,1.551813
22496,-86.698553,1.666927
22497,-86.534070,1.755484
22498,-86.356974,1.814933
22499,-86.172372,1.843557
22500,-85.985589,1.840532
22501,-85.802011,1.805944
22502,-85.626933,1.740792
22503,-85.465404,1.646954
22504,-85.322083,1.527136
22505,-80.013656,1.893039
22506,-79.900215,2.039103
22507,-79.763907,2.164098
22508,-79.608585,2.264490
22509,-79.438639,2.337441
22510,-79.258874,2.380890
22511,-79.074369,2.393608
22512,-78.890342,2.375235
22513,-78.711994,2.326291
22514,-78.544367,2.248159
22515,-78.392198,2.143049
22516,-78.259790,2.013931
22517,-73.048607,2.373130
22518,-72.947335,2.525098
22519,-72.822316,2.658216
22520,-72.676996,2.768816
22521,-72.515381,2.853849
22522,-72.341924,2.910971
22523,-72.161407,2.938609
22524,-71.978806,2.936001
22525,-71.799152,2.903217
22526,-71.627398,2.841163
22527,-71.468278,2.751548
22528,-71.326177,2.636842
22529,-71.205012,2.500207
22530,-66.077227,2.853658
22531,-65.987985,3.010139
22532,-65.874401,3.149957
22533,-65.739520,3.269361
22534,-65.586959,3.365150
22535,-65.420809,3.434754
22536,-65.245527,3.476307
22537,-65.065814,3.488694
22538,-64.886489,3.471584
22539,-64.712361,3.425435
22540,-64.548099,3.351484
22541,-64.398111,3.251716
22542,-64.266417,3.128805
22543,-64.156550,2.986048
22544,-59.100192,3.334576
22545,-59.015721,3.506162
22546,-58.902806,3.660524
22547,-58.764862,3.792996
22548,-58.606057,3.899572
22549,-58.431193,3.977031
22550,-58.245555,4.023031
22551,-58.054756,4.036183
22552,-57.864563,4.016088
22553,-57.680724,3.963354
22554,-57.508799,3.879574
22555,-57.353983,3.767282
22556,-57.220957,3.629873
22557,-57.113742,3.471499
22558,-52.118050,3.815845
22559,-52.046385,3.989251
22560,-51.946293,4.147955
22561,-51.820684,4.287339
22562,-51.673214,4.403348
22563,-51.508173,4.492607
22564,-51.330364,4.552518
22565,-51.144959,4.581338
22566,-50.957354,4.578229
22567,-50.773006,4.543281
22568,-50.597279,4.477511
22569,-50.435287,4.382833
22570,-50.291742,4.262001
22571,-50.170821,4.118531
22572,-50.076042,3.956598
22573,-45.131184,4.297440
22574,-45.071809,4.471860
22575,-44.984155,4.633923
22576,-44.870680,4.779082
22577,-44.734568,4.903265
22578,-44.579639,5.002987
22579,-44.410238,5.075451
22580,-44.231118,5.118624
22581,-44.047305,5.131294
22582,-43.863956,5.113106
22583,-43.686215,5.064570
22584,-43.519068,4.987048
22585,-43.367205,4.882715
22586,-43.234887,4.754498
22587,-43.125826,4.605994
22588,-43.043081,4.441370
22589,-38.139955,4.779336
22590,-38.092413,4.954119
22591,-38.016833,5.118730
22592,-37.915264,5.268706
22593,-37.790459,5.399981
22594,-37.645804,5.508995
22595,-37.485219,5.592791
22596,-37.313060,5.649099
22597,-37.133995,5.676390
22598,-36.952878,5.673926
22599,-36.774622,5.641772
22600,-36.604059,5.580801
22601,-36.445814,5.492666
22602,-36.304178,5.379756
22603,-36.182992,5.245134
22604,-36.085541,5.092450
22605,-36.014468,4.925843
22606,-31.144572,5.261518
22607,-31.105261,5.446782
22608,-31.034753,5.622557
22609,-30.935140,5.783632
22610,-30.809373,5.925232
22611,-30.661182,6.043161
22612,-30.494958,6.133923
22613,-30.315629,6.194826
22614,-30.128511,6.224066
22615,-29.939151,6.220776
22616,-29.753162,6.185054
22617,-29.576057,6.117957
22618,-29.413087,6.021476
22619,-29.269081,5.898471
22620,-29.148309,5.752587
22621,-29.054351,5.588148
22622,-28.989992,5.410030
22623,-2.968025,7.203689
22624,-2.212250,8.258156
22625,-287.919594,-11.435261
22626,-287.909359,-10.432182
22627,-2.281015,9.255789
22628,-2.349781,10.253422
22629,-287.899124,-9.429104
22630,-287.888888,-8.426026
22631,-2.418546,11.251055
22632,-2.487312,12.248688
22633,-287.878653,-7.422948
22634,-287.868418,-6.419869
22635,-2.556077,13.246321
22636,-2.624843,14.243954
22637,-7.872441,13.882244
22638,-7.903299,13.701850
22639,-7.963640,13.529068
22640,-8.051793,13.368683
22641,-8.165317,13.225134
22642,-8.301071,13.102393
22643,-8.455296,13.003860
22644,-8.623724,12.932260
22645,-8.801692,12.889577
22646,-8.984273,12.876992
22647,-9.166414,12.894853
22648,-9.343073,12.942666
22649,-9.509359,13.019108
22650,-9.660670,13.122061
22651,-9.792816,13.248677
22652,-9.902141,13.395450
22653,-9.985618,13.558318
22654,-10.040935,13.732772
22655,-287.858183,-5.416791
22656,-287.847948,-4.413713
22657,-283.247332,-4.096599
22658,-283.216551,-4.285100
22659,-283.153627,-4.465434
22660,-283.060458,-4.632166
22661,-282.939852,-4.780268
22662,-282.795446,-4.905276
22663,-282.631593,-5.003420
22664,-282.453233,-5.071741
22665,-282.265744,-5.108180
22666,-282.074777,-5.111638
22667,-281.886092,-5.082011
22668,-281.705375,-5.020192
22669,-281.538076,-4.928045
22670,-281.389239,-4.808348
22671,-281.263350,-4.664709
22672,-281.164205,-4.501460
22673,-281.094793,-4.323522
22674,-281.057208,-4.136259
22675,-281.052581,-3.945318
22676,-276.235125,-3.613257
22677,-276.195484,-3.792779
22678,-276.126498,-3.963191
22679,-276.030093,-4.119734
22680,-275.908963,-4.258034
22681,-275.766491,-4.374229
22682,-275.606657,-4.465072
22683,-275.433925,-4.528026
22684,-275.253121,-4.561333
22685,-275.069295,-4.564062
22686,-274.887581,-4.536137
22687,-274.713057,-4.478338
22688,-274.550597,-4.392279
22689,-274.404738,-4.280365
22690,-274.279556,-4.145721
22691,-274.178547,-3.992109
22692,-274.104532,-3.823820
22693,-274.059580,-3.645554
22694,-274.044945,-3.462291
22695,-269.219113,-3.129653
22696,-269.167834,-3.309519
22697,-269.086824,-3.478099
22698,-268.978425,-3.630517
22699,-268.845771,-3.762367
22700,-268.692697,-3.869838
22701,-268.523629,-3.949823
22702,-268.343454,-4.000008
22703,-268.157381,-4.018944
22704,-267.970790,-4.006082
22705,-267.789076,-3.961796
22706,-267.617490,-3.887364
22707,-267.460995,-3.784939
22708,-267.324115,-3.657482
22709,-267.210806,-3.508677
22710,-267.124345,-3.342828
22711,-267.067231,-3.164728
22712,-267.041115,-2.979526
22713,-262.199257,-2.645784
22714,-262.135949,-2.825533
22715,-262.042568,-2.991658
22716,-261.921915,-3.139172
22717,-261.777613,-3.263649
22718,-261.613992,-3.361352
22719,-261.435964,-3.429348
22720,-261.248871,-3.465597
22721,-261.058330,-3.469010
22722,-260.870059,-3.439486
22723,-260.689710,-3.377909
22724,-260.522695,-3.286130
22725,-260.374027,-3.166902
22726,-260.248168,-3.023803
22727,-260.148896,-2.861129
22728,-260.079191,-2.683763
22729,-260.041145,-2.497028
22730,-255.175402,-2.161639
22731,-255.105247,-2.329948
22732,-255.008251,-2.484356
22733,-254.887080,-2.620618
22734,-254.745064,-2.734991
22735,-254.586104,-2.824332
22736,-254.414570,-2.886185
22737,-254.235175,-2.918852
22738,-254.052847,-2.921434
22739,-253.872599,-2.893860
22740,-253.699382,-2.836889
22741,-253.537957,-2.752085
22742,-253.392759,-2.641779
22743,-253.267778,-2.509002
22744,-253.166449,-2.357403
22745,-253.091556,-2.191147
22746,-253.045158,-2.014804
22747,-248.147410,-1.677209
22748,-248.065470,-1.843703
22749,-247.956710,-1.994054
22750,-247.824225,-2.123984
22751,-247.671784,-2.229795
22752,-247.503726,-2.308476
22753,-247.324833,-2.357788
22754,-247.140197,-2.376327
22755,-246.955072,-2.363567
22756,-246.774725,-2.319869
22757,-246.604291,-2.246479
22758,-246.448617,-2.145483
22759,-246.312136,-2.019757
22760,-246.198731,-1.872879
22761,-246.111628,-1.709027
22762,-246.053307,-1.532865
22763,-241.115108,-1.192482
22764,-241.020999,-1.356469
22765,-240.900197,-1.501917
22766,-240.756273,-1.624530
22767,-240.593477,-1.720686
22768,-240.416620,-1.787542
22769,-240.230927,-1.823124
22770,-240.041883,-1.826382
22771,-239.855074,-1.797217
22772,-239.676019,-1.736493
22773,-239.510007,-1.646003
22774,-239.361944,-1.528421
22775,-239.236204,-1.387221
22776,-239.136502,-1.226573
22777,-239.065783,-1.051225
22778,-234.078117,-0.707432
22779,-233.979948,-0.857234
22780,-233.858770,-0.989120
22781,-233.717797,-1.099593
22782,-233.560764,-1.185724
22783,-233.391835,-1.245231
22784,-233.215489,-1.276534
22785,-233.036400,-1.278805
22786,-232.859317,-1.251984
22787,-232.688934,-1.196781
22788,-232.529767,-1.114659
22789,-232.386037,-1.007797
22790,-232.261554,-0.879026
22791,-232.159618,-0.731761
22792,-232.082931,-0.569906
22793,-227.036086,-0.222034
22794,-226.926518,-0.367092
22795,-226.794555,-0.492123
22796,-226.643802,-0.593714
22797,-226.478376,-0.669088
22798,-226.302795,-0.716188
22799,-226.121855,-0.733727
22800,-225.940497,-0.721226
22801,-225.763675,-0.679027
22802,-225.596217,-0.608282
22803,-225.442697,-0.510923
22804,-225.307309,-0.389610
22805,-225.193749,-0.247655
22806,-225.105120,-0.088935
22807,-219.988562,0.263742
22808,-219.867457,0.124553
22809,-219.724792,0.007563
22810,-219.564581,-0.083937
22811,-219.391330,-0.147372
22812,-219.209914,-0.180960
22813,-219.025436,-0.183753
22814,-218.843086,-0.155675
22815,-218.667994,-0.097514
22816,-218.505085,-0.010907
22817,-218.358943,0.101709
22818,-218.233679,0.237167
22819,-218.132817,0.391656
22820,-212.934704,0.749955
22821,-212.802045,0.618054
22822,-212.648955,0.510539
22823,-212.479861,0.430520
22824,-212.299652,0.380312
22825,-212.113542,0.361366
22826,-211.926912,0.374230
22827,-211.745162,0.418532
22828,-211.573546,0.492991
22829,-211.417030,0.595454
22830,-211.280139,0.722957
22831,-211.166833,0.871812
22832,-205.873579,1.236668
22833,-205.729597,1.113776
22834,-205.566677,1.017389
22835,-205.389643,0.950362
22836,-205.203739,0.914680
22837,-205.014470,0.911399
22838,-204.827442,0.940617
22839,-204.648192,1.001469
22840,-204.482029,1.092152
22841,-204.333874,1.209981
22842,-204.208115,1.351467
22843,-198.803746,1.723982
22844,-198.649130,1.612264
22845,-198.477538,1.528936
22846,-198.294131,1.476506
22847,-198.104424,1.456550
22848,-197.914121,1.469667
22849,-197.728946,1.515464
22850,-197.554467,1.592562
22851,-197.395931,1.698645
22852,-197.258106,1.830521
22853,-191.723106,2.212041
22854,-191.559432,2.114238
22855,-191.381327,2.046167
22856,-191.194144,2.009875
22857,-191.003506,2.006451
22858,-190.815140,2.035999
22859,-190.634707,2.097631
22860,-190.467627,2.189494
22861,-190.318920,2.308830
22862,-184.627671,2.701120
22863,-184.458431,2.620912
22864,-184.278037,2.570576
22865,-184.091719,2.551572
22866,-183.904877,2.564451
22867,-183.722928,2.608839
22868,-183.551147,2.683449
22869,-183.394512,2.786120
22870,-177.510202,3.191717
22871,-177.343247,3.133946
22872,-177.169197,3.103648
22873,-176.992540,3.101604
22874,-176.817835,3.127867
22875,-176.649588,3.181759
22876,-176.492138,3.261891
22877,-9.745354,14.755519
22878,-9.612267,14.868722
22879,-9.462934,14.959424
22880,-9.301124,15.025338
22881,-9.130919,15.064800
22882,-8.956612,15.076814
22883,-8.782602,15.061079
22884,-8.613279,15.017990
22885,-8.452913,14.948635
22886,-8.305553,14.854763
22887,-2.693608,15.241586
22888,-2.762374,16.239219
22889,-14.877893,15.404113
22890,-14.933518,15.223698
22891,-15.019174,15.055451
22892,-15.132339,14.904330
22893,-15.269679,14.774786
22894,-15.427148,14.670635
22895,-15.600108,14.594945
22896,-15.783463,14.549946
22897,-15.971812,14.536964
22898,-16.159607,14.556380
22899,-16.341315,14.607623
22900,-16.511585,14.689183
22901,-16.665400,14.798658
22902,-16.798230,14.932823
22903,-16.906161,15.087726
22904,-16.986013,15.258803
22905,-21.871258,14.922070
22906,-21.914750,14.741920
22907,-21.987869,14.571628
22908,-22.088539,14.416028
22909,-22.213901,14.279536
22910,-22.360399,14.166028
22911,-22.523874,14.078724
22912,-22.699684,14.020104
22913,-22.882841,13.991830
22914,-23.068145,13.994706
22915,-23.250336,14.028650
22916,-23.424242,14.092698
22917,-23.584929,14.185033
22918,-23.727833,14.303033
22919,-23.848900,14.443349
22920,-23.944692,14.601999
22921,-24.012491,14.774478
22922,-71.354779,11.511238
22923,-71.501372,11.424626
22924,-71.659575,11.361674
22925,-71.825599,11.323892
22926,-71.995464,11.312183
22927,-72.165101,11.326829
22928,-72.330446,11.367479
22929,-72.487536,11.433159
22930,-78.269623,11.034608
22931,-78.412706,10.929208
22932,-78.570895,10.848225
22933,-78.740060,10.793772
22934,-78.915786,10.767270
22935,-79.093487,10.769411
22936,-79.268523,10.800139
22937,-79.436327,10.858651
22938,-79.592519,10.943422
22939,-85.201981,10.556770
22940,-85.336944,10.437065
22941,-85.489657,10.341030
22942,-85.656013,10.271246
22943,-85.831537,10.229592
22944,-86.011510,10.217187
22945,-86.191090,10.234364
22946,-86.365447,10.280663
22947,-86.529893,10.354837
22948,-86.680003,10.454892
22949,-92.146881,10.078067
22950,-92.271618,9.947341
22951,-92.416073,9.838800
22952,-92.576349,9.755371
22953,-92.748120,9.699306
22954,-92.926752,9.672117
22955,-93.107425,9.674539
22956,-93.285264,9.706506
22957,-93.455470,9.767155
22958,-93.613452,9.854851
22959,-93.754945,9.967226
22960,-99.101542,9.598692
22961,-99.215129,9.459442
22962,-99.349872,9.340544
22963,-99.502176,9.245171
22964,-99.667977,9.175869
22965,-99.842848,9.134487
22966,-100.022124,9.122130
22967,-100.201020,9.139127
22968,-100.374761,9.185025
22969,-100.538710,9.258599
22970,-100.688493,9.357885
22971,-100.820111,9.480233
22972,-106.064035,9.118777
22973,-106.166139,8.972877
22974,-106.290447,8.845365
22975,-106.433702,8.739582
22976,-106.592148,8.658301
22977,-106.761634,8.603651
22978,-106.937716,8.577065
22979,-107.115781,8.579240
22980,-107.291162,8.610119
22981,-107.459262,8.668892
22982,-107.615676,8.754019
22983,-107.756304,8.863270
22984,-107.877460,8.993780
22985,-113.033255,8.638398
22986,-113.132470,8.475467
22987,-113.258342,8.332126
22988,-113.407086,8.212688
22989,-113.574228,8.120744
22990,-113.754742,8.059059
22991,-113.943199,8.029489
22992,-114.133930,8.032922
22993,-114.321200,8.069256
22994,-114.499377,8.137398
22995,-114.663102,8.235298
22996,-114.807451,8.360012
22997,-114.928083,8.507790
22998,-120.008365,8.157613
22999,-120.094674,7.991303
23000,-120.207957,7.842053
23001,-120.344928,7.714195
23002,-120.501611,7.611439
23003,-120.673461,7.536766
23004,-120.855492,7.492343
23005,-121.042421,7.479458
23006,-121.228825,7.498486
23007,-121.409295,7.548874
23008,-121.578596,7.629160
23009,-121.731814,7.737016
23010,-121.864504,7.869311
23011,-121.972815,8.022206
23012,-126.988791,7.676462
23013,-127.062645,7.507809
23014,-127.163594,7.353837
23015,-127.288811,7.218859
23016,-127.434786,7.106656
23017,-127.597431,7.020372
23018,-127.772188,6.962425
23019,-127.954163,6.934437
23020,-128.138257,6.937192
23021,-128.319313,6.970614
23022,-128.492258,7.033766
23023,-128.652248,7.124879
23024,-128.794800,7.241400
23025,-128.915920,7.380065
23026,-129.012216,7.536990
23027,-133.974006,7.194981
23028,-134.035834,7.024809
23029,-134.124740,6.867084
23030,-134.238314,6.726080
23031,-134.373479,6.605616
23032,-134.526574,6.508957
23033,-134.693451,6.438720
23034,-134.869589,6.396808
23035,-135.050216,6.384358
23036,-135.230439,6.401706
23037,-135.405375,6.448382
23038,-135.570284,6.523122
23039,-135.720699,6.623901
23040,-135.852546,6.747989
23041,-135.962251,6.892024
23042,-136.046843,7.052103
23043,-140.963714,6.713190
23044,-141.018256,6.531139
23045,-141.103319,6.361194
23046,-141.216364,6.208427
23047,-141.354017,6.077397
23048,-141.512168,5.972015
23049,-141.686098,5.895428
23050,-141.870614,5.849921
23051,-142.060209,5.836852
23052,-142.249224,5.856612
23053,-142.432017,5.908611
23054,-142.603132,5.991297
23055,-142.757460,6.102201
23056,-142.890397,6.238013
23057,-142.997973,6.394680
23058,-143.076977,6.567525
23059,-147.957673,6.231105
23060,-148.000017,6.049510
23061,-148.072426,5.877676
23062,-148.172817,5.720541
23063,-148.298307,5.582621
23064,-148.445289,5.467877
23065,-148.609541,5.379609
23066,-148.786341,5.320352
23067,-148.970611,5.291808
23068,-149.157053,5.294799
23069,-149.340312,5.329238
23070,-149.515121,5.394135
23071,-149.676457,5.487627
23072,-149.819684,5.607025
23073,-149.940685,5.748900
23074,-150.035985,5.909174
23075,-150.102845,6.083242
23076,-154.955664,5.748744
23077,-154.986286,5.568100
23078,-155.046467,5.395046
23079,-155.134538,5.234381
23080,-155.248055,5.090563
23081,-155.383870,4.967583
23082,-155.538213,4.868851
23083,-155.706803,4.797108
23084,-155.884963,4.754344
23085,-156.067749,4.741745
23086,-156.250092,4.759660
23087,-156.426931,4.807593
23088,-156.593361,4.884214
23089,-156.744764,4.987397
23090,-156.876940,5.114279
23091,-156.986223,5.261341
23092,-157.069579,5.424502
23093,-157.124696,5.599235
23094,-161.957573,5.266112
23095,-161.978952,5.076467
23096,-162.032789,4.893372
23097,-162.117461,4.722338
23098,-162.230421,4.568513
23099,-162.368269,4.436527
23100,-162.526854,4.330354
23101,-162.701404,4.253189
23102,-162.886664,4.207355
23103,-163.077058,4.194231
23104,-163.266855,4.214213
23105,-163.450341,4.266699
23106,-163.621995,4.350110
23107,-163.776648,4.461934
23108,-163.909645,4.598805
23109,-164.016983,4.756604
23110,-164.095432,4.930581
23111,-164.142630,5.115499
23112,-168.963314,4.783215
23113,-168.973036,4.596037
23114,-169.014395,4.413227
23115,-169.086189,4.240092
23116,-169.186334,4.081659
23117,-169.311923,3.942527
23118,-169.459310,3.826737
23119,-169.624214,3.737650
23120,-169.801850,3.677852
23121,-169.987059,3.649080
23122,-170.174464,3.652168
23123,-170.358624,3.687028
23124,-170.534192,3.752647
23125,-170.696072,3.847120
23126,-170.839563,3.967704
23127,-170.960499,4.110898
23128,-171.055369,4.272545
23129,-171.121419,4.447952
23130,-171.156731,4.632026
23131,-175.972835,4.300059
23132,-176.006281,4.485994
23133,-176.071050,4.663465
23134,-176.165231,4.827235
23135,-176.286046,4.972474
23136,-176.429931,5.094899
23137,-176.592643,5.190898
23138,-176.769381,5.257639
23139,-176.954932,5.293155
23140,-177.143824,5.296396
23141,-177.330485,5.267268
23142,-177.509409,5.206630
23143,-177.675319,5.116271
23144,-177.823320,4.998855
23145,-177.949047,4.857846
23146,-178.048791,4.697404
23147,-178.119611,4.522260
23148,-178.159418,4.337582
23149,-178.167037,4.148815
23150,-182.986144,3.816641
23151,-183.028197,3.993472
23152,-183.098797,4.160964
23153,-183.196013,4.314543
23154,-183.317194,4.450017
23155,-183.459029,4.563686
23156,-183.617645,4.652446
23157,-183.788714,4.713875
23158,-183.967562,4.746295
23159,-184.149307,4.748820
23160,-184.328987,4.721382
23161,-184.501696,4.664730
23162,-184.662718,4.580411
23163,-184.807656,4.470727
23164,-184.932554,4.338672
23165,-185.034000,4.187853
23166,-185.109226,4.022388
23167,-185.156177,3.846793
23168,-185.173570,3.665865
23169,-190.003273,3.332960
23170,-190.056816,3.509848
23171,-190.139217,3.675276
23172,-190.248152,3.824573
23173,-190.380544,3.953525
23174,-190.532656,4.058493
23175,-190.700195,4.136512
23176,-190.878432,4.185380
23177,-191.062334,4.203719
23178,-191.246711,4.191010
23179,-191.426358,4.147613
23180,-191.596204,4.074751
23181,-191.751454,3.974482
23182,-191.887725,3.849637
23183,-192.001173,3.703740
23184,-192.088592,3.540908
23185,-192.147517,3.365739
23186,-192.176284,3.183177
23187,-197.024271,2.849012
23188,-197.089671,3.025473
23189,-197.184193,3.188205
23190,-197.305070,3.332443
23191,-197.448764,3.453966
23192,-197.611070,3.549216
23193,-197.787236,3.615407
23194,-197.972107,3.650601
23195,-198.160272,3.653768
23196,-198.346222,3.624814
23197,-198.524516,3.564588
23198,-198.689934,3.474852
23199,-198.837636,3.358232
23200,-198.963298,3.218143
23201,-199.063242,3.058684
23202,-199.134542,2.884523
23203,-199.175112,2.700757
23204,-204.049309,2.364786
23205,-204.121269,2.529701
23206,-204.219152,2.680679
23207,-204.340338,2.813679
23208,-204.481586,2.925144
23209,-204.639116,3.012091
23210,-204.808712,3.072193
23211,-204.985838,3.103842
23212,-205.165754,3.106191
23213,-205.343647,3.079179
23214,-205.514755,3.023526
23215,-205.674502,2.940723
23216,-205.818612,2.832985
23217,-205.943230,2.703194
23218,-206.045022,2.554824
23219,-206.121264,2.391844
23220,-206.169916,2.218615
23221,-211.078542,1.880270
23222,-211.162060,2.043038
23223,-211.271400,2.189712
23224,-211.403536,2.316236
23225,-211.554815,2.419111
23226,-211.721051,2.495490
23227,-211.897648,2.543262
23228,-212.079720,2.561105
23229,-212.262231,2.548524
23230,-212.440132,2.505869
23231,-212.608504,2.434320
23232,-212.762689,2.335854
23233,-212.898422,2.213196
23234,-213.011949,2.069738
23235,-213.100130,1.909449
23236,-213.160525,1.736762
23237,-218.112208,1.395449
23238,-218.207631,1.555323
23239,-218.328650,1.696813
23240,-218.471798,1.815867
23241,-218.632975,1.909072
23242,-218.807562,1.973760
23243,-218.990558,2.008077
23244,-219.176720,2.011039
23245,-219.360715,1.982562
23246,-219.537272,1.923462
23247,-219.701332,1.835432
23248,-219.848196,1.720993
23249,-219.973655,1.583425
23250,-220.074117,1.426669
23251,-220.146702,1.255214
23252,-225.150571,0.910304
23253,-225.258256,1.066439
23254,-225.391162,1.201754
23255,-225.545337,1.312226
23256,-225.716197,1.394572
23257,-225.898663,1.446342
23258,-226.087310,1.465998
23259,-226.276530,1.452956
23260,-226.460696,1.407602
23261,-226.634333,1.331286
23262,-226.792279,1.226276
23263,-226.929839,1.095695
23264,-227.042922,0.943424
23265,-227.128166,0.773992
23266,-232.194158,0.424800
23267,-232.304291,0.565275
23268,-232.435693,0.686088
23269,-232.584905,0.784058
23270,-232.747998,0.856604
23271,-232.920678,0.901817
23272,-233.098396,0.918506
23273,-233.276474,0.906231
23274,-233.450222,0.865316
23275,-233.615065,0.796838
23276,-233.766661,0.702601
23277,-233.901021,0.585085
23278,-234.014604,0.447385
23279,-234.104421,0.293128
23280,-239.243494,-0.061101
23281,-239.364681,0.073029
23282,-239.506201,0.185500
23283,-239.664230,0.273274
23284,-239.834500,0.333981
23285,-240.012414,0.365981
23286,-240.193167,0.368411
23287,-240.371877,0.341204
23288,-240.543718,0.285095
23289,-240.704049,0.201600
23290,-240.848540,0.092974
23291,-240.973289,-0.037850
23292,-241.074928,-0.187340
23293,-246.299273,-0.547447
23294,-246.431391,-0.421086
23295,-246.582613,-0.318352
23296,-246.748761,-0.242082
23297,-246.925247,-0.194384
23298,-247.107195,-0.176575
23299,-247.289580,-0.189147
23300,-247.467363,-0.231752
23301,-247.635636,-0.303213
23302,-247.789748,-0.401558
23303,-247.925444,-0.524069
23304,-248.038975,-0.667362
23305,-253.362754,-1.034323
23306,-253.505367,-0.917551
23307,-253.665475,-0.826231
23308,-253.838584,-0.762928
23309,-254.019832,-0.729417
23310,-254.204132,-0.726642
23311,-254.386307,-0.754678
23312,-254.561244,-0.812740
23313,-254.724030,-0.899196
23314,-254.870094,-1.011620
23315,-254.995336,-1.146854
23316,-260.435489,-1.521837
23317,-260.587586,-1.416908
23318,-260.755101,-1.338920
23319,-260.933307,-1.290072
23320,-261.117176,-1.271742
23321,-261.301518,-1.284449
23322,-261.481133,-1.327832
23323,-261.650951,-1.400670
23324,-261.806182,-1.500905
23325,-261.942444,-1.625709
23326,-267.519906,-2.010156
23327,-267.679389,-1.919920
23328,-267.851638,-1.857411
23329,-268.031875,-1.824363
23330,-268.215096,-1.821694
23331,-268.396218,-1.849477
23332,-268.570216,-1.906942
23333,-268.732259,-1.992493
23334,-268.877853,-2.103757
23335,-274.620728,-2.499606
23336,-274.783141,-2.427867
23337,-274.954979,-2.383192
23338,-275.131767,-2.366745
23339,-275.308897,-2.378954
23340,-275.481756,-2.419502
23341,-275.645840,-2.487332
23342,-275.796874,-2.580676
23343,-281.747169,-2.990822
23344,-281.902549,-2.942533
23345,-282.063353,-2.917693
23346,-282.226061,-2.916846
23347,-282.387115,-2.940010
23348,-282.542990,-2.986678
23349,-282.690275,-3.055829
23350,-287.837712,-3.410635
23351,-287.827477,-2.407556
23352,-170.662664,5.668454
23353,-170.498682,5.756387
23354,-170.322225,5.815423
23355,-170.138343,5.843872
23356,-169.952296,5.840921
23357,-169.769408,5.806655
23358,-169.594912,5.742053
23359,-163.754754,6.144607
23360,-163.615544,6.241824
23361,-163.463030,6.316459
23362,-163.300848,6.366733
23363,-163.132860,6.391448
23364,-162.963070,6.390016
23365,-162.795523,6.362470
23366,-162.634212,6.309466
23367,-162.482980,6.232269
23368,-156.826851,6.622138
23369,-156.693969,6.734677
23370,-156.544993,6.824836
23371,-156.383656,6.890355
23372,-156.214001,6.929594
23373,-156.040279,6.941569
23374,-155.866845,6.925979
23375,-155.698044,6.883215
23376,-155.538106,6.814349
23377,-155.391040,6.721106
23378,-149.885238,7.100614
23379,-149.761402,7.225004
23380,-149.619358,7.328114
23381,-149.462721,7.407317
23382,-149.295481,7.460599
23383,-149.121895,7.486601
23384,-148.946383,7.484661
23385,-148.773413,7.454830
23386,-148.607391,7.397867
23387,-148.452543,7.315222
23388,-148.312811,7.208999
23389,-142.933175,7.579810
23390,-142.819665,7.713419
23391,-142.686371,7.827298
23392,-142.536678,7.918554
23393,-142.374387,7.984869
23394,-142.203623,8.024559
23395,-142.028722,8.036615
23396,-141.854126,8.020730
23397,-141.684272,7.977310
23398,-141.523474,7.907455
23399,-141.375815,7.812942
23400,-141.245048,7.696170
23401,-135.972842,8.059576
23402,-135.859801,8.212391
23403,-135.722139,8.343463
23404,-135.563969,8.448879
23405,-135.390012,8.525492
23406,-135.205462,8.571014
23407,-135.015832,8.584085
23408,-134.826782,8.564315
23409,-134.643959,8.512294
23410,-134.472820,8.429577
23411,-134.318477,8.318632
23412,-134.185538,8.182773
23413,-129.005480,8.539827
23414,-128.905257,8.697854
23415,-128.779698,8.836607
23416,-128.632438,8.952069
23417,-128.467737,9.040900
23418,-128.290362,9.100528
23419,-128.105447,9.129229
23420,-127.918343,9.126171
23421,-127.734465,9.091443
23422,-127.559134,9.026050
23423,-127.397424,8.931885
23424,-127.254015,8.811672
23425,-127.133057,8.668891
23426,-122.031969,9.020502
23427,-121.944263,9.182394
23428,-121.830782,9.327389
23429,-121.694707,9.451425
23430,-121.539849,9.551026
23431,-121.370547,9.623402
23432,-121.191544,9.666524
23433,-121.007856,9.679186
23434,-120.824630,9.661031
23435,-120.646999,9.612569
23436,-120.479939,9.535157
23437,-120.328132,9.430965
23438,-120.195831,9.302911
23439,-120.086742,9.154584
23440,-115.053069,9.501548
23441,-114.977528,9.666254
23442,-114.875972,9.816324
23443,-114.751157,9.947685
23444,-114.606470,10.056773
23445,-114.445837,10.140628
23446,-114.273617,10.196974
23447,-114.094483,10.224281
23448,-113.913297,10.221810
23449,-113.734974,10.189627
23450,-113.564355,10.128605
23451,-113.406069,10.040400
23452,-113.264411,9.927407
23453,-113.143225,9.792690
23454,-113.045799,9.639906
23455,-108.069220,9.982935
23456,-107.999891,10.161034
23457,-107.900782,10.324445
23458,-107.774885,10.468235
23459,-107.626000,10.588064
23460,-107.458622,10.680314
23461,-107.277802,10.742202
23462,-107.089000,10.771857
23463,-106.897915,10.768387
23464,-106.710314,10.731894
23465,-106.531861,10.663481
23466,-106.367943,10.565214
23467,-106.223508,10.440057
23468,-106.102916,10.291790
23469,-106.009806,10.124887
23470,-101.080790,10.464638
23471,-101.024021,10.643283
23472,-100.937746,10.809695
23473,-100.824468,10.959043
23474,-100.687478,11.086989
23475,-100.530753,11.189818
23476,-100.358844,11.264544
23477,-100.176744,11.308998
23478,-99.989741,11.321888
23479,-99.803263,11.302840
23480,-99.622728,11.252407
23481,-99.453376,11.172054
23482,-99.300127,11.064113
23483,-99.167429,10.931720
23484,-99.059137,10.778719
23485,-98.978394,10.609553
23486,-94.088039,10.946639
23487,-94.043304,11.125189
23488,-93.969423,11.293779
23489,-93.868463,11.447690
23490,-93.743253,11.582611
23491,-93.597297,11.694765
23492,-93.434684,11.781010
23493,-93.259966,11.838932
23494,-93.078036,11.866910
23495,-92.893987,11.864159
23496,-92.712975,11.830756
23497,-92.540066,11.767638
23498,-92.380103,11.676571
23499,-92.237564,11.560106
23500,-92.116442,11.421503
23501,-92.020128,11.264644
23502,-91.951318,11.093920
23503,-87.091212,11.428920
23504,-87.058061,11.606848
23505,-86.996184,11.776931
23506,-86.907254,11.934565
23507,-86.793679,12.075483
23508,-86.658534,12.195870
23509,-86.505477,12.292467
23510,-86.338653,12.362658
23511,-86.162577,12.404543
23512,-85.982016,12.416989
23513,-85.801858,12.399658
23514,-85.626981,12.353020
23515,-85.462119,12.278337
23516,-85.311734,12.177632
23517,-85.179899,12.053630
23518,-85.070181,11.909688
23519,-84.985553,11.749703
23520,-84.928303,11.578007
23521,-80.090432,11.911475
23522,-80.066275,12.098554
23523,-80.010511,12.278756
23524,-79.924778,12.446781
23525,-79.811599,12.597687
23526,-79.674300,12.727038
23527,-79.516921,12.831029
23528,-79.344088,12.906602
23529,-79.160885,12.951535
23530,-78.972698,12.964506
23531,-78.785063,12.945135
23532,-78.603496,12.893990
23533,-78.433337,12.812576
23534,-78.279589,12.703287
23535,-78.146775,12.569336
23536,-78.038799,12.414664
23537,-77.958837,12.243817
23538,-77.909241,12.061821
23539,-73.085802,12.394294
23540,-73.073186,12.579202
23541,-73.029706,12.759368
23542,-72.956595,12.929677
23543,-72.855928,13.085293
23544,-72.730564,13.221799
23545,-72.584061,13.335321
23546,-72.420578,13.422635
23547,-72.244757,13.481262
23548,-72.061589,13.509538
23549,-71.876273,13.506661
23550,-71.694070,13.472712
23551,-71.520154,13.408655
23552,-71.359461,13.316308
23553,-71.216553,13.198293
23554,-71.095487,13.057960
23555,-70.999699,12.899294
23556,-70.931911,12.726798
23557,-70.894044,12.545369
23558,-66.077377,12.877375
23559,-66.046598,12.688873
23560,-65.983676,12.508536
23561,-65.890507,12.341802
23562,-65.769902,12.193697
23563,-65.625495,12.068688
23564,-65.461641,11.970543
23565,-65.283280,11.902220
23566,-65.095789,11.865780
23567,-64.904822,11.862322
23568,-64.716135,11.891949
23569,-64.535417,11.953769
23570,-64.368117,12.045918
23571,-64.219279,12.165617
23572,-64.093390,12.309257
23573,-63.994245,12.472508
23574,-63.924835,12.650449
23575,-63.887251,12.837713
23576,-63.882626,13.028657
23577,-59.065171,13.360717
23578,-59.025532,13.181193
23579,-58.956547,13.010779
23580,-58.860143,12.854234
23581,-58.739013,12.715931
23582,-58.596540,12.599735
23583,-58.436705,12.508890
23584,-58.263972,12.445935
23585,-58.083167,12.412627
23586,-57.899339,12.409898
23587,-57.717624,12.437824
23588,-57.543099,12.495624
23589,-57.380637,12.581684
23590,-57.234778,12.693599
23591,-57.109596,12.828245
23592,-57.008587,12.981859
23593,-56.934573,13.150151
23594,-56.889622,13.328419
23595,-56.874990,13.511683
23596,-52.049160,13.844321
23597,-51.997882,13.664452
23598,-51.916873,13.495871
23599,-51.808475,13.343450
23600,-51.675821,13.211598
23601,-51.522746,13.104125
23602,-51.353677,13.024139
23603,-51.173501,12.973953
23604,-50.987426,12.955017
23605,-50.800834,12.967878
23606,-50.619118,13.012166
23607,-50.447531,13.086599
23608,-50.291035,13.189025
23609,-50.154154,13.316484
23610,-50.040846,13.465291
23611,-49.954385,13.631142
23612,-49.897273,13.809244
23613,-49.871159,13.994448
23614,-45.029304,14.328190
23615,-44.965998,14.148439
23616,-44.872618,13.982311
23617,-44.751966,13.834794
23618,-44.607663,13.710316
23619,-44.444041,13.612611
23620,-44.266012,13.544614
23621,-44.078917,13.508364
23622,-43.888375,13.504950
23623,-43.700102,13.534475
23624,-43.519751,13.596052
23625,-43.352735,13.687833
23626,-43.204066,13.807064
23627,-43.078207,13.950164
23628,-42.978936,14.112840
23629,-42.909232,14.290209
23630,-42.871188,14.476946
23631,-38.005451,14.812335
23632,-37.935297,14.644023
23633,-37.838302,14.489613
23634,-37.717131,14.353348
23635,-37.575114,14.238973
23636,-37.416153,14.149631
23637,-37.244618,14.087776
23638,-37.065221,14.055109
23639,-36.882892,14.052527
23640,-36.702642,14.080101
23641,-36.529423,14.137073
23642,-36.367997,14.221879
23643,-36.222798,14.332186
23644,-36.097817,14.464965
23645,-35.996488,14.616567
23646,-35.921597,14.782825
23647,-35.875199,14.959170
23648,-30.977420,15.296767
23649,-30.895473,15.130291
23650,-30.786711,14.979957
23651,-30.654226,14.850042
23652,-30.501791,14.744245
23653,-30.333741,14.665574
23654,-30.154859,14.616269
23655,-29.970234,14.597733
23656,-29.785121,14.610493
23657,-29.604786,14.654185
23658,-29.434361,14.727567
23659,-29.278694,14.828551
23660,-29.142216,14.954263
23661,-29.028810,15.101126
23662,-28.941702,15.264962
23663,-28.883372,15.441107
23664,-23.805444,15.791122
23665,-23.681150,15.918535
23666,-23.537933,16.024233
23667,-23.379543,16.105449
23668,-23.210129,16.160055
23669,-23.034125,16.186623
23670,-22.856140,16.184455
23671,-22.680836,16.153610
23672,-22.512801,16.094894
23673,-22.356436,16.009846
23674,-22.215836,15.900691
23675,-16.852197,16.270400
23676,-16.738628,16.406731
23677,-16.604617,16.523028
23678,-16.453650,16.616266
23679,-16.289657,16.684019
23680,-16.116905,16.724523
23681,-15.939887,16.736724
23682,-15.763211,16.720306
23683,-15.591472,16.675695
23684,-15.429141,16.604052
23685,-15.280441,16.507242
23686,-15.149240,16.387782
23687,-2.831139,17.236852
23688,-2.165544,18.285104
23689,-29.129245,16.426532
23690,-29.261365,16.552919
23691,-29.412596,16.655675
23692,-29.578758,16.731961
23693,-29.755261,16.779671
23694,-29.937228,16.797485
23695,-30.119633,16.784912
23696,-30.297435,16.742299
23697,-30.465723,16.670824
23698,-30.619846,16.572461
23699,-30.755548,16.449927
23700,-30.869078,16.306608
23701,-36.192812,15.939650
23702,-36.335423,16.056418
23703,-36.495529,16.147734
23704,-36.668635,16.211035
23705,-36.849880,16.244543
23706,-37.034176,16.247319
23707,-37.216348,16.219283
23708,-37.391281,16.161224
23709,-37.554065,16.074770
23710,-37.700127,15.962350
23711,-37.825369,15.827120
23712,-43.265549,15.452136
23713,-43.417644,15.557060
23714,-43.585156,15.635044
23715,-43.763358,15.683890
23716,-43.947222,15.702218
23717,-44.131560,15.689512
23718,-44.311171,15.646130
23719,-44.480986,15.573296
23720,-44.636214,15.473065
23721,-44.772475,15.348266
23722,-50.349969,14.963817
23723,-50.509449,15.054047
23724,-50.681693,15.116552
23725,-50.861924,15.149598
23726,-51.045140,15.152267
23727,-51.226257,15.124485
23728,-51.400250,15.067023
23729,-51.562290,14.981476
23730,-51.707881,14.870218
23731,-57.450795,14.474367
23732,-57.613202,14.546099
23733,-57.785034,14.590770
23734,-57.961815,14.607215
23735,-58.138938,14.595007
23736,-58.311790,14.554462
23737,-58.475868,14.486637
23738,-58.626897,14.393299
23739,-64.577243,13.983150
23740,-64.732615,14.031432
23741,-64.893408,14.056268
23742,-65.056106,14.057114
23743,-65.217149,14.033953
23744,-65.373014,13.987290
23745,-65.520291,13.918147
23746,-287.817242,-1.404478
23747,-287.807007,-0.401400
23748,-2.234309,19.282736
23749,-2.303075,20.280369
23750,-287.796772,0.601678
23751,-287.786537,1.604757
23752,-2.371840,21.278002
23753,-2.440606,22.275635
23754,-287.776301,2.607835
23755,-287.766066,3.610913
23756,-9.788020,22.771560
23757,-9.667366,22.624061
23758,-9.523067,22.499597
23759,-9.359452,22.401906
23760,-9.181432,22.333918
23761,-8.994349,22.297674
23762,-8.803819,22.294261
23763,-8.615558,22.323783
23764,-8.435218,22.385353
23765,-8.268210,22.477123
23766,-8.119546,22.596340
23767,-7.993688,22.739425
23768,-7.894413,22.902084
23769,-2.509371,23.273268
23770,-2.578137,24.270901
23771,-7.905886,23.903666
23772,-8.003251,24.056682
23773,-8.124436,24.191618
23774,-8.266146,24.304808
23775,-8.424528,24.393175
23776,-8.595278,24.454315
23777,-8.773754,24.486567
23778,-8.955103,24.489054
23779,-9.134395,24.461708
23780,-9.306758,24.405273
23781,-9.467504,24.321284
23782,-9.612265,24.212022
23783,-9.737104,24.080459
23784,-9.838628,23.930171
23785,-9.914078,23.765244
23786,-287.755831,4.613991
23787,-287.745596,5.617070
23788,-282.965865,5.946530
23789,-282.855626,5.807064
23790,-282.724360,5.687176
23791,-282.575497,5.590000
23792,-282.412925,5.518071
23793,-282.240888,5.473270
23794,-282.063882,5.456767
23795,-281.886529,5.468991
23796,-281.713462,5.509625
23797,-281.549199,5.577607
23798,-281.398033,5.671161
23799,-281.263911,5.787843
23800,-281.150336,5.924607
23801,-281.060275,6.077880
23802,-275.916139,6.432458
23803,-275.794953,6.299435
23804,-275.653700,6.187950
23805,-275.496160,6.100988
23806,-275.326550,6.040874
23807,-275.149408,6.009218
23808,-274.969476,6.006866
23809,-274.791567,6.033883
23810,-274.620444,6.089545
23811,-274.460686,6.172361
23812,-274.316568,6.280117
23813,-274.191948,6.409928
23814,-274.090159,6.558320
23815,-268.859826,6.918840
23816,-268.727853,6.793727
23817,-268.577071,6.692067
23818,-268.411601,6.616638
23819,-268.235965,6.569501
23820,-268.054962,6.551946
23821,-267.873541,6.564451
23822,-267.696660,6.606675
23823,-267.529152,6.677464
23824,-267.375596,6.774883
23825,-267.240188,6.896270
23826,-267.126630,7.038307
23827,-261.795895,7.405747
23828,-261.653613,7.290321
23829,-261.494145,7.200112
23830,-261.321917,7.137622
23831,-261.141706,7.104586
23832,-260.958511,7.101919
23833,-260.777415,7.129696
23834,-260.603441,7.187146
23835,-260.441415,7.272675
23836,-260.295834,7.383911
23837,-260.170734,7.517767
23838,-254.722496,7.893307
23839,-254.570991,7.789870
23840,-254.404402,7.713051
23841,-254.227363,7.664985
23842,-254.044799,7.647009
23843,-253.861785,7.659624
23844,-253.683413,7.702479
23845,-253.514644,7.774381
23846,-253.360171,7.873330
23847,-253.224290,7.996576
23848,-247.637068,8.381696
23849,-247.478585,8.293161
23850,-247.307699,8.231898
23851,-247.129064,8.199574
23852,-246.947546,8.197071
23853,-246.768088,8.224456
23854,-246.595577,8.280983
23855,-246.434713,8.365114
23856,-246.289877,8.474556
23857,-240.535108,8.871224
23858,-240.374285,8.801342
23859,-240.204400,8.757902
23860,-240.029772,8.742010
23861,-239.854837,8.754068
23862,-239.684041,8.793770
23863,-239.521724,8.860108
23864,-239.372010,8.951395
23865,-233.406458,9.362592
23866,-233.222561,9.309817
23867,-233.032301,9.289703
23868,-232.841434,9.302859
23869,-232.655734,9.348887
23870,-232.480818,9.426395
23871,-2.646902,25.268533
23872,-2.715668,26.266166
23873,-15.092611,25.413040
23874,-15.241365,25.293575
23875,-15.408524,25.201610
23876,-15.589059,25.139911
23877,-15.777539,25.110335
23878,-15.968295,25.113771
23879,-16.155588,25.150116
23880,-16.333784,25.218276
23881,-16.497522,25.316202
23882,-22.031763,24.934734
23883,-22.169619,24.802707
23884,-22.328223,24.696499
23885,-22.502800,24.619309
23886,-22.688093,24.573460
23887,-22.878522,24.560334
23888,-23.068352,24.580326
23889,-23.251869,24.632834
23890,-23.423546,24.716276
23891,-23.578212,24.828140
23892,-127.337162,17.676177
23893,-127.499211,17.590619
23894,-127.673215,17.533150
23895,-127.854344,17.505365
23896,-128.037573,17.508036
23897,-128.217816,17.541087
23898,-128.390072,17.603601
23899,-134.243450,17.200136
23900,-134.381748,17.104715
23901,-134.532966,17.031471
23902,-134.693575,16.982112
23903,-134.859827,16.957789
23904,-135.027844,16.959071
23905,-135.193707,16.985927
23906,-135.353543,17.037731
23907,-135.503626,17.113274
23908,-141.170315,16.722676
23909,-141.302699,16.611711
23910,-141.450823,16.522839
23911,-141.611032,16.458251
23912,-141.779378,16.419540
23913,-141.951708,16.407662
23914,-142.123773,16.422908
23915,-142.291330,16.464904
23916,-142.450246,16.532612
23917,-142.596603,16.624364
23918,-148.111265,16.244246
23919,-148.234867,16.121281
23920,-148.376345,16.019389
23921,-148.532144,15.941131
23922,-148.698352,15.888473
23923,-148.870792,15.862737
23924,-149.045132,15.864570
23925,-149.216992,15.893926
23926,-149.382056,15.950067
23927,-149.536176,16.031584
23928,-149.675480,16.136427
23929,-155.062650,15.765097
23930,-155.188588,15.620516
23931,-155.337718,15.500000
23932,-155.505510,15.407211
23933,-155.686866,15.344967
23934,-155.876274,15.315161
23935,-156.067981,15.318697
23936,-156.256162,15.355469
23937,-156.435098,15.424359
23938,-156.599354,15.523274
23939,-156.743938,15.649208
23940,-162.022496,15.285364
23941,-162.135627,15.133756
23942,-162.273060,15.003772
23943,-162.430732,14.899257
23944,-162.603979,14.823302
23945,-162.787678,14.778153
23946,-162.976396,14.765145
23947,-163.164553,14.784663
23948,-163.346583,14.836129
23949,-163.517103,14.918022
23950,-163.671072,15.027920
23951,-163.803934,15.162572
23952,-168.989441,14.805142
23953,-169.089867,14.648193
23954,-169.215342,14.510445
23955,-169.362266,14.395851
23956,-169.526424,14.307700
23957,-169.703105,14.248519
23958,-169.887240,14.220009
23959,-170.073545,14.222985
23960,-170.256675,14.257364
23961,-170.431375,14.322159
23962,-170.592633,14.415510
23963,-170.735821,14.534739
23964,-170.856831,14.676425
23965,-175.962587,14.324493
23966,-176.050581,14.163566
23967,-176.164091,14.019498
23968,-176.299961,13.896293
23969,-176.454415,13.797377
23970,-176.623156,13.725500
23971,-176.801496,13.682659
23972,-176.984474,13.670047
23973,-177.167005,13.688013
23974,-177.344013,13.736058
23975,-177.510577,13.812847
23976,-177.662067,13.916245
23977,-177.794270,14.043376
23978,-177.903512,14.190707
23979,-182.941157,13.843469
23980,-183.017053,13.679631
23981,-183.118730,13.530416
23982,-183.243447,13.399846
23983,-183.387846,13.291437
23984,-183.548034,13.208112
23985,-183.719695,13.152116
23986,-183.898204,13.124956
23987,-184.078752,13.127366
23988,-184.256473,13.159280
23989,-184.426578,13.219839
23990,-184.584485,13.307410
23991,-184.725938,13.419634
23992,-184.847127,13.553487
23993,-184.944784,13.705362
23994,-189.924703,13.362103
23995,-189.994462,13.184841
23996,-190.093756,13.022273
23997,-190.219609,12.879273
23998,-190.368246,12.760130
23999,-190.535209,12.668418
24000,-190.715492,12.606886
24001,-190.903687,12.577380
24002,-191.094150,12.580785
24003,-191.281170,12.617000
24004,-191.459138,12.684936
24005,-191.622716,12.782559
24006,-191.767000,12.906938
24007,-191.887660,13.054346
24008,-191.981080,13.220360
24009,-196.912874,12.880418
24010,-196.970128,12.702542
24011,-197.056665,12.536923
24012,-197.169986,12.388341
24013,-197.306821,12.261084
24014,-197.463222,12.158825
24015,-197.634674,12.084513
24016,-197.816231,12.040295
24017,-198.002653,12.027445
24018,-198.188560,12.046335
24019,-198.368587,12.096419
24020,-198.537539,12.176252
24021,-198.690540,12.283531
24022,-198.823176,12.415160
24023,-198.931618,12.567339
24024,-199.012737,12.735677
24025,-203.905335,12.398437
24026,-203.950582,12.220558
24027,-204.024776,12.052679
24028,-204.125852,11.899474
24029,-204.250995,11.765207
24030,-204.396721,11.653618
24031,-204.558973,11.567814
24032,-204.733234,11.510182
24033,-204.914651,11.482328
24034,-205.098175,11.485027
24035,-205.278695,11.518204
24036,-205.451186,11.580936
24037,-205.610844,11.671475
24038,-205.753226,11.787301
24039,-205.874366,11.925189
24040,-205.970893,12.081301
24041,-206.040118,12.251290
24042,-210.901907,11.916173
24043,-210.935600,11.738845
24044,-210.997840,11.569414
24045,-211.086950,11.412443
24046,-211.200531,11.272158
24047,-211.335525,11.152337
24048,-211.488297,11.056205
24049,-211.654733,10.986352
24050,-211.830352,10.944658
24051,-212.010426,10.932245
24052,-212.190105,10.949449
24053,-212.364552,10.995806
24054,-212.529068,11.070067
24055,-212.679226,11.170233
24056,-212.810981,11.293608
24057,-212.920785,11.436868
24058,-213.005683,11.596157
24059,-213.063388,11.767185
24060,-217.902439,11.433636
24061,-217.927193,11.247123
24062,-217.983370,11.067556
24063,-218.069326,10.900190
24064,-218.182548,10.749921
24065,-218.319721,10.621145
24066,-218.476834,10.517629
24067,-218.649290,10.442402
24068,-218.832042,10.397665
24069,-219.019746,10.384727
24070,-219.206908,10.403966
24071,-219.388054,10.454820
24072,-219.557884,10.535800
24073,-219.711429,10.644537
24074,-219.844197,10.777851
24075,-219.952305,10.931840
24076,-220.032588,11.102001
24077,-220.082698,11.283354
24078,-224.906826,10.950833
24079,-224.920062,10.766424
24080,-224.963995,10.586837
24081,-225.037385,10.417144
24082,-225.138159,10.262140
24083,-225.263469,10.126202
24084,-225.409777,10.013172
24085,-225.572948,9.926242
24086,-225.748374,9.867868
24087,-225.931099,9.839699
24088,-226.115960,9.842531
24089,-226.297736,9.876284
24090,-226.471291,9.940004
24091,-226.631724,10.031891
24092,-226.774501,10.149349
24093,-226.895589,10.289061
24094,-226.991568,10.447079
24095,-227.059726,10.618940
24096,-227.098137,10.799789
24097,-231.915010,10.467769
24098,-231.945196,10.656827
24099,-232.007706,10.837788
24100,-232.100645,11.005170
24101,-232.221199,11.153902
24102,-232.365715,11.279479
24103,-232.529816,11.378096
24104,-232.708530,11.446766
24105,-232.896444,11.483409
24106,-233.087865,11.486916
24107,-233.276995,11.457179
24108,-233.458104,11.395099
24109,-233.625706,11.302558
24110,-233.774724,11.182358
24111,-233.900644,11.038140
24112,-233.999651,10.874274
24113,-234.068745,10.695724
24114,-234.105835,10.507897
24115,-234.109796,10.316485
24116,-238.926975,9.984443
24117,-238.966077,10.164551
24118,-239.034700,10.335602
24119,-239.130919,10.492795
24120,-239.252032,10.631717
24121,-239.394639,10.748469
24122,-239.554738,10.839771
24123,-239.727833,10.903062
24124,-239.909066,10.936565
24125,-240.093348,10.939339
24126,-240.275507,10.911307
24127,-240.450429,10.853255
24128,-240.613203,10.766813
24129,-240.759260,10.654407
24130,-240.884500,10.519194
24131,-240.985407,10.364968
24132,-241.059148,10.196060
24133,-241.103653,10.017211
24134,-241.117673,9.833441
24135,-245.942724,9.500857
24136,-245.993483,9.681389
24137,-246.074171,9.850675
24138,-246.182441,10.003795
24139,-246.315148,10.136298
24140,-246.468433,10.244334
24141,-246.637842,10.324763
24142,-246.818451,10.375246
24143,-247.005011,10.394317
24144,-247.192098,10.381421
24145,-247.374277,10.336934
24146,-247.546251,10.262147
24147,-247.703023,10.159235
24148,-247.840036,10.031190
24149,-247.953307,9.881731
24150,-248.039544,9.715204
24151,-248.096242,9.536449
24152,-248.121752,9.350660
24153,-252.962350,9.017004
24154,-253.025187,9.197470
24155,-253.118309,9.364339
24156,-253.238904,9.512573
24157,-253.383333,9.637700
24158,-253.547238,9.735943
24159,-253.725673,9.804337
24160,-253.913251,9.840819
24161,-254.104313,9.844287
24162,-254.293091,9.814637
24163,-254.473890,9.752764
24164,-254.641253,9.660534
24165,-254.790128,9.540731
24166,-254.916024,9.396971
24167,-255.015140,9.233593
24168,-255.084485,9.055526
24169,-255.121967,8.868145
24170,-259.985947,8.532877
24171,-260.055695,8.701927
24172,-260.152486,8.857086
24173,-260.273645,8.994065
24174,-260.415824,9.109078
24175,-260.575093,9.198947
24176,-260.747049,9.261186
24177,-260.926941,9.294078
24178,-261.109795,9.296711
24179,-261.290559,9.269014
24180,-261.464237,9.211752
24181,-261.626027,9.126507
24182,-261.771459,9.015636
24183,-261.896513,8.882203
24184,-261.997732,8.729896
24185,-262.072319,8.562924
24186,-262.118213,8.385903
24187,-267.013631,8.048468
24188,-267.095203,8.215796
24189,-267.203822,8.366972
24190,-267.336377,8.497668
24191,-267.489072,8.604142
24192,-267.657535,8.683342
24193,-267.836940,8.733002
24194,-268.022150,8.751700
24195,-268.207861,8.738899
24196,-268.388754,8.694967
24197,-268.559649,8.621161
24198,-268.715652,8.519595
24199,-268.852295,8.393178
24200,-268.965664,8.245531
24201,-269.052514,8.080881
24202,-269.110356,7.903944
24203,-274.045686,7.563759
24204,-274.139495,7.728640
24205,-274.260236,7.874952
24206,-274.404321,7.998343
24207,-274.567463,8.095144
24208,-274.744811,8.162476
24209,-274.931090,8.198336
24210,-275.120760,8.201659
24211,-275.308180,8.172344
24212,-275.487777,8.111264
24213,-275.654209,8.020236
24214,-275.802527,7.901966
24215,-275.928319,7.759973
24216,-276.027844,7.598478
24217,-276.098143,7.422285
24218,-281.082370,7.078730
24219,-281.180317,7.229446
24220,-281.301502,7.362199
24221,-281.442689,7.473444
24222,-281.600109,7.560209
24223,-281.769557,7.620178
24224,-281.946510,7.651750
24225,-282.126242,7.654083
24226,-282.303955,7.627112
24227,-282.474903,7.571560
24228,-282.634521,7.488908
24229,-282.778547,7.381365
24230,-282.903136,7.251801
24231,-283.004960,7.103676
24232,-283.081302,6.940946
24233,-287.735361,6.620148
24234,-287.725125,7.623226
24235,-226.644367,11.833439
24236,-226.496379,11.922111
24237,-226.336346,11.986553
24238,-226.168206,12.025181
24239,-225.996094,12.037044
24240,-225.824244,12.021851
24241,-225.656883,11.979976
24242,-225.498128,11.912448
24243,-219.728169,12.310164
24244,-219.584301,12.417343
24245,-219.424924,12.499711
24246,-219.254277,12.555077
24247,-219.076901,12.581968
24248,-218.897512,12.579668
24249,-218.720884,12.548240
24250,-218.551712,12.488518
24251,-218.394499,12.402092
24252,-212.794894,12.788065
24253,-212.659519,12.909329
24254,-212.506024,13.006646
24255,-212.338600,13.077362
24256,-212.161817,13.119544
24257,-211.980502,13.132042
24258,-211.799604,13.114514
24259,-211.624061,13.067439
24260,-211.458665,12.992102
24261,-211.307932,12.890559
24262,-205.849308,13.266815
24263,-205.724405,13.398919
24264,-205.579449,13.508646
24265,-205.418399,13.592999
24266,-205.245655,13.649673
24267,-205.065935,13.677120
24268,-204.884150,13.674591
24269,-204.705264,13.642154
24270,-204.534163,13.580696
24271,-204.375523,13.491896
24272,-204.233675,13.378178
24273,-198.894170,13.746223
24274,-198.780591,13.886730
24275,-198.645544,14.006750
24276,-198.492672,14.103044
24277,-198.326099,14.173016
24278,-198.150320,14.214777
24279,-197.970075,14.227201
24280,-197.790228,14.209953
24281,-197.615630,14.163498
24282,-197.450992,14.089089
24283,-197.300754,13.988733
24284,-197.168971,13.865138
24285,-191.931148,14.226174
24286,-191.829178,14.373171
24287,-191.704729,14.501695
24288,-191.561092,14.608346
24289,-191.402066,14.690303
24290,-191.231858,14.745397
24291,-191.054971,14.772172
24292,-190.876083,14.769920
24293,-190.699926,14.738700
24294,-190.531159,14.679338
24295,-190.374247,14.593404
24296,-190.233340,14.483170
24297,-190.112166,14.351554
24298,-184.961532,14.706580
24299,-184.862555,14.870578
24300,-184.736629,15.014919
24301,-184.587573,15.135227
24302,-184.419906,15.227853
24303,-184.238713,15.289988
24304,-184.049488,15.319749
24305,-183.857970,15.316232
24306,-183.669965,15.279545
24307,-183.491175,15.210800
24308,-183.327022,15.112082
24309,-183.182482,14.986383
24310,-183.061940,14.837517
24311,-177.986070,15.187389
24312,-177.900080,15.354655
24313,-177.786852,15.504828
24314,-177.649698,15.633516
24315,-177.492626,15.736960
24316,-177.320228,15.812134
24317,-177.137544,15.856841
24318,-176.949914,15.869774
24319,-176.762823,15.850555
24320,-176.581742,15.799746
24321,-176.411962,15.718832
24322,-176.258448,15.610178
24323,-176.125687,15.476962
24324,-176.017560,15.323076
24325,-171.005325,15.668563
24326,-170.931853,15.838073
24327,-170.831048,15.992896
24328,-170.705753,16.128664
24329,-170.559504,16.241549
24330,-170.396425,16.328365
24331,-170.221117,16.386664
24332,-170.038524,16.414801
24333,-169.853797,16.411983
24334,-169.672148,16.378288
24335,-169.498700,16.314668
24336,-169.338345,16.222918
24337,-169.195607,16.105624
24338,-169.074513,15.966097
24339,-168.978478,15.808271
24340,-164.019815,16.150064
24341,-163.958419,16.321006
24342,-163.869731,16.479514
24343,-163.756167,16.621267
24344,-163.620826,16.742400
24345,-163.467396,16.839610
24346,-163.300062,16.910248
24347,-163.123384,16.952386
24348,-162.942181,16.964876
24349,-162.761393,16.947377
24350,-162.585949,16.900367
24351,-162.420633,16.825128
24352,-162.269951,16.723710
24353,-162.138013,16.598879
24354,-162.028415,16.454039
24355,-161.944146,16.293137
24356,-157.029831,16.631874
24357,-156.975787,16.814663
24358,-156.890999,16.985378
24359,-156.778013,17.138893
24360,-156.640222,17.270598
24361,-156.481764,17.376539
24362,-156.307396,17.453535
24363,-156.122354,17.499273
24364,-155.932194,17.512380
24365,-155.742626,17.492463
24366,-155.559343,17.440120
24367,-155.387848,17.356923
24368,-155.233289,17.245369
24369,-155.100309,17.108808
24370,-154.992900,16.951341
24371,-154.914288,16.777696
24372,-150.035623,17.113976
24373,-149.993824,17.296247
24374,-149.921756,17.468804
24375,-149.821500,17.626660
24376,-149.695954,17.765254
24377,-149.548747,17.880578
24378,-149.384132,17.969301
24379,-149.206867,18.028859
24380,-149.022076,18.057529
24381,-148.835098,18.054484
24382,-148.651338,18.019812
24383,-148.476107,17.954514
24384,-148.314468,17.860478
24385,-148.171094,17.740421
24386,-148.050128,17.597813
24387,-147.955065,17.436776
24388,-147.888654,17.261963
24389,-143.037366,17.596356
24390,-143.007306,17.777587
24391,-142.947505,17.951288
24392,-142.859629,18.112615
24393,-142.746131,18.257067
24394,-142.610175,18.380616
24395,-142.455554,18.479815
24396,-142.286580,18.551899
24397,-142.107966,18.594856
24398,-141.924694,18.607489
24399,-141.741875,18.589445
24400,-141.564608,18.541227
24401,-141.397839,18.464180
24402,-141.246217,18.360454
24403,-141.113973,18.232940
24404,-141.004793,18.085197
24405,-140.921725,17.921343
24406,-140.867083,17.745951
24407,-136.035211,18.079005
24408,-136.014448,18.269204
24409,-135.961043,18.452928
24410,-135.876610,18.624619
24411,-135.763704,18.779083
24412,-135.625741,18.911646
24413,-135.466895,19.018298
24414,-135.291971,19.095813
24415,-135.106263,19.141845
24416,-134.915387,19.155002
24417,-134.725118,19.134886
24418,-134.541214,19.082104
24419,-134.369237,18.998255
24420,-134.214390,18.885875
24421,-134.081359,18.748363
24422,-133.974167,18.589881
24423,-133.896059,18.415222
24424,-133.849396,18.229670
24425,-129.029228,18.561918
24426,-129.020144,18.749583
24427,-128.979256,18.932965
24428,-128.907756,19.106713
24429,-128.807730,19.265760
24430,-128.682097,19.405463
24431,-128.534522,19.521749
24432,-128.369310,19.611223
24433,-128.191281,19.671277
24434,-128.005628,19.700158
24435,-127.817770,19.697023
24436,-127.633185,19.661963
24437,-127.457259,19.596003
24438,-127.295124,19.501065
24439,-127.151511,19.379920
24440,-127.030609,19.236103
24441,-126.935946,19.073807
24442,-126.870284,18.897770
24443,-126.835537,18.713126
24444,-122.019468,19.045091
24445,-121.985448,18.859721
24446,-121.920284,18.682880
24447,-121.825890,18.519758
24448,-121.705035,18.375143
24449,-121.561269,18.253281
24450,-121.398810,18.157749
24451,-121.222428,18.091351
24452,-121.037301,18.056036
24453,-120.848863,18.052842
24454,-120.662645,18.081861
24455,-120.484114,18.142242
24456,-120.318510,18.232212
24457,-120.170695,18.349131
24458,-120.045009,18.489566
24459,-119.945139,18.649395
24460,-119.874019,18.823926
24461,-119.833735,19.008036
24462,-119.825470,19.196320
24463,-115.005917,19.528525
24464,-114.963345,19.352288
24465,-114.892402,19.185437
24466,-114.795016,19.032505
24467,-114.673830,18.897649
24468,-114.532139,18.784530
24469,-114.373792,18.696223
24470,-114.203089,18.635126
24471,-114.024670,18.602899
24472,-113.843380,18.600418
24473,-113.664145,18.627749
24474,-113.491835,18.684152
24475,-113.331129,18.768092
24476,-113.186396,18.877291
24477,-113.061565,19.008780
24478,-112.960029,19.158989
24479,-112.884546,19.323835
24480,-112.837167,19.498842
24481,-112.819179,19.679254
24482,-107.988543,20.012223
24483,-107.934515,19.835991
24484,-107.851819,19.671254
24485,-107.742775,19.522640
24486,-107.610446,19.394320
24487,-107.458548,19.289898
24488,-107.291346,19.212306
24489,-107.113536,19.163724
24490,-106.930109,19.145515
24491,-106.746217,19.158190
24492,-106.567024,19.201394
24493,-106.397560,19.273914
24494,-106.242586,19.373713
24495,-106.106452,19.497988
24496,-105.992981,19.643251
24497,-105.905359,19.805421
24498,-105.846047,19.979946
24499,-105.816710,20.161925
24500,-100.967266,20.496191
24501,-100.901408,20.320470
24502,-100.806641,20.158501
24503,-100.685721,20.014996
24504,-100.542170,19.894133
24505,-100.380163,19.799429
24506,-100.204417,19.733641
24507,-100.020045,19.698682
24508,-99.832414,19.695570
24509,-99.646985,19.724396
24510,-99.469154,19.784321
24511,-99.304096,19.873601
24512,-99.156616,19.989638
24513,-99.031005,20.129054
24514,-98.930919,20.287792
24515,-98.859270,20.461232
24516,-98.818145,20.644326
24517,-93.941994,20.980433
24518,-93.863888,20.805769
24519,-93.756698,20.647281
24520,-93.623667,20.509764
24521,-93.468819,20.397379
24522,-93.296839,20.313527
24523,-93.112931,20.260743
24524,-92.922659,20.240626
24525,-92.731779,20.253783
24526,-92.546067,20.299816
24527,-92.371141,20.377334
24528,-92.212293,20.483990
24529,-92.074329,20.616558
24530,-91.961424,20.771026
24531,-91.876992,20.942723
24532,-91.823590,21.126452
24533,-86.912487,21.464967
24534,-86.828637,21.303019
24535,-86.719181,21.157150
24536,-86.587130,21.031369
24537,-86.436112,20.929135
24538,-86.270278,20.853257
24539,-86.094187,20.805820
24540,-85.912679,20.788129
24541,-85.730742,20.800670
24542,-85.553377,20.843097
24543,-85.385460,20.914246
24544,-85.231606,21.012160
24545,-85.096043,21.134148
24546,-84.982498,21.276857
24547,-84.894092,21.436364
24548,-84.833255,21.608286
24549,-79.878530,21.949808
24550,-79.782835,21.790833
24551,-79.661780,21.650205
24552,-79.518810,21.531925
24553,-79.357993,21.439358
24554,-79.183905,21.375140
24555,-79.001500,21.341097
24556,-78.815967,21.338198
24557,-78.632587,21.366526
24558,-78.456578,21.425274
24559,-78.292948,21.512771
24560,-78.146352,21.626526
24561,-78.020963,21.763304
24562,-77.920348,21.919212
24563,-77.847370,22.089813
24564,-72.839852,22.434975
24565,-72.731970,22.279827
24566,-72.599124,22.145434
24567,-72.445237,22.035761
24568,-72.274850,21.954044
24569,-72.092990,21.902697
24570,-71.905026,21.883233
24571,-71.716504,21.896228
24572,-71.532988,21.941297
24573,-71.359894,22.017111
24574,-71.202329,22.121433
24575,-71.064946,22.251183
24576,-70.951796,22.402532
24577,-70.866221,22.571014
24578,-65.795918,22.920504
24579,-65.685679,22.781034
24580,-65.554413,22.661144
24581,-65.405549,22.563964
24582,-65.242975,22.492034
24583,-65.070936,22.447231
24584,-64.893928,22.430727
24585,-64.716572,22.442952
24586,-64.543502,22.483587
24587,-64.379238,22.551570
24588,-64.228071,22.645126
24589,-64.093948,22.761811
24590,-63.980373,22.898578
24591,-63.890313,23.051854
24592,-58.746194,23.406431
24593,-58.625007,23.273405
24594,-58.483753,23.161917
24595,-58.326212,23.074951
24596,-58.156600,23.014836
24597,-57.979455,22.983178
24598,-57.799520,22.980827
24599,-57.621609,23.007844
24600,-57.450484,23.063507
24601,-57.290724,23.146326
24602,-57.146605,23.254085
24603,-57.021983,23.383899
24604,-56.920195,23.532295
24605,-51.689882,23.892813
24606,-51.557909,23.767696
24607,-51.407125,23.666033
24608,-51.241653,23.590601
24609,-51.066014,23.543462
24610,-50.885008,23.525906
24611,-50.703584,23.538411
24612,-50.526700,23.580637
24613,-50.359189,23.651428
24614,-50.205631,23.748850
24615,-50.070223,23.870241
24616,-49.956664,24.012282
24617,-44.625953,24.379720
24618,-44.483669,24.264290
24619,-44.324200,24.174077
24620,-44.151969,24.111584
24621,-43.971754,24.078546
24622,-43.788556,24.075879
24623,-43.607456,24.103657
24624,-43.433478,24.161109
24625,-43.271450,24.246641
24626,-43.125867,24.357881
24627,-43.000767,24.491742
24628,-37.552556,24.867280
24629,-37.401049,24.763838
24630,-37.234457,24.687015
24631,-37.057414,24.638946
24632,-36.874845,24.620970
24633,-36.691827,24.633585
24634,-36.513451,24.676441
24635,-36.344678,24.748346
24636,-36.190203,24.847300
24637,-36.054321,24.970551
24638,-30.466995,25.355678
24639,-30.308533,25.267178
24640,-30.137675,25.205940
24641,-29.959073,25.173631
24642,-29.777589,25.171131
24643,-29.598165,25.198508
24644,-29.425685,25.255017
24645,-29.264845,25.339118
24646,-29.120024,25.448523
24647,-23.949093,25.804948
24648,-23.908469,25.988650
24649,-23.837135,26.162742
24650,-23.737178,26.322132
24651,-23.611521,26.462157
24652,-23.463840,26.578720
24653,-23.298456,26.668413
24654,-23.120206,26.728610
24655,-22.934306,26.757551
24656,-22.746193,26.754390
24657,-22.561369,26.719219
24658,-22.385243,26.653066
24659,-22.222966,26.557868
24660,-22.079285,26.436408
24661,-21.958404,26.292241
24662,-21.863858,26.129582
24663,-21.798414,25.953191
24664,-16.950295,26.287366
24665,-16.921486,26.469885
24666,-16.862533,26.645006
24667,-16.775098,26.807789
24668,-16.661649,26.953640
24669,-16.525387,27.078443
24670,-16.370157,27.178677
24671,-16.200340,27.251513
24672,-16.020727,27.294897
24673,-15.836385,27.307603
24674,-15.652518,27.289274
24675,-15.474313,27.240426
24676,-15.306799,27.162439
24677,-15.154702,27.057512
24678,-15.022314,26.928606
24679,-14.913372,26.779359
24680,-14.830948,26.613983
24681,-14.777370,26.437142
24682,-2.784433,27.263799
24683,-2.853199,28.261432
24684,-28.772751,26.474833
24685,-28.823500,26.655378
24686,-28.904181,26.824678
24687,-29.012449,26.977812
24688,-29.145156,27.110329
24689,-29.298446,27.218376
24690,-29.467862,27.298814
24691,-29.648479,27.349304
24692,-29.835049,27.368377
24693,-30.022147,27.355481
24694,-30.204335,27.310989
24695,-30.376317,27.236195
24696,-30.533094,27.133274
24697,-30.670110,27.005216
24698,-30.783380,26.855744
24699,-30.869613,26.689203
24700,-30.926302,26.510434
24701,-30.951799,26.324634
24702,-35.792398,25.990978
24703,-35.855237,26.171442
24704,-35.948359,26.338308
24705,-36.068954,26.486539
24706,-36.213383,26.611664
24707,-36.377287,26.709905
24708,-36.555720,26.778298
24709,-36.743297,26.814780
24710,-36.934357,26.818248
24711,-37.123134,26.788598
24712,-37.303931,26.726725
24713,-37.471293,26.634497
24714,-37.620168,26.514696
24715,-37.746063,26.370939
24716,-37.845180,26.207562
24717,-37.914526,26.029498
24718,-37.952010,25.842119
24719,-42.815996,25.506851
24720,-42.885745,25.675899
24721,-42.982537,25.831055
24722,-43.103696,25.968032
24723,-43.245874,26.083043
24724,-43.405142,26.172909
24725,-43.577097,26.235148
24726,-43.756987,26.268038
24727,-43.939840,26.270671
24728,-44.120602,26.242975
24729,-44.294278,26.185713
24730,-44.456067,26.100470
24731,-44.601498,25.989601
24732,-44.726552,25.856170
24733,-44.827771,25.703866
24734,-44.902359,25.536896
24735,-44.948255,25.359877
24736,-49.843680,25.022442
24737,-49.925253,25.189767
24738,-50.033873,25.340941
24739,-50.166428,25.471634
24740,-50.319122,25.578105
24741,-50.487584,25.657304
24742,-50.666987,25.706963
24743,-50.852196,25.725660
24744,-51.037905,25.712860
24745,-51.218796,25.668928
24746,-51.389690,25.595123
24747,-51.545691,25.493560
24748,-51.682333,25.367145
24749,-51.795703,25.219500
24750,-51.882553,25.054853
24751,-51.940397,24.877918
24752,-56.875737,24.537732
24753,-56.969546,24.702610
24754,-57.090288,24.848919
24755,-57.234372,24.972308
24756,-57.397513,25.069107
24757,-57.574859,25.136438
24758,-57.761136,25.172297
24759,-57.950804,25.175619
24760,-58.138223,25.146305
24761,-58.317818,25.085226
24762,-58.484248,24.994200
24763,-58.632565,24.875933
24764,-58.758357,24.733942
24765,-58.857883,24.572450
24766,-58.928183,24.396260
24767,-63.912421,24.052703
24768,-64.010369,24.203417
24769,-64.131554,24.336167
24770,-64.272740,24.447409
24771,-64.430159,24.534172
24772,-64.599606,24.594140
24773,-64.776557,24.625711
24774,-64.956287,24.628043
24775,-65.133997,24.601073
24776,-65.304943,24.545522
24777,-65.464559,24.462872
24778,-65.608585,24.355331
24779,-65.733173,24.225770
24780,-65.834998,24.077648
24781,-65.911341,23.914920
24782,-70.954118,23.567329
24783,-71.063546,23.713386
24784,-71.195618,23.839339
24785,-71.346697,23.941723
24786,-71.512625,24.017718
24787,-71.688834,24.065233
24788,-71.870473,24.082959
24789,-72.052544,24.070409
24790,-72.230034,24.027929
24791,-72.398057,23.956687
24792,-72.551989,23.858644
24793,-72.687592,23.736500
24794,-72.801133,23.593616
24795,-72.889487,23.433926
24796,-78.001269,23.081578
24797,-78.122337,23.221864
24798,-78.265236,23.339838
24799,-78.425909,23.432150
24800,-78.599799,23.496182
24801,-78.781969,23.530117
24802,-78.967251,23.532991
24803,-79.150387,23.504722
24804,-79.326178,23.446114
24805,-79.489638,23.358829
24806,-79.636126,23.245344
24807,-79.761487,23.108880
24808,-79.862161,22.953309
24809,-85.054703,22.595395
24810,-85.187456,22.728505
24811,-85.340936,22.837066
24812,-85.510661,22.917907
24813,-85.691672,22.968668
24814,-85.878683,22.987864
24815,-86.066232,22.974937
24816,-86.248840,22.930263
24817,-86.421175,22.855147
24818,-86.578202,22.751783
24819,-86.715336,22.623190
24820,-86.828570,22.473124
24821,-92.115329,22.108715
24822,-92.259582,22.232944
24823,-92.423094,22.330441
24824,-92.600967,22.398286
24825,-92.787874,22.434446
24826,-92.978217,22.437838
24827,-93.166294,22.408362
24828,-93.346472,22.346899
24829,-93.513354,22.255291
24830,-93.661943,22.136281
24831,-93.787787,21.993435
24832,-99.184445,21.621451
24833,-99.323210,21.724607
24834,-99.476425,21.804744
24835,-99.640305,21.859882
24836,-99.810800,21.888658
24837,-99.983699,21.890362
24838,-100.154728,21.864952
24839,-100.319663,21.813055
24840,-100.474427,21.735953
24841,-100.615198,21.635552
24842,-100.738497,21.514332
24843,-106.264409,21.133438
24844,-106.409837,21.223288
24845,-106.567429,21.289520
24846,-106.733380,21.330536
24847,-106.903682,21.345346
24848,-107.074223,21.333591
24849,-107.240882,21.295555
24850,-107.399636,21.232157
24851,-107.546651,21.144929
24852,-107.678375,21.035976
24853,-113.358747,20.644435
24854,-113.529396,20.726498
24855,-113.711590,20.778079
24856,-113.899930,20.797648
24857,-114.088836,20.784627
24858,-114.272711,20.739401
24859,-114.446104,20.663311
24860,-114.603879,20.558610
24861,-120.474457,20.153959
24862,-120.643775,20.213812
24863,-120.820576,20.245317
24864,-121.000147,20.247634
24865,-121.177701,20.220701
24866,-121.348507,20.165236
24867,-121.508012,20.082718
24868,-287.714890,8.626304
24869,-287.704655,9.629383
24870,-2.921964,29.259065
24871,-9.003923,29.842217
24872,-287.694420,10.632461
24873,-287.684185,11.635539
24874,-9.072688,30.839849
24875,-9.141454,31.837482
24876,-287.673950,12.638617
24877,-287.663714,13.641696
24878,-282.692884,13.984328
24879,-282.538132,13.872221
24880,-282.366313,13.788587
24881,-282.182613,13.735950
24882,-281.992576,13.715899
24883,-281.801936,13.729040
24884,-281.616447,13.774975
24885,-281.441707,13.852318
24886,-281.282988,13.958736
24887,-281.145082,14.091016
24888,-275.612323,14.472382
24889,-275.448442,14.374185
24890,-275.270042,14.305824
24891,-275.082505,14.269362
24892,-274.891488,14.265898
24893,-274.702752,14.295538
24894,-274.521991,14.357386
24895,-274.354658,14.449578
24896,-274.205800,14.569331
24897,-268.517152,14.961442
24898,-268.347574,14.880793
24899,-268.166750,14.830161
24900,-267.979948,14.811023
24901,-267.792614,14.823936
24902,-267.610205,14.868523
24903,-267.438037,14.943486
24904,-267.281129,15.046640
24905,-261.400304,15.451997
24906,-261.232724,15.393680
24907,-261.057948,15.363066
24908,-260.880523,15.360951
24909,-260.705067,15.387389
24910,-260.536144,15.441694
24911,-260.378149,15.522453
24912,-9.210219,32.835115
24913,-9.278985,33.832748
24914,-155.241214,23.771771
24915,-155.388142,23.684668
24916,-155.546784,23.621362
24917,-155.713313,23.583378
24918,-155.883716,23.571632
24919,-156.053882,23.586408
24920,-156.219709,23.627350
24921,-156.377199,23.693469
24922,-162.156260,23.295126
24923,-162.299552,23.189260
24924,-162.458054,23.107913
24925,-162.627609,23.053221
24926,-162.803769,23.026617
24927,-162.981913,23.028799
24928,-163.157369,23.059710
24929,-163.325533,23.118540
24930,-163.481995,23.203745
24931,-169.088861,22.817271
24932,-169.223933,22.697158
24933,-169.376852,22.600786
24934,-169.543489,22.530758
24935,-169.719345,22.488965
24936,-169.899670,22.476536
24937,-170.079597,22.493805
24938,-170.254266,22.540307
24939,-170.418961,22.614786
24940,-170.569236,22.715231
24941,-176.034026,22.338551
24942,-176.158804,22.207497
24943,-176.303379,22.098673
24944,-176.463839,22.015024
24945,-176.635842,21.958814
24946,-176.814733,21.931564
24947,-176.995671,21.934012
24948,-177.173760,21.966090
24949,-177.344180,22.026932
24950,-177.502319,22.114890
24951,-177.643898,22.227584
24952,-182.988747,21.859171
24953,-183.102332,21.719599
24954,-183.237154,21.600414
24955,-183.389604,21.504805
24956,-183.555603,21.435331
24957,-183.730707,21.393853
24958,-183.910232,21.381478
24959,-184.089371,21.398540
24960,-184.263332,21.444580
24961,-184.427458,21.518368
24962,-184.577358,21.617927
24963,-184.709019,21.740595
24964,-189.951360,21.379248
24965,-190.053430,21.233060
24966,-190.177776,21.105283
24967,-190.321131,20.999272
24968,-190.479730,20.917814
24969,-190.649405,20.863047
24970,-190.825699,20.836412
24971,-191.003980,20.838607
24972,-191.179564,20.869575
24973,-191.347840,20.928503
24974,-191.504384,21.013842
24975,-191.645086,21.123350
24976,-191.766248,21.254150
24977,-196.920735,20.898858
24978,-197.019894,20.735673
24979,-197.145779,20.592095
24980,-197.294598,20.472450
24981,-197.461865,20.380343
24982,-197.642541,20.318551
24983,-197.831181,20.288936
24984,-198.022099,20.292389
24985,-198.209545,20.328807
24986,-198.387867,20.397092
24987,-198.551695,20.495187
24988,-198.696089,20.620135
24989,-198.816701,20.768172
24990,-203.895929,20.418068
24991,-203.982163,20.251530
24992,-204.095433,20.102061
24993,-204.232448,19.974005
24994,-204.389224,19.871085
24995,-204.561204,19.796293
24996,-204.743391,19.751802
24997,-204.930487,19.738906
24998,-205.117054,19.757979
24999,-205.297670,19.808468
25000,-205.467085,19.888903
25001,-205.620373,19.996949
25002,-205.753081,20.129463
25003,-205.861349,20.282594
25004,-210.876397,19.936914
25005,-210.950151,19.768036
25006,-211.051063,19.613840
25007,-211.176300,19.478655
25008,-211.322348,19.366274
25009,-211.485107,19.279850
25010,-211.660009,19.221811
25011,-211.842146,19.193784
25012,-212.026406,19.196555
25013,-212.207617,19.230049
25014,-212.380695,19.293323
25015,-212.540780,19.384603
25016,-212.683381,19.501327
25017,-212.804495,19.640218
25018,-212.900723,19.797379
25019,-217.861690,19.455427
25020,-217.923405,19.285053
25021,-218.012254,19.127123
25022,-218.125825,18.985922
25023,-218.261037,18.865283
25024,-218.414220,18.768479
25025,-218.581217,18.698137
25026,-218.757497,18.656167
25027,-218.938275,18.643706
25028,-219.118646,18.661093
25029,-219.293715,18.707857
25030,-219.458731,18.782728
25031,-219.609216,18.883674
25032,-219.741087,19.007957
25033,-219.850765,19.152203
25034,-219.935272,19.312498
25035,-224.851490,18.973629
25036,-224.905914,18.791403
25037,-224.990912,18.621275
25038,-225.103943,18.468330
25039,-225.241629,18.337139
25040,-225.399853,18.231625
25041,-225.573887,18.154940
25042,-225.758529,18.109378
25043,-225.948258,18.096300
25044,-226.137405,18.116098
25045,-226.320314,18.168178
25046,-226.491520,18.250986
25047,-226.645903,18.362044
25048,-226.778851,18.498035
25049,-226.886387,18.654892
25050,-226.965299,18.827927
25051,-231.845498,18.491542
25052,-231.887703,18.309774
25053,-231.960024,18.137754
25054,-232.060381,17.980435
25055,-232.185886,17.842342
25056,-232.332926,17.727450
25057,-232.497271,17.639065
25058,-232.674190,17.579731
25059,-232.858593,17.551155
25060,-233.045173,17.554160
25061,-233.228560,17.588658
25062,-233.403477,17.653658
25063,-233.564891,17.747289
25064,-233.708155,17.866856
25065,-233.829148,18.008918
25066,-233.924388,18.169388
25067,-233.991133,18.343646
25068,-238.843555,18.009175
25069,-238.874030,17.828378
25070,-238.934112,17.655154
25071,-239.022132,17.494315
25072,-239.135645,17.350331
25073,-239.271496,17.227202
25074,-239.425912,17.128348
25075,-239.594603,17.056516
25076,-239.772882,17.013701
25077,-239.955796,17.001093
25078,-240.138263,17.019042
25079,-240.315215,17.067049
25080,-240.481734,17.143782
25081,-240.633194,17.247107
25082,-240.765389,17.374155
25083,-240.874644,17.521395
25084,-240.957925,17.684738
25085,-241.012918,17.859644
25086,-245.845530,17.526539
25087,-245.866763,17.336762
25088,-245.920497,17.153518
25089,-246.005113,16.982327
25090,-246.118060,16.828350
25091,-246.255936,16.696227
25092,-246.414583,16.589940
25093,-246.589222,16.512692
25094,-246.774589,16.466810
25095,-246.965097,16.453679
25096,-247.155007,16.473693
25097,-247.338593,16.526249
25098,-247.510323,16.609764
25099,-247.665022,16.721720
25100,-247.798028,16.858744
25101,-247.905331,17.016706
25102,-247.983699,17.190845
25103,-248.030770,17.375913
25104,-252.851329,17.043639
25105,-252.860900,16.856345
25106,-252.902147,16.673398
25107,-252.973871,16.500117
25108,-253.073988,16.341538
25109,-253.199588,16.202271
25110,-253.347019,16.086363
25111,-253.511997,15.997183
25112,-253.689726,15.937325
25113,-253.875040,15.908527
25114,-254.062553,15.911626
25115,-254.246814,15.946533
25116,-254.422468,16.012234
25117,-254.584408,16.106817
25118,-254.727928,16.227534
25119,-254.848856,16.370877
25120,-254.943678,16.532678
25121,-255.009636,16.708235
25122,-255.044813,16.892445
25123,-259.860917,16.560477
25124,-259.894514,16.746265
25125,-259.959387,16.923570
25126,-260.053624,17.087171
25127,-260.174449,17.232246
25128,-260.318304,17.354523
25129,-260.480949,17.450400
25130,-260.657594,17.517051
25131,-260.843034,17.552514
25132,-261.031807,17.555743
25133,-261.218352,17.526644
25134,-261.397173,17.466073
25135,-261.563002,17.375815
25136,-261.710954,17.258530
25137,-261.836671,17.117672
25138,-261.936449,16.957390
25139,-262.007348,16.782407
25140,-262.047280,16.597878
25141,-262.055068,16.409238
25142,-266.874273,16.077056
25143,-266.916450,16.253746
25144,-266.987131,16.421086
25145,-267.084389,16.574511
25146,-267.205571,16.709838
25147,-267.347371,16.823376
25148,-267.505924,16.912028
25149,-267.676905,16.973378
25150,-267.855652,17.005752
25151,-268.037289,17.008267
25152,-268.216863,16.980854
25153,-268.389477,16.924262
25154,-268.550424,16.840033
25155,-268.695313,16.730464
25156,-268.820195,16.598544
25157,-268.921663,16.447870
25158,-268.996950,16.282552
25159,-269.044003,16.107097
25160,-269.061539,15.926291
25161,-273.891460,15.593371
25162,-273.945119,15.770104
25163,-274.027591,15.935367
25164,-274.136552,16.084502
25165,-274.268929,16.213304
25166,-274.420990,16.318141
25167,-274.588449,16.396058
25168,-274.766585,16.444859
25169,-274.950374,16.463167
25170,-275.134635,16.450466
25171,-275.314174,16.407114
25172,-275.483929,16.334334
25173,-275.639114,16.234177
25174,-275.775353,16.109468
25175,-275.888806,15.963721
25176,-275.976274,15.801047
25177,-276.035291,15.626031
25178,-276.064194,15.443608
25179,-280.912546,15.109417
25180,-280.978064,15.285689
25181,-281.072649,15.448226
25182,-281.193537,15.592276
25183,-281.337195,15.713630
25184,-281.499424,15.808740
25185,-281.675483,15.874828
25186,-281.860226,15.909962
25187,-282.048254,15.913114
25188,-282.234071,15.884193
25189,-282.412247,15.824044
25190,-282.577573,15.734425
25191,-282.725218,15.617955
25192,-282.850867,15.478038
25193,-282.950848,15.318764
25194,-283.022238,15.144787
25195,-283.062950,14.961193
25196,-287.653479,14.644774
25197,-287.643244,15.647852
25198,-254.548960,17.928996
25199,-254.385433,18.016364
25200,-254.209556,18.075027
25201,-254.026324,18.103319
25202,-253.840944,18.100435
25203,-253.658681,18.066458
25204,-253.484714,18.002353
25205,-247.641430,18.405123
25206,-247.502435,18.501913
25207,-247.350228,18.576217
25208,-247.188418,18.626273
25209,-247.020842,18.650895
25210,-246.851472,18.649499
25211,-246.684324,18.622117
25212,-246.523362,18.569399
25213,-246.372401,18.492595
25214,-240.713665,18.882644
25215,-240.580912,18.994771
25216,-240.432158,19.084592
25217,-240.271115,19.149868
25218,-240.101802,19.188968
25219,-239.928445,19.200917
25220,-239.755368,19.185418
25221,-239.586893,19.142855
25222,-239.427222,19.074293
25223,-239.280340,18.981441
25224,-233.772248,19.361107
25225,-233.648471,19.485132
25226,-233.506570,19.587930
25227,-233.350147,19.666892
25228,-233.183170,19.720013
25229,-233.009877,19.745947
25230,-232.834665,19.744035
25231,-232.661978,19.714326
25232,-232.496201,19.657573
25233,-232.341538,19.575217
25234,-232.201914,19.469347
25235,-226.820413,19.840287
25236,-226.706913,19.973602
25237,-226.573698,20.087219
25238,-226.424144,20.178261
25239,-226.262039,20.244421
25240,-226.091490,20.284023
25241,-225.916819,20.296063
25242,-225.742450,20.280236
25243,-225.572800,20.236943
25244,-225.412169,20.167282
25245,-225.264625,20.073017
25246,-225.133907,19.956536
25247,-219.860132,20.320050
25248,-219.747067,20.472548
25249,-219.609465,20.603335
25250,-219.451424,20.708515
25251,-219.277653,20.784955
25252,-219.093326,20.830379
25253,-218.903935,20.843434
25254,-218.715119,20.823730
25255,-218.532503,20.771855
25256,-218.361526,20.689354
25257,-218.207281,20.578683
25258,-218.074361,20.443140
25259,-212.892880,20.800293
25260,-212.792603,20.958038
25261,-212.667065,21.096527
25262,-212.519892,21.211761
25263,-212.355333,21.300414
25264,-212.178141,21.359925
25265,-211.993430,21.388576
25266,-211.806535,21.385539
25267,-211.622853,21.350903
25268,-211.447687,21.285667
25269,-211.286095,21.191715
25270,-211.142743,21.071760
25271,-211.021771,20.929266
25272,-205.919508,21.280958
25273,-205.831733,21.442621
25274,-205.718245,21.587395
25275,-205.582218,21.711233
25276,-205.427456,21.810671
25277,-205.258287,21.882929
25278,-205.079442,21.925984
25279,-204.895923,21.938634
25280,-204.712862,21.920524
25281,-204.535379,21.872161
25282,-204.368437,21.794898
25283,-204.216705,21.690894
25284,-204.084426,21.563060
25285,-203.975301,21.414969
25286,-198.940686,21.761998
25287,-198.865061,21.926498
25288,-198.763476,22.076365
25289,-198.638683,22.207538
25290,-198.494065,22.316465
25291,-198.333537,22.400193
25292,-198.161450,22.456456
25293,-197.982465,22.483728
25294,-197.801430,22.481271
25295,-197.623251,22.449152
25296,-197.452753,22.388241
25297,-197.294557,22.300187
25298,-197.152947,22.187377
25299,-197.031761,22.052865
25300,-196.934280,21.900297
25301,-191.956880,22.243383
25302,-191.887438,22.421262
25303,-191.788280,22.584452
25304,-191.662395,22.728035
25305,-191.513574,22.847684
25306,-191.346305,22.939794
25307,-191.165626,23.001588
25308,-190.976983,23.031204
25309,-190.786060,23.027751
25310,-190.598612,22.991331
25311,-190.420286,22.923043
25312,-190.256457,22.824945
25313,-190.112061,22.699992
25314,-189.991450,22.551950
25315,-189.898259,22.385281
25316,-184.968524,22.725081
25317,-184.911631,22.903529
25318,-184.825288,23.069738
25319,-184.711999,23.218890
25320,-184.575048,23.346659
25321,-184.418406,23.449343
25322,-184.246614,23.523963
25323,-184.064653,23.568356
25324,-183.877798,23.581236
25325,-183.691467,23.562228
25326,-183.511061,23.511885
25327,-183.341812,23.431665
25328,-183.188626,23.323894
25329,-183.055944,23.191697
25330,-182.947613,23.038906
25331,-182.866773,22.869951
25332,-177.975859,23.207075
25333,-177.931002,23.385466
25334,-177.857046,23.553888
25335,-177.756058,23.707631
25336,-177.630863,23.842396
25337,-177.484962,23.954415
25338,-177.322435,24.040555
25339,-177.147826,24.098409
25340,-176.966017,24.126357
25341,-176.782094,24.123618
25342,-176.601198,24.090269
25343,-176.428389,24.027243
25344,-176.268498,23.936302
25345,-176.125997,23.819989
25346,-176.004870,23.681556
25347,-175.908505,23.524874
25348,-175.839596,23.354325
25349,-170.979083,23.689354
25350,-170.945790,23.867124
25351,-170.883817,24.037036
25352,-170.794839,24.194497
25353,-170.681263,24.335249
25354,-170.546157,24.455487
25355,-170.393175,24.551962
25356,-170.226452,24.622064
25357,-170.050496,24.663900
25358,-169.870063,24.676337
25359,-169.690031,24.659039
25360,-169.515266,24.612475
25361,-169.350494,24.537903
25362,-169.200169,24.437339
25363,-169.068355,24.313501
25364,-168.958614,24.169738
25365,-168.873915,24.009936
25366,-168.816545,23.838414
25367,-163.978368,24.171903
25368,-163.954054,24.358835
25369,-163.898181,24.538870
25370,-163.812390,24.706722
25371,-163.699199,24.857462
25372,-163.561933,24.986662
25373,-163.404624,25.090528
25374,-163.231890,25.166010
25375,-163.048805,25.210892
25376,-162.860745,25.223854
25377,-162.673233,25.204518
25378,-162.491776,25.153449
25379,-162.321703,25.072149
25380,-162.168009,24.963005
25381,-162.035206,24.829221
25382,-161.927196,24.674728
25383,-161.847150,24.504061
25384,-161.797418,24.322233
25385,-156.973799,24.654719
25386,-156.961036,24.839508
25387,-156.917447,25.019537
25388,-156.844269,25.189699
25389,-156.743577,25.345169
25390,-156.618225,25.481540
25391,-156.471769,25.594945
25392,-156.308360,25.682167
25393,-156.132633,25.740734
25394,-155.949570,25.768985
25395,-155.764362,25.766119
25396,-155.582262,25.732216
25397,-155.408431,25.668239
25398,-155.247800,25.576002
25399,-155.104923,25.458120
25400,-154.983851,25.317935
25401,-154.888018,25.159422
25402,-154.820141,24.987077
25403,-154.782145,24.805786
25404,-149.965432,25.137796
25405,-149.934793,24.949161
25406,-149.871969,24.768675
25407,-149.778855,24.601787
25408,-149.658261,24.453534
25409,-149.513828,24.328389
25410,-149.349916,24.230132
25411,-149.171470,24.161727
25412,-148.983879,24.125239
25413,-148.792803,24.121769
25414,-148.604011,24.151422
25415,-148.423200,24.213304
25416,-148.255828,24.305546
25417,-148.106947,24.425364
25418,-147.981051,24.569141
25419,-147.881939,24.732539
25420,-147.812603,24.910625
25421,-147.775136,25.098023
25422,-147.770669,25.289078
25423,-142.953297,25.621133
25424,-142.913799,25.441456
25425,-142.844908,25.270874
25426,-142.748552,25.114159
25427,-142.627427,24.975695
25428,-142.484918,24.859353
25429,-142.325014,24.768388
25430,-142.152186,24.705345
25431,-141.971269,24.671986
25432,-141.787322,24.669245
25433,-141.605490,24.697198
25434,-141.430861,24.755065
25435,-141.268317,24.841225
25436,-141.122406,24.953269
25437,-140.997208,25.088063
25438,-140.896226,25.241838
25439,-140.822284,25.410291
25440,-140.777449,25.588711
25441,-140.762977,25.772109
25442,-135.937350,26.104733
25443,-135.886204,25.924694
25444,-135.805277,25.755932
25445,-135.696911,25.603333
25446,-135.564243,25.471313
25447,-135.411115,25.363697
25448,-135.241958,25.283597
25449,-135.061671,25.233335
25450,-134.875473,25.214364
25451,-134.688753,25.227235
25452,-134.506919,25.271573
25453,-134.335233,25.346097
25454,-134.178666,25.448648
25455,-134.041752,25.576257
25456,-133.928452,25.725230
25457,-133.842049,25.891255
25458,-133.785042,26.069524
25459,-133.759083,26.254877
25460,-128.917533,26.588599
25461,-128.854338,26.408677
25462,-128.761019,26.242374
25463,-128.640380,26.094686
25464,-128.496047,25.970053
25465,-128.332358,25.872220
25466,-128.154232,25.804129
25467,-127.967023,25.767824
25468,-127.776356,25.764397
25469,-127.587963,25.793952
25470,-127.407506,25.855599
25471,-127.240407,25.947487
25472,-127.091689,26.066854
25473,-126.965821,26.210111
25474,-126.866587,26.372954
25475,-126.796968,26.550489
25476,-126.759057,26.737380
25477,-121.893773,27.072737
25478,-121.823725,26.904231
25479,-121.726783,26.749625
25480,-121.605615,26.613173
25481,-121.463555,26.498631
25482,-121.304514,26.409150
25483,-121.132868,26.347195
25484,-120.953341,26.314469
25485,-120.770874,26.311873
25486,-120.590489,26.339480
25487,-120.417151,26.396528
25488,-120.255629,26.481449
25489,-120.110369,26.591904
25490,-119.985368,26.724854
25491,-119.884068,26.876641
25492,-119.809256,27.043086
25493,-119.762990,27.219609
25494,-114.865852,27.557162
25495,-114.784007,27.390453
25496,-114.675283,27.239888
25497,-114.542779,27.109761
25498,-114.390272,27.003779
25499,-114.222110,26.924963
25500,-114.043085,26.875561
25501,-113.858300,26.856981
25502,-113.673023,26.869752
25503,-113.492536,26.913510
25504,-113.321982,26.987008
25505,-113.166223,27.088151
25506,-113.029700,27.214055
25507,-112.916304,27.361133
25508,-112.829266,27.525191
25509,-112.771069,27.701553
25510,-107.833580,28.041887
25511,-107.739543,27.877685
25512,-107.618755,27.732029
25513,-107.474792,27.609229
25514,-107.311913,27.512918
25515,-107.134938,27.445948
25516,-106.949104,27.410298
25517,-106.759909,27.407026
25518,-106.572953,27.436226
25519,-106.393767,27.497036
25520,-106.227654,27.587655
25521,-106.079530,27.705402
25522,-105.953777,27.846794
25523,-105.854117,28.007645
25524,-105.783499,28.183196
25525,-100.796663,28.526932
25526,-100.698547,28.376910
25527,-100.577368,28.244815
25528,-100.436342,28.134157
25529,-100.279216,28.047873
25530,-100.110162,27.988256
25531,-99.933670,27.956888
25532,-99.754426,27.954602
25533,-99.577192,27.981459
25534,-99.406672,28.036746
25535,-99.247397,28.118995
25536,-99.103596,28.226021
25537,-98.979087,28.354983
25538,-98.877177,28.502454
25539,-98.800573,28.664520
25540,-93.754775,29.012320
25541,-93.645243,28.866997
25542,-93.513251,28.741720
25543,-93.362411,28.639919
25544,-93.196851,28.564380
25545,-93.021104,28.517171
25546,-92.839977,28.499582
25547,-92.658430,28.512096
25548,-92.481430,28.554369
25549,-92.313822,28.625246
25550,-92.160193,28.722787
25551,-92.024747,28.844321
25552,-91.911192,28.986522
25553,-91.822635,29.145500
25554,-86.707279,29.498094
25555,-86.586183,29.358640
25556,-86.443461,29.241413
25557,-86.283138,29.149717
25558,-86.109732,29.086138
25559,-85.928134,29.052467
25560,-85.743462,29.049654
25561,-85.560922,29.077778
25562,-85.385661,29.136047
25563,-85.222619,29.222818
25564,-85.076393,29.335643
25565,-84.951105,29.471344
25566,-84.850288,29.626094
25567,-79.653524,29.984300
25568,-79.520842,29.852107
25569,-79.367657,29.744340
25570,-79.198410,29.664123
25571,-79.018007,29.613781
25572,-78.831679,29.594775
25573,-78.644828,29.607654
25574,-78.462870,29.652046
25575,-78.291081,29.726664
25576,-78.134441,29.829344
25577,-77.997491,29.957110
25578,-77.884201,30.106257
25579,-72.592613,30.470999
25580,-72.448558,30.347751
25581,-72.285480,30.251070
25582,-72.108223,30.183826
25583,-71.922052,30.148017
25584,-71.732497,30.144706
25585,-71.545190,30.173993
25586,-71.365693,30.235007
25587,-71.199338,30.325936
25588,-71.051068,30.444078
25589,-70.925285,30.585925
25590,-65.522943,30.958301
25591,-65.368189,30.846189
25592,-65.196368,30.762551
25593,-65.012664,30.709912
25594,-64.822623,30.689860
25595,-64.631978,30.703001
25596,-64.446485,30.748938
25597,-64.271741,30.826284
25598,-64.113021,30.932706
25599,-63.975113,31.064991
25600,-58.442385,31.446355
25601,-58.278501,31.348152
25602,-58.100097,31.279787
25603,-57.912555,31.243323
25604,-57.721532,31.239859
25605,-57.532791,31.269499
25606,-57.352026,31.331351
25607,-57.184689,31.423547
25608,-57.035829,31.543307
25609,-51.347217,31.935415
25610,-51.177635,31.854759
25611,-50.996804,31.804123
25612,-50.809996,31.784983
25613,-50.622654,31.797896
25614,-50.440239,31.842487
25615,-50.268066,31.917454
25616,-50.111154,32.020615
25617,-44.230376,32.425969
25618,-44.062788,32.367645
25619,-43.888002,32.337027
25620,-43.710567,32.334911
25621,-43.535101,32.361352
25622,-43.366170,32.415662
25623,-43.208169,32.496428
25624,-9.347750,34.830381
25625,-9.416516,35.828014
25626,-14.675541,35.465516
25627,-14.717744,35.283746
25628,-14.790064,35.111724
25629,-14.890421,34.954402
25630,-15.015925,34.816307
25631,-15.162966,34.701413
25632,-15.327312,34.613027
25633,-15.504233,34.553692
25634,-15.688637,34.525115
25635,-15.875219,34.528120
25636,-16.058608,34.562620
25637,-16.233526,34.627621
25638,-16.394941,34.721253
25639,-16.538206,34.840822
25640,-16.659199,34.982887
25641,-16.754437,35.143359
25642,-16.821181,35.317620
25643,-21.673598,34.983150
25644,-21.704071,34.802350
25645,-21.764152,34.629124
25646,-21.852171,34.468283
25647,-21.965684,34.324297
25648,-22.101536,34.201166
25649,-22.255953,34.102310
25650,-22.424645,34.030477
25651,-22.602926,33.987661
25652,-22.785841,33.975053
25653,-22.968310,33.993003
25654,-23.145263,34.041011
25655,-23.311783,34.117745
25656,-23.463244,34.221072
25657,-23.595439,34.348122
25658,-23.704694,34.495365
25659,-23.787974,34.658710
25660,-23.842966,34.833618
25661,-28.675576,34.500513
25662,-28.696822,34.310748
25663,-28.750565,34.127516
25664,-28.835186,33.956340
25665,-28.948134,33.802376
25666,-29.086007,33.670265
25667,-29.244649,33.563988
25668,-29.419280,33.486747
25669,-29.604637,33.440870
25670,-29.795136,33.427739
25671,-29.985035,33.447750
25672,-30.168612,33.500301
25673,-30.340336,33.583806
25674,-30.495031,33.695751
25675,-30.628036,33.832761
25676,-30.735343,33.990708
25677,-30.813718,34.164833
25678,-30.860800,34.349888
25679,-35.681374,34.017613
25680,-35.690942,33.830317
25681,-35.732188,33.647369
25682,-35.803911,33.474086
25683,-35.904028,33.315505
25684,-36.029627,33.176235
25685,-36.177060,33.060326
25686,-36.342039,32.971145
25687,-36.519769,32.911286
25688,-36.705085,32.882487
25689,-36.892599,32.885587
25690,-37.076862,32.920495
25691,-37.252517,32.986196
25692,-37.414458,33.080781
25693,-37.557978,33.201500
25694,-37.678906,33.344845
25695,-37.773727,33.506648
25696,-37.839683,33.682207
25697,-37.874859,33.866419
25698,-42.690962,33.534451
25699,-42.724561,33.720237
25700,-42.789436,33.897540
25701,-42.883674,34.061139
25702,-43.004499,34.206212
25703,-43.148353,34.328487
25704,-43.310997,34.424362
25705,-43.487641,34.491012
25706,-43.673080,34.526474
25707,-43.861851,34.529703
25708,-44.048395,34.500604
25709,-44.227214,34.440035
25710,-44.393043,34.349778
25711,-44.540994,34.232495
25712,-44.666711,34.091638
25713,-44.766489,33.931359
25714,-44.837389,33.756378
25715,-44.877323,33.571850
25716,-44.885113,33.383212
25717,-49.704319,33.051030
25718,-49.746498,33.227718
25719,-49.817181,33.395056
25720,-49.914439,33.548479
25721,-50.035621,33.683804
25722,-50.177421,33.797340
25723,-50.335973,33.885991
25724,-50.506953,33.947339
25725,-50.685698,33.979712
25726,-50.867333,33.982227
25727,-51.046906,33.954815
25728,-51.219519,33.898223
25729,-51.380464,33.813995
25730,-51.525353,33.704428
25731,-51.650235,33.572510
25732,-51.751703,33.421839
25733,-51.826991,33.256522
25734,-51.874045,33.081070
25735,-51.891583,32.900265
25736,-56.721507,32.567345
25737,-56.775168,32.744075
25738,-56.857641,32.909336
25739,-56.966602,33.058469
25740,-57.098979,33.187269
25741,-57.251040,33.292104
25742,-57.418498,33.370020
25743,-57.596631,33.418820
25744,-57.780419,33.437127
25745,-57.964679,33.424426
25746,-58.144216,33.381075
25747,-58.313970,33.308296
25748,-58.469154,33.208141
25749,-58.605392,33.083434
25750,-58.718845,32.937689
25751,-58.806314,32.775017
25752,-58.865333,32.600003
25753,-58.894237,32.417582
25754,-63.742594,32.083391
25755,-63.808113,32.259661
25756,-63.902699,32.422195
25757,-64.023587,32.566242
25758,-64.167245,32.687594
25759,-64.329473,32.782703
25760,-64.505531,32.848790
25761,-64.690273,32.883923
25762,-64.878299,32.887075
25763,-65.064114,32.858154
25764,-65.242288,32.798006
25765,-65.407613,32.708388
25766,-65.555258,32.591920
25767,-65.680907,32.452006
25768,-65.780887,32.292734
25769,-65.852278,32.118759
25770,-65.892993,31.935167
25771,-70.767702,31.599160
25772,-70.839764,31.763878
25773,-70.937696,31.914656
25774,-71.058881,32.047467
25775,-71.200083,32.158763
25776,-71.357528,32.245571
25777,-71.527012,32.305572
25778,-71.704006,32.337162
25779,-71.883781,32.339499
25780,-72.061536,32.312518
25781,-72.232522,32.256942
25782,-72.392170,32.174255
25783,-72.536216,32.066666
25784,-72.660812,31.937048
25785,-72.762629,31.788866
25786,-72.838947,31.626077
25787,-72.887727,31.453030
25788,-77.796967,31.114643
25789,-77.880565,31.277212
25790,-77.989933,31.423693
25791,-78.122049,31.550037
25792,-78.273265,31.652758
25793,-78.439405,31.729016
25794,-78.615879,31.776707
25795,-78.797815,31.794513
25796,-78.980188,31.781942
25797,-79.157960,31.739342
25798,-79.326222,31.667889
25799,-79.480327,31.569556
25800,-79.616020,31.447060
25801,-79.729551,31.303783
25802,-79.817787,31.143682
25803,-79.878289,30.971180
25804,-84.830703,30.629817
25805,-84.926192,30.789474
25806,-85.047220,30.930756
25807,-85.190325,31.049623
25808,-85.351415,31.142674
25809,-85.525882,31.207249
25810,-85.708736,31.241499
25811,-85.894746,31.244446
25812,-86.078593,31.216006
25813,-86.255017,31.156990
25814,-86.418974,31.069089
25815,-86.565774,30.954815
25816,-86.691217,30.817438
25817,-86.791715,30.660886
25818,-86.864395,30.489637
25819,-91.869197,30.144663
25820,-91.976935,30.300535
25821,-92.109825,30.435606
25822,-92.263924,30.545866
25823,-92.434659,30.628044
25824,-92.616964,30.679702
25825,-92.805430,30.699307
25826,-92.994465,30.686277
25827,-93.178458,30.640999
25828,-93.351952,30.564817
25829,-93.509797,30.459990
25830,-93.647310,30.329629
25831,-93.760411,30.177603
25832,-93.845743,30.008422
25833,-98.912812,29.659156
25834,-99.022971,29.799389
25835,-99.154340,29.919979
25836,-99.303469,30.017758
25837,-99.466437,30.090156
25838,-99.638962,30.135270
25839,-99.816510,30.151914
25840,-99.994413,30.139652
25841,-100.167998,30.098804
25842,-100.332701,30.030446
25843,-100.484195,29.936373
25844,-100.618497,29.819057
25845,-100.732079,29.681582
25846,-100.821955,29.527561
25847,-105.962241,29.173249
25848,-106.083429,29.307113
25849,-106.224885,29.419346
25850,-106.382797,29.506925
25851,-106.552909,29.567490
25852,-106.730637,29.599407
25853,-106.911193,29.601818
25854,-107.089710,29.574657
25855,-107.261379,29.518656
25856,-107.421572,29.435324
25857,-107.565974,29.326907
25858,-107.690693,29.196326
25859,-107.792369,29.047100
25860,-113.018212,28.686890
25861,-113.150294,28.812929
25862,-113.301402,28.915385
25863,-113.467376,28.991437
25864,-113.643643,29.038990
25865,-113.825347,29.056734
25866,-114.007483,29.044179
25867,-114.185034,29.001673
25868,-114.353109,28.930385
25869,-114.507078,28.832280
25870,-114.642700,28.710059
25871,-114.756239,28.567090
25872,-120.081834,28.200004
25873,-120.224361,28.316420
25874,-120.384300,28.407446
25875,-120.557176,28.470534
25876,-120.738151,28.503919
25877,-120.922158,28.506666
25878,-121.104049,28.478698
25879,-121.278731,28.420798
25880,-121.441317,28.334587
25881,-121.587254,28.222478
25882,-121.712460,28.087608
25883,-127.154630,27.712486
25884,-127.306587,27.817056
25885,-127.473880,27.894763
25886,-127.651806,27.943423
25887,-127.835362,27.961668
25888,-128.019386,27.948983
25889,-128.198702,27.905727
25890,-128.368269,27.833114
25891,-128.523319,27.733188
25892,-128.659490,27.608758
25893,-134.239391,27.224143
25894,-134.398618,27.313939
25895,-134.570516,27.376127
25896,-134.750340,27.408987
25897,-134.933123,27.411613
25898,-135.113817,27.383933
25899,-135.287431,27.326711
25900,-135.449172,27.241526
25901,-135.594572,27.130732
25902,-141.340547,26.734670
25903,-141.502542,26.805918
25904,-141.673866,26.850266
25905,-141.850085,26.866566
25906,-142.026636,26.854396
25907,-142.198952,26.814072
25908,-142.362571,26.746637
25909,-142.513259,26.653837
25910,-148.467345,26.243430
25911,-148.622076,26.291220
25912,-148.782146,26.315774
25913,-148.944087,26.316561
25914,-149.104389,26.293563
25915,-149.259577,26.247278
25916,-149.406287,26.178710
25917,-287.633009,16.650931
25918,-287.622774,17.654009
25919,-37.378980,34.902972
25920,-37.215460,34.990332
25921,-37.039591,35.048990
25922,-36.856369,35.077279
25923,-36.670998,35.074397
25924,-36.488744,35.040424
25925,-36.314784,34.976326
25926,-30.471589,35.379089
25927,-30.332574,35.475917
25928,-30.180340,35.550250
25929,-30.018498,35.600325
25930,-29.850885,35.624955
25931,-29.681478,35.623556
25932,-29.514296,35.596160
25933,-29.353302,35.543417
25934,-29.202317,35.466578
25935,-23.543694,35.856619
25936,-23.410943,35.968741
25937,-23.262192,36.058558
25938,-23.101153,36.123830
25939,-22.931844,36.162929
25940,-22.758491,36.174878
25941,-22.585420,36.159379
25942,-22.416948,36.116819
25943,-22.257280,36.048261
25944,-22.110401,35.955414
25945,-16.602280,36.335082
25946,-16.478503,36.459103
25947,-16.336605,36.561896
25948,-16.180184,36.640855
25949,-16.013211,36.693975
25950,-15.839922,36.719908
25951,-15.664713,36.717996
25952,-15.492030,36.688289
25953,-15.326256,36.631538
25954,-15.171595,36.549186
25955,-15.031973,36.443321
25956,-9.485281,36.825647
25957,-9.554046,37.823279
25958,-287.612538,18.657087
25959,-287.602303,19.660165
25960,-17.701947,38.264028
25961,-170.857750,28.709581
25962,-287.592068,20.663244
