<?xml version='1.0' encoding='utf-8'?>
<kml xmlns="http://www.opengis.net/kml/2.2" xmlns:gx="http://www.google.com/kml/ext/2.2">
  <Document>
    <name>terrenoInteres_route</name>
    <open>1</open>
    <Style id="mowingRoute">
      <LineStyle>
        <color>FF00FFFF</color>
        <width>02</width>
      </LineStyle>
    </Style>
    <Schema name="RouteSettings" id="RouteSettings">
      <SimpleField type="string" name="headingStrategy">
        <displayName>Mower heading strategy</displayName>
      </SimpleField>
      <SimpleField type="double" name="headingAutoLength">
        <displayName>Length for auto heading</displayName>
      </SimpleField>
      <SimpleField type="double" name="headingFixedAngle">
        <displayName>Fixed heading angle</displayName>
      </SimpleField>
      <SimpleField type="double" name="headingFixedTolerance">
        <displayName>Heading tolerance</displayName>
      </SimpleField>
      <SimpleField type="double" name="speedLimit">
        <displayName>Speed limit</displayName>
      </SimpleField>
      <SimpleField type="string" name="mowingHeightType">
        <displayName>Mowing height Type</displayName>
      </SimpleField>
      <SimpleField type="double" name="mowingHeightValue">
        <displayName>Mowing height Value</displayName>
      </SimpleField>
      <SimpleField type="string" name="mowingHeightChangeSlowdown">
        <displayName>Mowing height Change slowdown</displayName>
      </SimpleField>
      <SimpleField type="boolean" name="enableMowing">
        <displayName>Enable mowing</displayName>
      </SimpleField>
      <SimpleField type="string" name="enableMowingChangeSlowdown">
        <displayName>Enable mowing Change slowdown</displayName>
      </SimpleField>
      <SimpleField type="boolean" name="expectNoGps">
        <displayName>Expect no GPS coverage</displayName>
      </SimpleField>
      <SimpleField type="boolean" name="allowStaticFix">
        <displayName>Allow static fix</displayName>
      </SimpleField>
      <SimpleField type="boolean" name="pauseBefore">
        <displayName>Pause before next segment</displayName>
      </SimpleField>
      <SimpleField type="string" name="pauseBeforeMessage">
        <displayName>Message to display on RC if entering pauseBefore</displayName>
      </SimpleField>
      <SimpleField type="string" name="sideMowingDeck">
        <displayName>Enable mowing Change slowdown</displayName>
      </SimpleField>
      <SimpleField type="string" name="sideMowingDeckChangeSlowdown">
        <displayName>Side mowing deck Change slowdown</displayName>
      </SimpleField>
      <SimpleField type="double" name="a1">
        <displayName>Analog value 1</displayName>
      </SimpleField>
      <SimpleField type="double" name="a2">
        <displayName>Analog value 2</displayName>
      </SimpleField>
      <SimpleField type="boolean" name="d1">
        <displayName>Digital value 1</displayName>
      </SimpleField>
      <SimpleField type="boolean" name="d2">
        <displayName>Digital value 2</displayName>
      </SimpleField>
    </Schema>
    <Placemark>
      <styleUrl>#mowingRoute</styleUrl>
      <name>01 </name>
      <ExtendedData>
        <SchemaData schemaUrl="#RouteSettings">
          <SimpleData name="headingStrategy">fixed</SimpleData>
          <SimpleData name="headingFixedAngle">12.4</SimpleData>
          <SimpleData name="headingFixedTolerance">5.2</SimpleData>
        </SchemaData>
      </ExtendedData>
      <LineString>
        <tessellate>1</tessellate>
        <coordinates>
-4.435670895,40.711139889
-4.436004893,40.711014517
-4.436005280,40.711012857
-4.436006031,40.711011271
-4.436007125,40.711009805
-4.436008529,40.711008502
-4.436010204,40.711007398
-4.436012100,40.711006526
-4.436014163,40.711005912
-4.436016333,40.711005572
-4.436018548,40.711005518
-4.436020742,40.711005750
-4.436022853,40.711006261
-4.436024819,40.711007038
-4.436334371,40.710890842
-4.436335174,40.710889401
-4.436336264,40.710888074
-4.436337616,40.710886895
-4.436339195,40.710885892
-4.436340962,40.710885091
-4.436342872,40.710884512
-4.436344879,40.710884169
-4.436346931,40.710884070
-4.436348978,40.710884219
-4.436350969,40.710884611
-4.436909097,40.710675104
-4.436909103,40.710673414
-4.436909486,40.710671750
-4.436910235,40.710670160
-4.436911329,40.710668689
-4.436912735,40.710667381
-4.436914412,40.710666275
-4.436916312,40.710665401
-4.436918380,40.710664785
-4.436920555,40.710664446
-4.436922775,40.710664393
-4.436924974,40.710664627
-4.436927088,40.710665143
-4.436929057,40.710665924
-4.436930822,40.710666949
-4.437238008,40.710551637
-4.437238445,40.710550038
-4.437239222,40.710548516
-4.437240316,40.710547112
-4.437241698,40.710545863
-4.437243331,40.710544804
-4.437245171,40.710543963
-4.437247167,40.710543364
-4.437249265,40.710543022
-4.437251408,40.710542948
-4.437253539,40.710543142
-4.437255598,40.710543599
-4.437257531,40.710544308
-4.437567607,40.710427911
-4.437568541,40.710426419
-4.437569788,40.710425066
-4.437571313,40.710423889
-4.437573074,40.710422922
-4.437575022,40.710422191
-4.437577102,40.710421716
-4.437579257,40.710421511
-4.437581427,40.710421582
-4.437583551,40.710421926
-4.438143396,40.710211765
-4.438144490,40.710210301
-4.438145893,40.710208999
-4.438147566,40.710207897
-4.438149461,40.710207027
-4.438151521,40.710206413
-4.438153688,40.710206073
-4.438155900,40.710206018
-4.438158092,40.710206248
-4.438321531,40.710144894
-4.438967615,40.710098225
-4.438967801,40.710107259
-4.437080680,40.710243562
-4.435757027,40.710348196
-4.438967986,40.710116293
-4.438968172,40.710125327
-4.435675347,40.710363141
-4.435676465,40.710372108
-4.438968357,40.710134362
-4.438968543,40.710143396
-4.438905409,40.710147956
-4.438903525,40.710147397
-4.438901550,40.710147067
-4.438899532,40.710146974
-4.438897519,40.710147119
-4.438895559,40.710147500
-4.438893701,40.710148107
-4.438891989,40.710148926
-4.435677584,40.710381075
-4.435678702,40.710390041
-4.437569013,40.710253531
-4.437570859,40.710252767
-4.437572841,40.710252239
-4.437574910,40.710251960
-4.437577010,40.710251938
-4.437579088,40.710252173
-4.437581090,40.710252659
-4.437650549,40.710247643
-4.437652374,40.710246677
-4.437654389,40.710245962
-4.437656534,40.710245518
-4.437658747,40.710245358
-4.437660963,40.710245487
-4.437663119,40.710245901
-4.437665150,40.710246588
-4.437732340,40.710241735
-4.437734065,40.710240622
-4.437736017,40.710239753
-4.437738137,40.710239154
-4.437740362,40.710238843
-4.437742623,40.710238830
-4.437744854,40.710239115
-4.437746986,40.710239689
-4.437748955,40.710240535
-4.437814304,40.710235815
-4.437815895,40.710234592
-4.437817741,40.710233597
-4.437819785,40.710232860
-4.437821966,40.710232403
-4.437824218,40.710232240
-4.437826473,40.710232376
-4.437828663,40.710232808
-4.437830722,40.710233521
-4.437832587,40.710234495
-4.437896397,40.710229886
-4.437897842,40.710228580
-4.437899560,40.710227482
-4.437901501,40.710226624
-4.437903606,40.710226033
-4.437905813,40.710225726
-4.437908057,40.710225712
-4.437910271,40.710225991
-4.437912389,40.710226555
-4.437914348,40.710227388
-4.437916090,40.710228464
-4.437978592,40.710223949
-4.437979887,40.710222580
-4.437981468,40.710221398
-4.437983290,40.710220436
-4.437985300,40.710219725
-4.437987440,40.710219283
-4.437989647,40.710219123
-4.437991858,40.710219251
-4.437994008,40.710219662
-4.437996035,40.710220345
-4.437997881,40.710221280
-4.437999491,40.710222440
-4.438060872,40.710218006
-4.438062018,40.710216589
-4.438063459,40.710215338
-4.438065154,40.710214288
-4.438067057,40.710213469
-4.438069113,40.710212904
-4.438071265,40.710212608
-4.438073451,40.710212590
-4.438075610,40.710212851
-4.438077681,40.710213384
-4.438079607,40.710214172
-4.438081331,40.710215194
-4.438082807,40.710216422
-4.438143226,40.710212058
-4.438144225,40.710210606
-4.438145526,40.710209299
-4.438147091,40.710208173
-4.438148879,40.710207259
-4.438150841,40.710206582
-4.438152922,40.710206160
-4.438155067,40.710206005
-4.438157216,40.710206121
-4.438159310,40.710206506
-4.438161292,40.710207147
-4.438163108,40.710208029
-4.438164708,40.710209126
-4.438166048,40.710210410
-4.438225646,40.710206105
-4.438226503,40.710204628
-4.438227664,40.710203276
-4.438229098,40.710202086
-4.438230767,40.710201089
-4.438232626,40.710200311
-4.438234627,40.710199774
-4.438236716,40.710199490
-4.438238838,40.710199469
-4.438240936,40.710199711
-4.438242955,40.710200208
-4.438244840,40.710200949
-4.438246543,40.710201912
-4.438248017,40.710203074
-4.438249224,40.710204402
-4.438308125,40.710200147
-4.438308907,40.710198550
-4.438310037,40.710197079
-4.438311482,40.710195776
-4.438313199,40.710194681
-4.438315137,40.710193827
-4.438317239,40.710193238
-4.438319442,40.710192931
-4.438321682,40.710192917
-4.438323892,40.710193195
-4.438326006,40.710193756
-4.438327963,40.710194586
-4.438329704,40.710195658
-4.438331178,40.710196942
-4.438332341,40.710198398
-4.438390659,40.710194186
-4.438391294,40.710192584
-4.438392274,40.710191087
-4.438393571,40.710189736
-4.438395148,40.710188571
-4.438396960,40.710187624
-4.438398955,40.710186922
-4.438401078,40.710186486
-4.438403266,40.710186328
-4.438405459,40.710186452
-4.438407592,40.710186856
-4.438409606,40.710187526
-4.438411443,40.710188445
-4.438413051,40.710189586
-4.438414383,40.710190917
-4.438415402,40.710192399
-4.438473245,40.710188221
-4.438473738,40.710186621
-4.438474573,40.710185105
-4.438475725,40.710183714
-4.438477164,40.710182488
-4.438478849,40.710181460
-4.438480734,40.710180658
-4.438482767,40.710180104
-4.438484893,40.710179813
-4.438487053,40.710179794
-4.438489187,40.710180047
-4.438491237,40.710180565
-4.438493146,40.710181334
-4.438494862,40.710182332
-4.438496338,40.710183532
-4.438497532,40.710184902
-4.438498412,40.710186403
-4.438555879,40.710182252
-4.438556270,40.710180560
-4.438557040,40.710178945
-4.438558164,40.710177456
-4.438559610,40.710176137
-4.438561333,40.710175027
-4.438563282,40.710174161
-4.438565399,40.710173564
-4.438567619,40.710173254
-4.438569876,40.710173240
-4.438572103,40.710173524
-4.438574231,40.710174096
-4.438576198,40.710174938
-4.438577944,40.710176027
-4.438579416,40.710177329
-4.438580571,40.710178805
-4.438581374,40.710180410
-4.438638560,40.710176279
-4.438638810,40.710174604
-4.438639430,40.710172986
-4.438640402,40.710171471
-4.438641697,40.710170103
-4.438643278,40.710168922
-4.438645099,40.710167962
-4.438647108,40.710167251
-4.438649246,40.710166810
-4.438651452,40.710166651
-4.438653661,40.710166778
-4.438655810,40.710167189
-4.438657836,40.710167871
-4.438659681,40.710168804
-4.438661291,40.710169962
-4.438662620,40.710171311
-4.438663629,40.710172812
-4.438664289,40.710174421
-4.438721287,40.710170304
-4.438721402,40.710168649
-4.438721878,40.710167032
-4.438722701,40.710165498
-4.438723849,40.710164090
-4.438725290,40.710162848
-4.438726982,40.710161805
-4.438728879,40.710160991
-4.438730927,40.710160430
-4.438733070,40.710160136
-4.438735248,40.710160118
-4.438737398,40.710160376
-4.438739463,40.710160903
-4.438741383,40.710161685
-4.438743104,40.710162700
-4.438744580,40.710163918
-4.438745768,40.710165307
-4.438746635,40.710166827
-4.438747158,40.710168435
-4.438804058,40.710164325
-4.438804053,40.710162604
-4.438804439,40.710160907
-4.438805204,40.710159288
-4.438806327,40.710157793
-4.438807773,40.710156469
-4.438809498,40.710155356
-4.438811450,40.710154486
-4.438813571,40.710153887
-4.438815796,40.710153576
-4.438818058,40.710153563
-4.438820289,40.710153848
-4.438822421,40.710154422
-4.438824391,40.710155269
-4.438826138,40.710156362
-4.438827610,40.710157669
-4.438828763,40.710159150
-4.438829562,40.710160761
-4.438829982,40.710162452
-4.438886874,40.710158343
-4.438887379,40.710159966
-4.438888235,40.710161502
-4.438889418,40.710162907
-4.438890893,40.710164141
-4.438892620,40.710165169
-4.438894549,40.710165962
-4.438896625,40.710166498
-4.438898790,40.710166761
-4.438900982,40.710166743
-4.438903140,40.710166446
-4.438905201,40.710165878
-4.438907108,40.710165055
-4.438908806,40.710164000
-4.438910248,40.710162743
-4.438911392,40.710161320
-4.438912206,40.710159771
-4.438912666,40.710158139
-4.438912761,40.710156473
-4.438968728,40.710152430
-4.438968914,40.710161464
-4.438823682,40.710171955
-4.438821968,40.710172606
-4.438820146,40.710173059
-4.438818257,40.710173303
-4.438816341,40.710173334
-4.438814440,40.710173150
-4.438812595,40.710172756
-4.438742267,40.710177836
-4.438740512,40.710178707
-4.438738597,40.710179352
-4.438736570,40.710179755
-4.438734484,40.710179906
-4.438732394,40.710179800
-4.438730353,40.710179441
-4.438728414,40.710178837
-4.438660546,40.710183739
-4.438658859,40.710184770
-4.438656971,40.710185575
-4.438654935,40.710186130
-4.438652805,40.710186421
-4.438650642,40.710186440
-4.438648505,40.710186186
-4.438646452,40.710185666
-4.438644540,40.710184895
-4.438578632,40.710189656
-4.438577059,40.710190808
-4.438575255,40.710191743
-4.438573271,40.710192436
-4.438571162,40.710192868
-4.438568989,40.710193025
-4.438566811,40.710192903
-4.438564691,40.710192506
-4.438562688,40.710191846
-4.438560858,40.710190940
-4.438496578,40.710195583
-4.438495137,40.710196826
-4.438493445,40.710197870
-4.438491547,40.710198684
-4.438489498,40.710199246
-4.438487354,40.710199540
-4.438485176,40.710199558
-4.438483024,40.710199300
-4.438480959,40.710198772
-4.438479039,40.710197989
-4.438477317,40.710196974
-4.438414413,40.710201518
-4.438413114,40.710202831
-4.438411546,40.710203963
-4.438409754,40.710204882
-4.438407787,40.710205563
-4.438405700,40.710205987
-4.438403549,40.710206142
-4.438401393,40.710206025
-4.438399293,40.710205638
-4.438397306,40.710204992
-4.438395487,40.710204104
-4.438393886,40.710203000
-4.438332159,40.710207459
-4.438331002,40.710208826
-4.438329566,40.710210031
-4.438327891,40.710211040
-4.438326021,40.710211828
-4.438324007,40.710212372
-4.438321903,40.710212658
-4.438319766,40.710212678
-4.438317653,40.710212432
-4.438315622,40.710211927
-4.438313727,40.710211175
-4.438312019,40.710210197
-4.438310544,40.710209020
-4.438249828,40.710213406
-4.438248812,40.710214813
-4.438247510,40.710216078
-4.438245957,40.710217165
-4.438244193,40.710218047
-4.438242265,40.710218701
-4.438240224,40.710219109
-4.438238122,40.710219261
-4.438236016,40.710219152
-4.438233961,40.710218786
-4.438232011,40.710218172
-4.438230217,40.710217327
-4.438228625,40.710216271
-4.438227279,40.710215035
-4.438167428,40.710219357
-4.438166470,40.710220901
-4.438165179,40.710222296
-4.438163591,40.710223501
-4.438161756,40.710224482
-4.438159726,40.710225208
-4.438157563,40.710225658
-4.438155330,40.710225820
-4.438153094,40.710225687
-4.438150922,40.710225264
-4.438148876,40.710224564
-4.438147019,40.710223607
-4.438145406,40.710222422
-4.438144083,40.710221044
-4.438084968,40.710225314
-4.438084160,40.710226872
-4.438083019,40.710228305
-4.438081577,40.710229571
-4.438079875,40.710230634
-4.438077961,40.710231464
-4.438075892,40.710232036
-4.438073725,40.710232335
-4.438071524,40.710232352
-4.438069350,40.710232086
-4.438067266,40.710231545
-4.438065331,40.710230745
-4.438063601,40.710229708
-4.438062126,40.710228464
-4.438060948,40.710227048
-4.438002451,40.710231274
-4.438001788,40.710232841
-4.438000793,40.710234303
-4.437999493,40.710235619
-4.437997925,40.710236754
-4.437996132,40.710237675
-4.437994163,40.710238357
-4.437992072,40.710238782
-4.437989918,40.710238938
-4.437987760,40.710238820
-4.437985658,40.710238431
-4.437983668,40.710237783
-4.437981848,40.710236894
-4.437980246,40.710235787
-4.437978907,40.710234493
-4.437977868,40.710233049
-4.437919882,40.710237237
-4.437919358,40.710238807
-4.437918505,40.710240290
-4.437917345,40.710241648
-4.437915911,40.710242844
-4.437914239,40.710243847
-4.437912375,40.710244628
-4.437910369,40.710245169
-4.437908274,40.710245453
-4.437906146,40.710245474
-4.437904042,40.710245230
-4.437902018,40.710244729
-4.437900128,40.710243984
-4.437898424,40.710243015
-4.437896949,40.710241847
-4.437895744,40.710240512
-4.437894841,40.710239046
-4.437837264,40.710243205
-4.437836838,40.710244867
-4.437836046,40.710246450
-4.437834912,40.710247907
-4.437833468,40.710249196
-4.437831756,40.710250279
-4.437829828,40.710251124
-4.437827738,40.710251707
-4.437825548,40.710252011
-4.437823322,40.710252026
-4.437821126,40.710251753
-4.437819022,40.710251199
-4.437817074,40.710250380
-4.437815337,40.710249321
-4.437813862,40.710248052
-4.437812693,40.710246611
-4.437811864,40.710245039
-4.437754597,40.710249175
-4.437754311,40.710250824
-4.437753666,40.710252414
-4.437752681,40.710253899
-4.437751383,40.710255237
-4.437749809,40.710256392
-4.437748003,40.710257330
-4.437746017,40.710258024
-4.437743906,40.710258456
-4.437741730,40.710258614
-4.437739549,40.710258492
-4.437737427,40.710258094
-4.437735422,40.710257431
-4.437733590,40.710256522
-4.437731985,40.710255394
-4.437730650,40.710254076
-4.437729623,40.710252607
-4.437728934,40.710251029
-4.437671885,40.710255149
-4.437671733,40.710256781
-4.437671230,40.710258372
-4.437670389,40.710259878
-4.437669235,40.710261258
-4.437667797,40.710262475
-4.437666116,40.710263495
-4.437664238,40.710264291
-4.437662213,40.710264840
-4.437660096,40.710265129
-4.437657946,40.710265148
-4.437655822,40.710264898
-4.437653780,40.710264386
-4.437651877,40.710263624
-4.437650164,40.710262635
-4.437648689,40.710261445
-4.437647491,40.710260086
-4.437646604,40.710258596
-4.437646050,40.710257015
-4.437589128,40.710261126
-4.437589093,40.710262826
-4.437588677,40.710264497
-4.437587892,40.710266089
-4.437586760,40.710267555
-4.437585315,40.710268853
-4.437583601,40.710269943
-4.437581666,40.710270794
-4.437579569,40.710271381
-4.437577370,40.710271687
-4.437575136,40.710271701
-4.437572931,40.710271425
-4.437570820,40.710270866
-4.437568867,40.710270041
-4.437567127,40.710268973
-4.437565653,40.710267695
-4.437564488,40.710266244
-4.437563666,40.710264663
-4.437563212,40.710262998
-4.437506326,40.710267106
-4.437505854,40.710265456
-4.437505020,40.710263890
-4.437503848,40.710262456
-4.437502374,40.710261193
-4.437500639,40.710260139
-4.437498693,40.710259325
-4.437496595,40.710258774
-4.437494404,40.710258503
-4.437492184,40.710258519
-4.437490000,40.710258821
-4.437487915,40.710259401
-4.437485990,40.710260243
-4.437484281,40.710261321
-4.437482837,40.710262604
-4.437481701,40.710264055
-4.437480906,40.710265632
-4.437480474,40.710267289
-4.437480418,40.710268978
-4.437423479,40.710273090
-4.437422866,40.710271434
-4.437421886,40.710269885
-4.437420568,40.710268487
-4.437418952,40.710267284
-4.437417087,40.710266312
-4.437415030,40.710265600
-4.437412841,40.710265169
-4.437410588,40.710265033
-4.437408338,40.710265196
-4.437406158,40.710265652
-4.437404115,40.710266388
-4.437402270,40.710267382
-4.437400679,40.710268604
-4.437399390,40.710270017
-4.437398441,40.710271578
-4.437397861,40.710273240
-4.437397668,40.710274954
-4.437340587,40.710279077
-4.437339883,40.710277515
-4.437338848,40.710276063
-4.437337510,40.710274763
-4.437335907,40.710273650
-4.437334083,40.710272755
-4.437332090,40.710272102
-4.437329981,40.710271711
-4.437327817,40.710271592
-4.437325656,40.710271748
-4.437323560,40.710272175
-4.437321586,40.710272861
-4.437319789,40.710273787
-4.437318219,40.710274927
-4.437316920,40.710276250
-4.437315927,40.710277719
-4.437315269,40.710279292
-4.437314964,40.710280927
-4.437257649,40.710285066
-4.437256807,40.710283513
-4.437255631,40.710282090
-4.437254156,40.710280839
-4.437252424,40.710279795
-4.437250485,40.710278990
-4.437248396,40.710278445
-4.437246215,40.710278177
-4.437244006,40.710278193
-4.437241833,40.710278494
-4.437239758,40.710279069
-4.437237840,40.710279903
-4.437236135,40.710280972
-4.437234692,40.710282245
-4.437233553,40.710283684
-4.437232750,40.710285250
-4.437232306,40.710286897
-4.437174663,40.710291060
-4.437173677,40.710289520
-4.437172357,40.710288133
-4.437170742,40.710286939
-4.437168881,40.710285975
-4.437166830,40.710285269
-4.437164650,40.710284842
-4.437162406,40.710284708
-4.437160164,40.710284870
-4.437157993,40.710285323
-4.437155957,40.710286054
-4.437154117,40.710287041
-4.437152528,40.710288254
-4.437151238,40.710289658
-4.437150284,40.710291209
-4.437149696,40.710292863
-4.437091627,40.710297057
-4.437090578,40.710295633
-4.437089237,40.710294360
-4.437087638,40.710293271
-4.437085827,40.710292398
-4.437083851,40.710291762
-4.437081766,40.710291381
-4.437079626,40.710291267
-4.437077491,40.710291421
-4.437075418,40.710291840
-4.437073463,40.710292512
-4.437071681,40.710293419
-4.437070117,40.710294537
-4.437068817,40.710295835
-4.437067814,40.710297277
-4.437067135,40.710298825
-4.437008539,40.710303057
-4.437007352,40.710301664
-4.437005877,40.710300442
-4.437004154,40.710299424
-4.437002232,40.710298639
-4.437000164,40.710298110
-4.436998010,40.710297850
-4.436995828,40.710297868
-4.436993682,40.710298163
-4.436991630,40.710298726
-4.436989730,40.710299542
-4.436988036,40.710300588
-4.436986596,40.710301834
-4.436985449,40.710303246
-4.436984628,40.710304784
-4.436925393,40.710309062
-4.436924065,40.710307708
-4.436922454,40.710306546
-4.436920607,40.710305608
-4.436918578,40.710304923
-4.436916425,40.710304511
-4.436914212,40.710304382
-4.436912002,40.710304542
-4.436909860,40.710304985
-4.436907847,40.710305698
-4.436906024,40.710306662
-4.436904441,40.710307847
-4.436903147,40.710309219
-4.436902177,40.710310739
-4.436842185,40.710315071
-4.436840712,40.710313766
-4.436838965,40.710312674
-4.436836997,40.710311829
-4.436834866,40.710311256
-4.436832637,40.710310971
-4.436830376,40.710310984
-4.436828153,40.710311295
-4.436826034,40.710311893
-4.436824083,40.710312762
-4.436822358,40.710313874
-4.436820913,40.710315196
-4.436819789,40.710316688
-4.436758907,40.710321085
-4.436757433,40.710319936
-4.436755735,40.710318982
-4.436753857,40.710318250
-4.436751847,40.710317759
-4.436749760,40.710317521
-4.436747650,40.710317543
-4.436745573,40.710317823
-4.436743582,40.710318356
-4.436741730,40.710319126
-4.436740066,40.710320114
-4.436738634,40.710321293
-4.436737471,40.710322633
-4.436675551,40.710327105
-4.436673955,40.710326031
-4.436672151,40.710325169
-4.436670186,40.710324543
-4.436668114,40.710324168
-4.436665989,40.710324056
-4.436663868,40.710324210
-4.436661809,40.710324624
-4.436659866,40.710325288
-4.436658091,40.710326184
-4.436656532,40.710327289
-4.436655230,40.710328572
-4.436592101,40.710333131
-4.436590391,40.710332149
-4.436588493,40.710331394
-4.436586457,40.710330886
-4.436584340,40.710330638
-4.436582198,40.710330658
-4.436580090,40.710330945
-4.436578071,40.710331491
-4.436576198,40.710332282
-4.436574520,40.710333295
-4.436573084,40.710334505
-4.436508536,40.710339166
-4.436506728,40.710338296
-4.436504756,40.710337664
-4.436502675,40.710337286
-4.436500541,40.710337172
-4.436498411,40.710337326
-4.436496343,40.710337743
-4.436494393,40.710338413
-4.436492613,40.710339316
-4.436491052,40.710340428
-4.436424826,40.710345211
-4.436422949,40.710344480
-4.436420941,40.710343989
-4.436418855,40.710343751
-4.436416746,40.710343773
-4.436414669,40.710344054
-4.436412680,40.710344586
-4.436410829,40.710345355
-4.436409165,40.710346342
-4.436340908,40.710351271
-4.436339024,40.710350712
-4.436337049,40.710350382
-4.436335030,40.710350288
-4.436333017,40.710350433
-4.436331058,40.710350814
-4.436329200,40.710351421
-4.436327487,40.710352240
-4.435679820,40.710399008
-4.435680938,40.710407975
-4.435743620,40.710403449
-4.435744402,40.710401852
-4.435745532,40.710400380
-4.435746977,40.710399078
-4.435748693,40.710397983
-4.435750631,40.710397128
-4.435752733,40.710396539
-4.435754937,40.710396233
-4.435757176,40.710396218
-4.435759386,40.710396496
-4.435761501,40.710397058
-4.435763458,40.710397888
-4.435765199,40.710398960
-4.435766672,40.710400244
-4.435767835,40.710401700
-4.435826154,40.710397489
-4.435826789,40.710395888
-4.435827769,40.710394390
-4.435829065,40.710393039
-4.435830643,40.710391874
-4.435832455,40.710390927
-4.435834450,40.710390226
-4.435836573,40.710389790
-4.435838761,40.710389632
-4.435840954,40.710389756
-4.435843087,40.710390159
-4.435845101,40.710390830
-4.435846938,40.710391749
-4.435848546,40.710392890
-4.435849878,40.710394220
-4.435850897,40.710395703
-4.435908740,40.710391526
-4.435909234,40.710389926
-4.435910068,40.710388410
-4.435911221,40.710387020
-4.435912659,40.710385793
-4.435914344,40.710384765
-4.435916229,40.710383963
-4.435918263,40.710383409
-4.435920389,40.710383119
-4.435922549,40.710383100
-4.435924683,40.710383353
-4.435926733,40.710383871
-4.435928642,40.710384639
-4.435930358,40.710385638
-4.435931833,40.710386838
-4.435933028,40.710388208
-4.435933908,40.710389708
-4.435991375,40.710385559
-4.435991766,40.710383867
-4.435992536,40.710382252
-4.435993660,40.710380763
-4.435995106,40.710379444
-4.435996829,40.710378334
-4.435998778,40.710377468
-4.436000895,40.710376871
-4.436003115,40.710376561
-4.436005372,40.710376548
-4.436007599,40.710376831
-4.436009727,40.710377403
-4.436011694,40.710378246
-4.436013440,40.710379335
-4.436014913,40.710380636
-4.436016068,40.710382112
-4.436016870,40.710383718
-4.436074056,40.710379588
-4.436074307,40.710377913
-4.436074927,40.710376295
-4.436075899,40.710374780
-4.436077194,40.710373412
-4.436078775,40.710372231
-4.436080596,40.710371271
-4.436082605,40.710370560
-4.436084743,40.710370119
-4.436086949,40.710369960
-4.436089158,40.710370087
-4.436091306,40.710370498
-4.436093333,40.710371180
-4.436095177,40.710372113
-4.436096787,40.710373271
-4.436098116,40.710374620
-4.436099125,40.710376121
-4.436099785,40.710377730
-4.436156784,40.710373615
-4.436156899,40.710371960
-4.436157375,40.710370343
-4.436158199,40.710368809
-4.436159346,40.710367401
-4.436160787,40.710366158
-4.436162479,40.710365116
-4.436164376,40.710364302
-4.436166425,40.710363741
-4.436168568,40.710363447
-4.436170745,40.710363429
-4.436172896,40.710363687
-4.436174960,40.710364214
-4.436176880,40.710364996
-4.436178602,40.710366011
-4.436180077,40.710367229
-4.436181265,40.710368618
-4.436182132,40.710370138
-4.436182655,40.710371746
-4.436239556,40.710367637
-4.436239550,40.710365916
-4.436239936,40.710364220
-4.436240702,40.710362600
-4.436241825,40.710361106
-4.436243271,40.710359782
-4.436244996,40.710358668
-4.436246948,40.710357799
-4.436249069,40.710357200
-4.436251294,40.710356889
-4.436253556,40.710356876
-4.436255787,40.710357161
-4.436257919,40.710357735
-4.436259889,40.710358582
-4.436261636,40.710359675
-4.436263108,40.710360982
-4.436264261,40.710362463
-4.436265059,40.710364074
-4.436265479,40.710365765
-4.436322372,40.710361657
-4.436322877,40.710363280
-4.436323733,40.710364816
-4.436324916,40.710366221
-4.436326391,40.710367455
-4.436328118,40.710368483
-4.436330046,40.710369277
-4.436332123,40.710369812
-4.436334288,40.710370075
-4.436336480,40.710370058
-4.436338637,40.710369761
-4.436340699,40.710369193
-4.436342606,40.710368370
-4.436344304,40.710367315
-4.436345746,40.710366058
-4.436346890,40.710364634
-4.436347704,40.710363085
-4.436348164,40.710361454
-4.436348259,40.710359788
-4.436405234,40.710355673
-4.436405878,40.710357299
-4.436406877,40.710358817
-4.436408203,40.710360183
-4.436409815,40.710361356
-4.436411667,40.710362303
-4.436413704,40.710362996
-4.436415866,40.710363413
-4.436418091,40.710363544
-4.436420312,40.710363383
-4.436422465,40.710362937
-4.436424486,40.710362217
-4.436426315,40.710361245
-4.436427900,40.710360050
-4.436429193,40.710358667
-4.436430157,40.710357136
-4.436430764,40.710355502
-4.436430994,40.710353813
-4.436488141,40.710349686
-4.436488872,40.710351217
-4.436489923,40.710352637
-4.436491265,40.710353906
-4.436492863,40.710354990
-4.436494672,40.710355861
-4.436496645,40.710356494
-4.436498727,40.710356873
-4.436500863,40.710356986
-4.436502994,40.710356833
-4.436505063,40.710356415
-4.436507014,40.710355745
-4.436508795,40.710354841
-4.436510357,40.710353727
-4.436511658,40.710352433
-4.436512663,40.710350994
-4.436513344,40.710349450
-4.436513684,40.710347842
-4.436571094,40.710343696
-4.436571962,40.710345215
-4.436573150,40.710346604
-4.436574626,40.710347822
-4.436576347,40.710348836
-4.436578267,40.710349617
-4.436580331,40.710350145
-4.436582481,40.710350403
-4.436584658,40.710350385
-4.436586801,40.710350091
-4.436588849,40.710349530
-4.436590746,40.710348716
-4.436592438,40.710347674
-4.436593879,40.710346431
-4.436595027,40.710345024
-4.436595850,40.710343490
-4.436596327,40.710341874
-4.436654097,40.710337702
-4.436655105,40.710339204
-4.436656433,40.710340555
-4.436658044,40.710341714
-4.436659889,40.710342649
-4.436661916,40.710343332
-4.436664066,40.710343743
-4.436666277,40.710343871
-4.436668484,40.710343711
-4.436670623,40.710343269
-4.436672633,40.710342558
-4.436674455,40.710341597
-4.436676036,40.710340415
-4.436677331,40.710339045
-4.436678302,40.710337529
-4.436678921,40.710335909
-4.436737149,40.710331704
-4.436738303,40.710333183
-4.436739775,40.710334488
-4.436741522,40.710335580
-4.436743490,40.710336425
-4.436745621,40.710336998
-4.436747850,40.710337283
-4.436750111,40.710337270
-4.436752334,40.710336959
-4.436754453,40.710336361
-4.436756404,40.710335492
-4.436758128,40.710334380
-4.436759574,40.710333058
-4.436760698,40.710331566
-4.436761465,40.710329948
-4.436820256,40.710325702
-4.436821456,40.710327053
-4.436822931,40.710328236
-4.436824641,40.710329219
-4.436826540,40.710329975
-4.436828576,40.710330484
-4.436830694,40.710330731
-4.436832837,40.710330711
-4.436834946,40.710330424
-4.436836965,40.710329878
-4.436838839,40.710329087
-4.436840517,40.710328072
-4.436841953,40.710326862
-4.436843110,40.710325489
-4.436843954,40.710323991
-4.436903422,40.710319696
-4.436904758,40.710321004
-4.436906362,40.710322124
-4.436908190,40.710323025
-4.436910188,40.710323682
-4.436912303,40.710324076
-4.436914475,40.710324197
-4.436916642,40.710324040
-4.436918745,40.710323611
-4.436920725,40.710322921
-4.436922525,40.710321990
-4.436924097,40.710320843
-4.436925396,40.710319514
-4.436926385,40.710318038
-4.436986652,40.710313685
-4.436988127,40.710314940
-4.436989859,40.710315987
-4.436991800,40.710316795
-4.436993893,40.710317342
-4.436996076,40.710317611
-4.436998289,40.710317595
-4.437000465,40.710317294
-4.437002544,40.710316717
-4.437004464,40.710315881
-4.437006170,40.710314809
-4.437007613,40.710313533
-4.437008752,40.710312089
-4.437069953,40.710307670
-4.437071567,40.710308859
-4.437073426,40.710309820
-4.437075475,40.710310523
-4.437077651,40.710310948
-4.437079892,40.710311081
-4.437082129,40.710310920
-4.437084296,40.710310468
-4.437086329,40.710309739
-4.437088167,40.710308755
-4.437089755,40.710307546
-4.437091046,40.710306146
-4.437153338,40.710301647
-4.437154921,40.710302666
-4.437156695,40.710303480
-4.437158617,40.710304070
-4.437160637,40.710304420
-4.437162705,40.710304522
-4.437164768,40.710304373
-4.437166774,40.710303977
-4.437168672,40.710303344
-4.437170414,40.710302489
-4.437171955,40.710301435
-4.437173257,40.710300209
-4.437236823,40.710295618
-4.437238507,40.710296539
-4.437240362,40.710297244
-4.437242341,40.710297717
-4.437244393,40.710297944
-4.437246467,40.710297920
-4.437248509,40.710297647
-4.437250468,40.710297130
-4.437252295,40.710296382
-4.437253943,40.710295424
-4.437255369,40.710294279
-4.437320429,40.710289580
-4.437322195,40.710290382
-4.437324105,40.710290962
-4.437326112,40.710291306
-4.437328165,40.710291406
-4.437330213,40.710291258
-4.437332204,40.710290866
-4.437334090,40.710290241
-4.437335823,40.710289398
-4.437337359,40.710288357
-4.437404199,40.710283530
-4.437406008,40.710284186
-4.437407929,40.710284623
-4.437409914,40.710284831
-4.437411919,40.710284804
-4.437413894,40.710284543
-4.437415793,40.710284055
-4.437417571,40.710283351
-4.437419186,40.710282448
-4.437488206,40.710277463
-4.437490284,40.710277999
-4.437492451,40.710278263
-4.437494644,40.710278245
-4.437496803,40.710277948
-4.437498866,40.710277379
-4.437500774,40.710276555
-4.438969099,40.710170498
-4.438969285,40.710179532
-4.436259179,40.710375268
-4.436257465,40.710375919
-4.436255643,40.710376372
-4.436253754,40.710376616
-4.436251838,40.710376646
-4.436249937,40.710376463
-4.436248092,40.710376068
-4.436177764,40.710381147
-4.436176009,40.710382018
-4.436174093,40.710382663
-4.436172066,40.710383066
-4.436169981,40.710383217
-4.436167891,40.710383111
-4.436165850,40.710382751
-4.436163911,40.710382147
-4.436096041,40.710387048
-4.436094355,40.710388079
-4.436092467,40.710388884
-4.436090431,40.710389439
-4.436088301,40.710389730
-4.436086138,40.710389749
-4.436084001,40.710389495
-4.436081948,40.710388975
-4.436080037,40.710388204
-4.436014127,40.710392963
-4.436012554,40.710394115
-4.436010750,40.710395051
-4.436008766,40.710395744
-4.436006658,40.710396175
-4.436004484,40.710396332
-4.436002307,40.710396210
-4.436000187,40.710395813
-4.435998184,40.710395153
-4.435996354,40.710394247
-4.435932073,40.710398889
-4.435930632,40.710400132
-4.435928940,40.710401176
-4.435927042,40.710401990
-4.435924993,40.710402552
-4.435922849,40.710402846
-4.435920671,40.710402864
-4.435918519,40.710402605
-4.435916454,40.710402077
-4.435914534,40.710401295
-4.435912812,40.710400279
-4.435849908,40.710404822
-4.435848608,40.710406135
-4.435847041,40.710407267
-4.435845249,40.710408186
-4.435843282,40.710408867
-4.435841194,40.710409291
-4.435839043,40.710409446
-4.435836888,40.710409328
-4.435834788,40.710408941
-4.435832801,40.710408295
-4.435830981,40.710407408
-4.435829380,40.710406304
-4.435767653,40.710410761
-4.435766496,40.710412128
-4.435765060,40.710413333
-4.435763384,40.710414342
-4.435761514,40.710415130
-4.435759500,40.710415674
-4.435757396,40.710415960
-4.435755259,40.710415980
-4.435753147,40.710415734
-4.435751116,40.710415228
-4.435749220,40.710414476
-4.435747512,40.710413499
-4.435746038,40.710412322
-4.435682056,40.710416942
-4.435683174,40.710425909
-4.438969470,40.710188566
-4.438969655,40.710197601
-4.435676683,40.710435425
-4.435677802,40.710444392
-4.438969841,40.710206635
-4.438970026,40.710215669
-4.435678920,40.710453358
-4.435680038,40.710462325
-4.437901037,40.710301931
-4.437902716,40.710301151
-4.437904530,40.710300572
-4.437906438,40.710300208
-4.437908396,40.710300066
-4.437910360,40.710300151
-4.437912285,40.710300460
-4.437914126,40.710300986
-4.437982681,40.710296034
-4.437984326,40.710295081
-4.437986149,40.710294337
-4.437988103,40.710293823
-4.437990139,40.710293550
-4.437992207,40.710293526
-4.437994254,40.710293752
-4.437996227,40.710294221
-4.437998079,40.710294922
-4.438064544,40.710290122
-4.438066096,40.710289037
-4.438067857,40.710288158
-4.438069783,40.710287506
-4.438071821,40.710287099
-4.438073918,40.710286947
-4.438076020,40.710287055
-4.438078072,40.710287420
-4.438080020,40.710288032
-4.438081812,40.710288874
-4.438146559,40.710284198
-4.438147992,40.710283014
-4.438149658,40.710282022
-4.438151513,40.710281248
-4.438153508,40.710280713
-4.438155591,40.710280432
-4.438157706,40.710280410
-4.438159798,40.710280650
-4.438161811,40.710281144
-4.438163693,40.710281879
-4.438165393,40.710282837
-4.438228693,40.710278265
-4.438229995,40.710277004
-4.438231547,40.710275920
-4.438233309,40.710275040
-4.438235234,40.710274389
-4.438237272,40.710273981
-4.438239370,40.710273830
-4.438241472,40.710273938
-4.438243524,40.710274303
-4.438245472,40.710274914
-4.438247265,40.710275757
-4.438248855,40.710276809
-4.438310921,40.710272326
-4.438312088,40.710271006
-4.438313517,40.710269845
-4.438315172,40.710268873
-4.438317010,40.710268115
-4.438318984,40.710267591
-4.438321043,40.710267314
-4.438323133,40.710267291
-4.438325201,40.710267524
-4.438327194,40.710268005
-4.438329060,40.710268722
-4.438330751,40.710269658
-4.438332223,40.710270787
-4.438393230,40.710266381
-4.438394359,40.710264907
-4.438395804,40.710263603
-4.438397522,40.710262507
-4.438399460,40.710261652
-4.438401564,40.710261062
-4.438403769,40.710260755
-4.438406010,40.710260740
-4.438408221,40.710261019
-4.438410337,40.710261582
-4.438412295,40.710262412
-4.438414037,40.710263486
-4.438415510,40.710264771
-4.438475610,40.710260430
-4.438476587,40.710258928
-4.438477884,40.710257573
-4.438479462,40.710256403
-4.438481276,40.710255452
-4.438483276,40.710254748
-4.438485402,40.710254311
-4.438487595,40.710254152
-4.438489792,40.710254278
-4.438491930,40.710254683
-4.438493947,40.710255357
-4.438495786,40.710256279
-4.438497394,40.710257425
-4.438498726,40.710258760
-4.438558052,40.710254475
-4.438558883,40.710252953
-4.438560033,40.710251557
-4.438561473,40.710250325
-4.438563160,40.710249291
-4.438565049,40.710248485
-4.438567088,40.710247929
-4.438569220,40.710247637
-4.438571386,40.710247618
-4.438573526,40.710247873
-4.438575581,40.710248394
-4.438577494,40.710249167
-4.438579212,40.710250171
-4.438580687,40.710251378
-4.438581880,40.710252754
-4.438640552,40.710248516
-4.438641241,40.710246981
-4.438642249,40.710245553
-4.438643551,40.710244269
-4.438645110,40.710243163
-4.438646885,40.710242266
-4.438648829,40.710241602
-4.438650889,40.710241187
-4.438653011,40.710241034
-4.438655137,40.710241146
-4.438657210,40.710241520
-4.438659175,40.710242147
-4.438660980,40.710243010
-4.438662576,40.710244085
-4.438663919,40.710245343
-4.438664975,40.710246752
-4.438723106,40.710242553
-4.438723706,40.710240913
-4.438724667,40.710239375
-4.438725959,40.710237985
-4.438727545,40.710236784
-4.438729378,40.710235808
-4.438731404,40.710235084
-4.438733562,40.710234636
-4.438735790,40.710234475
-4.438738021,40.710234606
-4.438740189,40.710235027
-4.438742230,40.710235723
-4.438744085,40.710236676
-4.438745698,40.710237856
-4.438747022,40.710239228
-4.438748017,40.710240753
-4.438805709,40.710236586
-4.438806166,40.710234951
-4.438806978,40.710233398
-4.438808121,40.710231971
-4.438809562,40.710230711
-4.438811262,40.710229652
-4.438813172,40.710228827
-4.438815236,40.710228257
-4.438817397,40.710227959
-4.438819593,40.710227942
-4.438821762,40.710228206
-4.438823841,40.710228744
-4.438825773,40.710229540
-4.438827500,40.710230571
-4.438828976,40.710231809
-4.438830157,40.710233218
-4.438831010,40.710234758
-4.438888361,40.710230616
-4.438888680,40.710228991
-4.438889347,40.710227429
-4.438890345,40.710225972
-4.438891645,40.710224661
-4.438893211,40.710223531
-4.438895002,40.710222614
-4.438896967,40.710221934
-4.438899053,40.710221511
-4.438901202,40.710221356
-4.438903355,40.710221473
-4.438905453,40.710221859
-4.438907438,40.710222504
-4.438909256,40.710223389
-4.438910857,40.710224491
-4.438912197,40.710225778
-4.438913239,40.710227217
-4.438913954,40.710228767
-4.438970212,40.710224703
-4.438970397,40.710233737
-4.438910853,40.710238038
-4.438909306,40.710239108
-4.438907554,40.710239975
-4.438905642,40.710240618
-4.438903620,40.710241019
-4.438901540,40.710241170
-4.438899454,40.710241065
-4.438897418,40.710240707
-4.438895483,40.710240106
-4.438893699,40.710239278
-4.438828847,40.710243962
-4.438827416,40.710245133
-4.438825756,40.710246114
-4.438823910,40.710246878
-4.438821927,40.710247407
-4.438819858,40.710247686
-4.438817757,40.710247708
-4.438815679,40.710247473
-4.438813677,40.710246986
-4.438811804,40.710246261
-4.438810109,40.710245316
-4.438746721,40.710249895
-4.438745419,40.710251144
-4.438743870,40.710252218
-4.438742115,40.710253089
-4.438740199,40.710253735
-4.438738171,40.710254138
-4.438736085,40.710254289
-4.438733994,40.710254183
-4.438731953,40.710253823
-4.438730014,40.710253219
-4.438728227,40.710252386
-4.438726639,40.710251345
-4.438664498,40.710255834
-4.438663210,40.710257255
-4.438661617,40.710258485
-4.438659768,40.710259485
-4.438657719,40.710260226
-4.438655531,40.710260685
-4.438653273,40.710260848
-4.438651011,40.710260711
-4.438648815,40.710260276
-4.438646752,40.710259558
-4.438644883,40.710258579
-4.438643267,40.710257367
-4.438582194,40.710261779
-4.438581061,40.710263242
-4.438579617,40.710264536
-4.438577903,40.710265624
-4.438575971,40.710266473
-4.438573876,40.710267059
-4.438571681,40.710267364
-4.438569449,40.710267379
-4.438567247,40.710267104
-4.438565139,40.710266546
-4.438563187,40.710265723
-4.438561449,40.710264659
-4.438559975,40.710263384
-4.438499819,40.710267729
-4.438498838,40.710269222
-4.438497540,40.710270569
-4.438495964,40.710271731
-4.438494154,40.710272675
-4.438492162,40.710273374
-4.438490043,40.710273809
-4.438487858,40.710273967
-4.438485670,40.710273843
-4.438483540,40.710273442
-4.438481529,40.710272774
-4.438479694,40.710271858
-4.438478087,40.710270721
-4.438476754,40.710269395
-4.438417380,40.710273684
-4.438416545,40.710275198
-4.438415392,40.710276586
-4.438413954,40.710277811
-4.438412269,40.710278837
-4.438410385,40.710279638
-4.438408353,40.710280191
-4.438406229,40.710280482
-4.438404071,40.710280501
-4.438401939,40.710280248
-4.438399890,40.710279732
-4.438397982,40.710278964
-4.438396267,40.710277968
-4.438394792,40.710276769
-4.438393597,40.710275402
-4.438334884,40.710279643
-4.438334190,40.710281170
-4.438333178,40.710282591
-4.438331877,40.710283868
-4.438330319,40.710284967
-4.438328548,40.710285859
-4.438326610,40.710286520
-4.438324557,40.710286932
-4.438322442,40.710287084
-4.438320323,40.710286974
-4.438318257,40.710286602
-4.438316296,40.710285980
-4.438314495,40.710285123
-4.438312901,40.710284055
-4.438311557,40.710282805
-4.438310497,40.710281404
-4.438252334,40.710285605
-4.438251727,40.710287238
-4.438250763,40.710288769
-4.438249470,40.710290152
-4.438247885,40.710291347
-4.438246056,40.710292318
-4.438244035,40.710293037
-4.438241883,40.710293484
-4.438239663,40.710293644
-4.438237439,40.710293514
-4.438235277,40.710293096
-4.438233240,40.710292404
-4.438231388,40.710291458
-4.438229776,40.710290285
-4.438228451,40.710288920
-4.438227451,40.710287402
-4.438169733,40.710291571
-4.438169270,40.710293200
-4.438168454,40.710294746
-4.438167309,40.710296167
-4.438165868,40.710297421
-4.438164171,40.710298474
-4.438162266,40.710299295
-4.438160207,40.710299862
-4.438158052,40.710300159
-4.438155862,40.710300176
-4.438153700,40.710299914
-4.438151626,40.710299380
-4.438149699,40.710298589
-4.438147973,40.710297563
-4.438146497,40.710296332
-4.438145314,40.710294930
-4.438144456,40.710293397
-4.438087085,40.710297541
-4.438086758,40.710299160
-4.438086086,40.710300716
-4.438085086,40.710302166
-4.438083786,40.710303472
-4.438082221,40.710304596
-4.438080434,40.710305509
-4.438078473,40.710306185
-4.438076393,40.710306607
-4.438074250,40.710306761
-4.438072103,40.710306645
-4.438070011,40.710306262
-4.438068030,40.710305621
-4.438066215,40.710304741
-4.438064615,40.710303645
-4.438063274,40.710302364
-4.438062229,40.710300932
-4.438061508,40.710299388
-4.438004389,40.710303514
-4.438004173,40.710305213
-4.438003578,40.710306858
-4.438002620,40.710308401
-4.438001328,40.710309796
-4.437999741,40.710311002
-4.437997905,40.710311983
-4.437995875,40.710312709
-4.437993712,40.710313160
-4.437991479,40.710313321
-4.437989243,40.710313188
-4.437987070,40.710312765
-4.437985025,40.710312065
-4.437983168,40.710311108
-4.437981554,40.710309923
-4.437980231,40.710308544
-4.437979240,40.710307014
-4.437978608,40.710305376
-4.437921649,40.710309490
-4.437921569,40.710311166
-4.437921120,40.710312807
-4.437920313,40.710314367
-4.437919172,40.710315802
-4.437917730,40.710317069
-4.437916027,40.710318133
-4.437914113,40.710318964
-4.437912042,40.710319537
-4.437909874,40.710319836
-4.437907671,40.710319852
-4.437905496,40.710319586
-4.437903410,40.710319045
-4.437901475,40.710318243
-4.437899745,40.710317205
-4.437898270,40.710315959
-4.437897092,40.710314542
-4.437896244,40.710312995
-4.437895752,40.710311360
-4.437838863,40.710315469
-4.437838430,40.710313788
-4.437837622,40.710312189
-4.437836464,40.710310720
-4.437834991,40.710309424
-4.437833247,40.710308341
-4.437831283,40.710307503
-4.437829160,40.710306935
-4.437826939,40.710306653
-4.437824688,40.710306667
-4.437822473,40.710306976
-4.437820362,40.710307570
-4.437818416,40.710308432
-4.437816695,40.710309537
-4.437815250,40.710310850
-4.437814124,40.710312334
-4.437813350,40.710313942
-4.437812952,40.710315628
-4.437812941,40.710317342
-4.437756033,40.710321452
-4.437755499,40.710319854
-4.437754623,40.710318346
-4.437753431,40.710316969
-4.437751956,40.710315762
-4.437750237,40.710314757
-4.437748324,40.710313984
-4.437746269,40.710313462
-4.437744128,40.710313207
-4.437741962,40.710313226
-4.437739829,40.710313518
-4.437737790,40.710314075
-4.437735900,40.710314881
-4.437734212,40.710315915
-4.437732773,40.710317147
-4.437731623,40.710318544
-4.437730792,40.710320067
-4.437730305,40.710321674
-4.437730175,40.710323319
-4.437673158,40.710327437
-4.437672486,40.710325840
-4.437671470,40.710324352
-4.437670139,40.710323016
-4.437668530,40.710321870
-4.437666691,40.710320946
-4.437664673,40.710320272
-4.437662535,40.710319866
-4.437660337,40.710319741
-4.437658143,40.710319899
-4.437656016,40.710320337
-4.437654016,40.710321042
-4.437652201,40.710321993
-4.437650623,40.710323163
-4.437649326,40.710324519
-4.437648349,40.710326022
-4.437647719,40.710327629
-4.437647454,40.710329294
-4.437590237,40.710333426
-4.437589424,40.710331834
-4.437588264,40.710330372
-4.437586790,40.710329083
-4.437585048,40.710328006
-4.437583088,40.710327173
-4.437580969,40.710326608
-4.437578755,40.710326328
-4.437576510,40.710326343
-4.437574302,40.710326650
-4.437572196,40.710327242
-4.437570254,40.710328100
-4.437568536,40.710329199
-4.437567091,40.710330506
-4.437565962,40.710331983
-4.437565184,40.710333585
-4.437564779,40.710335265
-4.437507269,40.710339419
-4.437506380,40.710337931
-4.437505181,40.710336576
-4.437503706,40.710335388
-4.437501994,40.710334401
-4.437500093,40.710333642
-4.437498053,40.710333131
-4.437495931,40.710332882
-4.437493784,40.710332901
-4.437491670,40.710333189
-4.437489647,40.710333738
-4.437487771,40.710334532
-4.437486091,40.710335550
-4.437484654,40.710336764
-4.437483498,40.710338142
-4.437482656,40.710339645
-4.437482151,40.710341233
-4.437424252,40.710345414
-4.437423225,40.710343947
-4.437421890,40.710342632
-4.437420284,40.710341504
-4.437418454,40.710340597
-4.437416450,40.710339935
-4.437414328,40.710339538
-4.437412150,40.710339416
-4.437409975,40.710339573
-4.437407865,40.710340005
-4.437405880,40.710340699
-4.437404075,40.710341635
-4.437402502,40.710342789
-4.437401204,40.710344126
-4.437400218,40.710345609
-4.437399571,40.710347197
-4.437341183,40.710351414
-4.437340014,40.710349974
-4.437338539,40.710348706
-4.437336803,40.710347648
-4.437334855,40.710346830
-4.437332752,40.710346276
-4.437330557,40.710346003
-4.437328332,40.710346019
-4.437326143,40.710346322
-4.437324054,40.710346905
-4.437322126,40.710347749
-4.437320415,40.710348831
-4.437318971,40.710350119
-4.437317836,40.710351575
-4.437317044,40.710353157
-4.437258059,40.710357417
-4.437256743,40.710356011
-4.437255127,40.710354800
-4.437253259,40.710353821
-4.437251196,40.710353104
-4.437249001,40.710352670
-4.437246740,40.710352532
-4.437244482,40.710352695
-4.437242295,40.710353154
-4.437240246,40.710353895
-4.437238397,40.710354895
-4.437236805,40.710356124
-4.437235516,40.710357544
-4.437234572,40.710359113
-4.437174875,40.710363425
-4.437173532,40.710362160
-4.437171935,40.710361079
-4.437170128,40.710360212
-4.437168158,40.710359582
-4.437166079,40.710359205
-4.437163948,40.710359091
-4.437161820,40.710359245
-4.437159755,40.710359661
-4.437157806,40.710360329
-4.437156028,40.710361230
-4.437154467,40.710362341
-4.437153166,40.710363631
-4.437152160,40.710365065
-4.437091624,40.710369437
-4.437090148,40.710368230
-4.437088430,40.710367225
-4.437086517,40.710366451
-4.437084461,40.710365930
-4.437082320,40.710365675
-4.437080154,40.710365693
-4.437078021,40.710365985
-4.437075982,40.710366542
-4.437074092,40.710367349
-4.437072404,40.710368383
-4.437070965,40.710369615
-4.437069814,40.710371012
-4.437008298,40.710375455
-4.437006691,40.710374317
-4.437004856,40.710373401
-4.437002844,40.710372733
-4.437000714,40.710372331
-4.436998525,40.710372207
-4.436996340,40.710372365
-4.436994220,40.710372800
-4.436992227,40.710373499
-4.436990417,40.710374444
-4.436988840,40.710375606
-4.436987543,40.710376954
-4.436924885,40.710381479
-4.436923150,40.710380427
-4.436921206,40.710379614
-4.436919109,40.710379064
-4.436916920,40.710378793
-4.436914702,40.710378809
-4.436912519,40.710379111
-4.436910436,40.710379691
-4.436908512,40.710380531
-4.436906804,40.710381607
-4.436905360,40.710382889
-4.436841366,40.710387510
-4.436839514,40.710386564
-4.436837477,40.710385871
-4.436835315,40.710385454
-4.436833091,40.710385323
-4.436830870,40.710385484
-4.436828717,40.710385930
-4.436826697,40.710386650
-4.436824867,40.710387621
-4.436823283,40.710388816
-4.436757714,40.710393552
-4.436755767,40.710392735
-4.436753666,40.710392183
-4.436751472,40.710391910
-4.436749249,40.710391926
-4.436747062,40.710392229
-4.436744975,40.710392810
-4.436743048,40.710393654
-4.436741338,40.710394734
-4.436673884,40.710399605
-4.436671888,40.710398951
-4.436669777,40.710398559
-4.436667609,40.710398439
-4.436665446,40.710398595
-4.436663347,40.710399023
-4.436661370,40.710399711
-4.436659572,40.710400639
-4.436589777,40.710405679
-4.436587835,40.710405230
-4.436585826,40.710405015
-4.436583797,40.710405041
-4.436581798,40.710405306
-4.436579878,40.710405804
-4.436578082,40.710406524
-4.435681156,40.710471292
-4.435682274,40.710480259
-4.435746412,40.710475627
-4.435747579,40.710474307
-4.435749008,40.710473147
-4.435750664,40.710472175
-4.435752502,40.710471417
-4.435754476,40.710470893
-4.435756534,40.710470616
-4.435758625,40.710470593
-4.435760693,40.710470825
-4.435762686,40.710471307
-4.435764552,40.710472024
-4.435766243,40.710472960
-4.435767715,40.710474089
-4.435828722,40.710469684
-4.435829851,40.710468211
-4.435831296,40.710466907
-4.435833014,40.710465811
-4.435834953,40.710464955
-4.435837056,40.710464365
-4.435839261,40.710464058
-4.435841502,40.710464044
-4.435843714,40.710464322
-4.435845830,40.710464885
-4.435847787,40.710465716
-4.435849529,40.710466790
-4.435851002,40.710468075
-4.435911102,40.710463735
-4.435912080,40.710462233
-4.435913376,40.710460878
-4.435914954,40.710459708
-4.435916769,40.710458758
-4.435918768,40.710458054
-4.435920895,40.710457616
-4.435923088,40.710457458
-4.435925285,40.710457583
-4.435927423,40.710457988
-4.435929440,40.710458662
-4.435931279,40.710459585
-4.435932887,40.710460731
-4.435934219,40.710462066
-4.435993545,40.710457782
-4.435994376,40.710456260
-4.435995527,40.710454864
-4.435996966,40.710453632
-4.435998653,40.710452598
-4.436000543,40.710451792
-4.436002582,40.710451236
-4.436004713,40.710450944
-4.436006879,40.710450925
-4.436009019,40.710451180
-4.436011074,40.710451702
-4.436012987,40.710452475
-4.436014705,40.710453479
-4.436016181,40.710454685
-4.436017373,40.710456062
-4.436076046,40.710451825
-4.436076734,40.710450290
-4.436077743,40.710448862
-4.436079045,40.710447578
-4.436080604,40.710446472
-4.436082379,40.710445575
-4.436084323,40.710444911
-4.436086383,40.710444496
-4.436088505,40.710444343
-4.436090631,40.710444455
-4.436092704,40.710444830
-4.436094669,40.710445457
-4.436096474,40.710446319
-4.436098070,40.710447394
-4.436099413,40.710448653
-4.436100469,40.710450061
-4.436158600,40.710445864
-4.436159200,40.710444223
-4.436160161,40.710442686
-4.436161454,40.710441296
-4.436163040,40.710440095
-4.436164873,40.710439118
-4.436166898,40.710438395
-4.436169057,40.710437946
-4.436171284,40.710437786
-4.436173515,40.710437917
-4.436175683,40.710438338
-4.436177725,40.710439035
-4.436179580,40.710439987
-4.436181193,40.710441167
-4.436182517,40.710442540
-4.436183512,40.710444065
-4.436241204,40.710439899
-4.436241661,40.710438264
-4.436242472,40.710436711
-4.436243615,40.710435284
-4.436245057,40.710434023
-4.436246757,40.710432965
-4.436248667,40.710432139
-4.436250731,40.710431569
-4.436252892,40.710431272
-4.436255088,40.710431255
-4.436257257,40.710431519
-4.436259337,40.710432057
-4.436261268,40.710432853
-4.436262995,40.710433884
-4.436264471,40.710435122
-4.436265652,40.710436531
-4.436266504,40.710438072
-4.436323856,40.710433930
-4.436324175,40.710432306
-4.436324843,40.710430743
-4.436325840,40.710429287
-4.436327140,40.710427975
-4.436328707,40.710426846
-4.436330497,40.710425928
-4.436332463,40.710425249
-4.436334548,40.710424825
-4.436336697,40.710424670
-4.436338850,40.710424787
-4.436340948,40.710425174
-4.436342934,40.710425818
-4.436344752,40.710426704
-4.436346353,40.710427805
-4.436347692,40.710429093
-4.436348734,40.710430532
-4.436349449,40.710432082
-4.436406555,40.710427958
-4.436406763,40.710426254
-4.436407353,40.710424603
-4.436408308,40.710423053
-4.436409599,40.710421652
-4.436411188,40.710420441
-4.436413027,40.710419456
-4.436415061,40.710418726
-4.436417230,40.710418274
-4.436419469,40.710418112
-4.436421711,40.710418246
-4.436423889,40.710418671
-4.436425939,40.710419376
-4.436427798,40.710420338
-4.436429413,40.710421529
-4.436430734,40.710422914
-4.436431722,40.710424452
-4.436432347,40.710426096
-4.436489299,40.710421983
-4.436489370,40.710420303
-4.436489814,40.710418656
-4.436490617,40.710417090
-4.436491756,40.710415650
-4.436493199,40.710414378
-4.436494904,40.710413309
-4.436496822,40.710412475
-4.436498898,40.710411899
-4.436501071,40.710411599
-4.436503280,40.710411583
-4.436505460,40.710411851
-4.436507550,40.710412395
-4.436509489,40.710413201
-4.436511221,40.710414245
-4.436512696,40.710415496
-4.436513871,40.710416919
-4.436514714,40.710418473
-4.436515200,40.710420112
-4.436572087,40.710416004
-4.436572528,40.710417680
-4.436573341,40.710419273
-4.436574501,40.710420736
-4.436575974,40.710422025
-4.436577717,40.710423103
-4.436579677,40.710423937
-4.436581796,40.710424502
-4.436584012,40.710424782
-4.436586257,40.710424768
-4.436588466,40.710424460
-4.436590573,40.710423868
-4.436592515,40.710423010
-4.436594234,40.710421910
-4.436595679,40.710420603
-4.436596807,40.710419125
-4.436597585,40.710417522
-4.436597989,40.710415841
-4.436598008,40.710414132
-4.436654921,40.710410022
-4.436655462,40.710411614
-4.436656341,40.710413116
-4.436657535,40.710414487
-4.436659011,40.710415688
-4.436660727,40.710416688
-4.436662637,40.710417457
-4.436664688,40.710417975
-4.436666823,40.710418229
-4.436668984,40.710418210
-4.436671110,40.710417919
-4.436673145,40.710417365
-4.436675031,40.710416562
-4.436676716,40.710415533
-4.436678155,40.710414306
-4.436679307,40.710412915
-4.436680141,40.710411398
-4.436680633,40.710409797
-4.436680771,40.710408156
-4.436737799,40.710404037
-4.436738477,40.710405628
-4.436739496,40.710407110
-4.436740829,40.710408440
-4.436742436,40.710409580
-4.436744273,40.710410499
-4.436746287,40.710411169
-4.436748420,40.710411572
-4.436750611,40.710411696
-4.436752799,40.710411538
-4.436754921,40.710411102
-4.436756917,40.710410401
-4.436758728,40.710409455
-4.436760305,40.710408290
-4.436761602,40.710406940
-4.436762582,40.710405443
-4.436763217,40.710403842
-4.436763490,40.710402182
-4.436820723,40.710398049
-4.436821542,40.710399634
-4.436822705,40.710401089
-4.436824179,40.710402371
-4.436825920,40.710403442
-4.436827876,40.710404270
-4.436829989,40.710404831
-4.436832198,40.710405109
-4.436834436,40.710405094
-4.436836638,40.710404788
-4.436838738,40.710404200
-4.436840675,40.710403346
-4.436842392,40.710402253
-4.436843836,40.710400952
-4.436844967,40.710399481
-4.436845750,40.710397886
-4.436846162,40.710396212
-4.436903695,40.710392057
-4.436904589,40.710393537
-4.436905790,40.710394885
-4.436907265,40.710396066
-4.436908974,40.710397047
-4.436910871,40.710397801
-4.436912905,40.710398309
-4.436915021,40.710398556
-4.436917162,40.710398536
-4.436919269,40.710398249
-4.436921286,40.710397704
-4.436923159,40.710396914
-4.436924836,40.710395901
-4.436926272,40.710394693
-4.436927429,40.710393323
-4.436928275,40.710391826
-4.436928787,40.710390245
-4.436986715,40.710386061
-4.436987747,40.710387520
-4.436989083,40.710388828
-4.436990687,40.710389949
-4.436992515,40.710390850
-4.436994514,40.710391507
-4.436996628,40.710391901
-4.436998800,40.710392021
-4.437000968,40.710391865
-4.437003071,40.710391436
-4.437005050,40.710390746
-4.437006851,40.710389814
-4.437008423,40.710388668
-4.437009722,40.710387338
-4.437010711,40.710385862
-4.437011363,40.710384281
-4.437069788,40.710380062
-4.437070960,40.710381494
-4.437072435,40.710382753
-4.437074169,40.710383804
-4.437076113,40.710384616
-4.437078209,40.710385165
-4.437080397,40.710385436
-4.437082614,40.710385420
-4.437084796,40.710385118
-4.437086878,40.710384539
-4.437088801,40.710383700
-4.437090509,40.710382624
-4.437091952,40.710381344
-4.437093090,40.710379895
-4.437093887,40.710378321
-4.437152916,40.710374058
-4.437154234,40.710375455
-4.437155850,40.710376657
-4.437157714,40.710377628
-4.437159771,40.710378340
-4.437161958,40.710378770
-4.437164211,40.710378906
-4.437166460,40.710378743
-4.437168639,40.710378287
-4.437170681,40.710377552
-4.437172526,40.710376558
-4.437174116,40.710375338
-4.437175406,40.710373926
-4.437176355,40.710372365
-4.437236105,40.710368050
-4.437237449,40.710369305
-4.437239044,40.710370377
-4.437240847,40.710371237
-4.437242810,40.710371862
-4.437244880,40.710372235
-4.437247003,40.710372347
-4.437249121,40.710372194
-4.437251179,40.710371780
-4.437253120,40.710371117
-4.437254893,40.710370223
-4.437256452,40.710369120
-4.437257753,40.710367839
-4.437258763,40.710366414
-4.437319359,40.710362037
-4.437320835,40.710363235
-4.437322550,40.710364230
-4.437324457,40.710364997
-4.437326504,40.710365513
-4.437328636,40.710365765
-4.437330792,40.710365746
-4.437332915,40.710365456
-4.437334946,40.710364903
-4.437336829,40.710364103
-4.437338513,40.710363077
-4.437339951,40.710361854
-4.437341104,40.710360467
-4.437402691,40.710356019
-4.437404296,40.710357145
-4.437406126,40.710358052
-4.437408130,40.710358712
-4.437410250,40.710359109
-4.437412427,40.710359231
-4.437414601,40.710359074
-4.437416709,40.710358643
-4.437418694,40.710357949
-4.437420498,40.710357014
-4.437422071,40.710355862
-4.437423369,40.710354526
-4.437486111,40.710349994
-4.437487841,40.710351034
-4.437489777,40.710351836
-4.437491864,40.710352378
-4.437494040,40.710352645
-4.437496244,40.710352628
-4.437498414,40.710352329
-4.437500485,40.710351756
-4.437502400,40.710350924
-4.437504103,40.710349859
-4.437505546,40.710348591
-4.437569638,40.710343962
-4.437571482,40.710344894
-4.437573507,40.710345576
-4.437575655,40.710345986
-4.437577864,40.710346113
-4.437580068,40.710345954
-4.437582206,40.710345513
-4.437584214,40.710344803
-4.437586034,40.710343843
-4.437587615,40.710342663
-4.437653298,40.710337919
-4.437655233,40.710338721
-4.437657318,40.710339262
-4.437659493,40.710339528
-4.437661696,40.710339512
-4.437663864,40.710339213
-4.437665935,40.710338640
-4.437667849,40.710337809
-4.437669551,40.710336746
-4.437737145,40.710331864
-4.437739121,40.710332500
-4.437741208,40.710332881
-4.437743350,40.710332996
-4.437745487,40.710332842
-4.437747561,40.710332423
-4.437749517,40.710331750
-4.437751301,40.710330841
-4.437821276,40.710325787
-4.437823185,40.710326217
-4.437825158,40.710326421
-4.437827148,40.710326394
-4.437829110,40.710326136
-4.437830997,40.710325653
-4.437832766,40.710324957
-4.438970583,40.710242771
-4.438970768,40.710251805
-4.436509826,40.710429548
-4.436507874,40.710430417
-4.436505755,40.710431015
-4.436503531,40.710431326
-4.436501270,40.710431339
-4.436499041,40.710431055
-4.436496909,40.710430481
-4.436428198,40.710435443
-4.436426563,40.710436379
-4.436424756,40.710437109
-4.436422820,40.710437614
-4.436420805,40.710437883
-4.436418759,40.710437908
-4.436416733,40.710437688
-4.436414777,40.710437230
-4.436412940,40.710436545
-4.436346348,40.710441353
-4.436344801,40.710442423
-4.436343049,40.710443290
-4.436341137,40.710443932
-4.436339115,40.710444334
-4.436337034,40.710444484
-4.436334949,40.710444379
-4.436332913,40.710444022
-4.436330978,40.710443421
-4.436329194,40.710442592
-4.436264341,40.710447275
-4.436262910,40.710448446
-4.436261250,40.710449427
-4.436259404,40.710450191
-4.436257421,40.710450720
-4.436255352,40.710450999
-4.436253251,40.710451021
-4.436251173,40.710450785
-4.436249171,40.710450299
-4.436247299,40.710449573
-4.436245604,40.710448628
-4.436182215,40.710453206
-4.436180912,40.710454455
-4.436179364,40.710455529
-4.436177609,40.710456400
-4.436175693,40.710457046
-4.436173665,40.710457449
-4.436171579,40.710457600
-4.436169488,40.710457494
-4.436167447,40.710457134
-4.436165508,40.710456530
-4.436163721,40.710455696
-4.436162133,40.710454656
-4.436099991,40.710459143
-4.436098703,40.710460564
-4.436097110,40.710461794
-4.436095261,40.710462794
-4.436093212,40.710463535
-4.436091024,40.710463994
-4.436088766,40.710464157
-4.436086504,40.710464020
-4.436084308,40.710463585
-4.436082245,40.710462867
-4.436080377,40.710461888
-4.436078760,40.710460676
-4.436017687,40.710465087
-4.436016554,40.710466550
-4.436015110,40.710467844
-4.436013396,40.710468932
-4.436011464,40.710469781
-4.436009369,40.710470366
-4.436007174,40.710470671
-4.436004942,40.710470686
-4.436002740,40.710470411
-4.436000632,40.710469853
-4.435998680,40.710469030
-4.435996942,40.710467966
-4.435995467,40.710466691
-4.435935311,40.710471035
-4.435934330,40.710472528
-4.435933033,40.710473875
-4.435931457,40.710475037
-4.435929646,40.710475981
-4.435927654,40.710476680
-4.435925535,40.710477115
-4.435923351,40.710477272
-4.435921162,40.710477149
-4.435919032,40.710476747
-4.435917021,40.710476079
-4.435915186,40.710475164
-4.435913579,40.710474027
-4.435912246,40.710472700
-4.435852872,40.710476988
-4.435852036,40.710478502
-4.435850884,40.710479890
-4.435849445,40.710481114
-4.435847761,40.710482141
-4.435845877,40.710482942
-4.435843845,40.710483495
-4.435841721,40.710483785
-4.435839563,40.710483804
-4.435837430,40.710483552
-4.435835382,40.710483035
-4.435833474,40.710482268
-4.435831759,40.710481271
-4.435830283,40.710480073
-4.435829088,40.710478705
-4.435770375,40.710482945
-4.435769681,40.710484472
-4.435768669,40.710485893
-4.435767368,40.710487170
-4.435765810,40.710488269
-4.435764039,40.710489161
-4.435762101,40.710489821
-4.435760048,40.710490234
-4.435757933,40.710490386
-4.435755814,40.710490275
-4.435753748,40.710489904
-4.435751788,40.710489281
-4.435749987,40.710488425
-4.435748393,40.710487357
-4.435747048,40.710486106
-4.435745988,40.710484706
-4.435683392,40.710489226
-4.435684511,40.710498192
-4.438970954,40.710260840
-4.438971139,40.710269874
-4.435685629,40.710507159
-4.435686747,40.710516126
-4.438971325,40.710278908
-4.438971510,40.710287942
-4.435678126,40.710525796
-4.435679244,40.710534763
-4.438971696,40.710296976
-4.438971881,40.710306010
-4.435680362,40.710543729
-4.435681480,40.710552696
-4.438565352,40.710344423
-4.438567203,40.710343654
-4.438569193,40.710343122
-4.438571269,40.710342841
-4.438573378,40.710342820
-4.438575464,40.710343057
-4.438577472,40.710343548
-4.438646891,40.710338534
-4.438648719,40.710337563
-4.438650739,40.710336844
-4.438652890,40.710336398
-4.438655109,40.710336238
-4.438657332,40.710336368
-4.438659494,40.710336785
-4.438661530,40.710337476
-4.438728687,40.710332625
-4.438730413,40.710331508
-4.438732368,40.710330636
-4.438734492,40.710330035
-4.438736721,40.710329723
-4.438738987,40.710329710
-4.438741222,40.710329996
-4.438743358,40.710330573
-4.438745329,40.710331423
-4.438810653,40.710326704
-4.438812245,40.710325478
-4.438814092,40.710324480
-4.438816139,40.710323740
-4.438818324,40.710323282
-4.438820579,40.710323119
-4.438822838,40.710323257
-4.438825031,40.710323689
-4.438827092,40.710324405
-4.438828959,40.710325382
-4.438892747,40.710320774
-4.438894192,40.710319465
-4.438895912,40.710318364
-4.438897854,40.710317504
-4.438899962,40.710316912
-4.438902173,40.710316604
-4.438904420,40.710316590
-4.438906637,40.710316870
-4.438908757,40.710317436
-4.438910718,40.710318271
-4.438912461,40.710319350
-4.438972067,40.710315045
-4.438972252,40.710324079
-4.438916240,40.710328125
-4.438915667,40.710329795
-4.438914722,40.710331364
-4.438913434,40.710332784
-4.438911841,40.710334013
-4.438909993,40.710335012
-4.438907944,40.710335753
-4.438905758,40.710336212
-4.438903500,40.710336375
-4.438901239,40.710336237
-4.438899044,40.710335803
-4.438896981,40.710335086
-4.438895113,40.710334107
-4.438893497,40.710332897
-4.438892181,40.710331491
-4.438891206,40.710329933
-4.438833622,40.710334093
-4.438833195,40.710335754
-4.438832402,40.710337335
-4.438831267,40.710338791
-4.438829823,40.710340079
-4.438828112,40.710341160
-4.438826185,40.710342005
-4.438824096,40.710342587
-4.438821908,40.710342890
-4.438819683,40.710342906
-4.438817488,40.710342633
-4.438815386,40.710342080
-4.438813438,40.710341262
-4.438811702,40.710340204
-4.438810227,40.710338937
-4.438809058,40.710337497
-4.438808227,40.710335927
-4.438750957,40.710340064
-4.438750669,40.710341712
-4.438750023,40.710343300
-4.438749037,40.710344784
-4.438747739,40.710346121
-4.438746165,40.710347274
-4.438744360,40.710348211
-4.438742375,40.710348905
-4.438740265,40.710349337
-4.438738090,40.710349494
-4.438735911,40.710349372
-4.438733790,40.710348975
-4.438731786,40.710348313
-4.438729955,40.710347406
-4.438728349,40.710346278
-4.438727014,40.710344962
-4.438725987,40.710343495
-4.438725297,40.710341918
-4.438668245,40.710346039
-4.438668091,40.710347669
-4.438667586,40.710349259
-4.438666745,40.710350763
-4.438665590,40.710352142
-4.438664153,40.710353357
-4.438662473,40.710354376
-4.438660595,40.710355171
-4.438658571,40.710355720
-4.438656456,40.710356009
-4.438654308,40.710356028
-4.438652184,40.710355779
-4.438650143,40.710355267
-4.438648241,40.710354507
-4.438646529,40.710353519
-4.438645054,40.710352330
-4.438643856,40.710350973
-4.438642967,40.710349484
-4.438642412,40.710347905
-4.438585489,40.710352016
-4.438585452,40.710353716
-4.438585034,40.710355385
-4.438584248,40.710356976
-4.438583116,40.710358441
-4.438581672,40.710359737
-4.438579957,40.710360826
-4.438578024,40.710361677
-4.438575927,40.710362263
-4.438573730,40.710362568
-4.438571497,40.710362583
-4.438569293,40.710362307
-4.438567184,40.710361749
-4.438565231,40.710360925
-4.438563491,40.710359858
-4.438562017,40.710358582
-4.438560852,40.710357132
-4.438560029,40.710355552
-4.438559573,40.710353888
-4.438502687,40.710357997
-4.438502216,40.710356345
-4.438501383,40.710354779
-4.438500213,40.710353342
-4.438498738,40.710352078
-4.438497002,40.710351024
-4.438495056,40.710350208
-4.438492957,40.710349657
-4.438490765,40.710349385
-4.438488544,40.710349401
-4.438486358,40.710349703
-4.438484272,40.710350284
-4.438482347,40.710351127
-4.438480637,40.710352206
-4.438479193,40.710353490
-4.438478058,40.710354943
-4.438477263,40.710356521
-4.438476832,40.710358179
-4.438476778,40.710359869
-4.438419841,40.710363981
-4.438419230,40.710362324
-4.438418250,40.710360773
-4.438416933,40.710359374
-4.438415317,40.710358169
-4.438413451,40.710357196
-4.438411393,40.710356483
-4.438409203,40.710356052
-4.438406948,40.710355915
-4.438404696,40.710356078
-4.438402516,40.710356535
-4.438400472,40.710357272
-4.438398626,40.710358267
-4.438397035,40.710359490
-4.438395745,40.710360904
-4.438394797,40.710362467
-4.438394219,40.710364131
-4.438394028,40.710365846
-4.438336950,40.710369969
-4.438336247,40.710368405
-4.438335213,40.710366952
-4.438333875,40.710365650
-4.438332272,40.710364536
-4.438330448,40.710363639
-4.438328453,40.710362986
-4.438326343,40.710362594
-4.438324177,40.710362475
-4.438322015,40.710362631
-4.438319917,40.710363058
-4.438317942,40.710363745
-4.438316144,40.710364672
-4.438314574,40.710365814
-4.438313275,40.710367138
-4.438312283,40.710368608
-4.438311626,40.710370183
-4.438311323,40.710371820
-4.438254013,40.710375959
-4.438253171,40.710374404
-4.438251996,40.710372980
-4.438250521,40.710371727
-4.438248788,40.710370682
-4.438246849,40.710369876
-4.438244758,40.710369330
-4.438242576,40.710369062
-4.438240366,40.710369078
-4.438238191,40.710369378
-4.438236114,40.710369954
-4.438234196,40.710370789
-4.438232490,40.710371859
-4.438231047,40.710373134
-4.438229908,40.710374575
-4.438229106,40.710376142
-4.438228664,40.710377790
-4.438171028,40.710381953
-4.438170042,40.710380412
-4.438168723,40.710379022
-4.438167108,40.710377827
-4.438165246,40.710376861
-4.438163194,40.710376154
-4.438161012,40.710375727
-4.438158766,40.710375592
-4.438156523,40.710375754
-4.438154350,40.710376208
-4.438152313,40.710376940
-4.438150472,40.710377928
-4.438148883,40.710379143
-4.438147592,40.710380548
-4.438146639,40.710382102
-4.438146053,40.710383757
-4.438087993,40.710387951
-4.438086945,40.710386525
-4.438085603,40.710385250
-4.438084004,40.710384160
-4.438082192,40.710383285
-4.438080215,40.710382648
-4.438078128,40.710382267
-4.438075987,40.710382152
-4.438073850,40.710382306
-4.438071775,40.710382725
-4.438069819,40.710383399
-4.438068035,40.710384307
-4.438066472,40.710385426
-4.438065171,40.710386726
-4.438064169,40.710388170
-4.438063492,40.710389720
-4.438004904,40.710393952
-4.438003718,40.710392557
-4.438002243,40.710391333
-4.438000519,40.710390313
-4.437998596,40.710389527
-4.437996527,40.710388997
-4.437994371,40.710388737
-4.437992188,40.710388754
-4.437990039,40.710389049
-4.437987986,40.710389614
-4.437986085,40.710390431
-4.437984391,40.710391478
-4.437982950,40.710392726
-4.437981804,40.710394140
-4.437980984,40.710395680
-4.437921759,40.710399957
-4.437920432,40.710398601
-4.437918821,40.710397437
-4.437916973,40.710396498
-4.437914942,40.710395812
-4.437912788,40.710395398
-4.437910572,40.710395269
-4.437908360,40.710395429
-4.437906216,40.710395873
-4.437904203,40.710396587
-4.437902378,40.710397552
-4.437900795,40.710398739
-4.437899501,40.710400113
-4.437898532,40.710401635
-4.437838553,40.710405967
-4.437837081,40.710404659
-4.437835333,40.710403566
-4.437833363,40.710402718
-4.437831230,40.710402144
-4.437828999,40.710401858
-4.437826736,40.710401871
-4.437824510,40.710402183
-4.437822389,40.710402782
-4.437820436,40.710403652
-4.437818711,40.710404766
-4.437817265,40.710406091
-4.437816143,40.710407586
-4.437755276,40.710411982
-4.437753802,40.710410830
-4.437752103,40.710409874
-4.437750223,40.710409140
-4.437748212,40.710408648
-4.437746123,40.710408409
-4.437744010,40.710408430
-4.437741930,40.710408712
-4.437739936,40.710409245
-4.437738083,40.710410017
-4.437736418,40.710411007
-4.437734985,40.710412189
-4.437733823,40.710413531
-4.437671921,40.710418002
-4.437670325,40.710416926
-4.437668519,40.710416062
-4.437666552,40.710415434
-4.437664477,40.710415058
-4.437662350,40.710414946
-4.437660226,40.710415099
-4.437658164,40.710415514
-4.437656219,40.710416180
-4.437654443,40.710417078
-4.437652883,40.710418185
-4.437651582,40.710419471
-4.437588473,40.710424029
-4.437586762,40.710423044
-4.437584862,40.710422286
-4.437582824,40.710421776
-4.437580703,40.710421527
-4.437578558,40.710421547
-4.437576446,40.710421835
-4.437574425,40.710422383
-4.437572549,40.710423175
-4.437570870,40.710424192
-4.437569433,40.710425404
-4.437504911,40.710430064
-4.437503100,40.710429191
-4.437501126,40.710428557
-4.437499041,40.710428177
-4.437496903,40.710428062
-4.437494769,40.710428216
-4.437492697,40.710428635
-4.437490744,40.710429306
-4.437488961,40.710430213
-4.437487399,40.710431329
-4.437421202,40.710436110
-4.437419322,40.710435375
-4.437417310,40.710434882
-4.437415219,40.710434643
-4.437413106,40.710434665
-4.437411024,40.710434946
-4.437409030,40.710435480
-4.437407176,40.710436253
-4.437405511,40.710437243
-4.437337287,40.710442171
-4.437335399,40.710441608
-4.437333418,40.710441275
-4.437331393,40.710441180
-4.437329373,40.710441326
-4.437327408,40.710441709
-4.437325545,40.710442319
-4.437323829,40.710443142
-4.435682598,40.710561663
-4.435683717,40.710570630
-4.436000842,40.710547731
-4.436002693,40.710546961
-4.436004682,40.710546429
-4.436006759,40.710546149
-4.436008868,40.710546127
-4.436010954,40.710546365
-4.436012962,40.710546855
-4.436082381,40.710541843
-4.436084210,40.710540872
-4.436086229,40.710540153
-4.436088380,40.710539707
-4.436090600,40.710539547
-4.436092823,40.710539677
-4.436094984,40.710540094
-4.436097020,40.710540786
-4.436164177,40.710535936
-4.436165904,40.710534819
-4.436167859,40.710533947
-4.436169983,40.710533346
-4.436172212,40.710533034
-4.436174478,40.710533021
-4.436176713,40.710533308
-4.436178849,40.710533884
-4.436180820,40.710534734
-4.436246144,40.710530017
-4.436247736,40.710528790
-4.436249584,40.710527792
-4.436251631,40.710527053
-4.436253815,40.710526595
-4.436256071,40.710526432
-4.436258329,40.710526569
-4.436260523,40.710527002
-4.436262584,40.710527718
-4.436264451,40.710528695
-4.436328239,40.710524089
-4.436329684,40.710522779
-4.436331403,40.710521678
-4.436333346,40.710520819
-4.436335454,40.710520226
-4.436337665,40.710519918
-4.436339912,40.710519904
-4.436342129,40.710520185
-4.436344249,40.710520751
-4.436346210,40.710521586
-4.436347953,40.710522665
-4.436410435,40.710518153
-4.436411730,40.710516781
-4.436413312,40.710515596
-4.436415136,40.710514633
-4.436417148,40.710513919
-4.436419290,40.710513476
-4.436421500,40.710513317
-4.436423714,40.710513445
-4.436425867,40.710513858
-4.436427896,40.710514543
-4.436429743,40.710515480
-4.436431354,40.710516643
-4.436492718,40.710512211
-4.436493863,40.710510792
-4.436495304,40.710509539
-4.436497001,40.710508487
-4.436498906,40.710507666
-4.436500964,40.710507100
-4.436503117,40.710506803
-4.436505306,40.710506786
-4.436507467,40.710507048
-4.436509540,40.710507581
-4.436511467,40.710508371
-4.436513192,40.710509396
-4.436514668,40.710510626
-4.436575074,40.710506264
-4.436576072,40.710504810
-4.436577372,40.710503501
-4.436578939,40.710502373
-4.436580728,40.710501458
-4.436582691,40.710500779
-4.436584775,40.710500357
-4.436586921,40.710500202
-4.436589072,40.710500318
-4.436591168,40.710500704
-4.436593151,40.710501347
-4.436594968,40.710502230
-4.436596569,40.710503330
-4.436597909,40.710504615
-4.436657495,40.710500312
-4.436658351,40.710498833
-4.436659511,40.710497479
-4.436660945,40.710496287
-4.436662615,40.710495288
-4.436664476,40.710494509
-4.436666479,40.710493971
-4.436668570,40.710493687
-4.436670694,40.710493666
-4.436672794,40.710493908
-4.436674814,40.710494407
-4.436676701,40.710495149
-4.436678404,40.710496115
-4.436679878,40.710497278
-4.436681084,40.710498608
-4.436739976,40.710494355
-4.436740757,40.710492756
-4.436741886,40.710491283
-4.436743331,40.710489979
-4.436745049,40.710488883
-4.436746988,40.710488027
-4.436749091,40.710487437
-4.436751296,40.710487130
-4.436753538,40.710487116
-4.436755749,40.710487394
-4.436757865,40.710487957
-4.436759823,40.710488788
-4.436761565,40.710489862
-4.436763038,40.710491147
-4.436764200,40.710492606
-4.436822511,40.710488395
-4.436823145,40.710486792
-4.436824124,40.710485293
-4.436825420,40.710483940
-4.436826998,40.710482773
-4.436828811,40.710481825
-4.436830808,40.710481123
-4.436832932,40.710480686
-4.436835122,40.710480528
-4.436837316,40.710480653
-4.436839451,40.710481057
-4.436841466,40.710481728
-4.436843303,40.710482649
-4.436844911,40.710483791
-4.436846243,40.710485124
-4.436847262,40.710486607
-4.436905098,40.710482431
-4.436905590,40.710480829
-4.436906423,40.710479311
-4.436907575,40.710477919
-4.436909014,40.710476692
-4.436910700,40.710475662
-4.436912586,40.710474859
-4.436914621,40.710474304
-4.436916749,40.710474014
-4.436918910,40.710473995
-4.436921046,40.710474248
-4.436923097,40.710474767
-4.436925007,40.710475537
-4.436926724,40.710476537
-4.436928199,40.710477739
-4.436929393,40.710479110
-4.436930272,40.710480613
-4.436987733,40.710476463
-4.436988123,40.710474770
-4.436988891,40.710473153
-4.436990015,40.710471662
-4.436991461,40.710470341
-4.436993185,40.710469231
-4.436995135,40.710468363
-4.436997253,40.710467766
-4.436999475,40.710467455
-4.437001734,40.710467442
-4.437003962,40.710467726
-4.437006091,40.710468299
-4.437008059,40.710469143
-4.437009806,40.710470233
-4.437011278,40.710471537
-4.437012432,40.710473014
-4.437013233,40.710474621
-4.437070416,40.710470492
-4.437070665,40.710468815
-4.437071283,40.710467196
-4.437072254,40.710465679
-4.437073549,40.710464310
-4.437075131,40.710463128
-4.437076953,40.710462167
-4.437078963,40.710461455
-4.437081102,40.710461013
-4.437083309,40.710460854
-4.437085519,40.710460982
-4.437087669,40.710461393
-4.437089696,40.710462076
-4.437091542,40.710463011
-4.437093152,40.710464170
-4.437094481,40.710465520
-4.437095489,40.710467023
-4.437096148,40.710468633
-4.437153144,40.710464517
-4.437153257,40.710462861
-4.437153732,40.710461243
-4.437154554,40.710459708
-4.437155702,40.710458298
-4.437157142,40.710457054
-4.437158835,40.710456010
-4.437160733,40.710455196
-4.437162783,40.710454634
-4.437164927,40.710454339
-4.437167106,40.710454321
-4.437169258,40.710454580
-4.437171324,40.710455108
-4.437173244,40.710455891
-4.437174966,40.710456907
-4.437176442,40.710458127
-4.437177630,40.710459517
-4.437178496,40.710461039
-4.437179016,40.710462649
-4.437235917,40.710458539
-4.437235909,40.710456817
-4.437236293,40.710455119
-4.437237058,40.710453498
-4.437238181,40.710452002
-4.437239626,40.710450677
-4.437241352,40.710449562
-4.437243305,40.710448692
-4.437245427,40.710448092
-4.437247653,40.710447781
-4.437249917,40.710447768
-4.437252149,40.710448053
-4.437254283,40.710448629
-4.437256253,40.710449476
-4.437258001,40.710450571
-4.437259473,40.710451879
-4.437260625,40.710453362
-4.437261422,40.710454974
-4.437261840,40.710456667
-4.437318734,40.710452558
-4.437319240,40.710454180
-4.437320097,40.710455715
-4.437321280,40.710457118
-4.437322756,40.710458351
-4.437324482,40.710459378
-4.437326410,40.710460170
-4.437328485,40.710460705
-4.437330649,40.710460967
-4.437332840,40.710460950
-4.437334996,40.710460653
-4.437337056,40.710460086
-4.437338962,40.710459263
-4.437340660,40.710458209
-4.437342102,40.710456954
-4.437343246,40.710455532
-4.437344061,40.710453984
-4.437344523,40.710452354
-4.437344619,40.710450689
-4.437401596,40.710446574
-4.437402242,40.710448198
-4.437403242,40.710449714
-4.437404567,40.710451079
-4.437406179,40.710452251
-4.437408031,40.710453197
-4.437410067,40.710453888
-4.437412228,40.710454305
-4.437414452,40.710454435
-4.437416671,40.710454275
-4.437418823,40.710453829
-4.437420843,40.710453110
-4.437422671,40.710452139
-4.437424256,40.710450945
-4.437425549,40.710449563
-4.437426514,40.710448033
-4.437427121,40.710446401
-4.437427354,40.710444713
-4.437484504,40.710440586
-4.437485236,40.710442115
-4.437486288,40.710443533
-4.437487631,40.710444800
-4.437489228,40.710445883
-4.437491037,40.710446752
-4.437493008,40.710447385
-4.437495089,40.710447763
-4.437497223,40.710447876
-4.437499353,40.710447723
-4.437501421,40.710447305
-4.437503371,40.710446636
-4.437505151,40.710445733
-4.437506712,40.710444620
-4.437508013,40.710443328
-4.437509019,40.710441891
-4.437509701,40.710440348
-4.437510043,40.710438741
-4.437567458,40.710434594
-4.437568327,40.710436112
-4.437569516,40.710437499
-4.437570991,40.710438715
-4.437572713,40.710439728
-4.437574631,40.710440508
-4.437576694,40.710441035
-4.437578843,40.710441292
-4.437581018,40.710441274
-4.437583159,40.710440980
-4.437585206,40.710440420
-4.437587102,40.710439607
-4.437588793,40.710438566
-4.437590233,40.710437325
-4.437591382,40.710435919
-4.437592207,40.710434388
-4.437592685,40.710432773
-4.437650461,40.710428600
-4.437651470,40.710430100
-4.437652799,40.710431449
-4.437654409,40.710432607
-4.437656254,40.710433540
-4.437658280,40.710434222
-4.437660428,40.710434632
-4.437662637,40.710434760
-4.437664843,40.710434601
-4.437666981,40.710434159
-4.437668989,40.710433448
-4.437670810,40.710432489
-4.437672391,40.710431308
-4.437673687,40.710429940
-4.437674658,40.710428426
-4.437675278,40.710426807
-4.437733515,40.710422601
-4.437734669,40.710424078
-4.437736142,40.710425381
-4.437737888,40.710426471
-4.437739855,40.710427315
-4.437741985,40.710427887
-4.437744212,40.710428171
-4.437746470,40.710428157
-4.437748692,40.710427847
-4.437750809,40.710427250
-4.437752759,40.710426383
-4.437754483,40.710425272
-4.437755928,40.710423952
-4.437757052,40.710422461
-4.437757821,40.710420846
-4.437816623,40.710416599
-4.437817823,40.710417947
-4.437819298,40.710419128
-4.437821008,40.710420109
-4.437822905,40.710420864
-4.437824940,40.710421371
-4.437827056,40.710421618
-4.437829196,40.710421598
-4.437831304,40.710421312
-4.437833321,40.710420766
-4.437835194,40.710419976
-4.437836871,40.710418963
-4.437838307,40.710417755
-4.437839464,40.710416384
-4.437840310,40.710414888
-4.437899789,40.710410592
-4.437901126,40.710411898
-4.437902729,40.710413016
-4.437904556,40.710413915
-4.437906553,40.710414571
-4.437908666,40.710414964
-4.437910835,40.710415084
-4.437913001,40.710414928
-4.437915102,40.710414499
-4.437917080,40.710413810
-4.437918880,40.710412881
-4.437920451,40.710411736
-4.437921750,40.710410408
-4.437922740,40.710408934
-4.437983020,40.710404580
-4.437984495,40.710405833
-4.437986227,40.710406877
-4.437988166,40.710407684
-4.437990257,40.710408229
-4.437992439,40.710408497
-4.437994649,40.710408481
-4.437996823,40.710408181
-4.437998900,40.710407605
-4.438000818,40.710406770
-4.438002523,40.710405700
-4.438003966,40.710404426
-4.438005105,40.710402985
-4.438066323,40.710398563
-4.438067937,40.710399750
-4.438069795,40.710400708
-4.438071841,40.710401410
-4.438074015,40.710401833
-4.438076253,40.710401966
-4.438078487,40.710401805
-4.438080652,40.710401354
-4.438082683,40.710400627
-4.438084519,40.710399645
-4.438086107,40.710398438
-4.438087398,40.710397041
-4.438149710,40.710392541
-4.438151291,40.710393556
-4.438153064,40.710394368
-4.438154984,40.710394956
-4.438157002,40.710395305
-4.438159067,40.710395406
-4.438161127,40.710395257
-4.438163130,40.710394862
-4.438165025,40.710394230
-4.438166765,40.710393378
-4.438168305,40.710392327
-4.438169608,40.710391103
-4.438233195,40.710386510
-4.438234878,40.710387428
-4.438236731,40.710388131
-4.438238707,40.710388602
-4.438240756,40.710388828
-4.438242827,40.710388805
-4.438244866,40.710388532
-4.438246822,40.710388016
-4.438248647,40.710387271
-4.438250293,40.710386315
-4.438251719,40.710385173
-4.438316804,40.710380471
-4.438318569,40.710381270
-4.438320476,40.710381848
-4.438322478,40.710382190
-4.438324527,40.710382289
-4.438326570,40.710382141
-4.438328558,40.710381751
-4.438330440,40.710381128
-4.438332170,40.710380287
-4.438333706,40.710379251
-4.438400578,40.710374420
-4.438402383,40.710375073
-4.438404299,40.710375507
-4.438406280,40.710375713
-4.438408278,40.710375686
-4.438410248,40.710375426
-4.438412142,40.710374941
-4.438413916,40.710374240
-4.438415529,40.710373340
-4.438484588,40.710368352
-4.438486659,40.710368884
-4.438488818,40.710369145
-4.438491004,40.710369128
-4.438493156,40.710368832
-4.438495211,40.710368267
-4.438497114,40.710367447
-4.438972438,40.710333113
-4.438972623,40.710342147
-4.437255513,40.710466171
-4.437253806,40.710466817
-4.437251993,40.710467265
-4.437250114,40.710467508
-4.437248208,40.710467539
-4.437246316,40.710467358
-4.437244480,40.710466968
-4.437174105,40.710472051
-4.437172354,40.710472917
-4.437170444,40.710473558
-4.437168423,40.710473959
-4.437166344,40.710474110
-4.437164261,40.710474005
-4.437162226,40.710473648
-4.437160292,40.710473048
-4.437092388,40.710477952
-4.437090703,40.710478980
-4.437088819,40.710479781
-4.437086786,40.710480334
-4.437084661,40.710480625
-4.437082503,40.710480644
-4.437080370,40.710480391
-4.437078321,40.710479874
-4.437076412,40.710479106
-4.437010475,40.710483868
-4.437008903,40.710485016
-4.437007101,40.710485949
-4.437005120,40.710486639
-4.437003015,40.710487069
-4.437000846,40.710487226
-4.436998673,40.710487105
-4.436996557,40.710486710
-4.436994557,40.710486052
-4.436992729,40.710485150
-4.436928422,40.710489794
-4.436926982,40.710491034
-4.436925291,40.710492075
-4.436923396,40.710492887
-4.436921349,40.710493447
-4.436919209,40.710493741
-4.436917034,40.710493759
-4.436914886,40.710493501
-4.436912823,40.710492975
-4.436910905,40.710492195
-4.436909184,40.710491183
-4.436846260,40.710495727
-4.436844960,40.710497038
-4.436843393,40.710498168
-4.436841603,40.710499085
-4.436839638,40.710499764
-4.436837553,40.710500187
-4.436835404,40.710500342
-4.436833252,40.710500225
-4.436831154,40.710499839
-4.436829169,40.710499195
-4.436827351,40.710498310
-4.436825750,40.710497209
-4.436764007,40.710501667
-4.436762849,40.710503032
-4.436761413,40.710504235
-4.436759739,40.710505242
-4.436757870,40.710506028
-4.436755858,40.710506571
-4.436753756,40.710506857
-4.436751622,40.710506877
-4.436749511,40.710506632
-4.436747482,40.710506128
-4.436745588,40.710505377
-4.436743881,40.710504402
-4.436742406,40.710503227
-4.436681675,40.710507613
-4.436680658,40.710509018
-4.436679356,40.710510280
-4.436677803,40.710511366
-4.436676041,40.710512246
-4.436674115,40.710512899
-4.436672076,40.710513306
-4.436669977,40.710513458
-4.436667873,40.710513349
-4.436665820,40.710512984
-4.436663871,40.710512372
-4.436662078,40.710511528
-4.436660487,40.710510475
-4.436659141,40.710509240
-4.436599277,40.710513564
-4.436598318,40.710515105
-4.436597026,40.710516498
-4.436595439,40.710517701
-4.436593604,40.710518680
-4.436591576,40.710519405
-4.436589415,40.710519855
-4.436587184,40.710520016
-4.436584950,40.710519884
-4.436582779,40.710519462
-4.436580735,40.710518763
-4.436578879,40.710517808
-4.436577265,40.710516625
-4.436575942,40.710515249
-4.436516817,40.710519518
-4.436516008,40.710521075
-4.436514866,40.710522506
-4.436513424,40.710523771
-4.436511722,40.710524832
-4.436509810,40.710525660
-4.436507742,40.710526232
-4.436505577,40.710526530
-4.436503378,40.710526547
-4.436501205,40.710526282
-4.436499123,40.710525742
-4.436497189,40.710524943
-4.436495460,40.710523908
-4.436493985,40.710522666
-4.436492806,40.710521252
-4.436434300,40.710525477
-4.436433635,40.710527043
-4.436432639,40.710528503
-4.436431340,40.710529817
-4.436429772,40.710530950
-4.436427979,40.710531870
-4.436426012,40.710532551
-4.436423923,40.710532976
-4.436421771,40.710533131
-4.436419614,40.710533013
-4.436417513,40.710532626
-4.436415526,40.710531979
-4.436413706,40.710531091
-4.436412104,40.710529986
-4.436410765,40.710528694
-4.436409725,40.710527252
-4.436351731,40.710531440
-4.436351159,40.710533110
-4.436350214,40.710534679
-4.436348925,40.710536099
-4.436347333,40.710537328
-4.436345484,40.710538327
-4.436343435,40.710539068
-4.436341249,40.710539526
-4.436338991,40.710539689
-4.436336730,40.710539552
-4.436334535,40.710539118
-4.436332473,40.710538401
-4.436330605,40.710537422
-4.436328988,40.710536211
-4.436327672,40.710534806
-4.436326697,40.710533248
-4.436269113,40.710537406
-4.436268686,40.710539067
-4.436267893,40.710540649
-4.436266758,40.710542104
-4.436265314,40.710543392
-4.436263603,40.710544473
-4.436261675,40.710545318
-4.436259587,40.710545900
-4.436257398,40.710546203
-4.436255174,40.710546219
-4.436252979,40.710545946
-4.436250877,40.710545392
-4.436248929,40.710544575
-4.436247193,40.710543517
-4.436245718,40.710542250
-4.436244549,40.710540810
-4.436243718,40.710539240
-4.436186447,40.710543375
-4.436186159,40.710545023
-4.436185513,40.710546611
-4.436184527,40.710548095
-4.436183229,40.710549432
-4.436181655,40.710550585
-4.436179850,40.710551522
-4.436177865,40.710552216
-4.436175755,40.710552648
-4.436173580,40.710552805
-4.436171401,40.710552683
-4.436169280,40.710552285
-4.436167276,40.710551624
-4.436165445,40.710550716
-4.436163840,40.710549589
-4.436162505,40.710548273
-4.436161477,40.710546806
-4.436160787,40.710545228
-4.436103735,40.710549348
-4.436103581,40.710550979
-4.436103076,40.710552568
-4.436102235,40.710554073
-4.436101080,40.710555451
-4.436099643,40.710556667
-4.436097962,40.710557686
-4.436096085,40.710558481
-4.436094061,40.710559030
-4.436091946,40.710559318
-4.436089797,40.710559337
-4.436087674,40.710559088
-4.436085633,40.710558576
-4.436083731,40.710557816
-4.436082019,40.710556828
-4.436080544,40.710555639
-4.436079345,40.710554282
-4.436078457,40.710552793
-4.436077902,40.710551214
-4.436020978,40.710555324
-4.436020941,40.710557023
-4.436020524,40.710558693
-4.436019737,40.710560284
-4.436018605,40.710561748
-4.436017161,40.710563045
-4.436015446,40.710564134
-4.436013513,40.710564984
-4.436011416,40.710565570
-4.436009219,40.710565876
-4.436006986,40.710565890
-4.436004782,40.710565615
-4.436002673,40.710565056
-4.436000720,40.710564232
-4.435998981,40.710563166
-4.435997507,40.710561889
-4.435996341,40.710560439
-4.435995518,40.710558859
-4.435995062,40.710557196
-4.435938176,40.710561303
-4.435937705,40.710559651
-4.435936872,40.710558085
-4.435935702,40.710556648
-4.435934227,40.710555384
-4.435932492,40.710554329
-4.435930546,40.710553514
-4.435928446,40.710552963
-4.435926254,40.710552691
-4.435924033,40.710552706
-4.435921847,40.710553009
-4.435919761,40.710553590
-4.435917836,40.710554432
-4.435916126,40.710555511
-4.435914682,40.710556795
-4.435913546,40.710558248
-4.435912752,40.710559826
-4.435912321,40.710561484
-4.435912267,40.710563174
-4.435855330,40.710567285
-4.435854718,40.710565628
-4.435853739,40.710564077
-4.435852421,40.710562678
-4.435850805,40.710561473
-4.435848940,40.710560500
-4.435846881,40.710559787
-4.435844692,40.710559355
-4.435842437,40.710559219
-4.435840185,40.710559381
-4.435838004,40.710559838
-4.435835960,40.710560575
-4.435834114,40.710561570
-4.435832523,40.710562793
-4.435831234,40.710564208
-4.435830286,40.710565770
-4.435829707,40.710567434
-4.435829516,40.710569149
-4.435772438,40.710573271
-4.435771735,40.710571707
-4.435770701,40.710570254
-4.435769363,40.710568952
-4.435767760,40.710567838
-4.435765936,40.710566941
-4.435763941,40.710566288
-4.435761831,40.710565896
-4.435759665,40.710565777
-4.435757503,40.710565933
-4.435755405,40.710566360
-4.435753430,40.710567047
-4.435751632,40.710567974
-4.435750062,40.710569116
-4.435748763,40.710570440
-4.435747771,40.710571910
-4.435747114,40.710573485
-4.435746811,40.710575121
-4.435684835,40.710579597
-4.435685953,40.710588563
-4.435752292,40.710583773
-4.435754056,40.710584572
-4.435755963,40.710585149
-4.435757966,40.710585492
-4.435760014,40.710585590
-4.435762058,40.710585443
-4.435764045,40.710585053
-4.435765927,40.710584430
-4.435767658,40.710583590
-4.435769193,40.710582553
-4.435836066,40.710577724
-4.435837871,40.710578376
-4.435839787,40.710578811
-4.435841768,40.710579017
-4.435843766,40.710578990
-4.435845736,40.710578730
-4.435847630,40.710578244
-4.435849404,40.710577544
-4.435851016,40.710576644
-4.435920077,40.710571658
-4.435922148,40.710572190
-4.435924307,40.710572451
-4.435926493,40.710572433
-4.435928644,40.710572138
-4.435930700,40.710571572
-4.435932602,40.710570753
-4.438972809,40.710351181
-4.438972994,40.710360215
-4.435687071,40.710597530
-4.435688189,40.710606497
-4.438973180,40.710369249
-4.438973365,40.710378284
-4.435689307,40.710615464
-4.435680686,40.710625134
-4.438973551,40.710387318
-4.438973736,40.710396352
-4.435681805,40.710634101
-4.435682923,40.710643067
-4.438973922,40.710405386
-4.438974107,40.710414420
-4.438917783,40.710418489
-4.438916914,40.710416971
-4.438915726,40.710415584
-4.438914250,40.710414367
-4.438912529,40.710413355
-4.438910610,40.710412574
-4.438908547,40.710412048
-4.438906398,40.710411790
-4.438904222,40.710411808
-4.438902081,40.710412102
-4.438900034,40.710412663
-4.438898138,40.710413475
-4.438896447,40.710414516
-4.438895007,40.710415757
-4.438893858,40.710417164
-4.438893034,40.710418696
-4.438892556,40.710420311
-4.438834780,40.710424485
-4.438833771,40.710422984
-4.438832442,40.710421635
-4.438830832,40.710420477
-4.438828987,40.710419544
-4.438826961,40.710418862
-4.438824813,40.710418451
-4.438822604,40.710418324
-4.438820398,40.710418483
-4.438818260,40.710418925
-4.438816252,40.710419636
-4.438814430,40.710420595
-4.438812849,40.710421776
-4.438811554,40.710423144
-4.438810583,40.710424659
-4.438809962,40.710426277
-4.438751727,40.710430484
-4.438750572,40.710429007
-4.438749100,40.710427704
-4.438747353,40.710426614
-4.438745386,40.710425770
-4.438743256,40.710425198
-4.438741029,40.710424914
-4.438738771,40.710424928
-4.438736549,40.710425238
-4.438734432,40.710425835
-4.438732482,40.710426702
-4.438730758,40.710427813
-4.438729313,40.710429133
-4.438728189,40.710430624
-4.438727420,40.710432240
-4.438668619,40.710436487
-4.438667419,40.710435138
-4.438665944,40.710433957
-4.438664234,40.710432976
-4.438662337,40.710432221
-4.438660302,40.710431713
-4.438658186,40.710431466
-4.438656045,40.710431486
-4.438653937,40.710431773
-4.438651919,40.710432319
-4.438650047,40.710433109
-4.438648370,40.710434122
-4.438646933,40.710435330
-4.438645777,40.710436701
-4.438644931,40.710438198
-4.438585453,40.710442494
-4.438584116,40.710441189
-4.438582512,40.710440070
-4.438580686,40.710439171
-4.438578688,40.710438515
-4.438576575,40.710438122
-4.438574406,40.710438002
-4.438572240,40.710438158
-4.438570139,40.710438587
-4.438568161,40.710439276
-4.438566361,40.710440206
-4.438564790,40.710441350
-4.438563491,40.710442678
-4.438562501,40.710444152
-4.438502222,40.710448506
-4.438500747,40.710447254
-4.438499015,40.710446209
-4.438497075,40.710445403
-4.438494985,40.710444857
-4.438492803,40.710444589
-4.438490593,40.710444605
-4.438488418,40.710444906
-4.438486342,40.710445482
-4.438484423,40.710446317
-4.438482718,40.710447386
-4.438481275,40.710448660
-4.438480136,40.710450102
-4.438418919,40.710454523
-4.438417306,40.710453336
-4.438415448,40.710452378
-4.438413401,40.710451676
-4.438411226,40.710451253
-4.438408989,40.710451120
-4.438406754,40.710451281
-4.438404589,40.710451732
-4.438402558,40.710452459
-4.438400721,40.710453441
-4.438399134,40.710454649
-4.438397842,40.710456046
-4.438335533,40.710460546
-4.438333951,40.710459531
-4.438332178,40.710458719
-4.438330258,40.710458130
-4.438328240,40.710457781
-4.438326175,40.710457680
-4.438324114,40.710457829
-4.438322111,40.710458224
-4.438320215,40.710458856
-4.438318475,40.710459708
-4.438316935,40.710460760
-4.438315632,40.710461984
-4.438252047,40.710466577
-4.438250364,40.710465659
-4.438248510,40.710464956
-4.438246534,40.710464485
-4.438244485,40.710464259
-4.438242415,40.710464282
-4.438240375,40.710464555
-4.438238419,40.710465071
-4.438236594,40.710465816
-4.438234948,40.710466772
-4.438233522,40.710467915
-4.438168439,40.710472616
-4.438166674,40.710471817
-4.438164767,40.710471239
-4.438162763,40.710470896
-4.438160714,40.710470797
-4.438158670,40.710470945
-4.438156682,40.710471335
-4.438154800,40.710471959
-4.438153069,40.710472799
-4.438151534,40.710473837
-4.438084666,40.710478666
-4.438082859,40.710478014
-4.438080943,40.710477579
-4.438078962,40.710477373
-4.438076962,40.710477400
-4.438074992,40.710477659
-4.438073097,40.710478146
-4.438071323,40.710478847
-4.438069710,40.710479747
-4.438000653,40.710484734
-4.437998582,40.710484202
-4.437996423,40.710483941
-4.437994236,40.710483959
-4.437992085,40.710484255
-4.437990029,40.710484820
-4.437988126,40.710485639
-4.435684041,40.710652034
-4.435685159,40.710661001
-4.436665213,40.710590230
-4.436666922,40.710589584
-4.436668736,40.710589134
-4.436670616,40.710588892
-4.436672524,40.710588861
-4.436674416,40.710589042
-4.436676254,40.710589432
-4.436746625,40.710584350
-4.436748376,40.710583484
-4.436750286,40.710582843
-4.436752307,40.710582441
-4.436754386,40.710582291
-4.436756470,40.710582396
-4.436758505,40.710582753
-4.436760439,40.710583353
-4.436828342,40.710578449
-4.436830027,40.710577422
-4.436831911,40.710576620
-4.436833944,40.710576067
-4.436836069,40.710575776
-4.436838228,40.710575757
-4.436840361,40.710576010
-4.436842411,40.710576527
-4.436844319,40.710577295
-4.436910254,40.710572534
-4.436911826,40.710571385
-4.436913629,40.710570452
-4.436915610,40.710569761
-4.436917715,40.710569331
-4.436919885,40.710569174
-4.436922059,40.710569295
-4.436924175,40.710569690
-4.436926176,40.710570349
-4.436928004,40.710571252
-4.436992307,40.710566608
-4.436993747,40.710565367
-4.436995438,40.710564326
-4.436997334,40.710563514
-4.436999381,40.710562953
-4.437001522,40.710562660
-4.437003697,40.710562642
-4.437005846,40.710562899
-4.437007909,40.710563426
-4.437009827,40.710564206
-4.437011548,40.710565218
-4.437074471,40.710560674
-4.437075771,40.710559363
-4.437077337,40.710558234
-4.437079128,40.710557316
-4.437081093,40.710556637
-4.437083178,40.710556214
-4.437085327,40.710556059
-4.437087480,40.710556176
-4.437089577,40.710556562
-4.437091563,40.710557206
-4.437093381,40.710558091
-4.437094981,40.710559193
-4.437156724,40.710554734
-4.437157882,40.710553369
-4.437159318,40.710552166
-4.437160992,40.710551159
-4.437162861,40.710550373
-4.437164873,40.710549829
-4.437166974,40.710549544
-4.437169109,40.710549523
-4.437171220,40.710549769
-4.437173249,40.710550273
-4.437175143,40.710551023
-4.437176850,40.710551999
-4.437178325,40.710553174
-4.437239055,40.710548788
-4.437240072,40.710547382
-4.437241374,40.710546120
-4.437242927,40.710545034
-4.437244689,40.710544154
-4.437246616,40.710543501
-4.437248655,40.710543094
-4.437250754,40.710542942
-4.437252858,40.710543050
-4.437254912,40.710543415
-4.437256861,40.710544028
-4.437258654,40.710544872
-4.437260245,40.710545925
-4.437261591,40.710547160
-4.437321454,40.710542837
-4.437322413,40.710541296
-4.437323705,40.710539903
-4.437325292,40.710538699
-4.437327127,40.710537720
-4.437329155,40.710536995
-4.437331316,40.710536545
-4.437333547,40.710536384
-4.437335781,40.710536516
-4.437337952,40.710536938
-4.437339996,40.710537637
-4.437341852,40.710538592
-4.437343466,40.710539775
-4.437344789,40.710541152
-4.437403914,40.710536881
-4.437404723,40.710535324
-4.437405865,40.710533893
-4.437407307,40.710532629
-4.437409008,40.710531567
-4.437410920,40.710530739
-4.437412988,40.710530167
-4.437415153,40.710529869
-4.437417353,40.710529852
-4.437419526,40.710530118
-4.437421608,40.710530657
-4.437423542,40.710531456
-4.437425271,40.710532492
-4.437426746,40.710533734
-4.437427926,40.710535147
-4.437486430,40.710530922
-4.437487095,40.710529356
-4.437488091,40.710527896
-4.437489390,40.710526581
-4.437490958,40.710525448
-4.437492751,40.710524528
-4.437494718,40.710523847
-4.437496807,40.710523422
-4.437498960,40.710523267
-4.437501117,40.710523384
-4.437503218,40.710523772
-4.437505206,40.710524419
-4.437507026,40.710525307
-4.437508627,40.710526413
-4.437509966,40.710527704
-4.437511006,40.710529147
-4.437568999,40.710524959
-4.437569571,40.710523288
-4.437570516,40.710521719
-4.437571805,40.710520299
-4.437573397,40.710519070
-4.437575246,40.710518070
-4.437577295,40.710517329
-4.437579481,40.710516871
-4.437581739,40.710516708
-4.437584000,40.710516845
-4.437586196,40.710517279
-4.437588259,40.710517997
-4.437590127,40.710518976
-4.437591743,40.710520186
-4.437593059,40.710521592
-4.437594034,40.710523150
-4.437651617,40.710518992
-4.437652045,40.710517330
-4.437652837,40.710515749
-4.437653972,40.710514293
-4.437655416,40.710513005
-4.437657127,40.710511924
-4.437659055,40.710511079
-4.437661143,40.710510497
-4.437663332,40.710510194
-4.437665556,40.710510178
-4.437667751,40.710510451
-4.437669854,40.710511005
-4.437671801,40.710511822
-4.437673538,40.710512880
-4.437675012,40.710514147
-4.437676182,40.710515587
-4.437677012,40.710517157
-4.437734283,40.710513021
-4.437734571,40.710511373
-4.437735217,40.710509785
-4.437736203,40.710508301
-4.437737501,40.710506964
-4.437739075,40.710505811
-4.437740880,40.710504874
-4.437742865,40.710504180
-4.437744975,40.710503748
-4.437747150,40.710503591
-4.437749329,40.710503713
-4.437751450,40.710504110
-4.437753455,40.710504772
-4.437755285,40.710505679
-4.437756891,40.710506807
-4.437758226,40.710508123
-4.437759253,40.710509590
-4.437759943,40.710511168
-4.437816995,40.710507047
-4.437817149,40.710505416
-4.437817653,40.710503827
-4.437818495,40.710502322
-4.437819649,40.710500943
-4.437821087,40.710499727
-4.437822767,40.710498708
-4.437824645,40.710497913
-4.437826669,40.710497364
-4.437828784,40.710497076
-4.437830933,40.710497056
-4.437833057,40.710497306
-4.437835097,40.710497818
-4.437837000,40.710498578
-4.437838712,40.710499566
-4.437840187,40.710500755
-4.437841385,40.710502113
-4.437842274,40.710503601
-4.437842828,40.710505181
-4.437899752,40.710501070
-4.437899788,40.710499371
-4.437900206,40.710497701
-4.437900992,40.710496110
-4.437902124,40.710494645
-4.437903569,40.710493349
-4.437905283,40.710492260
-4.437907217,40.710491409
-4.437909313,40.710490823
-4.437911510,40.710490518
-4.437913744,40.710490503
-4.437915947,40.710490779
-4.437918057,40.710491337
-4.437920010,40.710492162
-4.437921749,40.710493228
-4.437923223,40.710494505
-4.437924389,40.710495954
-4.437925212,40.710497534
-4.437925668,40.710499198
-4.437982553,40.710495089
-4.437983024,40.710496741
-4.437983857,40.710498308
-4.437985028,40.710499744
-4.437986503,40.710501008
-4.437988238,40.710502063
-4.437990184,40.710502878
-4.437992284,40.710503429
-4.437994476,40.710503701
-4.437996697,40.710503686
-4.437998882,40.710503383
-4.438000968,40.710502802
-4.438002894,40.710501960
-4.438004603,40.710500881
-4.438006047,40.710499596
-4.438007183,40.710498144
-4.438007978,40.710496566
-4.438008409,40.710494908
-4.438008463,40.710493218
-4.438065400,40.710489106
-4.438066012,40.710490762
-4.438066991,40.710492314
-4.438068309,40.710493713
-4.438069925,40.710494917
-4.438071790,40.710495890
-4.438073848,40.710496603
-4.438076038,40.710497034
-4.438078293,40.710497171
-4.438080544,40.710497008
-4.438082725,40.710496551
-4.438084769,40.710495814
-4.438086614,40.710494819
-4.438088206,40.710493596
-4.438089495,40.710492182
-4.438090443,40.710490620
-4.438091022,40.710488956
-4.438091213,40.710487241
-4.438148291,40.710483118
-4.438148994,40.710484682
-4.438150029,40.710486135
-4.438151366,40.710487436
-4.438152970,40.710488551
-4.438154794,40.710489447
-4.438156789,40.710490100
-4.438158898,40.710490492
-4.438161064,40.710490611
-4.438163226,40.710490455
-4.438165323,40.710490028
-4.438167299,40.710489341
-4.438169096,40.710488414
-4.438170666,40.710487273
-4.438171965,40.710485948
-4.438172957,40.710484479
-4.438173614,40.710482904
-4.438173918,40.710481267
-4.438231229,40.710477128
-4.438232070,40.710478683
-4.438233246,40.710480107
-4.438234721,40.710481360
-4.438236453,40.710482405
-4.438238392,40.710483211
-4.438240483,40.710483757
-4.438242665,40.710484025
-4.438244875,40.710484009
-4.438247050,40.710483709
-4.438249127,40.710483133
-4.438251045,40.710482298
-4.438252751,40.710481228
-4.438254194,40.710479954
-4.438255333,40.710478512
-4.438256135,40.710476945
-4.438256577,40.710475297
-4.438314214,40.710471134
-4.438315200,40.710472675
-4.438316519,40.710474064
-4.438318134,40.710475260
-4.438319996,40.710476225
-4.438322048,40.710476932
-4.438324230,40.710477359
-4.438326475,40.710477494
-4.438328718,40.710477332
-4.438330890,40.710476878
-4.438332928,40.710476146
-4.438334768,40.710475158
-4.438336358,40.710473943
-4.438337648,40.710472538
-4.438338601,40.710470985
-4.438339188,40.710469330
-4.438397249,40.710465136
-4.438398298,40.710466561
-4.438399639,40.710467836
-4.438401238,40.710468926
-4.438403050,40.710469801
-4.438405027,40.710470438
-4.438407114,40.710470819
-4.438409255,40.710470934
-4.438411392,40.710470780
-4.438413466,40.710470360
-4.438415422,40.710469687
-4.438417206,40.710468779
-4.438418769,40.710467660
-4.438420070,40.710466361
-4.438421072,40.710464916
-4.438421749,40.710463367
-4.438480337,40.710459135
-4.438481523,40.710460529
-4.438482999,40.710461754
-4.438484722,40.710462773
-4.438486646,40.710463559
-4.438488714,40.710464090
-4.438490871,40.710464350
-4.438493053,40.710464332
-4.438495202,40.710464037
-4.438497255,40.710463473
-4.438499156,40.710462656
-4.438500850,40.710461608
-4.438502291,40.710460360
-4.438503438,40.710458946
-4.438504258,40.710457407
-4.438563482,40.710453129
-4.438564810,40.710454485
-4.438566421,40.710455649
-4.438568269,40.710456588
-4.438570299,40.710457274
-4.438572454,40.710457688
-4.438574669,40.710457816
-4.438576881,40.710457657
-4.438579025,40.710457213
-4.438581039,40.710456498
-4.438582863,40.710455534
-4.438584446,40.710454347
-4.438585740,40.710452973
-4.438586709,40.710451451
-4.438646690,40.710447119
-4.438648162,40.710448426
-4.438649909,40.710449520
-4.438651879,40.710450366
-4.438654012,40.710450941
-4.438656243,40.710451226
-4.438658505,40.710451213
-4.438660731,40.710450902
-4.438662852,40.710450303
-4.438664804,40.710449433
-4.438666529,40.710448319
-4.438667975,40.710446995
-4.438669098,40.710445500
-4.438729965,40.710441103
-4.438731439,40.710442255
-4.438733138,40.710443211
-4.438735018,40.710443944
-4.438737029,40.710444437
-4.438739119,40.710444676
-4.438741231,40.710444654
-4.438743312,40.710444373
-4.438745305,40.710443839
-4.438747158,40.710443068
-4.438748823,40.710442078
-4.438750256,40.710440896
-4.438751418,40.710439554
-4.438813321,40.710435082
-4.438814917,40.710436159
-4.438816722,40.710437023
-4.438818689,40.710437651
-4.438820764,40.710438026
-4.438822892,40.710438138
-4.438825015,40.710437985
-4.438827077,40.710437570
-4.438829022,40.710436904
-4.438830798,40.710436006
-4.438832358,40.710434899
-4.438833659,40.710433613
-4.438896770,40.710429054
-4.438898480,40.710430039
-4.438900380,40.710430797
-4.438902418,40.710431307
-4.438904538,40.710431555
-4.438906683,40.710431535
-4.438908795,40.710431247
-4.438910816,40.710430700
-4.438912691,40.710429907
-4.438914370,40.710428891
-4.438915807,40.710427679
-4.438974292,40.710423454
-4.438974478,40.710432488
-4.437919887,40.710508663
-4.437918037,40.710509432
-4.437916047,40.710509964
-4.437913971,40.710510245
-4.437911862,40.710510266
-4.437909777,40.710510029
-4.437907769,40.710509538
-4.437838347,40.710514552
-4.437836519,40.710515522
-4.437834500,40.710516241
-4.437832350,40.710516686
-4.437830131,40.710516847
-4.437827909,40.710516717
-4.437825748,40.710516300
-4.437823713,40.710515609
-4.437756552,40.710520460
-4.437754826,40.710521577
-4.437752871,40.710522449
-4.437750747,40.710523050
-4.437748519,40.710523362
-4.437746253,40.710523375
-4.437744018,40.710523088
-4.437741883,40.710522512
-4.437739911,40.710521662
-4.437674586,40.710526380
-4.437672994,40.710527607
-4.437671147,40.710528605
-4.437669100,40.710529344
-4.437666915,40.710529802
-4.437664660,40.710529965
-4.437662402,40.710529828
-4.437660209,40.710529395
-4.437658147,40.710528679
-4.437656280,40.710527702
-4.437592491,40.710532309
-4.437591046,40.710533619
-4.437589326,40.710534719
-4.437587384,40.710535578
-4.437585276,40.710536171
-4.437583066,40.710536478
-4.437580819,40.710536493
-4.437578603,40.710536213
-4.437576483,40.710535647
-4.437574522,40.710534812
-4.437572779,40.710533733
-4.437510294,40.710538246
-4.437509000,40.710539618
-4.437507418,40.710540802
-4.437505594,40.710541765
-4.437503582,40.710542479
-4.437501440,40.710542922
-4.437499231,40.710543081
-4.437497017,40.710542953
-4.437494865,40.710542540
-4.437492836,40.710541856
-4.437490989,40.710540919
-4.437489379,40.710539757
-4.437428013,40.710544189
-4.437426867,40.710545608
-4.437425426,40.710546861
-4.437423730,40.710547913
-4.437421825,40.710548733
-4.437419767,40.710549300
-4.437417614,40.710549596
-4.437415425,40.710549613
-4.437413264,40.710549352
-4.437411191,40.710548818
-4.437409265,40.710548028
-4.437407539,40.710547004
-4.437406064,40.710545774
-4.437345657,40.710550136
-4.437344658,40.710551591
-4.437343358,40.710552899
-4.437341792,40.710554027
-4.437340003,40.710554942
-4.437338040,40.710555621
-4.437335956,40.710556043
-4.437333810,40.710556198
-4.437331659,40.710556082
-4.437329564,40.710555696
-4.437327580,40.710555053
-4.437325763,40.710554170
-4.437324163,40.710553071
-4.437322823,40.710551786
-4.437263235,40.710556089
-4.437262379,40.710557568
-4.437261219,40.710558921
-4.437259785,40.710560113
-4.437258115,40.710561112
-4.437256254,40.710561891
-4.437254252,40.710562429
-4.437252161,40.710562712
-4.437250038,40.710562733
-4.437247938,40.710562491
-4.437245918,40.710561993
-4.437244031,40.710561251
-4.437242328,40.710560286
-4.437240854,40.710559123
-4.437239647,40.710557793
-4.437180755,40.710562046
-4.437179974,40.710563645
-4.437178844,40.710565118
-4.437177400,40.710566422
-4.437175682,40.710567518
-4.437173743,40.710568374
-4.437171640,40.710568964
-4.437169435,40.710569271
-4.437167193,40.710569285
-4.437164982,40.710569007
-4.437162866,40.710568444
-4.437160908,40.710567613
-4.437159167,40.710566539
-4.437157693,40.710565254
-4.437156531,40.710563795
-4.437098219,40.710568007
-4.437097586,40.710569610
-4.437096607,40.710571109
-4.437095310,40.710572461
-4.437093733,40.710573628
-4.437091920,40.710574576
-4.437089923,40.710575278
-4.437087799,40.710575715
-4.437085609,40.710575873
-4.437083415,40.710575748
-4.437081280,40.710575344
-4.437079265,40.710574673
-4.437077428,40.710573753
-4.437075820,40.710572610
-4.437074488,40.710571278
-4.437073469,40.710569794
-4.437015633,40.710573971
-4.437015140,40.710575572
-4.437014307,40.710577090
-4.437013155,40.710578481
-4.437011716,40.710579709
-4.437010031,40.710580738
-4.437008144,40.710581541
-4.437006110,40.710582096
-4.437003982,40.710582387
-4.437001821,40.710582406
-4.436999685,40.710582152
-4.436997634,40.710581634
-4.436995724,40.710580864
-4.436994008,40.710579864
-4.436992533,40.710578662
-4.436991339,40.710577291
-4.436990459,40.710575789
-4.436932997,40.710579939
-4.436932607,40.710581632
-4.436931839,40.710583248
-4.436930715,40.710584739
-4.436929269,40.710586059
-4.436927545,40.710587170
-4.436925595,40.710588037
-4.436923477,40.710588635
-4.436921256,40.710588945
-4.436918997,40.710588958
-4.436916770,40.710588674
-4.436914640,40.710588102
-4.436912672,40.710587258
-4.436910926,40.710586168
-4.436909453,40.710584865
-4.436908299,40.710583387
-4.436907498,40.710581780
-4.436850315,40.710585910
-4.436850066,40.710587586
-4.436849447,40.710589206
-4.436848476,40.710590722
-4.436847181,40.710592091
-4.436845600,40.710593273
-4.436843778,40.710594234
-4.436841768,40.710594946
-4.436839628,40.710595388
-4.436837422,40.710595547
-4.436835211,40.710595419
-4.436833061,40.710595008
-4.436831034,40.710594325
-4.436829189,40.710593391
-4.436827579,40.710592231
-4.436826250,40.710590881
-4.436825242,40.710589379
-4.436824583,40.710587768
-4.436767587,40.710591884
-4.436767473,40.710593540
-4.436766999,40.710595158
-4.436766176,40.710596693
-4.436765028,40.710598103
-4.436763588,40.710599347
-4.436761895,40.710600391
-4.436759997,40.710601205
-4.436757947,40.710601767
-4.436755803,40.710602061
-4.436753624,40.710602079
-4.436751472,40.710601821
-4.436749407,40.710601293
-4.436747486,40.710600510
-4.436745764,40.710599494
-4.436744289,40.710598274
-4.436743101,40.710596884
-4.436742235,40.710595363
-4.436741714,40.710593753
-4.436684814,40.710597862
-4.436684821,40.710599584
-4.436684437,40.710601281
-4.436683671,40.710602902
-4.436682549,40.710604398
-4.436681103,40.710605723
-4.436679378,40.710606837
-4.436677425,40.710607708
-4.436675303,40.710608308
-4.436673077,40.710608619
-4.436670813,40.710608632
-4.436668581,40.710608346
-4.436666448,40.710607771
-4.436664478,40.710606924
-4.436662730,40.710605829
-4.436661258,40.710604521
-4.436660106,40.710603038
-4.436659308,40.710601427
-4.436658890,40.710599734
-4.436601996,40.710603843
-4.436601490,40.710602220
-4.436600633,40.710600686
-4.436599450,40.710599282
-4.436597975,40.710598049
-4.436596248,40.710597022
-4.436594320,40.710596230
-4.436592245,40.710595695
-4.436590081,40.710595433
-4.436587890,40.710595450
-4.436585734,40.710595747
-4.436583674,40.710596314
-4.436581767,40.710597137
-4.436580070,40.710598191
-4.436578628,40.710599446
-4.436577484,40.710600868
-4.436576669,40.710602416
-4.436576207,40.710604046
-4.436576110,40.710605712
-4.436519134,40.710609826
-4.436518488,40.710608202
-4.436517488,40.710606686
-4.436516163,40.710605321
-4.436514551,40.710604149
-4.436512699,40.710603203
-4.436510663,40.710602511
-4.436508501,40.710602094
-4.436506278,40.710601964
-4.436504058,40.710602124
-4.436501907,40.710602571
-4.436499887,40.710603290
-4.436498058,40.710604260
-4.436496474,40.710605454
-4.436495180,40.710606836
-4.436494216,40.710608366
-4.436493608,40.710609999
-4.436493376,40.710611686
-4.436436226,40.710615814
-4.436435494,40.710614284
-4.436434442,40.710612866
-4.436433099,40.710611598
-4.436431502,40.710610515
-4.436429693,40.710609646
-4.436427722,40.710609013
-4.436425641,40.710608635
-4.436423506,40.710608521
-4.436421376,40.710608675
-4.436419308,40.710609092
-4.436417358,40.710609762
-4.436415578,40.710610665
-4.436414016,40.710611778
-4.436412715,40.710613070
-4.436411710,40.710614508
-4.436411028,40.710616051
-4.436410686,40.710617658
-4.436353271,40.710621804
-4.436352403,40.710620286
-4.436351214,40.710618899
-4.436349738,40.710617682
-4.436348017,40.710616670
-4.436346098,40.710615889
-4.436344036,40.710615363
-4.436341886,40.710615105
-4.436339711,40.710615123
-4.436337569,40.710615417
-4.436335522,40.710615977
-4.436333627,40.710616790
-4.436331935,40.710617831
-4.436330495,40.710619072
-4.436329346,40.710620478
-4.436328522,40.710622010
-4.436328044,40.710623626
-4.436270268,40.710627798
-4.436269259,40.710626297
-4.436267930,40.710624948
-4.436266320,40.710623790
-4.436264475,40.710622857
-4.436262449,40.710622175
-4.436260300,40.710621764
-4.436258091,40.710621637
-4.436255886,40.710621796
-4.436253748,40.710622238
-4.436251739,40.710622949
-4.436249918,40.710623908
-4.436248337,40.710625089
-4.436247042,40.710626457
-4.436246070,40.710627972
-4.436245450,40.710629590
-4.436187214,40.710633795
-4.436186059,40.710632318
-4.436184587,40.710631015
-4.436182841,40.710629925
-4.436180873,40.710629081
-4.436178744,40.710628509
-4.436176516,40.710628225
-4.436174258,40.710628239
-4.436172036,40.710628549
-4.436169919,40.710629146
-4.436167969,40.710630013
-4.436166245,40.710631124
-4.436164799,40.710632444
-4.436163675,40.710633935
-4.436162907,40.710635551
-4.436104106,40.710639797
-4.436102905,40.710638448
-4.436101430,40.710637266
-4.436099721,40.710636285
-4.436097823,40.710635531
-4.436095789,40.710635023
-4.436093672,40.710634775
-4.436091531,40.710634795
-4.436089424,40.710635082
-4.436087406,40.710635628
-4.436085533,40.710636418
-4.436083856,40.710637431
-4.436082420,40.710638639
-4.436081263,40.710640010
-4.436080417,40.710641507
-4.436020939,40.710645802
-4.436019602,40.710644496
-4.436017998,40.710643378
-4.436016172,40.710642479
-4.436014175,40.710641823
-4.436012062,40.710641430
-4.436009892,40.710641309
-4.436007726,40.710641466
-4.436005625,40.710641894
-4.436003647,40.710642583
-4.436001847,40.710643513
-4.436000276,40.710644658
-4.435998977,40.710645986
-4.435997987,40.710647460
-4.435937707,40.710651812
-4.435936232,40.710650560
-4.435934500,40.710649515
-4.435932561,40.710648708
-4.435930470,40.710648163
-4.435928288,40.710647895
-4.435926078,40.710647911
-4.435923904,40.710648211
-4.435921827,40.710648787
-4.435919908,40.710649622
-4.435918203,40.710650692
-4.435916760,40.710651966
-4.435915621,40.710653407
-4.435854405,40.710657828
-4.435852791,40.710656640
-4.435850933,40.710655682
-4.435848886,40.710654980
-4.435846711,40.710654557
-4.435844474,40.710654423
-4.435842239,40.710654585
-4.435840074,40.710655036
-4.435838043,40.710655763
-4.435836206,40.710656745
-4.435834618,40.710657953
-4.435833327,40.710659350
-4.435771017,40.710663849
-4.435769436,40.710662833
-4.435767663,40.710662021
-4.435765743,40.710661433
-4.435763725,40.710661083
-4.435761659,40.710660982
-4.435759599,40.710661130
-4.435757595,40.710661526
-4.435755700,40.710662158
-4.435753959,40.710663010
-4.435752419,40.710664062
-4.435751116,40.710665286
-4.435686277,40.710669968
-4.435687395,40.710678934
-4.435749698,40.710674436
-4.435750683,40.710675977
-4.435752003,40.710677366
-4.435753618,40.710678562
-4.435755480,40.710679527
-4.435757532,40.710680234
-4.435759713,40.710680661
-4.435761959,40.710680796
-4.435764202,40.710680634
-4.435766374,40.710680180
-4.435768411,40.710679448
-4.435770252,40.710678460
-4.435771842,40.710677246
-4.435773132,40.710675841
-4.435774085,40.710674287
-4.435774672,40.710672632
-4.435832734,40.710668440
-4.435833782,40.710669865
-4.435835124,40.710671140
-4.435836722,40.710672230
-4.435838534,40.710673105
-4.435840511,40.710673742
-4.435842598,40.710674123
-4.435844739,40.710674238
-4.435846876,40.710674084
-4.435848950,40.710673664
-4.435850906,40.710672991
-4.435852690,40.710672083
-4.435854253,40.710670964
-4.435855554,40.710669665
-4.435856557,40.710668221
-4.435857234,40.710666671
-4.435915822,40.710662440
-4.435917008,40.710663835
-4.435918484,40.710665059
-4.435920207,40.710666079
-4.435922130,40.710666865
-4.435924199,40.710667395
-4.435926355,40.710667655
-4.435928538,40.710667638
-4.435930687,40.710667343
-4.435932740,40.710666779
-4.435934641,40.710665961
-4.435936335,40.710664914
-4.435937776,40.710663666
-4.435938923,40.710662252
-4.435939743,40.710660713
-4.435998968,40.710656436
-4.436000295,40.710657792
-4.436001906,40.710658956
-4.436003754,40.710659895
-4.436005785,40.710660582
-4.436007939,40.710660995
-4.436010154,40.710661124
-4.436012366,40.710660964
-4.436014510,40.710660521
-4.436016524,40.710659806
-4.436018349,40.710658841
-4.436019931,40.710657655
-4.436021226,40.710656281
-4.436022194,40.710654759
-4.436082176,40.710650428
-4.436083648,40.710651735
-4.436085395,40.710652829
-4.436087365,40.710653676
-4.436089498,40.710654250
-4.436091729,40.710654535
-4.436093991,40.710654522
-4.436096217,40.710654211
-4.436098338,40.710653612
-4.436100290,40.710652742
-4.436102015,40.710651629
-4.436103461,40.710650304
-4.436104584,40.710648810
-4.436165452,40.710644414
-4.436166926,40.710645566
-4.436168625,40.710646522
-4.436170505,40.710647256
-4.436172516,40.710647748
-4.436174605,40.710647987
-4.436176718,40.710647966
-4.436178798,40.710647684
-4.436180791,40.710647151
-4.436182645,40.710646379
-4.436184310,40.710645389
-4.436185742,40.710644208
-4.436186905,40.710642865
-4.436248808,40.710638395
-4.436250404,40.710639472
-4.436252210,40.710640335
-4.436254176,40.710640963
-4.436256251,40.710641339
-4.436258379,40.710641451
-4.436260502,40.710641298
-4.436262564,40.710640883
-4.436264509,40.710640217
-4.436266285,40.710639319
-4.436267845,40.710638212
-4.436269146,40.710636926
-4.436332257,40.710632369
-4.436333968,40.710633354
-4.436335868,40.710634111
-4.436337906,40.710634621
-4.436340026,40.710634870
-4.436342171,40.710634850
-4.436344282,40.710634562
-4.436346303,40.710634015
-4.436348179,40.710633222
-4.436349857,40.710632206
-4.436351294,40.710630994
-4.436415820,40.710626335
-4.436417631,40.710627207
-4.436419605,40.710627842
-4.436421689,40.710628221
-4.436423827,40.710628336
-4.436425960,40.710628181
-4.436428031,40.710627763
-4.436429984,40.710627092
-4.436431766,40.710626186
-4.436433329,40.710625070
-4.436499528,40.710620290
-4.436501408,40.710621024
-4.436503420,40.710621517
-4.436505510,40.710621756
-4.436507624,40.710621735
-4.436509705,40.710621453
-4.436511699,40.710620920
-4.436513553,40.710620147
-4.436515218,40.710619157
-4.436583443,40.710614230
-4.436585332,40.710614793
-4.436587313,40.710615125
-4.436589337,40.710615220
-4.436591356,40.710615074
-4.436593321,40.710614691
-4.436595184,40.710614081
-4.436596900,40.710613258
-4.438974663,40.710441523
-4.438974849,40.710450557
-4.435688514,40.710687901
-4.435689632,40.710696868
-4.438975034,40.710459591
-4.438975220,40.710468625
-4.435690750,40.710705835
-4.435682129,40.710715505
-4.438975405,40.710477659
-4.438975591,40.710486693
-4.435683247,40.710724472
-4.435684365,40.710733438
-4.438975776,40.710495728
-4.438975962,40.710504762
-4.438915607,40.710509121
-4.438913762,40.710508188
-4.438911736,40.710507507
-4.438909588,40.710507096
-4.438907379,40.710506969
-4.438905174,40.710507128
-4.438903036,40.710507569
-4.438901028,40.710508280
-4.438899207,40.710509240
-4.438897626,40.710510420
-4.438831945,40.710515165
-4.438830010,40.710514363
-4.438827925,40.710513822
-4.438825749,40.710513556
-4.438823546,40.710513572
-4.438821378,40.710513871
-4.438819308,40.710514444
-4.438817394,40.710515275
-4.438815691,40.710516339
-4.438748099,40.710521221
-4.438746122,40.710520584
-4.438744034,40.710520203
-4.438741893,40.710520088
-4.438739756,40.710520243
-4.438737681,40.710520662
-4.438735725,40.710521335
-4.438733941,40.710522244
-4.438663970,40.710527298
-4.438662060,40.710526867
-4.438660086,40.710526663
-4.438658094,40.710526691
-4.438656131,40.710526949
-4.438654243,40.710527432
-4.438652474,40.710528129
-4.435685483,40.710742405
-4.435686602,40.710751372
-4.437410905,40.710626852
-4.437412857,40.710625983
-4.437414977,40.710625384
-4.437417201,40.710625073
-4.437419462,40.710625060
-4.437421692,40.710625345
-4.437423824,40.710625919
-4.437492532,40.710620957
-4.437494167,40.710620020
-4.437495975,40.710619289
-4.437497911,40.710618783
-4.437499927,40.710618515
-4.437501974,40.710618490
-4.437504001,40.710618710
-4.437505957,40.710619168
-4.437507794,40.710619854
-4.437574383,40.710615045
-4.437575930,40.710613975
-4.437577682,40.710613108
-4.437579594,40.710612465
-4.437581617,40.710612063
-4.437583698,40.710611913
-4.437585784,40.710612018
-4.437587821,40.710612376
-4.437589756,40.710612977
-4.437591540,40.710613806
-4.437656391,40.710609122
-4.437657822,40.710607951
-4.437659482,40.710606971
-4.437661328,40.710606206
-4.437663311,40.710605677
-4.437665380,40.710605398
-4.437667481,40.710605376
-4.437669560,40.710605611
-4.437671561,40.710606098
-4.437673434,40.710606824
-4.437675129,40.710607769
-4.437738517,40.710603191
-4.437739819,40.710601941
-4.437741368,40.710600867
-4.437743123,40.710599996
-4.437745040,40.710599350
-4.437747067,40.710598947
-4.437749153,40.710598796
-4.437751244,40.710598902
-4.437753286,40.710599262
-4.437755225,40.710599866
-4.437757012,40.710600699
-4.437758600,40.710601740
-4.437820740,40.710597252
-4.437822028,40.710595830
-4.437823621,40.710594601
-4.437825470,40.710593600
-4.437827520,40.710592859
-4.437829708,40.710592399
-4.437831967,40.710592236
-4.437834229,40.710592374
-4.437836425,40.710592809
-4.437838489,40.710593527
-4.437840357,40.710594507
-4.437841974,40.710595718
-4.437903045,40.710591307
-4.437904178,40.710589844
-4.437905622,40.710588550
-4.437907336,40.710587462
-4.437909268,40.710586613
-4.437911363,40.710586027
-4.437913559,40.710585722
-4.437915790,40.710585707
-4.437917992,40.710585983
-4.437920100,40.710586540
-4.437922052,40.710587363
-4.437923791,40.710588428
-4.437925265,40.710589702
-4.437985421,40.710585358
-4.437986402,40.710583864
-4.437987699,40.710582517
-4.437989275,40.710581355
-4.437991085,40.710580411
-4.437993078,40.710579712
-4.437995197,40.710579277
-4.437997382,40.710579119
-4.437999570,40.710579243
-4.438001700,40.710579645
-4.438003711,40.710580313
-4.438005546,40.710581228
-4.438007153,40.710582365
-4.438008487,40.710583692
-4.438067860,40.710579403
-4.438068695,40.710577889
-4.438069848,40.710576500
-4.438071286,40.710575276
-4.438072970,40.710574249
-4.438074854,40.710573448
-4.438076887,40.710572894
-4.438079011,40.710572604
-4.438081169,40.710572585
-4.438083302,40.710572837
-4.438085351,40.710573354
-4.438087259,40.710574122
-4.438088974,40.710575119
-4.438090450,40.710576318
-4.438091645,40.710577685
-4.438150356,40.710573445
-4.438151051,40.710571917
-4.438152062,40.710570496
-4.438153364,40.710569219
-4.438154921,40.710568119
-4.438156692,40.710567227
-4.438158630,40.710566567
-4.438160684,40.710566154
-4.438162799,40.710566001
-4.438164918,40.710566112
-4.438166985,40.710566484
-4.438168945,40.710567106
-4.438170746,40.710567963
-4.438172340,40.710569031
-4.438173685,40.710570282
-4.438174745,40.710571683
-4.438232907,40.710567482
-4.438233514,40.710565849
-4.438234478,40.710564318
-4.438235771,40.710562935
-4.438237356,40.710561740
-4.438239185,40.710560769
-4.438241206,40.710560050
-4.438243358,40.710559603
-4.438245578,40.710559443
-4.438247802,40.710559573
-4.438249965,40.710559990
-4.438252001,40.710560683
-4.438253853,40.710561629
-4.438255465,40.710562802
-4.438256791,40.710564167
-4.438257790,40.710565685
-4.438315508,40.710561516
-4.438315971,40.710559887
-4.438316787,40.710558341
-4.438317932,40.710556920
-4.438319373,40.710555665
-4.438321070,40.710554613
-4.438322975,40.710553791
-4.438325035,40.710553224
-4.438327190,40.710552927
-4.438329379,40.710552910
-4.438331542,40.710553172
-4.438333616,40.710553706
-4.438335544,40.710554497
-4.438337269,40.710555523
-4.438338745,40.710556755
-4.438339928,40.710558157
-4.438340786,40.710559690
-4.438398157,40.710555546
-4.438398483,40.710553927
-4.438399155,40.710552371
-4.438400155,40.710550920
-4.438401455,40.710549615
-4.438403020,40.710548490
-4.438404808,40.710547577
-4.438406768,40.710546901
-4.438408848,40.710546479
-4.438410991,40.710546324
-4.438413139,40.710546440
-4.438415232,40.710546824
-4.438417213,40.710547465
-4.438419028,40.710548345
-4.438420628,40.710549441
-4.438421968,40.710550723
-4.438423013,40.710552155
-4.438423734,40.710553699
-4.438480853,40.710549573
-4.438481068,40.710547874
-4.438481664,40.710546229
-4.438482622,40.710544685
-4.438483914,40.710543290
-4.438485501,40.710542084
-4.438487337,40.710541104
-4.438489367,40.710540377
-4.438491530,40.710539927
-4.438493763,40.710539766
-4.438495999,40.710539898
-4.438498172,40.710540321
-4.438500217,40.710541021
-4.438502075,40.710541978
-4.438503688,40.710543164
-4.438505011,40.710544542
-4.438506003,40.710546073
-4.438506635,40.710547711
-4.438563594,40.710543596
-4.438563673,40.710541921
-4.438564122,40.710540279
-4.438564929,40.710538719
-4.438566070,40.710537285
-4.438567512,40.710536017
-4.438569215,40.710534953
-4.438571129,40.710534122
-4.438573200,40.710533549
-4.438575368,40.710533250
-4.438577571,40.710533233
-4.438579747,40.710533500
-4.438581832,40.710534041
-4.438583767,40.710534843
-4.438585498,40.710535881
-4.438586973,40.710537127
-4.438588151,40.710538544
-4.438588998,40.710540091
-4.438589490,40.710541726
-4.438646379,40.710537616
-4.438646813,40.710539297
-4.438647621,40.710540896
-4.438648779,40.710542365
-4.438650252,40.710543661
-4.438651996,40.710544744
-4.438653960,40.710545582
-4.438656083,40.710546150
-4.438658304,40.710546431
-4.438660555,40.710546417
-4.438662769,40.710546109
-4.438664880,40.710545514
-4.438666826,40.710544652
-4.438668547,40.710543548
-4.438669992,40.710542235
-4.438671118,40.710540752
-4.438671892,40.710539143
-4.438672291,40.710537457
-4.438672301,40.710535744
-4.438729209,40.710531633
-4.438729744,40.710533231
-4.438730620,40.710534739
-4.438731812,40.710536116
-4.438733287,40.710537323
-4.438735005,40.710538327
-4.438736919,40.710539101
-4.438738974,40.710539623
-4.438741115,40.710539877
-4.438743281,40.710539859
-4.438745413,40.710539567
-4.438747453,40.710539010
-4.438749342,40.710538204
-4.438751030,40.710537170
-4.438752469,40.710535937
-4.438753620,40.710534541
-4.438754450,40.710533018
-4.438754937,40.710531411
-4.438755067,40.710529766
-4.438812085,40.710525647
-4.438812757,40.710527244
-4.438813773,40.710528732
-4.438815104,40.710530068
-4.438816713,40.710531215
-4.438818552,40.710532138
-4.438820570,40.710532812
-4.438822708,40.710533218
-4.438824906,40.710533343
-4.438827100,40.710533185
-4.438829227,40.710532747
-4.438831227,40.710532042
-4.438833042,40.710531091
-4.438834620,40.710529921
-4.438835916,40.710528565
-4.438836894,40.710527062
-4.438837524,40.710525455
-4.438837789,40.710523790
-4.438895006,40.710519657
-4.438895819,40.710521249
-4.438896980,40.710522711
-4.438898454,40.710524000
-4.438900196,40.710525077
-4.438902156,40.710525910
-4.438904274,40.710526474
-4.438906489,40.710526754
-4.438908733,40.710526739
-4.438910941,40.710526432
-4.438913047,40.710525841
-4.438914988,40.710524983
-4.438916707,40.710523884
-4.438918152,40.710522577
-4.438919280,40.710521100
-4.438920059,40.710519498
-4.438920464,40.710517818
-4.438976147,40.710513796
-4.438976333,40.710522830
-4.438584204,40.710551155
-4.438582526,40.710551935
-4.438580712,40.710552514
-4.438578804,40.710552878
-4.438576846,40.710553019
-4.438574883,40.710552935
-4.438572958,40.710552626
-4.438571117,40.710552100
-4.438502560,40.710557052
-4.438500916,40.710558006
-4.438499093,40.710558749
-4.438497139,40.710559264
-4.438495103,40.710559536
-4.438493035,40.710559560
-4.438490989,40.710559335
-4.438489015,40.710558866
-4.438487164,40.710558165
-4.438420697,40.710562966
-4.438419145,40.710564049
-4.438417383,40.710564928
-4.438415459,40.710565580
-4.438413421,40.710565987
-4.438411324,40.710566138
-4.438409222,40.710566030
-4.438407171,40.710565666
-4.438405224,40.710565055
-4.438403431,40.710564213
-4.438338681,40.710568890
-4.438337248,40.710570073
-4.438335582,40.710571065
-4.438333728,40.710571838
-4.438331733,40.710572373
-4.438329650,40.710572654
-4.438327536,40.710572676
-4.438325444,40.710572436
-4.438323431,40.710571942
-4.438321550,40.710571207
-4.438319850,40.710570250
-4.438256548,40.710574822
-4.438255246,40.710576083
-4.438253694,40.710577167
-4.438251932,40.710578047
-4.438250007,40.710578698
-4.438247969,40.710579105
-4.438245871,40.710579257
-4.438243769,40.710579149
-4.438241717,40.710578784
-4.438239769,40.710578173
-4.438237977,40.710577330
-4.438236386,40.710576278
-4.438174319,40.710580761
-4.438173152,40.710582081
-4.438171723,40.710583242
-4.438170068,40.710584213
-4.438168230,40.710584971
-4.438166256,40.710585495
-4.438164198,40.710585772
-4.438162108,40.710585795
-4.438160040,40.710585562
-4.438158048,40.710585082
-4.438156182,40.710584364
-4.438154491,40.710583429
-4.438153019,40.710582300
-4.438092010,40.710586706
-4.438090880,40.710588179
-4.438089435,40.710589483
-4.438087718,40.710590579
-4.438085779,40.710591434
-4.438083676,40.710592024
-4.438081472,40.710592331
-4.438079231,40.710592345
-4.438077020,40.710592067
-4.438074904,40.710591505
-4.438072946,40.710590674
-4.438071205,40.710589601
-4.438069731,40.710588316
-4.438009630,40.710592657
-4.438008653,40.710594159
-4.438007356,40.710595514
-4.438005778,40.710596684
-4.438003963,40.710597634
-4.438001964,40.710598338
-4.437999838,40.710598776
-4.437997645,40.710598934
-4.437995448,40.710598809
-4.437993310,40.710598404
-4.437991293,40.710597730
-4.437989454,40.710596807
-4.437987846,40.710595662
-4.437986514,40.710594326
-4.437927187,40.710598611
-4.437926357,40.710600133
-4.437925206,40.710601530
-4.437923767,40.710602762
-4.437922079,40.710603795
-4.437920190,40.710604601
-4.437918151,40.710605157
-4.437916019,40.710605449
-4.437913853,40.710605468
-4.437911713,40.710605213
-4.437909659,40.710604692
-4.437907746,40.710603919
-4.437906028,40.710602915
-4.437904552,40.710601708
-4.437903360,40.710600332
-4.437844687,40.710604570
-4.437843998,40.710606104
-4.437842989,40.710607532
-4.437841687,40.710608816
-4.437840128,40.710609922
-4.437838353,40.710610819
-4.437836410,40.710611483
-4.437834350,40.710611898
-4.437832228,40.710612051
-4.437830103,40.710611939
-4.437828029,40.710611564
-4.437826064,40.710610937
-4.437824260,40.710610075
-4.437822664,40.710609000
-4.437821320,40.710607742
-4.437820264,40.710606334
-4.437762133,40.710610532
-4.437761532,40.710612173
-4.437760571,40.710613710
-4.437759279,40.710615100
-4.437757693,40.710616301
-4.437755860,40.710617277
-4.437753834,40.710618001
-4.437751676,40.710618449
-4.437749448,40.710618610
-4.437747218,40.710618478
-4.437745050,40.710618058
-4.437743008,40.710617361
-4.437741153,40.710616409
-4.437739540,40.710615229
-4.437738216,40.710613857
-4.437737221,40.710612332
-4.437679529,40.710616499
-4.437679072,40.710618133
-4.437678260,40.710619686
-4.437677117,40.710621113
-4.437675675,40.710622374
-4.437673975,40.710623432
-4.437672066,40.710624258
-4.437670001,40.710624827
-4.437667840,40.710625125
-4.437665644,40.710625142
-4.437663476,40.710624878
-4.437661396,40.710624340
-4.437659465,40.710623544
-4.437657738,40.710622513
-4.437656262,40.710621275
-4.437655081,40.710619866
-4.437654228,40.710618326
-4.437596876,40.710622468
-4.437596557,40.710624092
-4.437595889,40.710625654
-4.437594892,40.710627111
-4.437593592,40.710628422
-4.437592025,40.710629552
-4.437590235,40.710630469
-4.437588270,40.710631148
-4.437586184,40.710631571
-4.437584035,40.710631727
-4.437581883,40.710631610
-4.437579785,40.710631223
-4.437577799,40.710630579
-4.437575981,40.710629694
-4.437574381,40.710628592
-4.437573041,40.710627304
-4.437571999,40.710625866
-4.437571284,40.710624316
-4.437514178,40.710628441
-4.437513969,40.710630145
-4.437513379,40.710631796
-4.437512424,40.710633345
-4.437511133,40.710634746
-4.437509544,40.710635957
-4.437507705,40.710636942
-4.437505671,40.710637672
-4.437503502,40.710638124
-4.437501264,40.710638286
-4.437499022,40.710638152
-4.437496844,40.710637726
-4.437494794,40.710637022
-4.437492935,40.710636060
-4.437491320,40.710634869
-4.437489999,40.710633484
-4.437489011,40.710631947
-4.437488385,40.710630304
-4.437431433,40.710634417
-4.437431362,40.710636097
-4.437430918,40.710637743
-4.437430115,40.710639309
-4.437428976,40.710640749
-4.437427533,40.710642022
-4.437425828,40.710643091
-4.437423910,40.710643925
-4.437421835,40.710644500
-4.437419661,40.710644800
-4.437417453,40.710644817
-4.437415272,40.710644549
-4.437413182,40.710644004
-4.437411244,40.710643198
-4.437409512,40.710642155
-4.437408037,40.710640904
-4.437406861,40.710639481
-4.437406018,40.710637927
-4.437405532,40.710636287
-4.437348645,40.710640396
-4.437348204,40.710638720
-4.437347391,40.710637127
-4.437346231,40.710635664
-4.437344758,40.710634375
-4.437343015,40.710633297
-4.437341055,40.710632463
-4.437338936,40.710631898
-4.437336720,40.710631618
-4.437334475,40.710631632
-4.437332266,40.710631940
-4.437330159,40.710632532
-4.437328217,40.710633390
-4.437326498,40.710634490
-4.437325053,40.710635798
-4.437323925,40.710637275
-4.437323147,40.710638878
-4.437322743,40.710640559
-4.437322724,40.710642268
-4.437265811,40.710646378
-4.437265270,40.710644786
-4.437264391,40.710643284
-4.437263197,40.710641913
-4.437261722,40.710640712
-4.437260005,40.710639712
-4.437258095,40.710638943
-4.437256045,40.710638424
-4.437253909,40.710638171
-4.437251748,40.710638190
-4.437249621,40.710638480
-4.437247586,40.710639035
-4.437245700,40.710639838
-4.437244015,40.710640867
-4.437242576,40.710642094
-4.437241424,40.710643486
-4.437240591,40.710645003
-4.437240098,40.710646604
-4.437239961,40.710648245
-4.437182933,40.710652364
-4.437182255,40.710650773
-4.437181236,40.710649291
-4.437179903,40.710647961
-4.437178296,40.710646821
-4.437176459,40.710645902
-4.437174445,40.710645232
-4.437172312,40.710644829
-4.437170120,40.710644704
-4.437167932,40.710644863
-4.437165810,40.710645298
-4.437163815,40.710646000
-4.437162003,40.710646946
-4.437160426,40.710648111
-4.437159129,40.710649461
-4.437158149,40.710650959
-4.437157514,40.710652560
-4.437157242,40.710654219
-4.437100008,40.710658353
-4.437099190,40.710656767
-4.437098026,40.710655312
-4.437096552,40.710654030
-4.437094812,40.710652959
-4.437092856,40.710652131
-4.437090742,40.710651570
-4.437088534,40.710651292
-4.437086295,40.710651307
-4.437084093,40.710651613
-4.437081993,40.710652201
-4.437080056,40.710653055
-4.437078340,40.710654149
-4.437076895,40.710655450
-4.437075764,40.710656920
-4.437074981,40.710658516
-4.437074569,40.710660190
-4.437017037,40.710664345
-4.437016143,40.710662864
-4.437014942,40.710661516
-4.437013467,40.710660335
-4.437011758,40.710659354
-4.437009860,40.710658599
-4.437007826,40.710658091
-4.437005710,40.710657844
-4.437003569,40.710657864
-4.437001461,40.710658151
-4.436999444,40.710658697
-4.436997572,40.710659487
-4.436995894,40.710660499
-4.436994458,40.710661707
-4.436993301,40.710663078
-4.436992456,40.710664575
-4.436991943,40.710666157
-4.436934016,40.710670340
-4.436932985,40.710668881
-4.436931648,40.710667573
-4.436930044,40.710666452
-4.436928217,40.710665551
-4.436926218,40.710664894
-4.436924103,40.710664499
-4.436921931,40.710664379
-4.436919763,40.710664535
-4.436917660,40.710664965
-4.436915680,40.710665655
-4.436913879,40.710666586
-4.436912307,40.710667733
-4.436911008,40.710669063
-4.436910019,40.710670539
-4.436909367,40.710672121
-4.436850943,40.710676340
-4.436849771,40.710674908
-4.436848296,40.710673648
-4.436846561,40.710672597
-4.436844618,40.710671785
-4.436842522,40.710671236
-4.436840333,40.710670965
-4.436838116,40.710670981
-4.436835935,40.710671283
-4.436833852,40.710671862
-4.436831929,40.710672701
-4.436830221,40.710673777
-4.436828777,40.710675058
-4.436827640,40.710676506
-4.436826843,40.710678080
-4.436767814,40.710682343
-4.436766496,40.710680946
-4.436764881,40.710679744
-4.436763016,40.710678773
-4.436760959,40.710678061
-4.436758772,40.710677631
-4.436756519,40.710677495
-4.436754269,40.710677657
-4.436752091,40.710678113
-4.436750048,40.710678849
-4.436748204,40.710679843
-4.436746613,40.710681064
-4.436745324,40.710682476
-4.436744374,40.710684036
-4.436684626,40.710688351
-4.436683282,40.710687095
-4.436681687,40.710686023
-4.436679884,40.710685163
-4.436677920,40.710684538
-4.436675850,40.710684164
-4.436673727,40.710684053
-4.436671608,40.710684206
-4.436669550,40.710684619
-4.436667609,40.710685283
-4.436665835,40.710686177
-4.436664277,40.710687280
-4.436662975,40.710688562
-4.436661965,40.710689987
-4.436601370,40.710694363
-4.436599895,40.710693166
-4.436598180,40.710692170
-4.436596272,40.710691404
-4.436594225,40.710690887
-4.436592093,40.710690635
-4.436589937,40.710690654
-4.436587813,40.710690944
-4.436585782,40.710691497
-4.436583899,40.710692297
-4.436582215,40.710693323
-4.436580777,40.710694546
-4.436579624,40.710695933
-4.436518038,40.710700381
-4.436516433,40.710699254
-4.436514603,40.710698348
-4.436512599,40.710697687
-4.436510479,40.710697290
-4.436508301,40.710697169
-4.436506127,40.710697326
-4.436504019,40.710697757
-4.436502034,40.710698450
-4.436500230,40.710699386
-4.436498657,40.710700538
-4.436497359,40.710701874
-4.436434619,40.710706405
-4.436432888,40.710705365
-4.436430952,40.710704562
-4.436428865,40.710704020
-4.436426688,40.710703753
-4.436424483,40.710703770
-4.436422314,40.710704069
-4.436420242,40.710704643
-4.436418327,40.710705474
-4.436416623,40.710706540
-4.436415181,40.710707809
-4.436351092,40.710712437
-4.436349247,40.710711503
-4.436347221,40.710710822
-4.436345073,40.710710411
-4.436342864,40.710710284
-4.436340659,40.710710443
-4.436338521,40.710710884
-4.436336512,40.710711595
-4.436334691,40.710712555
-4.436333110,40.710713735
-4.436267429,40.710718478
-4.436265494,40.710717677
-4.436263409,40.710717135
-4.436261234,40.710716869
-4.436259030,40.710716885
-4.436256862,40.710717184
-4.436254792,40.710717757
-4.436252878,40.710718588
-4.436251175,40.710719652
-4.436183582,40.710724533
-4.436181606,40.710723896
-4.436179518,40.710723515
-4.436177377,40.710723400
-4.436175239,40.710723554
-4.436173164,40.710723973
-4.436171208,40.710724647
-4.436169424,40.710725555
-4.436099453,40.710730608
-4.436097543,40.710730177
-4.436095569,40.710729973
-4.436093577,40.710730000
-4.436091614,40.710730258
-4.436089726,40.710730741
-4.436087956,40.710731438
-4.435687720,40.710760339
-4.435688838,40.710769305
-4.435750988,40.710764818
-4.435751452,40.710763189
-4.435752268,40.710761643
-4.435753412,40.710760222
-4.435754854,40.710758967
-4.435756551,40.710757914
-4.435758456,40.710757093
-4.435760515,40.710756526
-4.435762670,40.710756229
-4.435764860,40.710756212
-4.435767023,40.710756474
-4.435769097,40.710757009
-4.435771024,40.710757800
-4.435772750,40.710758826
-4.435774226,40.710760057
-4.435775409,40.710761459
-4.435776267,40.710762992
-4.435833638,40.710758850
-4.435833964,40.710757231
-4.435834636,40.710755674
-4.435835636,40.710754224
-4.435836936,40.710752918
-4.435838502,40.710751794
-4.435840289,40.710750881
-4.435842250,40.710750204
-4.435844330,40.710749783
-4.435846473,40.710749628
-4.435848620,40.710749744
-4.435850713,40.710750128
-4.435852694,40.710750769
-4.435854509,40.710751649
-4.435856109,40.710752745
-4.435857450,40.710754027
-4.435858495,40.710755459
-4.435859215,40.710757003
-4.435916334,40.710752878
-4.435916550,40.710751180
-4.435917146,40.710749534
-4.435918104,40.710747991
-4.435919396,40.710746596
-4.435920983,40.710745390
-4.435922819,40.710744409
-4.435924849,40.710743683
-4.435927012,40.710743233
-4.435929245,40.710743071
-4.435931481,40.710743204
-4.435933654,40.710743627
-4.435935699,40.710744327
-4.435937556,40.710745284
-4.435939170,40.710746470
-4.435940493,40.710747848
-4.435941484,40.710749379
-4.435942116,40.710751017
-4.435999076,40.710746904
-4.435999155,40.710745228
-4.435999604,40.710743587
-4.436000411,40.710742026
-4.436001552,40.710740592
-4.436002995,40.710739324
-4.436004697,40.710738260
-4.436006612,40.710737430
-4.436008682,40.710736857
-4.436010850,40.710736558
-4.436013054,40.710736541
-4.436015229,40.710736807
-4.436017315,40.710737349
-4.436019250,40.710738151
-4.436020980,40.710739189
-4.436022455,40.710740435
-4.436023633,40.710741851
-4.436024480,40.710743399
-4.436024973,40.710745034
-4.436081862,40.710740926
-4.436082296,40.710742607
-4.436083104,40.710744205
-4.436084262,40.710745674
-4.436085735,40.710746970
-4.436087479,40.710748053
-4.436089442,40.710748891
-4.436091566,40.710749459
-4.436093786,40.710749741
-4.436096037,40.710749727
-4.436098251,40.710749418
-4.436100363,40.710748824
-4.436102308,40.710747962
-4.436104029,40.710746858
-4.436105474,40.710745544
-4.436106601,40.710744061
-4.436107375,40.710742453
-4.436107773,40.710740767
-4.436107784,40.710739054
-4.436164693,40.710734944
-4.436165227,40.710736542
-4.436166103,40.710738050
-4.436167295,40.710739427
-4.436168770,40.710740634
-4.436170488,40.710741639
-4.436172402,40.710742412
-4.436174457,40.710742934
-4.436176597,40.710743189
-4.436178764,40.710743170
-4.436180896,40.710742878
-4.436182936,40.710742321
-4.436184825,40.710741515
-4.436186513,40.710740481
-4.436187952,40.710739249
-4.436189103,40.710737852
-4.436189933,40.710736329
-4.436190420,40.710734723
-4.436190551,40.710733077
-4.436247568,40.710728960
-4.436248240,40.710730557
-4.436249256,40.710732045
-4.436250588,40.710733381
-4.436252196,40.710734527
-4.436254036,40.710735451
-4.436256053,40.710736125
-4.436258192,40.710736531
-4.436260389,40.710736656
-4.436262583,40.710736498
-4.436264710,40.710736060
-4.436266710,40.710735356
-4.436268525,40.710734405
-4.436270104,40.710733234
-4.436271400,40.710731878
-4.436272377,40.710730375
-4.436273007,40.710728768
-4.436273272,40.710727104
-4.436330490,40.710722972
-4.436331304,40.710724564
-4.436332464,40.710726026
-4.436333938,40.710727314
-4.436335680,40.710728391
-4.436337640,40.710729224
-4.436339758,40.710729789
-4.436341972,40.710730069
-4.436344217,40.710730054
-4.436346425,40.710729747
-4.436348531,40.710729156
-4.436350472,40.710728298
-4.436352191,40.710727199
-4.436353636,40.710725892
-4.436354764,40.710724416
-4.436355543,40.710722813
-4.436355948,40.710721133
-4.436413459,40.710716980
-4.436414349,40.710718467
-4.436415547,40.710719823
-4.436417022,40.710721010
-4.436418734,40.710721997
-4.436420635,40.710722756
-4.436422675,40.710723267
-4.436424797,40.710723516
-4.436426944,40.710723496
-4.436429057,40.710723208
-4.436431080,40.710722660
-4.436432957,40.710721866
-4.436434636,40.710720849
-4.436436073,40.710719635
-4.436437229,40.710718257
-4.436438071,40.710716754
-4.436438577,40.710715167
-4.436496476,40.710710985
-4.436497504,40.710712452
-4.436498839,40.710713768
-4.436500444,40.710714895
-4.436502275,40.710715802
-4.436504279,40.710716464
-4.436506400,40.710716861
-4.436508579,40.710716983
-4.436510753,40.710716826
-4.436512863,40.710716395
-4.436514848,40.710715701
-4.436516653,40.710714764
-4.436518226,40.710713611
-4.436519524,40.710712274
-4.436520510,40.710710791
-4.436521157,40.710709203
-4.436579546,40.710704987
-4.436580715,40.710706427
-4.436582190,40.710707694
-4.436583926,40.710708752
-4.436585874,40.710709570
-4.436587977,40.710710124
-4.436590172,40.710710397
-4.436592397,40.710710381
-4.436594585,40.710710078
-4.436596674,40.710709496
-4.436598602,40.710708651
-4.436600313,40.710707569
-4.436601757,40.710706281
-4.436602892,40.710704825
-4.436603685,40.710703243
-4.436662671,40.710698984
-4.436663987,40.710700389
-4.436665603,40.710701600
-4.436667471,40.710702579
-4.436669534,40.710703296
-4.436671729,40.710703730
-4.436673990,40.710703867
-4.436676248,40.710703704
-4.436678434,40.710703246
-4.436680483,40.710702505
-4.436682331,40.710701505
-4.436683924,40.710700277
-4.436685212,40.710698856
-4.436686157,40.710697288
-4.436745855,40.710692976
-4.436747198,40.710694241
-4.436748795,40.710695322
-4.436750603,40.710696189
-4.436752572,40.710696819
-4.436754651,40.710697196
-4.436756782,40.710697310
-4.436758909,40.710697156
-4.436760975,40.710696740
-4.436762923,40.710696072
-4.436764702,40.710695171
-4.436766262,40.710694060
-4.436767564,40.710692770
-4.436768570,40.710691336
-4.436829107,40.710686964
-4.436830582,40.710688172
-4.436832300,40.710689176
-4.436834214,40.710689950
-4.436836269,40.710690471
-4.436838410,40.710690726
-4.436840576,40.710690708
-4.436842709,40.710690416
-4.436844748,40.710689859
-4.436846638,40.710689053
-4.436848326,40.710688019
-4.436849765,40.710686786
-4.436850916,40.710685389
-4.436912434,40.710680947
-4.436914041,40.710682084
-4.436915876,40.710683000
-4.436917887,40.710683668
-4.436920017,40.710684070
-4.436922206,40.710684193
-4.436924391,40.710684035
-4.436926510,40.710683601
-4.436928503,40.710682901
-4.436930313,40.710681957
-4.436931889,40.710680795
-4.436933186,40.710679448
-4.436995848,40.710674923
-4.436997582,40.710675974
-4.436999526,40.710676787
-4.437001623,40.710677336
-4.437003812,40.710677607
-4.437006029,40.710677591
-4.437008211,40.710677289
-4.437010294,40.710676710
-4.437012218,40.710675870
-4.437013926,40.710674794
-4.437015369,40.710673513
-4.437079366,40.710668891
-4.437081218,40.710669838
-4.437083254,40.710670530
-4.437085417,40.710670947
-4.437087641,40.710671078
-4.437089862,40.710670917
-4.437092014,40.710670471
-4.437094034,40.710669751
-4.437095864,40.710668780
-4.437097448,40.710667585
-4.437163018,40.710662850
-4.437164965,40.710663666
-4.437167066,40.710664218
-4.437169260,40.710664491
-4.437171482,40.710664475
-4.437173669,40.710664172
-4.437175756,40.710663591
-4.437177683,40.710662747
-4.437179393,40.710661667
-4.437246851,40.710656795
-4.437248846,40.710657449
-4.437250956,40.710657841
-4.437253123,40.710657960
-4.437255286,40.710657804
-4.437257384,40.710657377
-4.437259360,40.710656689
-4.437261158,40.710655762
-4.437330957,40.710650721
-4.437332898,40.710651170
-4.437334907,40.710651385
-4.437336935,40.710651359
-4.437338934,40.710651094
-4.437340854,40.710650596
-4.437342649,40.710649877
-4.438976518,40.710531864
-4.438976704,40.710540898
-4.436019686,40.710754463
-4.436018007,40.710755243
-4.436016194,40.710755822
-4.436014286,40.710756186
-4.436012328,40.710756327
-4.436010365,40.710756242
-4.436008440,40.710755934
-4.436006599,40.710755408
-4.435938041,40.710760358
-4.435936397,40.710761312
-4.435934574,40.710762055
-4.435932620,40.710762570
-4.435930584,40.710762842
-4.435928516,40.710762866
-4.435926470,40.710762640
-4.435924497,40.710762171
-4.435922645,40.710761470
-4.435856177,40.710766270
-4.435854625,40.710767354
-4.435852864,40.710768233
-4.435850939,40.710768884
-4.435848902,40.710769291
-4.435846805,40.710769442
-4.435844703,40.710769334
-4.435842652,40.710768970
-4.435840704,40.710768359
-4.435838912,40.710767516
-4.435774161,40.710772192
-4.435772728,40.710773376
-4.435771062,40.710774367
-4.435769208,40.710775140
-4.435767213,40.710775675
-4.435765130,40.710775956
-4.435763016,40.710775978
-4.435760924,40.710775738
-4.435758911,40.710775244
-4.435757030,40.710774509
-4.435755330,40.710773552
-4.435689956,40.710778272
-4.435691074,40.710787239
-4.438976889,40.710549932
-4.438977075,40.710558967
-4.435683836,40.710796809
-4.435684954,40.710805776
-4.438977260,40.710568001
-4.438977446,40.710577035
-4.435686072,40.710814743
-4.435687190,40.710823710
-4.438736494,40.710603488
-4.438738390,40.710602675
-4.438740437,40.710602114
-4.438742579,40.710601820
-4.438744755,40.710601802
-4.438746904,40.710602060
-4.438748967,40.710602587
-4.438818072,40.710597595
-4.438819682,40.710596700
-4.438821452,40.710596003
-4.438823341,40.710595519
-4.438825305,40.710595261
-4.438827298,40.710595233
-4.438829273,40.710595438
-4.438831183,40.710595869
-4.438832985,40.710596518
-4.438899892,40.710591685
-4.438901426,40.710590652
-4.438903153,40.710589815
-4.438905032,40.710589194
-4.438907015,40.710588805
-4.438909054,40.710588658
-4.438911098,40.710588756
-4.438913097,40.710589096
-4.438915001,40.710589671
-4.438916762,40.710590466
-4.438977631,40.710586069
-4.438977817,40.710595103
-4.438922262,40.710599116
-4.438921960,40.710600754
-4.438921304,40.710602331
-4.438920313,40.710603802
-4.438919014,40.710605128
-4.438917444,40.710606271
-4.438915645,40.710607200
-4.438913669,40.710607887
-4.438911569,40.710608315
-4.438909406,40.710608472
-4.438907238,40.710608352
-4.438905127,40.710607959
-4.438903131,40.710607305
-4.438901306,40.710606408
-4.438899702,40.710605291
-4.438898365,40.710603988
-4.438897331,40.710602533
-4.438896630,40.710600968
-4.438839556,40.710605090
-4.438839366,40.710606807
-4.438838790,40.710608472
-4.438837842,40.710610037
-4.438836553,40.710611453
-4.438834962,40.710612677
-4.438833115,40.710613674
-4.438831070,40.710614412
-4.438828888,40.710614869
-4.438826634,40.710615032
-4.438824378,40.710614895
-4.438822187,40.710614463
-4.438820127,40.710613749
-4.438818261,40.710612774
-4.438816645,40.710611568
-4.438815328,40.710610167
-4.438814349,40.710608614
-4.438813739,40.710606955
-4.438756804,40.710611068
-4.438756753,40.710612759
-4.438756324,40.710614419
-4.438755530,40.710615999
-4.438754395,40.710617453
-4.438752951,40.710618739
-4.438751241,40.710619819
-4.438749314,40.710620663
-4.438747226,40.710621244
-4.438745040,40.710621547
-4.438742817,40.710621563
-4.438740623,40.710621290
-4.438738522,40.710620738
-4.438736575,40.710619922
-4.438734839,40.710618865
-4.438733365,40.710617600
-4.438732194,40.710616162
-4.438731363,40.710614593
-4.438730894,40.710612940
-4.438674008,40.710617049
-4.438673551,40.710615386
-4.438672726,40.710613808
-4.438671560,40.710612360
-4.438670086,40.710611085
-4.438668347,40.710610020
-4.438666395,40.710609197
-4.438664287,40.710608639
-4.438662084,40.710608364
-4.438659853,40.710608379
-4.438657657,40.710608684
-4.438655562,40.710609270
-4.438653629,40.710610119
-4.438651915,40.710611207
-4.438650471,40.710612502
-4.438649339,40.710613965
-4.438648551,40.710615554
-4.438648132,40.710617222
-4.438648093,40.710618921
-4.438591168,40.710623032
-4.438590611,40.710621454
-4.438589722,40.710619967
-4.438588523,40.710618612
-4.438587048,40.710617425
-4.438585336,40.710616438
-4.438583435,40.710615679
-4.438581395,40.710615168
-4.438579273,40.710614919
-4.438577126,40.710614939
-4.438575013,40.710615227
-4.438572990,40.710615775
-4.438571114,40.710616569
-4.438569434,40.710617587
-4.438567997,40.710618801
-4.438566842,40.710620178
-4.438565999,40.710621681
-4.438565493,40.710623269
-4.438565337,40.710624898
-4.438508282,40.710629019
-4.438507590,40.710627444
-4.438506562,40.710625979
-4.438505226,40.710624665
-4.438503621,40.710623539
-4.438501791,40.710622633
-4.438499788,40.710621972
-4.438497668,40.710621576
-4.438495491,40.710621454
-4.438493318,40.710621611
-4.438491210,40.710622042
-4.438489226,40.710622735
-4.438487422,40.710623671
-4.438485849,40.710624823
-4.438484550,40.710626158
-4.438483564,40.710627640
-4.438482916,40.710629226
-4.438482626,40.710630873
-4.438425350,40.710635010
-4.438424518,40.710633441
-4.438423348,40.710632003
-4.438421874,40.710630738
-4.438420138,40.710629682
-4.438418191,40.710628866
-4.438416090,40.710628313
-4.438413896,40.710628041
-4.438411674,40.710628056
-4.438409487,40.710628359
-4.438407400,40.710628941
-4.438405473,40.710629784
-4.438403763,40.710630864
-4.438402319,40.710632150
-4.438401184,40.710633604
-4.438400390,40.710635184
-4.438399961,40.710636844
-4.438342371,40.710641003
-4.438341394,40.710639447
-4.438340078,40.710638044
-4.438338461,40.710636835
-4.438336594,40.710635858
-4.438334533,40.710635142
-4.438332339,40.710634709
-4.438330080,40.710634572
-4.438327824,40.710634735
-4.438325640,40.710635193
-4.438323593,40.710635932
-4.438321745,40.710636931
-4.438320153,40.710638158
-4.438318864,40.710639576
-4.438317918,40.710641143
-4.438317344,40.710642811
-4.438259342,40.710647001
-4.438258301,40.710645560
-4.438256961,40.710644271
-4.438255360,40.710643168
-4.438253541,40.710642281
-4.438251555,40.710641636
-4.438249455,40.710641249
-4.438247301,40.710641131
-4.438245151,40.710641287
-4.438243063,40.710641710
-4.438241097,40.710642391
-4.438239306,40.710643309
-4.438237739,40.710644440
-4.438236439,40.710645753
-4.438235442,40.710647211
-4.438234776,40.710648775
-4.438176261,40.710653001
-4.438175080,40.710651590
-4.438173605,40.710650351
-4.438171877,40.710649317
-4.438169944,40.710648520
-4.438167863,40.710647981
-4.438165693,40.710647716
-4.438163495,40.710647733
-4.438161332,40.710648031
-4.438159266,40.710648602
-4.438157356,40.710649429
-4.438155655,40.710650489
-4.438154213,40.710651751
-4.438153070,40.710653180
-4.438152260,40.710654735
-4.438093123,40.710659006
-4.438091799,40.710657633
-4.438090186,40.710656452
-4.438088331,40.710655499
-4.438086288,40.710654801
-4.438084119,40.710654380
-4.438081888,40.710654249
-4.438079659,40.710654410
-4.438077500,40.710654859
-4.438075474,40.710655582
-4.438073640,40.710656560
-4.438072054,40.710657761
-4.438070761,40.710659152
-4.438069801,40.710660691
-4.438009923,40.710665016
-4.438008576,40.710663784
-4.438006986,40.710662733
-4.438005194,40.710661891
-4.438003247,40.710661280
-4.438001196,40.710660916
-4.437999095,40.710660808
-4.437996998,40.710660960
-4.437994961,40.710661366
-4.437993037,40.710662018
-4.437991276,40.710662896
-4.437989724,40.710663980
-4.437988422,40.710665239
-4.437987404,40.710666642
-4.437926656,40.710671030
-4.437925181,40.710669858
-4.437923475,40.710668885
-4.437921583,40.710668138
-4.437919556,40.710667635
-4.437917448,40.710667390
-4.437915316,40.710667411
-4.437913217,40.710667696
-4.437911208,40.710668238
-4.437909341,40.710669022
-4.437907668,40.710670027
-4.437906233,40.710671227
-4.437905074,40.710672589
-4.437843311,40.710677050
-4.437841711,40.710675951
-4.437839894,40.710675069
-4.437837911,40.710674426
-4.437835817,40.710674042
-4.437833667,40.710673925
-4.437831521,40.710674080
-4.437829439,40.710674502
-4.437827476,40.710675180
-4.437825688,40.710676095
-4.437824122,40.710677222
-4.437822822,40.710678529
-4.437759875,40.710683076
-4.437758155,40.710682067
-4.437756239,40.710681290
-4.437754180,40.710680766
-4.437752035,40.710680509
-4.437749864,40.710680528
-4.437747727,40.710680820
-4.437745683,40.710681379
-4.437743790,40.710682189
-4.437742100,40.710683227
-4.437740661,40.710684464
-4.437676328,40.710689110
-4.437674502,40.710688211
-4.437672505,40.710687556
-4.437670393,40.710687163
-4.437668224,40.710687043
-4.437666059,40.710687199
-4.437663958,40.710687628
-4.437661981,40.710688316
-4.437660181,40.710689245
-4.437658610,40.710690390
-4.437592642,40.710695154
-4.437590736,40.710694390
-4.437588692,40.710693876
-4.437586564,40.710693625
-4.437584411,40.710693645
-4.437582291,40.710693934
-4.437580263,40.710694485
-4.437578382,40.710695283
-4.437576700,40.710696306
-4.437508757,40.710701213
-4.437506829,40.710700617
-4.437504801,40.710700263
-4.437502724,40.710700160
-4.437500652,40.710700310
-4.437498638,40.710700709
-4.437496734,40.710701346
-4.437494987,40.710702207
-4.437424562,40.710707293
-4.437422735,40.710706909
-4.437420853,40.710706731
-4.437418958,40.710706762
-4.437417089,40.710707002
-4.437415285,40.710707447
-4.437413585,40.710708086
-4.435688309,40.710832676
-4.435689427,40.710841643
-4.436171974,40.710806799
-4.436173870,40.710805986
-4.436175918,40.710805425
-4.436178059,40.710805132
-4.436180235,40.710805113
-4.436182385,40.710805371
-4.436184448,40.710805898
-4.436253553,40.710800908
-4.436255163,40.710800013
-4.436256933,40.710799316
-4.436258822,40.710798832
-4.436260786,40.710798574
-4.436262779,40.710798547
-4.436264754,40.710798751
-4.436266665,40.710799183
-4.436268467,40.710799831
-4.436335373,40.710794999
-4.436336907,40.710793967
-4.436338635,40.710793129
-4.436340514,40.710792509
-4.436342497,40.710792120
-4.436344536,40.710791973
-4.436346580,40.710792071
-4.436348579,40.710792411
-4.436350482,40.710792986
-4.436352244,40.710793781
-4.436417358,40.710789079
-4.436418784,40.710787940
-4.436420428,40.710786987
-4.436422250,40.710786245
-4.436424204,40.710785730
-4.436426239,40.710785458
-4.436428306,40.710785434
-4.436430351,40.710785660
-4.436432324,40.710786128
-4.436434175,40.710786829
-4.436435857,40.710787743
-4.436499468,40.710783150
-4.436500771,40.710781929
-4.436502310,40.710780881
-4.436504048,40.710780031
-4.436505941,40.710779401
-4.436507941,40.710779006
-4.436509998,40.710778858
-4.436512060,40.710778959
-4.436514075,40.710779307
-4.436515992,40.710779892
-4.436517763,40.710780702
-4.436519344,40.710781714
-4.436581677,40.710777213
-4.436582969,40.710775819
-4.436584556,40.710774615
-4.436586391,40.710773635
-4.436588419,40.710772910
-4.436590581,40.710772460
-4.436592813,40.710772299
-4.436595047,40.710772431
-4.436597219,40.710772854
-4.436599263,40.710773553
-4.436601120,40.710774509
-4.436602733,40.710775692
-4.436663969,40.710771270
-4.436665109,40.710769832
-4.436666552,40.710768560
-4.436668256,40.710767493
-4.436670173,40.710766659
-4.436672247,40.710766085
-4.436674419,40.710765785
-4.436676627,40.710765768
-4.436678806,40.710766036
-4.436680894,40.710766580
-4.436682832,40.710767385
-4.436684564,40.710768427
-4.436686039,40.710769676
-4.436746334,40.710765322
-4.436747326,40.710763851
-4.436748625,40.710762525
-4.436750195,40.710761383
-4.436751994,40.710760455
-4.436753970,40.710759768
-4.436756069,40.710759340
-4.436758232,40.710759184
-4.436760399,40.710759304
-4.436762509,40.710759696
-4.436764505,40.710760350
-4.436766330,40.710761247
-4.436767933,40.710762363
-4.436769271,40.710763666
-4.436828764,40.710759369
-4.436829611,40.710757875
-4.436830768,40.710756506
-4.436832204,40.710755300
-4.436833880,40.710754289
-4.436835751,40.710753500
-4.436837767,40.710752956
-4.436839872,40.710752669
-4.436842011,40.710752649
-4.436844125,40.710752896
-4.436846158,40.710753402
-4.436848054,40.710754155
-4.436849763,40.710755134
-4.436851237,40.710756313
-4.436852439,40.710757660
-4.436911252,40.710753412
-4.436912022,40.710751798
-4.436913147,40.710750310
-4.436914592,40.710748992
-4.436916315,40.710747883
-4.436918264,40.710747017
-4.436920380,40.710746421
-4.436922599,40.710746111
-4.436924855,40.710746098
-4.436927081,40.710746381
-4.436929208,40.710746952
-4.436931175,40.710747794
-4.436932920,40.710748882
-4.436934393,40.710750183
-4.436935548,40.710751658
-4.436993794,40.710747451
-4.436994416,40.710745835
-4.436995388,40.710744322
-4.436996684,40.710742956
-4.436998264,40.710741777
-4.437000085,40.710740819
-4.437002092,40.710740109
-4.437004228,40.710739668
-4.437006432,40.710739509
-4.437008639,40.710739636
-4.437010786,40.710740046
-4.437012810,40.710740726
-4.437014654,40.710741658
-4.437016264,40.710742814
-4.437017593,40.710744161
-4.437018604,40.710745659
-4.437076387,40.710741486
-4.437076867,40.710739873
-4.437077693,40.710738343
-4.437078842,40.710736939
-4.437080282,40.710735699
-4.437081973,40.710734660
-4.437083867,40.710733848
-4.437085913,40.710733288
-4.437088052,40.710732995
-4.437090226,40.710732977
-4.437092373,40.710733234
-4.437094434,40.710733760
-4.437096352,40.710734539
-4.437098073,40.710735550
-4.437099548,40.710736764
-4.437100737,40.710738149
-4.437101607,40.710739665
-4.437159029,40.710735518
-4.437159372,40.710733912
-4.437160056,40.710732371
-4.437161062,40.710730936
-4.437162363,40.710729645
-4.437163924,40.710728534
-4.437165703,40.710727632
-4.437167652,40.710726964
-4.437169719,40.710726547
-4.437171847,40.710726393
-4.437173979,40.710726507
-4.437176059,40.710726884
-4.437178029,40.710727515
-4.437179837,40.710728383
-4.437181434,40.710729465
-4.437182777,40.710730730
-4.437183829,40.710732146
-4.437184563,40.710733674
-4.437241717,40.710729546
-4.437241952,40.710727860
-4.437242561,40.710726229
-4.437243526,40.710724701
-4.437244820,40.710723320
-4.437246404,40.710722128
-4.437248232,40.710721158
-4.437250250,40.710720440
-4.437252400,40.710719995
-4.437254619,40.710719834
-4.437256840,40.710719964
-4.437259000,40.710720381
-4.437261035,40.710721071
-4.437262886,40.710722016
-4.437264498,40.710723186
-4.437265824,40.710724549
-4.437266825,40.710726064
-4.437267472,40.710727686
-4.437324451,40.710723571
-4.437324550,40.710721907
-4.437325014,40.710720278
-4.437325830,40.710718732
-4.437326975,40.710717312
-4.437328416,40.710716058
-4.437330113,40.710715005
-4.437332018,40.710714184
-4.437334077,40.710713617
-4.437336231,40.710713321
-4.437338421,40.710713303
-4.437340583,40.710713565
-4.437342657,40.710714099
-4.437344584,40.710714890
-4.437346310,40.710715916
-4.437347785,40.710717147
-4.437348969,40.710718548
-4.437349827,40.710720081
-4.437350335,40.710721702
-4.437407230,40.710717593
-4.437407646,40.710719287
-4.437408442,40.710720901
-4.437409594,40.710722385
-4.437411066,40.710723695
-4.437412814,40.710724791
-4.437414785,40.710725640
-4.437416920,40.710726216
-4.437419153,40.710726502
-4.437421418,40.710726489
-4.437423646,40.710726177
-4.437425769,40.710725577
-4.437427723,40.710724705
-4.437429450,40.710723589
-4.437430895,40.710722263
-4.437432017,40.710720765
-4.437432781,40.710719143
-4.437433164,40.710717444
-4.437433154,40.710715720
-4.437490053,40.710711611
-4.437490572,40.710713222
-4.437491437,40.710714745
-4.437492624,40.710716137
-4.437494100,40.710717359
-4.437495823,40.710718376
-4.437497744,40.710719160
-4.437499811,40.710719689
-4.437501965,40.710719948
-4.437504145,40.710719930
-4.437506291,40.710719636
-4.437508342,40.710719073
-4.437510241,40.710718257
-4.437511934,40.710717212
-4.437513375,40.710715967
-4.437514522,40.710714556
-4.437515343,40.710713019
-4.437515817,40.710711399
-4.437515928,40.710709742
-4.437572922,40.710705626
-4.437573579,40.710707238
-4.437574586,40.710708742
-4.437575914,40.710710094
-4.437577525,40.710711255
-4.437579371,40.710712191
-4.437581399,40.710712875
-4.437583551,40.710713287
-4.437585763,40.710713415
-4.437587971,40.710713256
-4.437590112,40.710712813
-4.437592123,40.710712101
-4.437593946,40.710711139
-4.437595528,40.710709955
-4.437596822,40.710708584
-4.437597793,40.710707066
-4.437598410,40.710705445
-4.437598657,40.710703767
-4.437655835,40.710699638
-4.437656635,40.710701247
-4.437657789,40.710702726
-4.437659261,40.710704031
-4.437661008,40.710705123
-4.437662976,40.710705969
-4.437665108,40.710706542
-4.437667337,40.710706827
-4.437669598,40.710706813
-4.437671821,40.710706503
-4.437673941,40.710705904
-4.437675892,40.710705036
-4.437677616,40.710703924
-4.437679062,40.710702601
-4.437680185,40.710701108
-4.437680953,40.710699490
-4.437681340,40.710697796
-4.437738796,40.710693646
-4.437739674,40.710695150
-4.437740867,40.710696523
-4.437742343,40.710697727
-4.437744060,40.710698729
-4.437745971,40.710699500
-4.437748024,40.710700020
-4.437750161,40.710700273
-4.437752324,40.710700255
-4.437754453,40.710699963
-4.437756490,40.710699408
-4.437758377,40.710698604
-4.437760064,40.710697573
-4.437761503,40.710696343
-4.437762654,40.710694950
-4.437763486,40.710693430
-4.437763977,40.710691827
-4.437821806,40.710687650
-4.437822823,40.710689136
-4.437824155,40.710690471
-4.437825763,40.710691615
-4.437827601,40.710692537
-4.437829618,40.710693210
-4.437831754,40.710693615
-4.437833950,40.710693740
-4.437836142,40.710693581
-4.437838268,40.710693144
-4.437840266,40.710692441
-4.437842080,40.710691491
-4.437843658,40.710690322
-4.437844954,40.710688968
-4.437845933,40.710687467
-4.437846564,40.710685862
-4.437904866,40.710681651
-4.437906027,40.710683112
-4.437907500,40.710684400
-4.437909243,40.710685476
-4.437911202,40.710686309
-4.437913319,40.710686873
-4.437915533,40.710687152
-4.437917777,40.710687138
-4.437919984,40.710686830
-4.437922089,40.710686239
-4.437924030,40.710685382
-4.437925748,40.710684284
-4.437927193,40.710682978
-4.437928322,40.710681502
-4.437929101,40.710679901
-4.437987981,40.710675648
-4.437989187,40.710676981
-4.437990661,40.710678146
-4.437992365,40.710679114
-4.437994253,40.710679857
-4.437996275,40.710680357
-4.437998377,40.710680599
-4.438000503,40.710680579
-4.438002596,40.710680295
-4.438004601,40.710679755
-4.438006463,40.710678975
-4.438008134,40.710677975
-4.438009568,40.710676781
-4.438010728,40.710675425
-4.438011583,40.710673943
-4.438071156,40.710669641
-4.438072496,40.710670928
-4.438074096,40.710672030
-4.438075915,40.710672915
-4.438077900,40.710673560
-4.438079998,40.710673946
-4.438082151,40.710674063
-4.438084300,40.710673908
-4.438086385,40.710673485
-4.438088350,40.710672805
-4.438090141,40.710671888
-4.438091708,40.710670758
-4.438093008,40.710669447
-4.438094005,40.710667990
-4.438154396,40.710663628
-4.438155871,40.710664861
-4.438157597,40.710665888
-4.438159526,40.710666680
-4.438161601,40.710667215
-4.438163765,40.710667478
-4.438165956,40.710667460
-4.438168112,40.710667164
-4.438170172,40.710666596
-4.438172078,40.710665774
-4.438173776,40.710664719
-4.438175218,40.710663464
-4.438176362,40.710662042
-4.438237708,40.710657611
-4.438239320,40.710658776
-4.438241168,40.710659716
-4.438243199,40.710660403
-4.438245355,40.710660817
-4.438247571,40.710660946
-4.438249784,40.710660786
-4.438251929,40.710660342
-4.438253944,40.710659627
-4.438255769,40.710658661
-4.438257352,40.710657474
-4.438258646,40.710656098
-4.438321107,40.710651587
-4.438322851,40.710652669
-4.438324814,40.710653507
-4.438326938,40.710654075
-4.438329158,40.710654357
-4.438331408,40.710654343
-4.438333622,40.710654034
-4.438335733,40.710653440
-4.438337678,40.710652578
-4.438339399,40.710651474
-4.438340845,40.710650161
-4.438404607,40.710645556
-4.438406280,40.710646449
-4.438408115,40.710647133
-4.438410068,40.710647590
-4.438412091,40.710647808
-4.438414135,40.710647783
-4.438416148,40.710647515
-4.438418081,40.710647011
-4.438419886,40.710646283
-4.438421520,40.710645349
-4.438422941,40.710644231
-4.438488234,40.710639515
-4.438489980,40.710640288
-4.438491862,40.710640845
-4.438493836,40.710641175
-4.438495852,40.710641268
-4.438497863,40.710641122
-4.438499820,40.710640742
-4.438501676,40.710640136
-4.438503387,40.710639319
-4.438504911,40.710638310
-4.438572032,40.710633462
-4.438574073,40.710634158
-4.438576240,40.710634578
-4.438578469,40.710634709
-4.438580696,40.710634549
-4.438582853,40.710634100
-4.438584878,40.710633378
-4.438586710,40.710632402
-4.438656084,40.710627391
-4.438658100,40.710627887
-4.438660195,40.710628127
-4.438662313,40.710628106
-4.438664399,40.710627823
-4.438666397,40.710627287
-4.438668255,40.710626512
-4.438978002,40.710604137
-4.438978188,40.710613171
-4.437345265,40.710731115
-4.437343544,40.710731944
-4.437341674,40.710732559
-4.437339702,40.710732944
-4.437337674,40.710733090
-4.437335642,40.710732995
-4.437333654,40.710732659
-4.437331759,40.710732091
-4.437263576,40.710737015
-4.437261909,40.710738010
-4.437260051,40.710738786
-4.437258052,40.710739323
-4.437255965,40.710739605
-4.437253846,40.710739626
-4.437251751,40.710739386
-4.437249734,40.710738889
-4.437247850,40.710738151
-4.437181685,40.710742929
-4.437180121,40.710744050
-4.437178337,40.710744959
-4.437176380,40.710745633
-4.437174304,40.710746053
-4.437172166,40.710746207
-4.437170023,40.710746092
-4.437167934,40.710745710
-4.437165957,40.710745073
-4.437164144,40.710744196
-4.437099648,40.710748854
-4.437098211,40.710750070
-4.437096530,40.710751089
-4.437094652,40.710751885
-4.437092628,40.710752434
-4.437090512,40.710752722
-4.437088363,40.710752742
-4.437086239,40.710752492
-4.437084198,40.710751980
-4.437082296,40.710751219
-4.437080583,40.710750231
-4.437017497,40.710754787
-4.437016196,40.710756076
-4.437014635,40.710757186
-4.437012857,40.710758086
-4.437010910,40.710758754
-4.437008845,40.710759170
-4.437006718,40.710759323
-4.437004588,40.710759210
-4.437002510,40.710758834
-4.437000541,40.710758203
-4.436998734,40.710757337
-4.436997137,40.710756257
-4.436935254,40.710760726
-4.436934092,40.710762072
-4.436932659,40.710763256
-4.436930993,40.710764248
-4.436929138,40.710765021
-4.436927142,40.710765556
-4.436925059,40.710765838
-4.436922944,40.710765859
-4.436920852,40.710765620
-4.436918838,40.710765126
-4.436916957,40.710764390
-4.436915257,40.710763432
-4.436913783,40.710762277
-4.436852932,40.710766671
-4.436851811,40.710768169
-4.436850365,40.710769496
-4.436848639,40.710770612
-4.436846684,40.710771484
-4.436844561,40.710772085
-4.436842333,40.710772396
-4.436840067,40.710772409
-4.436837833,40.710772123
-4.436835698,40.710771547
-4.436833727,40.710770698
-4.436831979,40.710769601
-4.436830507,40.710768291
-4.436770542,40.710772621
-4.436769574,40.710774146
-4.436768280,40.710775522
-4.436766697,40.710776711
-4.436764871,40.710777678
-4.436762855,40.710778394
-4.436760709,40.710778838
-4.436758494,40.710778998
-4.436756276,40.710778869
-4.436754120,40.710778454
-4.436752087,40.710777767
-4.436750238,40.710776825
-4.436748627,40.710775658
-4.436747300,40.710774300
-4.436688088,40.710778576
-4.436687270,40.710780118
-4.436686124,40.710781534
-4.436684683,40.710782784
-4.436682987,40.710783833
-4.436681085,40.710784651
-4.436679030,40.710785216
-4.436676879,40.710785512
-4.436674694,40.710785529
-4.436672536,40.710785269
-4.436670466,40.710784737
-4.436668541,40.710783949
-4.436666817,40.710782928
-4.436665341,40.710781701
-4.436664156,40.710780304
-4.436605578,40.710784534
-4.436604903,40.710786086
-4.436603901,40.710787533
-4.436602601,40.710788834
-4.436601037,40.710789955
-4.436599252,40.710790865
-4.436597294,40.710791539
-4.436595218,40.710791959
-4.436593079,40.710792113
-4.436590936,40.710791998
-4.436588847,40.710791616
-4.436586869,40.710790978
-4.436585056,40.710790101
-4.436583457,40.710789009
-4.436582115,40.710787732
-4.436581068,40.710786304
-4.436523016,40.710790497
-4.436522431,40.710792154
-4.436521479,40.710793709
-4.436520189,40.710795116
-4.436518599,40.710796333
-4.436516757,40.710797322
-4.436514718,40.710798055
-4.436512544,40.710798510
-4.436510299,40.710798672
-4.436508051,40.710798537
-4.436505868,40.710798109
-4.436503814,40.710797400
-4.436501952,40.710796433
-4.436500337,40.710795236
-4.436499017,40.710793844
-4.436498033,40.710792301
-4.436440403,40.710796462
-4.436439963,40.710798112
-4.436439162,40.710799681
-4.436438023,40.710801124
-4.436436580,40.710802400
-4.436434874,40.710803471
-4.436432954,40.710804307
-4.436430876,40.710804884
-4.436428699,40.710805185
-4.436426487,40.710805201
-4.436424304,40.710804932
-4.436422212,40.710804386
-4.436420271,40.710803578
-4.436418538,40.710802531
-4.436417064,40.710801277
-4.436415889,40.710799850
-4.436415049,40.710798293
-4.436357743,40.710802432
-4.436357441,40.710804069
-4.436356785,40.710805646
-4.436355794,40.710807118
-4.436354495,40.710808444
-4.436352925,40.710809587
-4.436351126,40.710810515
-4.436349149,40.710811202
-4.436347050,40.710811630
-4.436344887,40.710811787
-4.436342719,40.710811667
-4.436340608,40.710811274
-4.436338612,40.710810620
-4.436336787,40.710809722
-4.436335183,40.710808606
-4.436333846,40.710807303
-4.436332812,40.710805848
-4.436332111,40.710804283
-4.436275036,40.710808404
-4.436274847,40.710810120
-4.436274270,40.710811786
-4.436273323,40.710813350
-4.436272034,40.710814766
-4.436270442,40.710815991
-4.436268596,40.710816987
-4.436266550,40.710817725
-4.436264368,40.710818182
-4.436262115,40.710818345
-4.436259858,40.710818208
-4.436257667,40.710817776
-4.436255607,40.710817062
-4.436253741,40.710816087
-4.436252125,40.710814881
-4.436250808,40.710813480
-4.436249830,40.710811927
-4.436249220,40.710810268
-4.436192284,40.710814380
-4.436192233,40.710816071
-4.436191804,40.710817730
-4.436191010,40.710819310
-4.436189874,40.710820764
-4.436188431,40.710822050
-4.436186720,40.710823131
-4.436184793,40.710823974
-4.436182706,40.710824556
-4.436180519,40.710824859
-4.436178297,40.710824874
-4.436176103,40.710824602
-4.436174002,40.710824049
-4.436172055,40.710823233
-4.436170319,40.710822176
-4.436168845,40.710820911
-4.436167674,40.710819473
-4.436166843,40.710817904
-4.436166374,40.710816251
-4.436109488,40.710820359
-4.436109030,40.710818696
-4.436108206,40.710817118
-4.436107040,40.710815670
-4.436105566,40.710814395
-4.436103827,40.710813330
-4.436101875,40.710812506
-4.436099767,40.710811949
-4.436097564,40.710811674
-4.436095332,40.710811688
-4.436093137,40.710811993
-4.436091042,40.710812579
-4.436089109,40.710813428
-4.436087395,40.710814516
-4.436085951,40.710815811
-4.436084818,40.710817274
-4.436084031,40.710818864
-4.436083611,40.710820532
-4.436083573,40.710822230
-4.436026647,40.710826341
-4.436026091,40.710824762
-4.436025201,40.710823275
-4.436024002,40.710821920
-4.436022527,40.710820732
-4.436020816,40.710819746
-4.436018914,40.710818987
-4.436016875,40.710818476
-4.436014753,40.710818226
-4.436012606,40.710818246
-4.436010492,40.710818534
-4.436008469,40.710819082
-4.436006593,40.710819876
-4.436004913,40.710820894
-4.436003476,40.710822108
-4.436002321,40.710823485
-4.436001478,40.710824988
-4.436000972,40.710826576
-4.436000816,40.710828206
-4.435943760,40.710832326
-4.435943069,40.710830750
-4.435942040,40.710829285
-4.435940705,40.710827971
-4.435939100,40.710826845
-4.435937270,40.710825939
-4.435935267,40.710825278
-4.435933147,40.710824882
-4.435930970,40.710824760
-4.435928797,40.710824917
-4.435926688,40.710825348
-4.435924704,40.710826041
-4.435922900,40.710826976
-4.435921327,40.710828128
-4.435920029,40.710829464
-4.435919042,40.710830945
-4.435918395,40.710832532
-4.435918105,40.710834178
-4.435860828,40.710838314
-4.435859997,40.710836746
-4.435858826,40.710835308
-4.435857352,40.710834042
-4.435855616,40.710832986
-4.435853669,40.710832170
-4.435851568,40.710831617
-4.435849375,40.710831345
-4.435847152,40.710831360
-4.435844965,40.710831663
-4.435842878,40.710832245
-4.435840952,40.710833088
-4.435839241,40.710834168
-4.435837797,40.710835454
-4.435836662,40.710836908
-4.435835868,40.710838488
-4.435835439,40.710840147
-4.435777848,40.710844306
-4.435776872,40.710842750
-4.435775555,40.710841346
-4.435773939,40.710840138
-4.435772072,40.710839160
-4.435770010,40.710838444
-4.435767817,40.710838011
-4.435765558,40.710837874
-4.435763302,40.710838037
-4.435761117,40.710838495
-4.435759070,40.710839234
-4.435757222,40.710840233
-4.435755630,40.710841460
-4.435754341,40.710842878
-4.435753395,40.710844445
-4.435752821,40.710846113
-4.435690545,40.710850610
-4.435691663,40.710859577
-4.435756584,40.710854889
-4.435758328,40.710855971
-4.435760291,40.710856809
-4.435762415,40.710857377
-4.435764635,40.710857659
-4.435766885,40.710857645
-4.435769099,40.710857336
-4.435771210,40.710856742
-4.435773155,40.710855880
-4.435774876,40.710854777
-4.435776322,40.710853464
-4.435840085,40.710848859
-4.435841757,40.710849753
-4.435843593,40.710850437
-4.435845546,40.710850894
-4.435847569,40.710851112
-4.435849612,40.710851087
-4.435851625,40.710850819
-4.435853558,40.710850315
-4.435855364,40.710849587
-4.435856997,40.710848653
-4.435858419,40.710847536
-4.435923712,40.710842821
-4.435925458,40.710843593
-4.435927341,40.710844151
-4.435929314,40.710844480
-4.435931330,40.710844574
-4.435933341,40.710844428
-4.435935298,40.710844048
-4.435937154,40.710843442
-4.435938865,40.710842625
-4.435940389,40.710841617
-4.436007511,40.710836770
-4.436009552,40.710837466
-4.436011719,40.710837886
-4.436013948,40.710838017
-4.436016174,40.710837856
-4.436018332,40.710837408
-4.436020356,40.710836685
-4.436022188,40.710835710
-4.436091564,40.710830700
-4.436093579,40.710831196
-4.436095674,40.710831437
-4.436097793,40.710831415
-4.436099878,40.710831133
-4.436101876,40.710830597
-4.436103734,40.710829822
-4.438978373,40.710622206
-4.438978559,40.710631240
-4.435692781,40.710868543
-4.435685543,40.710878114
-4.438978744,40.710640274
-4.438978930,40.710649308
-4.435686661,40.710887080
-4.435687779,40.710896047
-4.438979115,40.710658342
-4.438979300,40.710667376
-4.435688897,40.710905014
-4.435690016,40.710913981
-4.438979486,40.710676410
-4.438979671,40.710685445
-4.438924168,40.710689454
-4.438923707,40.710687794
-4.438922881,40.710686218
-4.438921714,40.710684772
-4.438920240,40.710683499
-4.438918502,40.710682436
-4.438916551,40.710681614
-4.438914444,40.710681058
-4.438912244,40.710680783
-4.438910014,40.710680798
-4.438907820,40.710681103
-4.438905727,40.710681688
-4.438903796,40.710682536
-4.438902083,40.710683622
-4.438900638,40.710684915
-4.438899505,40.710686376
-4.438898716,40.710687963
-4.438898295,40.710689629
-4.438898253,40.710691326
-4.438841326,40.710695438
-4.438840767,40.710693862
-4.438839876,40.710692377
-4.438838677,40.710691024
-4.438837201,40.710689839
-4.438835491,40.710688854
-4.438833591,40.710688097
-4.438831553,40.710687587
-4.438829433,40.710687338
-4.438827288,40.710687358
-4.438825176,40.710687646
-4.438823155,40.710688193
-4.438821280,40.710688986
-4.438819601,40.710690002
-4.438818164,40.710691214
-4.438817009,40.710692589
-4.438816165,40.710694090
-4.438815657,40.710695676
-4.438815498,40.710697304
-4.438758439,40.710701425
-4.438757745,40.710699852
-4.438756715,40.710698389
-4.438755379,40.710697077
-4.438753774,40.710695954
-4.438751946,40.710695050
-4.438749944,40.710694391
-4.438747826,40.710693995
-4.438745651,40.710693874
-4.438743480,40.710694031
-4.438741374,40.710694461
-4.438739392,40.710695153
-4.438737589,40.710696087
-4.438736016,40.710697237
-4.438734718,40.710698570
-4.438733730,40.710700049
-4.438733081,40.710701634
-4.438732788,40.710703278
-4.438675506,40.710707416
-4.438674672,40.710705850
-4.438673501,40.710704415
-4.438672026,40.710703152
-4.438670291,40.710702098
-4.438668346,40.710701283
-4.438666247,40.710700732
-4.438664055,40.710700461
-4.438661835,40.710700476
-4.438659651,40.710700779
-4.438657566,40.710701359
-4.438655640,40.710702201
-4.438653931,40.710703279
-4.438652487,40.710704563
-4.438651351,40.710706015
-4.438650556,40.710707592
-4.438650124,40.710709249
-4.438592525,40.710713410
-4.438591547,40.710711857
-4.438590230,40.710710456
-4.438588614,40.710709250
-4.438586748,40.710708275
-4.438584688,40.710707561
-4.438582497,40.710707129
-4.438580240,40.710706992
-4.438577987,40.710707155
-4.438575804,40.710707612
-4.438573759,40.710708350
-4.438571913,40.710709346
-4.438570321,40.710710571
-4.438569032,40.710711987
-4.438568085,40.710713551
-4.438567508,40.710715217
-4.438509495,40.710719407
-4.438508453,40.710717970
-4.438507113,40.710716683
-4.438505512,40.710715583
-4.438503694,40.710714698
-4.438501710,40.710714054
-4.438499613,40.710713669
-4.438497461,40.710713552
-4.438495313,40.710713707
-4.438493228,40.710714130
-4.438491264,40.710714809
-4.438489474,40.710715725
-4.438487908,40.710716854
-4.438486608,40.710718164
-4.438485610,40.710719620
-4.438484941,40.710721181
-4.438426412,40.710725408
-4.438425231,40.710724001
-4.438423756,40.710722764
-4.438422028,40.710721733
-4.438420098,40.710720938
-4.438418019,40.710720401
-4.438415851,40.710720137
-4.438413656,40.710720154
-4.438411496,40.710720451
-4.438409432,40.710721021
-4.438407524,40.710721846
-4.438405824,40.710722903
-4.438404382,40.710724163
-4.438403239,40.710725589
-4.438402427,40.710727141
-4.438343273,40.710731414
-4.438341949,40.710730043
-4.438340336,40.710728866
-4.438338482,40.710727915
-4.438336442,40.710727220
-4.438334276,40.710726801
-4.438332047,40.710726669
-4.438329822,40.710726830
-4.438327665,40.710727278
-4.438325641,40.710728000
-4.438323810,40.710728975
-4.438322224,40.710730174
-4.438320931,40.710731561
-4.438319969,40.710733097
-4.438260072,40.710737423
-4.438258725,40.710736195
-4.438257135,40.710735147
-4.438255345,40.710734308
-4.438253400,40.710733699
-4.438251352,40.710733336
-4.438249254,40.710733229
-4.438247161,40.710733380
-4.438245127,40.710733786
-4.438243205,40.710734435
-4.438241446,40.710735312
-4.438239895,40.710736392
-4.438238593,40.710737649
-4.438237573,40.710739048
-4.438176803,40.710743438
-4.438175329,40.710742270
-4.438173624,40.710741300
-4.438171734,40.710740555
-4.438169710,40.710740054
-4.438167605,40.710739810
-4.438165477,40.710739831
-4.438163382,40.710740115
-4.438161375,40.710740656
-4.438159511,40.710741437
-4.438157839,40.710742440
-4.438156404,40.710743636
-4.438155245,40.710744995
-4.438093456,40.710749458
-4.438091856,40.710748364
-4.438090042,40.710747485
-4.438088062,40.710746845
-4.438085971,40.710746462
-4.438083825,40.710746346
-4.438081684,40.710746501
-4.438079606,40.710746922
-4.438077646,40.710747597
-4.438075860,40.710748509
-4.438074295,40.710749632
-4.438072995,40.710750936
-4.438010017,40.710755484
-4.438008299,40.710754480
-4.438006386,40.710753707
-4.438004331,40.710753185
-4.438002190,40.710752930
-4.438000024,40.710752949
-4.437997892,40.710753241
-4.437995853,40.710753798
-4.437993963,40.710754604
-4.437992276,40.710755638
-4.437990837,40.710756870
-4.437926467,40.710761519
-4.437924644,40.710760625
-4.437922652,40.710759974
-4.437920545,40.710759583
-4.437918382,40.710759464
-4.437916223,40.710759620
-4.437914128,40.710760047
-4.437912155,40.710760732
-4.437910358,40.710761657
-4.437908789,40.710762796
-4.437842777,40.710767564
-4.437840876,40.710766805
-4.437838838,40.710766295
-4.437836717,40.710766046
-4.437834571,40.710766066
-4.437832459,40.710766354
-4.437830438,40.710766902
-4.437828562,40.710767695
-4.437826883,40.710768712
-4.437758887,40.710773623
-4.437756966,40.710773034
-4.437754946,40.710772684
-4.437752880,40.710772582
-4.437750818,40.710772731
-4.437748813,40.710773127
-4.437746916,40.710773759
-4.437745175,40.710774613
-4.437674681,40.710779704
-4.437672496,40.710779275
-4.437670246,40.710779140
-4.437668000,40.710779302
-4.437665824,40.710779757
-4.437663784,40.710780491
-4.435691134,40.710922948
-4.435692252,40.710931914
-4.435754675,40.710927407
-4.435755312,40.710925808
-4.435756293,40.710924313
-4.435757590,40.710922964
-4.435759167,40.710921801
-4.435760978,40.710920856
-4.435762971,40.710920156
-4.435765092,40.710919721
-4.435767278,40.710919563
-4.435769468,40.710919687
-4.435771599,40.710920089
-4.435773611,40.710920758
-4.435775447,40.710921675
-4.435777054,40.710922814
-4.435778387,40.710924141
-4.435779408,40.710925621
-4.435837261,40.710921444
-4.435837756,40.710919845
-4.435838592,40.710918332
-4.435839745,40.710916943
-4.435841183,40.710915719
-4.435842868,40.710914693
-4.435844751,40.710913892
-4.435846783,40.710913339
-4.435848907,40.710913049
-4.435851065,40.710913030
-4.435853197,40.710913282
-4.435855245,40.710913799
-4.435857153,40.710914566
-4.435858869,40.710915563
-4.435860344,40.710916761
-4.435861539,40.710918128
-4.435862421,40.710919627
-4.436422164,40.710879207
-4.436424052,40.710878403
-4.436426089,40.710877847
-4.436428219,40.710877556
-4.436430383,40.710877537
-4.436432521,40.710877791
-4.436434574,40.710878311
-4.436503737,40.710873317
-4.436505586,40.710872317
-4.436507635,40.710871576
-4.436509821,40.710871117
-4.436512079,40.710870954
-4.436514340,40.710871092
-4.436516535,40.710871526
-4.436518598,40.710872243
-4.436585553,40.710867408
-4.436587085,40.710866381
-4.436588808,40.710865548
-4.436590682,40.710864931
-4.436592660,40.710864544
-4.436594692,40.710864397
-4.436596730,40.710864494
-4.436598723,40.710864832
-4.436600622,40.710865403
-4.436602380,40.710866193
-4.436667535,40.710861488
-4.436668959,40.710860354
-4.436670601,40.710859405
-4.436672419,40.710858666
-4.436674368,40.710858154
-4.436676399,40.710857882
-4.436678460,40.710857858
-4.436680501,40.710858082
-4.436682470,40.710858548
-4.436684317,40.710859245
-4.436685997,40.710860155
-4.436749642,40.710855558
-4.436751088,40.710854230
-4.436752815,40.710853112
-4.436754771,40.710852239
-4.436756896,40.710851637
-4.436759126,40.710851325
-4.436761393,40.710851312
-4.436763629,40.710851599
-4.436765766,40.710852176
-4.436767738,40.710853027
-4.436769487,40.710854125
-4.436831848,40.710849622
-4.436833141,40.710848232
-4.436834727,40.710847032
-4.436836560,40.710846055
-4.436838585,40.710845332
-4.436840743,40.710844884
-4.436842971,40.710844723
-4.436845201,40.710844855
-4.436847369,40.710845275
-4.436849410,40.710845971
-4.436851265,40.710846923
-4.436852878,40.710848103
-4.436914139,40.710843679
-4.436915280,40.710842244
-4.436916722,40.710840976
-4.436918425,40.710839912
-4.436920339,40.710839081
-4.436922411,40.710838508
-4.436924579,40.710838209
-4.436926783,40.710838192
-4.436928959,40.710838458
-4.436931044,40.710839000
-4.436932980,40.710839802
-4.436934710,40.710840841
-4.436936185,40.710842087
-4.436996502,40.710837731
-4.436997494,40.710836263
-4.436998794,40.710834940
-4.437000363,40.710833801
-4.437002160,40.710832875
-4.437004134,40.710832189
-4.437006230,40.710831762
-4.437008390,40.710831606
-4.437010554,40.710831726
-4.437012662,40.710832117
-4.437014656,40.710832768
-4.437016479,40.710833663
-4.437018082,40.710834776
-4.437019420,40.710836076
-4.437078930,40.710831778
-4.437079779,40.710830287
-4.437080937,40.710828921
-4.437082373,40.710827717
-4.437084048,40.710826709
-4.437085917,40.710825922
-4.437087930,40.710825378
-4.437090032,40.710825093
-4.437092168,40.710825072
-4.437094280,40.710825318
-4.437096310,40.710825823
-4.437098204,40.710826574
-4.437099912,40.710827550
-4.437101387,40.710828726
-4.437102589,40.710830069
-4.437161417,40.710825821
-4.437162189,40.710824210
-4.437163315,40.710822724
-4.437164760,40.710821409
-4.437166482,40.710820302
-4.437168429,40.710819439
-4.437170542,40.710818843
-4.437172759,40.710818534
-4.437175012,40.710818521
-4.437177235,40.710818803
-4.437179361,40.710819372
-4.437181326,40.710820212
-4.437183070,40.710821298
-4.437184543,40.710822595
-4.437185700,40.710824067
-4.437243958,40.710819860
-4.437244582,40.710818246
-4.437245556,40.710816735
-4.437246851,40.710815372
-4.437248431,40.710814196
-4.437250250,40.710813239
-4.437252256,40.710812531
-4.437254390,40.710812091
-4.437256591,40.710811932
-4.437258795,40.710812059
-4.437260940,40.710812467
-4.437262963,40.710813146
-4.437264805,40.710814076
-4.437266415,40.710815229
-4.437267745,40.710816573
-4.437268756,40.710818069
-4.437326550,40.710813895
-4.437327032,40.710812284
-4.437327860,40.710810756
-4.437329009,40.710809354
-4.437330449,40.710808117
-4.437332139,40.710807079
-4.437334032,40.710806270
-4.437336075,40.710805711
-4.437338212,40.710805418
-4.437340384,40.710805400
-4.437342529,40.710805656
-4.437344588,40.710806180
-4.437346504,40.710806958
-4.437348224,40.710807966
-4.437349700,40.710809179
-4.437350890,40.710810561
-4.437351762,40.710812074
-4.437409191,40.710807926
-4.437409569,40.710806224
-4.437410331,40.710804598
-4.437411451,40.710803097
-4.437412897,40.710801767
-4.437414625,40.710800648
-4.437416581,40.710799774
-4.437418707,40.710799172
-4.437420939,40.710798859
-4.437423207,40.710798847
-4.437425444,40.710799134
-4.437427582,40.710799712
-4.437429555,40.710800564
-4.437431304,40.710801663
-4.437432776,40.710802977
-4.437433926,40.710804465
-4.437434719,40.710806083
-4.437491878,40.710801955
-4.437492115,40.710800270
-4.437492726,40.710798641
-4.437493693,40.710797115
-4.437494986,40.710795737
-4.437496570,40.710794547
-4.437498397,40.710793579
-4.437500414,40.710792862
-4.437502562,40.710792417
-4.437504778,40.710792257
-4.437506997,40.710792386
-4.437509156,40.710792802
-4.437511189,40.710793491
-4.437513039,40.710794433
-4.437514650,40.710795602
-4.437515977,40.710796962
-4.437516979,40.710798475
-4.437517629,40.710800095
-4.437574611,40.710795979
-4.437574712,40.710794316
-4.437575178,40.710792690
-4.437575995,40.710791146
-4.437577141,40.710789728
-4.437578582,40.710788475
-4.437580278,40.710787424
-4.437582182,40.710786604
-4.437584239,40.710786038
-4.437586392,40.710785742
-4.437588579,40.710785724
-4.437590740,40.710785986
-4.437592812,40.710786519
-4.437594738,40.710787308
-4.437596463,40.710788332
-4.437597939,40.710789561
-4.437599123,40.710790961
-4.437599983,40.710792491
-4.437600493,40.710794110
-4.437657389,40.710790001
-4.437657802,40.710791697
-4.437658597,40.710793313
-4.437659747,40.710794799
-4.437661219,40.710796111
-4.437662967,40.710797209
-4.437664940,40.710798060
-4.437667076,40.710798637
-4.437669312,40.710798924
-4.437671579,40.710798911
-4.437673809,40.710798599
-4.437675933,40.710797998
-4.437677889,40.710797125
-4.437679616,40.710796007
-4.437681062,40.710794678
-4.437682183,40.710793179
-4.437682945,40.710791554
-4.437683326,40.710789854
-4.437683313,40.710788128
-4.437740211,40.710784019
-4.437740728,40.710785632
-4.437741591,40.710787158
-4.437742777,40.710788552
-4.437744253,40.710789775
-4.437745976,40.710790794
-4.437747899,40.710791580
-4.437749968,40.710792110
-4.437752123,40.710792370
-4.437754305,40.710792352
-4.437756453,40.710792057
-4.437758506,40.710791493
-4.437760406,40.710790677
-4.437762101,40.710789630
-4.437763541,40.710788382
-4.437764688,40.710786969
-4.437765508,40.710785430
-4.437765979,40.710783809
-4.437766088,40.710782150
-4.437823078,40.710778034
-4.437823733,40.710779648
-4.437824739,40.710781155
-4.437826067,40.710782509
-4.437827678,40.710783672
-4.437829525,40.710784610
-4.437831555,40.710785296
-4.437833708,40.710785709
-4.437835922,40.710785837
-4.437838133,40.710785677
-4.437840276,40.710785234
-4.437842288,40.710784520
-4.437844112,40.710783557
-4.437845695,40.710782371
-4.437846989,40.710780998
-4.437847958,40.710779478
-4.437848574,40.710777854
-4.437848818,40.710776175
-4.437905991,40.710772045
-4.437906789,40.710773657
-4.437907941,40.710775139
-4.437909413,40.710776447
-4.437911161,40.710777541
-4.437913131,40.710778388
-4.437915264,40.710778963
-4.437917496,40.710779248
-4.437919758,40.710779235
-4.437921984,40.710778924
-4.437924105,40.710778324
-4.437926058,40.710777454
-4.437927784,40.710776340
-4.437929230,40.710775015
-4.437930352,40.710773520
-4.437931117,40.710771900
-4.437931503,40.710770203
-4.437988951,40.710766053
-4.437989827,40.710767561
-4.437991019,40.710768936
-4.437992495,40.710770143
-4.437994212,40.710771146
-4.437996125,40.710771919
-4.437998180,40.710772440
-4.438000319,40.710772695
-4.438002485,40.710772676
-4.438004616,40.710772384
-4.438006655,40.710771828
-4.438008544,40.710771022
-4.438010231,40.710769989
-4.438011670,40.710768758
-4.438012821,40.710767362
-4.438013652,40.710765840
-4.438014140,40.710764234
-4.438071959,40.710760058
-4.438072975,40.710761547
-4.438074306,40.710762884
-4.438075914,40.710764031
-4.438077754,40.710764955
-4.438079773,40.710765629
-4.438081911,40.710766035
-4.438084110,40.710766161
-4.438086304,40.710766002
-4.438088432,40.710765564
-4.438090432,40.710764859
-4.438092248,40.710763908
-4.438093826,40.710762737
-4.438095123,40.710761380
-4.438096100,40.710759876
-4.438096729,40.710758269
-4.438155018,40.710754059
-4.438156178,40.710755523
-4.438157652,40.710756813
-4.438159395,40.710757892
-4.438161355,40.710758726
-4.438163475,40.710759292
-4.438165691,40.710759572
-4.438167938,40.710759558
-4.438170148,40.710759250
-4.438172255,40.710758658
-4.438174197,40.710757799
-4.438175916,40.710756698
-4.438177362,40.710755390
-4.438178489,40.710753911
-4.438179267,40.710752307
-4.438238132,40.710748056
-4.438239337,40.710749391
-4.438240811,40.710750560
-4.438242516,40.710751530
-4.438244406,40.710752275
-4.438246431,40.710752777
-4.438248535,40.710753020
-4.438250664,40.710752999
-4.438252760,40.710752715
-4.438254767,40.710752174
-4.438256631,40.710751392
-4.438258303,40.710750389
-4.438259738,40.710749193
-4.438260897,40.710747834
-4.438261750,40.710746350
-4.438321305,40.710742048
-4.438322644,40.710743339
-4.438324246,40.710744444
-4.438326066,40.710745332
-4.438328053,40.710745979
-4.438330154,40.710746366
-4.438332310,40.710746484
-4.438334462,40.710746328
-4.438336551,40.710745904
-4.438338518,40.710745223
-4.438340311,40.710744303
-4.438341878,40.710743170
-4.438343178,40.710741856
-4.438344174,40.710740396
-4.438404544,40.710736036
-4.438406019,40.710737272
-4.438407746,40.710738302
-4.438409677,40.710739097
-4.438411755,40.710739634
-4.438413922,40.710739898
-4.438416117,40.710739881
-4.438418277,40.710739583
-4.438420340,40.710739014
-4.438422249,40.710738189
-4.438423948,40.710737132
-4.438425390,40.710735873
-4.438426533,40.710734447
-4.438487854,40.710730018
-4.438489466,40.710731188
-4.438491316,40.710732131
-4.438493351,40.710732821
-4.438495510,40.710733236
-4.438497730,40.710733366
-4.438499947,40.710733206
-4.438502096,40.710732761
-4.438504114,40.710732043
-4.438505941,40.710731075
-4.438507525,40.710729883
-4.438508819,40.710728504
-4.438571251,40.710723994
-4.438572996,40.710725081
-4.438574962,40.710725923
-4.438577089,40.710726494
-4.438579314,40.710726776
-4.438581570,40.710726763
-4.438583788,40.710726453
-4.438585903,40.710725857
-4.438587851,40.710724992
-4.438589574,40.710723884
-4.438591020,40.710722566
-4.438654749,40.710717963
-4.438656423,40.710718861
-4.438658262,40.710719549
-4.438660219,40.710720008
-4.438662248,40.710720228
-4.438664296,40.710720203
-4.438666314,40.710719934
-4.438668251,40.710719428
-4.438670061,40.710718696
-4.438671697,40.710717758
-4.438673119,40.710716636
-4.438738371,40.710711922
-4.438740121,40.710712700
-4.438742009,40.710713261
-4.438743987,40.710713593
-4.438746010,40.710713688
-4.438748027,40.710713542
-4.438749990,40.710713160
-4.438751852,40.710712550
-4.438753566,40.710711729
-4.438755093,40.710710715
-4.438822165,40.710705870
-4.438824212,40.710706572
-4.438826387,40.710706996
-4.438828626,40.710707129
-4.438830862,40.710706967
-4.438833028,40.710706516
-4.438835059,40.710705788
-4.438836896,40.710704806
-4.438906209,40.710699799
-4.438908236,40.710700301
-4.438910343,40.710700546
-4.438912475,40.710700525
-4.438914573,40.710700240
-4.438916583,40.710699699
-4.438918449,40.710698915
-4.438979857,40.710694479
-4.438980042,40.710703513
-4.437595452,40.710803522
-4.437593725,40.710804357
-4.437591848,40.710804977
-4.437589867,40.710805365
-4.437587830,40.710805512
-4.437585788,40.710805414
-4.437583792,40.710805075
-4.437581889,40.710804501
-4.437513759,40.710809422
-4.437512088,40.710810423
-4.437510225,40.710811204
-4.437508220,40.710811744
-4.437506126,40.710812028
-4.437503999,40.710812048
-4.437501896,40.710811805
-4.437499873,40.710811305
-4.437497985,40.710810561
-4.437431864,40.710815336
-4.437430298,40.710816462
-4.437428510,40.710817376
-4.437426549,40.710818053
-4.437424467,40.710818475
-4.437422323,40.710818630
-4.437420174,40.710818514
-4.437418080,40.710818129
-4.437416098,40.710817488
-4.437414282,40.710816606
-4.437349824,40.710821262
-4.437348386,40.710822482
-4.437346703,40.710823506
-4.437344822,40.710824304
-4.437342793,40.710824856
-4.437340673,40.710825145
-4.437338519,40.710825164
-4.437336390,40.710824913
-4.437334345,40.710824398
-4.437332439,40.710823634
-4.437330725,40.710822641
-4.437267670,40.710827195
-4.437266369,40.710828488
-4.437264807,40.710829601
-4.437263027,40.710830505
-4.437261076,40.710831175
-4.437259007,40.710831592
-4.437256877,40.710831746
-4.437254742,40.710831632
-4.437252660,40.710831254
-4.437250688,40.710830621
-4.437248879,40.710829751
-4.437247281,40.710828667
-4.437185425,40.710833135
-4.437184264,40.710834484
-4.437182830,40.710835671
-4.437181162,40.710836666
-4.437179305,40.710837442
-4.437177306,40.710837979
-4.437175219,40.710838261
-4.437173100,40.710838282
-4.437171005,40.710838042
-4.437168988,40.710837545
-4.437167104,40.710836807
-4.437165403,40.710835846
-4.437163929,40.710834687
-4.437103101,40.710839080
-4.437101981,40.710840581
-4.437100535,40.710841912
-4.437098807,40.710843031
-4.437096851,40.710843905
-4.437094724,40.710844507
-4.437092493,40.710844820
-4.437090224,40.710844832
-4.437087987,40.710844545
-4.437085849,40.710843967
-4.437083875,40.710843115
-4.437082126,40.710842015
-4.437080655,40.710840701
-4.437020708,40.710845030
-4.437019743,40.710846558
-4.437018449,40.710847937
-4.437016865,40.710849129
-4.437015037,40.710850098
-4.437013019,40.710850815
-4.437010870,40.710851261
-4.437008653,40.710851421
-4.437006432,40.710851291
-4.437004273,40.710850875
-4.437002238,40.710850185
-4.437000388,40.710849242
-4.436998776,40.710848072
-4.436997450,40.710846710
-4.436938254,40.710850985
-4.436937437,40.710852530
-4.436936292,40.710853948
-4.436934851,40.710855201
-4.436933154,40.710856253
-4.436931250,40.710857073
-4.436929193,40.710857639
-4.436927039,40.710857935
-4.436924851,40.710857953
-4.436922691,40.710857691
-4.436920618,40.710857158
-4.436918691,40.710856368
-4.436916966,40.710855344
-4.436915491,40.710854115
-4.436914307,40.710852714
-4.436855743,40.710856944
-4.436855070,40.710858498
-4.436854069,40.710859947
-4.436852769,40.710861251
-4.436851204,40.710862374
-4.436849417,40.710863286
-4.436847458,40.710863962
-4.436845379,40.710864383
-4.436843238,40.710864537
-4.436841092,40.710864422
-4.436839001,40.710864039
-4.436837021,40.710863399
-4.436835206,40.710862520
-4.436833607,40.710861425
-4.436832266,40.710860145
-4.436831220,40.710858715
-4.436773179,40.710862906
-4.436772596,40.710864566
-4.436771646,40.710866124
-4.436770356,40.710867533
-4.436768765,40.710868752
-4.436766922,40.710869744
-4.436764882,40.710870478
-4.436762705,40.710870934
-4.436760458,40.710871096
-4.436758207,40.710870960
-4.436756022,40.710870531
-4.436753966,40.710869821
-4.436752103,40.710868852
-4.436750487,40.710867652
-4.436749169,40.710866258
-4.436748186,40.710864711
-4.436690565,40.710868872
-4.436690127,40.710870524
-4.436689328,40.710872095
-4.436688190,40.710873541
-4.436686746,40.710874819
-4.436685039,40.710875892
-4.436683118,40.710876730
-4.436681038,40.710877308
-4.436678859,40.710877609
-4.436676645,40.710877625
-4.436674459,40.710877355
-4.436672365,40.710876808
-4.436670423,40.710875998
-4.436668690,40.710874949
-4.436667215,40.710873692
-4.436666041,40.710872263
-4.436665203,40.710870704
-4.436607904,40.710874842
-4.436607604,40.710876481
-4.436606951,40.710878060
-4.436605960,40.710879534
-4.436604662,40.710880862
-4.436603090,40.710882007
-4.436601291,40.710882937
-4.436599312,40.710883626
-4.436597211,40.710884055
-4.436595045,40.710884211
-4.436592876,40.710884091
-4.436590762,40.710883697
-4.436588765,40.710883042
-4.436586939,40.710882142
-4.436585335,40.710881024
-4.436583998,40.710879718
-4.436582965,40.710878261
-4.436582266,40.710876693
-4.436525196,40.710880814
-4.436525009,40.710882533
-4.436524435,40.710884200
-4.436523488,40.710885767
-4.436522200,40.710887185
-4.436520608,40.710888411
-4.436518760,40.710889409
-4.436516713,40.710890149
-4.436514529,40.710890606
-4.436512273,40.710890769
-4.436510015,40.710890632
-4.436507822,40.710890199
-4.436505760,40.710889484
-4.436503894,40.710888507
-4.436502277,40.710887299
-4.436500961,40.710885895
-4.436499984,40.710884340
-4.436499376,40.710882679
-4.436442443,40.710886790
-4.436442394,40.710888483
-4.436441967,40.710890144
-4.436441174,40.710891726
-4.436440040,40.710893182
-4.436438596,40.710894470
-4.436436885,40.710895552
-4.436434957,40.710896397
-4.436432868,40.710896979
-4.436430679,40.710897282
-4.436428454,40.710897298
-4.436426259,40.710897025
-4.436424156,40.710896471
-4.436422208,40.710895653
-4.436420472,40.710894595
-4.436418997,40.710893328
-4.436417828,40.710891887
-4.436416998,40.710890317
-4.436416531,40.710888662
-4.436359645,40.710892769
-4.436359185,40.710891109
-4.436358359,40.710889533
-4.436357192,40.710888087
-4.436355718,40.710886814
-4.436353980,40.710885751
-4.436352029,40.710884929
-4.436349922,40.710884373
-4.436347722,40.710884098
-4.436345492,40.710884113
-4.436343298,40.710884418
-4.436341205,40.710885003
-4.436339273,40.710885851
-4.436337560,40.710886937
-4.436336116,40.710888230
-4.436334983,40.710889691
-4.436334194,40.710891278
-4.436333773,40.710892944
-4.436333731,40.710894641
-4.436276803,40.710898752
-4.436276244,40.710897176
-4.436275353,40.710895691
-4.436274154,40.710894337
-4.436272679,40.710893152
-4.436270968,40.710892168
-4.436269068,40.710891410
-4.436267030,40.710890900
-4.436264910,40.710890651
-4.436262765,40.710890671
-4.436260654,40.710890959
-4.436258633,40.710891506
-4.436256757,40.710892299
-4.436255078,40.710893315
-4.436253642,40.710894527
-4.436252486,40.710895902
-4.436251642,40.710897403
-4.436251134,40.710898989
-4.436250975,40.710900617
-4.436193915,40.710904737
-4.436193221,40.710903164
-4.436192192,40.710901701
-4.436190856,40.710900389
-4.436189251,40.710899266
-4.436187423,40.710898361
-4.436185421,40.710897702
-4.436183303,40.710897307
-4.436181128,40.710897185
-4.436178957,40.710897342
-4.436176851,40.710897772
-4.436174869,40.710898464
-4.436173066,40.710899398
-4.436171493,40.710900548
-4.436170195,40.710901881
-4.436169207,40.710903361
-4.436168558,40.710904945
-4.436168265,40.710906589
-4.436110982,40.710910726
-4.436110148,40.710909160
-4.436108977,40.710907725
-4.436107503,40.710906461
-4.436105767,40.710905407
-4.436103822,40.710904593
-4.436101723,40.710904042
-4.436099532,40.710903770
-4.436097312,40.710903786
-4.436095127,40.710904088
-4.436093042,40.710904669
-4.436091117,40.710905510
-4.436089407,40.710906589
-4.436087964,40.710907872
-4.436086828,40.710909324
-4.436086032,40.710910901
-4.436085600,40.710912559
-4.436028001,40.710916718
-4.436027023,40.710915165
-4.436025706,40.710913764
-4.436024090,40.710912558
-4.436022224,40.710911583
-4.436020164,40.710910868
-4.436017972,40.710910436
-4.436015716,40.710910300
-4.436013463,40.710910462
-4.436011280,40.710910920
-4.436009235,40.710911658
-4.436007388,40.710912654
-4.436005797,40.710913879
-4.436004508,40.710915294
-4.436003560,40.710916859
-4.436002983,40.710918524
-4.435944970,40.710922714
-4.435943928,40.710921276
-4.435942588,40.710919989
-4.435940987,40.710918889
-4.435939170,40.710918004
-4.435937185,40.710917360
-4.435935088,40.710916975
-4.435932936,40.710916858
-4.435930788,40.710917013
-4.435928703,40.710917436
-4.435926739,40.710918115
-4.435924949,40.710919031
-4.435923383,40.710920160
-4.435922083,40.710921470
-4.435921085,40.710922926
-4.435920416,40.710924487
-4.435860604,40.710928806
-4.435859163,40.710930053
-4.435857469,40.710931100
-4.435855568,40.710931917
-4.435853515,40.710932481
-4.435851367,40.710932776
-4.435849185,40.710932794
-4.435847029,40.710932534
-4.435844960,40.710932003
-4.435843037,40.710931218
-4.435841314,40.710930198
-4.435778437,40.710934739
-4.435777137,40.710936056
-4.435775569,40.710937191
-4.435773775,40.710938113
-4.435771805,40.710938796
-4.435769714,40.710939221
-4.435767559,40.710939377
-4.435765399,40.710939259
-4.435763296,40.710938870
-4.435761306,40.710938221
-4.435759485,40.710937331
-4.435757883,40.710936223
-4.435693370,40.710940881
-4.435694488,40.710949848
-4.435923329,40.710933324
-4.435924941,40.710934493
-4.435926791,40.710935437
-4.435928825,40.710936127
-4.435930984,40.710936542
-4.435933205,40.710936672
-4.435935422,40.710936512
-4.435937571,40.710936067
-4.435939588,40.710935349
-4.435941416,40.710934381
-4.435943000,40.710933189
-4.435944294,40.710931810
-4.436006726,40.710927302
-4.436008472,40.710928389
-4.436010437,40.710929230
-4.436012565,40.710929801
-4.436014789,40.710930084
-4.436017045,40.710930071
-4.436019263,40.710929761
-4.436021378,40.710929165
-4.436023327,40.710928300
-4.436025049,40.710927192
-4.436026495,40.710925874
-4.436090224,40.710921272
-4.436091899,40.710922171
-4.436093737,40.710922858
-4.436095695,40.710923318
-4.436097723,40.710923538
-4.436099772,40.710923513
-4.436101790,40.710923244
-4.436103727,40.710922738
-4.436105536,40.710922006
-4.436107172,40.710921068
-4.436108595,40.710919946
-4.436173848,40.710915234
-4.436175598,40.710916011
-4.436177485,40.710916573
-4.436179464,40.710916905
-4.436181486,40.710916999
-4.436183503,40.710916853
-4.436185466,40.710916471
-4.436187328,40.710915862
-4.436189043,40.710915040
-4.436190569,40.710914026
-4.436257642,40.710909183
-4.436259689,40.710909885
-4.436261864,40.710910309
-4.436264103,40.710910442
-4.436266338,40.710910281
-4.436268504,40.710909829
-4.436270536,40.710909102
-4.436272373,40.710908119
-4.436341687,40.710903114
-4.436343713,40.710903617
-4.436345821,40.710903861
-4.436347952,40.710903840
-4.436350051,40.710903555
-4.436352060,40.710903014
-4.436353926,40.710902230
-4.438980228,40.710712547
-4.438980413,40.710721581
-4.435695606,40.710958815
-4.435696725,40.710967781
-4.438980599,40.710730615
-4.438980784,40.710739649
-4.435688104,40.710977452
-4.435689222,40.710986418
-4.438980970,40.710748684
-4.438981155,40.710757718
-4.435690340,40.710995385
-4.435691458,40.711004352
-4.438981341,40.710766752
-4.438981526,40.710775786
-4.438923748,40.710779960
-4.438922273,40.710778691
-4.438920537,40.710777633
-4.438918588,40.710776814
-4.438916485,40.710776261
-4.438914289,40.710775987
-4.438912064,40.710776003
-4.438909874,40.710776306
-4.438907785,40.710776889
-4.438905856,40.710777734
-4.438904145,40.710778817
-4.438902701,40.710780105
-4.438901567,40.710781562
-4.438840452,40.710785977
-4.438838836,40.710784772
-4.438836971,40.710783799
-4.438834912,40.710783086
-4.438832723,40.710782655
-4.438830468,40.710782518
-4.438828216,40.710782681
-4.438826035,40.710783138
-4.438823992,40.710783875
-4.438822146,40.710784870
-4.438820555,40.710786093
-4.438819265,40.710787507
-4.438757074,40.710791999
-4.438755488,40.710790966
-4.438753705,40.710790139
-4.438751772,40.710789540
-4.438749737,40.710789183
-4.438747654,40.710789079
-4.438745576,40.710789229
-4.438743556,40.710789630
-4.438741646,40.710790271
-4.438739895,40.710791137
-4.438738349,40.710792204
-4.438737046,40.710793446
-4.438673600,40.710798029
-4.438671908,40.710797092
-4.438670041,40.710796373
-4.438668047,40.710795891
-4.438665977,40.710795658
-4.438663885,40.710795681
-4.438661824,40.710795958
-4.438659849,40.710796483
-4.438658009,40.710797242
-4.438656353,40.710798215
-4.438654924,40.710799378
-4.438590004,40.710804067
-4.438588226,40.710803247
-4.438586299,40.710802653
-4.438584272,40.710802300
-4.438582197,40.710802197
-4.438580127,40.710802347
-4.438578115,40.710802745
-4.438576212,40.710803382
-4.438574466,40.710804241
-4.438572922,40.710805301
-4.438506250,40.710810117
-4.438504421,40.710809441
-4.438502477,40.710808990
-4.438500464,40.710808774
-4.438498432,40.710808800
-4.438496429,40.710809066
-4.438494506,40.710809566
-4.438492708,40.710810287
-4.438491079,40.710811213
-4.438422269,40.710816183
-4.438420154,40.710815621
-4.438417945,40.710815344
-4.438415705,40.710815358
-4.438413502,40.710815665
-4.438411401,40.710816254
-4.438409463,40.710817108
-4.435692576,40.711013319
-4.435693694,40.711022285
-4.435760533,40.711017459
-4.435762212,40.711016441
-4.435764089,40.711015647
-4.435766112,40.711015099
-4.435768226,40.711014811
-4.435770373,40.711014791
-4.435772495,40.711015040
-4.435774535,40.711015552
-4.435776436,40.711016311
-4.435842439,40.711011545
-4.435844009,40.711010405
-4.435845806,40.711009479
-4.435847780,40.711008793
-4.435849877,40.711008366
-4.435852037,40.711008210
-4.435854202,40.711008329
-4.435856310,40.711008720
-4.435858304,40.711009372
-4.435860128,40.711010268
-4.437086524,40.710921705
-4.437088275,40.710921024
-4.437090141,40.710920551
-4.437092080,40.710920297
-4.437094046,40.710920269
-4.437095996,40.710920466
-4.437097884,40.710920884
-4.437167974,40.710915823
-4.437169748,40.710914926
-4.437171691,40.710914262
-4.437173750,40.710913848
-4.437175871,40.710913695
-4.437177995,40.710913807
-4.437180068,40.710914181
-4.437182032,40.710914807
-4.437249715,40.710909919
-4.437251412,40.710908866
-4.437253318,40.710908044
-4.437255378,40.710907477
-4.437257533,40.710907180
-4.437259723,40.710907163
-4.437261886,40.710907425
-4.437263961,40.710907960
-4.437265889,40.710908751
-4.437331645,40.710904002
-4.437333223,40.710902831
-4.437335039,40.710901880
-4.437337039,40.710901175
-4.437339167,40.710900737
-4.437341361,40.710900579
-4.437343560,40.710900704
-4.437345699,40.710901110
-4.437347717,40.710901785
-4.437349557,40.710902709
-4.437413710,40.710898075
-4.437415152,40.710896815
-4.437416852,40.710895757
-4.437418761,40.710894931
-4.437420826,40.710894361
-4.437422986,40.710894064
-4.437425182,40.710894047
-4.437427351,40.710894311
-4.437429430,40.710894848
-4.437431361,40.710895644
-4.437433089,40.710896676
-4.437495883,40.710892141
-4.437497182,40.710890812
-4.437498753,40.710889666
-4.437500554,40.710888736
-4.437502532,40.710888047
-4.437504634,40.710887618
-4.437506801,40.710887461
-4.437508971,40.710887582
-4.437511085,40.710887975
-4.437513083,40.710888631
-4.437514909,40.710889532
-4.437516514,40.710890651
-4.437578145,40.710886199
-4.437579300,40.710884819
-4.437580737,40.710883602
-4.437582418,40.710882581
-4.437584297,40.710881785
-4.437586323,40.710881235
-4.437588440,40.710880946
-4.437590590,40.710880927
-4.437592715,40.710881177
-4.437594758,40.710881690
-4.437596661,40.710882451
-4.437598374,40.710883441
-4.437599849,40.710884632
-4.437660484,40.710880253
-4.437661496,40.710878833
-4.437662798,40.710877558
-4.437664355,40.710876460
-4.437666125,40.710875569
-4.437668062,40.710874909
-4.437670114,40.710874498
-4.437672227,40.710874345
-4.437674344,40.710874456
-4.437676410,40.710874826
-4.437678369,40.710875448
-4.437680169,40.710876303
-4.437681763,40.710877369
-4.437683108,40.710878619
-4.437742890,40.710874301
-4.437743842,40.710872746
-4.437745132,40.710871340
-4.437746722,40.710870124
-4.437748564,40.710869134
-4.437750602,40.710868402
-4.437752776,40.710867948
-4.437755020,40.710867786
-4.437757267,40.710867920
-4.437759450,40.710868348
-4.437761503,40.710869056
-4.437763365,40.710870023
-4.437764980,40.710871219
-4.437766300,40.710872610
-4.437825356,40.710868345
-4.437826157,40.710866776
-4.437827296,40.710865332
-4.437828739,40.710864056
-4.437830445,40.710862985
-4.437832365,40.710862148
-4.437834443,40.710861572
-4.437836620,40.710861271
-4.437838832,40.710861255
-4.437841015,40.710861524
-4.437843108,40.710862070
-4.437845048,40.710862878
-4.437846781,40.710863925
-4.437848256,40.710865179
-4.437849431,40.710866606
-4.437907879,40.710862384
-4.437908535,40.710860808
-4.437909526,40.710859337
-4.437910825,40.710858011
-4.437912395,40.710856868
-4.437914194,40.710855940
-4.437916170,40.710855253
-4.437918269,40.710854825
-4.437920432,40.710854669
-4.437922599,40.710854789
-4.437924710,40.710855181
-4.437926706,40.710855835
-4.437928531,40.710856732
-4.437930135,40.710857848
-4.437931472,40.710859151
-4.437932506,40.710860606
-4.437990453,40.710856420
-4.437990969,40.710854843
-4.437991817,40.710853350
-4.437992975,40.710851984
-4.437994411,40.710850780
-4.437996086,40.710849770
-4.437997956,40.710848983
-4.437999969,40.710848439
-4.438002073,40.710848154
-4.438004209,40.710848133
-4.438006321,40.710848379
-4.438008352,40.710848885
-4.438010247,40.710849636
-4.438011955,40.710850613
-4.438013430,40.710851789
-4.438014632,40.710853134
-4.438015529,40.710854609
-4.438073076,40.710850453
-4.438073493,40.710848782
-4.438074279,40.710847191
-4.438075411,40.710845725
-4.438076855,40.710844428
-4.438078570,40.710843337
-4.438080504,40.710842486
-4.438082601,40.710841900
-4.438084799,40.710841594
-4.438087034,40.710841580
-4.438089238,40.710841856
-4.438091348,40.710842414
-4.438093302,40.710843240
-4.438095041,40.710844307
-4.438096516,40.710845585
-4.438097681,40.710847035
-4.438098503,40.710848616
-4.438155747,40.710844481
-4.438156024,40.710842825
-4.438156662,40.710841228
-4.438157644,40.710839735
-4.438158941,40.710838388
-4.438160517,40.710837227
-4.438162327,40.710836283
-4.438164320,40.710835584
-4.438166438,40.710835149
-4.438168622,40.710834991
-4.438170810,40.710835115
-4.438172940,40.710835516
-4.438174951,40.710836184
-4.438176786,40.710837099
-4.438178393,40.710838236
-4.438179726,40.710839562
-4.438180748,40.710841039
-4.438181429,40.710842626
-4.438238464,40.710838507
-4.438238607,40.710836869
-4.438239103,40.710835271
-4.438239939,40.710833758
-4.438241092,40.710832370
-4.438242530,40.710831146
-4.438244214,40.710830120
-4.438246097,40.710829320
-4.438248129,40.710828767
-4.438250252,40.710828477
-4.438252410,40.710828458
-4.438254541,40.710828710
-4.438256589,40.710829226
-4.438258497,40.710829993
-4.438260212,40.710830989
-4.438261687,40.710832187
-4.438262883,40.710833554
-4.438263765,40.710835052
-4.438264310,40.710836640
-4.438321226,40.710832529
-4.438321250,40.710830823
-4.438321658,40.710829145
-4.438322438,40.710827546
-4.438323568,40.710826072
-4.438325013,40.710824767
-4.438326730,40.710823671
-4.438328670,40.710822815
-4.438330773,40.710822225
-4.438332979,40.710821918
-4.438335221,40.710821903
-4.438337433,40.710822182
-4.438339549,40.710822745
-4.438341507,40.710823576
-4.438343249,40.710824650
-4.438344723,40.710825936
-4.438345885,40.710827396
-4.438346700,40.710828985
-4.438347145,40.710830657
-4.438404033,40.710826548
-4.438404514,40.710828191
-4.438405354,40.710829749
-4.438406528,40.710831175
-4.438408003,40.710832430
-4.438409736,40.710833477
-4.438411677,40.710834285
-4.438413770,40.710834832
-4.438415954,40.710835101
-4.438418166,40.710835085
-4.438420343,40.710834784
-4.438422421,40.710834207
-4.438424341,40.710833371
-4.438426048,40.710832299
-4.438427491,40.710831023
-4.438428629,40.710829579
-4.438429430,40.710828010
-4.438429870,40.710826360
-4.438429936,40.710824677
-4.438486884,40.710820563
-4.438487505,40.710822211
-4.438488491,40.710823752
-4.438489811,40.710825142
-4.438491426,40.710826337
-4.438493287,40.710827302
-4.438495339,40.710828009
-4.438497521,40.710828436
-4.438499767,40.710828571
-4.438502009,40.710828409
-4.438504182,40.710827955
-4.438506219,40.710827223
-4.438508059,40.710826235
-4.438509649,40.710825020
-4.438510939,40.710823615
-4.438511892,40.710822062
-4.438512479,40.710820407
-4.438512682,40.710818700
-4.438569780,40.710814576
-4.438570492,40.710816130
-4.438571531,40.710817572
-4.438572870,40.710818864
-4.438574472,40.710819970
-4.438576292,40.710820858
-4.438578280,40.710821505
-4.438580382,40.710821893
-4.438582538,40.710822011
-4.438584691,40.710821855
-4.438586780,40.710821431
-4.438588748,40.710820749
-4.438590541,40.710819829
-4.438592109,40.710818696
-4.438593408,40.710817381
-4.438594404,40.710815920
-4.438595069,40.710814354
-4.438595383,40.710812726
-4.438652723,40.710808585
-4.438653573,40.710810129
-4.438654752,40.710811542
-4.438656227,40.710812785
-4.438657956,40.710813820
-4.438659890,40.710814619
-4.438661973,40.710815159
-4.438664145,40.710815424
-4.438666345,40.710815408
-4.438668510,40.710815109
-4.438670579,40.710814537
-4.438672491,40.710813709
-4.438674192,40.710812647
-4.438675634,40.710811383
-4.438676776,40.710809952
-4.438677585,40.710808395
-4.438678038,40.710806756
-4.438735713,40.710802590
-4.438736706,40.710804120
-4.438738028,40.710805497
-4.438739642,40.710806682
-4.438741499,40.710807638
-4.438743544,40.710808338
-4.438745716,40.710808760
-4.438747951,40.710808893
-4.438750183,40.710808732
-4.438752346,40.710808281
-4.438754375,40.710807556
-4.438756210,40.710806576
-4.438757797,40.710805370
-4.438759089,40.710803976
-4.438760048,40.710802434
-4.438760644,40.710800789
-4.438818754,40.710796591
-4.438819808,40.710798005
-4.438821151,40.710799268
-4.438822748,40.710800348
-4.438824555,40.710801214
-4.438826523,40.710801844
-4.438828601,40.710802220
-4.438830731,40.710802333
-4.438832857,40.710802179
-4.438834922,40.710801763
-4.438836869,40.710801096
-4.438838647,40.710800196
-4.438840207,40.710799086
-4.438841508,40.710797798
-4.438842515,40.710796365
-4.438843200,40.710794826
-4.438901848,40.710790589
-4.438903039,40.710791971
-4.438904514,40.710793183
-4.438906234,40.710794191
-4.438908150,40.710794968
-4.438910209,40.710795492
-4.438912354,40.710795748
-4.438914525,40.710795730
-4.438916661,40.710795437
-4.438918704,40.710794878
-4.438920597,40.710794069
-4.438922287,40.710793031
-4.438923726,40.710791795
-4.438924876,40.710790393
-4.438925703,40.710788866
-4.438981712,40.710784820
-4.438981897,40.710793854
-4.438341214,40.710840133
-4.438339402,40.710840867
-4.438337461,40.710841375
-4.438335440,40.710841644
-4.438333387,40.710841669
-4.438331356,40.710841448
-4.438329395,40.710840987
-4.438259709,40.710846020
-4.438257902,40.710846960
-4.438255913,40.710847657
-4.438253799,40.710848090
-4.438251619,40.710848248
-4.438249435,40.710848125
-4.438247309,40.710847725
-4.438245302,40.710847061
-4.438177934,40.710851927
-4.438176219,40.710853018
-4.438174284,40.710853869
-4.438172186,40.710854457
-4.438169987,40.710854762
-4.438167751,40.710854777
-4.438165545,40.710854500
-4.438163434,40.710853941
-4.438161480,40.710853115
-4.438095982,40.710857846
-4.438094396,40.710859050
-4.438092561,40.710860029
-4.438090533,40.710860754
-4.438088371,40.710861204
-4.438086140,40.710861365
-4.438083906,40.710861233
-4.438081734,40.710860811
-4.438079690,40.710860112
-4.438077834,40.710859157
-4.438013899,40.710863774
-4.438012455,40.710865064
-4.438010744,40.710866148
-4.438008814,40.710866993
-4.438006724,40.710867577
-4.438004533,40.710867880
-4.438002307,40.710867896
-4.438000110,40.710867622
-4.437998006,40.710867068
-4.437996057,40.710866248
-4.437994319,40.710865189
-4.437931712,40.710869711
-4.437930416,40.710871065
-4.437928838,40.710872234
-4.437927023,40.710873184
-4.437925025,40.710873888
-4.437922899,40.710874325
-4.437920706,40.710874483
-4.437918510,40.710874358
-4.437916373,40.710873953
-4.437914356,40.710873280
-4.437912518,40.710872358
-4.437910909,40.710871213
-4.437849437,40.710875653
-4.437848288,40.710877056
-4.437846848,40.710878295
-4.437845158,40.710879334
-4.437843264,40.710880145
-4.437841219,40.710880704
-4.437839080,40.710880998
-4.437836907,40.710881016
-4.437834761,40.710880759
-4.437832700,40.710880234
-4.437830783,40.710879455
-4.437829062,40.710878445
-4.437827587,40.710877231
-4.437767088,40.710881601
-4.437766084,40.710883041
-4.437764783,40.710884336
-4.437763221,40.710885452
-4.437761439,40.710886357
-4.437759487,40.710887028
-4.437757416,40.710887446
-4.437755283,40.710887600
-4.437753146,40.710887486
-4.437751062,40.710887107
-4.437749089,40.710886472
-4.437747278,40.710885600
-4.437745680,40.710884514
-4.437744338,40.710883244
-4.437684673,40.710887553
-4.437683810,40.710889020
-4.437682647,40.710890361
-4.437681215,40.710891541
-4.437679551,40.710892530
-4.437677698,40.710893301
-4.437675706,40.710893834
-4.437673627,40.710894115
-4.437671516,40.710894137
-4.437669427,40.710893899
-4.437667417,40.710893407
-4.437665538,40.710892674
-4.437663839,40.710891719
-4.437662366,40.710890569
-4.437661156,40.710889252
-4.437602198,40.710893510
-4.437601409,40.710895097
-4.437600275,40.710896558
-4.437598831,40.710897850
-4.437597118,40.710898936
-4.437595187,40.710899784
-4.437593094,40.710900369
-4.437590900,40.710900673
-4.437588671,40.710900688
-4.437586471,40.710900414
-4.437584364,40.710899858
-4.437582413,40.710899036
-4.437580675,40.710897973
-4.437579201,40.710896701
-4.437578034,40.710895255
-4.437519667,40.710899470
-4.437519025,40.710901063
-4.437518041,40.710902551
-4.437516743,40.710903892
-4.437515168,40.710905049
-4.437513361,40.710905989
-4.437511373,40.710906685
-4.437509259,40.710907118
-4.437507080,40.710907276
-4.437504897,40.710907153
-4.437502771,40.710906754
-4.437500764,40.710906089
-4.437498931,40.710905179
-4.437497325,40.710904047
-4.437495991,40.710902726
-4.437494966,40.710901254
-4.437437085,40.710905435
-4.437436584,40.710907027
-4.437435744,40.710908534
-4.437434590,40.710909916
-4.437433152,40.710911134
-4.437431471,40.710912155
-4.437429591,40.710912952
-4.437427565,40.710913502
-4.437425447,40.710913791
-4.437423296,40.710913810
-4.437421169,40.710913560
-4.437419126,40.710913047
-4.437417222,40.710912284
-4.437415509,40.710911294
-4.437414034,40.710910102
-4.437412837,40.710908742
-4.437411950,40.710907250
-4.437354455,40.710911402
-4.437354054,40.710913086
-4.437353278,40.710914693
-4.437352151,40.710916174
-4.437350706,40.710917485
-4.437348986,40.710918587
-4.437347042,40.710919448
-4.437344932,40.710920041
-4.437342720,40.710920349
-4.437340471,40.710920363
-4.437338253,40.710920083
-4.437336131,40.710919516
-4.437334169,40.710918679
-4.437332425,40.710917598
-4.437330952,40.710916305
-4.437329793,40.710914839
-4.437328984,40.710913242
-4.437271776,40.710917374
-4.437271516,40.710919042
-4.437270889,40.710920652
-4.437269914,40.710922159
-4.437268618,40.710923519
-4.437267039,40.710924693
-4.437265221,40.710925647
-4.437263219,40.710926353
-4.437261088,40.710926792
-4.437258890,40.710926951
-4.437256689,40.710926825
-4.437254547,40.710926418
-4.437252527,40.710925741
-4.437250686,40.710924814
-4.437249077,40.710923664
-4.437247746,40.710922324
-4.437246732,40.710920832
-4.437246064,40.710919231
-4.437189053,40.710923348
-4.437188927,40.710924997
-4.437188444,40.710926606
-4.437187616,40.710928133
-4.437186466,40.710929533
-4.437185026,40.710930769
-4.437183337,40.710931806
-4.437181445,40.710932615
-4.437179403,40.710933173
-4.437177267,40.710933466
-4.437175097,40.710933484
-4.437172953,40.710933228
-4.437170894,40.710932705
-4.437168979,40.710931928
-4.437167260,40.710930921
-4.437165784,40.710929710
-4.437164593,40.710928329
-4.437163721,40.710926817
-4.437163190,40.710925216
-4.437106284,40.710929325
-4.437106279,40.710931041
-4.437105884,40.710932731
-4.437105113,40.710934343
-4.437103988,40.710935830
-4.437102542,40.710937147
-4.437100820,40.710938254
-4.437098872,40.710939119
-4.437096758,40.710939715
-4.437094540,40.710940024
-4.437092285,40.710940038
-4.437090061,40.710939755
-4.437087935,40.710939185
-4.437085969,40.710938344
-4.437084224,40.710937257
-4.437082751,40.710935958
-4.437081595,40.710934485
-4.437080790,40.710932882
-4.437080361,40.710931198
-4.437023470,40.710935306
-4.437022974,40.710933675
-4.437022124,40.710932131
-4.437020945,40.710930718
-4.437019469,40.710929477
-4.437017740,40.710928442
-4.437015807,40.710927643
-4.437013725,40.710927103
-4.437011553,40.710926838
-4.437009353,40.710926855
-4.437007188,40.710927153
-4.437005120,40.710927724
-4.437003209,40.710928553
-4.437001507,40.710929614
-4.437000065,40.710930878
-4.436998923,40.710932309
-4.436998114,40.710933865
-4.436997661,40.710935503
-4.436997577,40.710937176
-4.436940612,40.710941290
-4.436939976,40.710939656
-4.436938982,40.710938130
-4.436937659,40.710936755
-4.436936045,40.710935574
-4.436934190,40.710934620
-4.436932147,40.710933922
-4.436929978,40.710933501
-4.436927745,40.710933369
-4.436925516,40.710933530
-4.436923356,40.710933979
-4.436921329,40.710934703
-4.436919496,40.710935681
-4.436917909,40.710936883
-4.436916617,40.710938275
-4.436915657,40.710939814
-4.436915058,40.710941456
-4.436914837,40.710943151
-4.436857708,40.710947277
-4.436856984,40.710945738
-4.436855937,40.710944310
-4.436854596,40.710943032
-4.436852997,40.710941940
-4.436851184,40.710941063
-4.436849206,40.710940425
-4.436847116,40.710940043
-4.436844973,40.710939928
-4.436842834,40.710940082
-4.436840757,40.710940502
-4.436838800,40.710941176
-4.436837015,40.710942086
-4.436835451,40.710943208
-4.436834150,40.710944509
-4.436833149,40.710945956
-4.436832473,40.710947508
-4.436832143,40.710949123
-4.436774758,40.710953268
-4.436773897,40.710951739
-4.436772712,40.710950341
-4.436771237,40.710949114
-4.436769512,40.710948093
-4.436767587,40.710947305
-4.436765517,40.710946773
-4.436763358,40.710946512
-4.436761172,40.710946530
-4.436759022,40.710946825
-4.436756966,40.710947390
-4.436755064,40.710948209
-4.436753368,40.710949258
-4.436751927,40.710950509
-4.436750781,40.710951925
-4.436749963,40.710953467
-4.436749495,40.710955092
-4.436691760,40.710959261
-4.436690758,40.710957749
-4.436689431,40.710956388
-4.436687819,40.710955220
-4.436685970,40.710954277
-4.436683936,40.710953588
-4.436681778,40.710953172
-4.436679558,40.710953043
-4.436677342,40.710953203
-4.436675194,40.710953648
-4.436673177,40.710954365
-4.436671350,40.710955333
-4.436669766,40.710956523
-4.436668472,40.710957902
-4.436667506,40.710959428
-4.436666895,40.710961057
-4.436608711,40.710965259
-4.436607649,40.710963863
-4.436606304,40.710962617
-4.436604711,40.710961553
-4.436602912,40.710960701
-4.436600955,40.710960081
-4.436598892,40.710959712
-4.436596778,40.710959601
-4.436594668,40.710959754
-4.436592619,40.710960165
-4.436590684,40.710960823
-4.436588915,40.710961711
-4.436587359,40.710962806
-4.436586058,40.710964079
-4.436585044,40.710965495
-4.436584346,40.710967018
-4.436525608,40.710971260
-4.436524411,40.710969898
-4.436522936,40.710968704
-4.436521222,40.710967712
-4.436519317,40.710966949
-4.436517273,40.710966434
-4.436515145,40.710966184
-4.436512992,40.710966203
-4.436510873,40.710966492
-4.436508845,40.710967043
-4.436506964,40.710967841
-4.436505282,40.710968863
-4.436503844,40.710970083
-4.436502690,40.710971466
-4.436501851,40.710972976
-4.436442447,40.710977265
-4.436441113,40.710975945
-4.436439507,40.710974813
-4.436437674,40.710973902
-4.436435667,40.710973238
-4.436433542,40.710972839
-4.436431359,40.710972716
-4.436429180,40.710972874
-4.436427066,40.710973307
-4.436425078,40.710974003
-4.436423271,40.710974943
-4.436421696,40.710976100
-4.436420398,40.710977441
-4.436419414,40.710978929
-4.436359222,40.710983275
-4.436357748,40.710982007
-4.436356011,40.710980948
-4.436354063,40.710980130
-4.436351960,40.710979576
-4.436349763,40.710979303
-4.436347538,40.710979318
-4.436345349,40.710979621
-4.436343259,40.710980204
-4.436341331,40.710981049
-4.436339619,40.710982132
-4.436338175,40.710983420
-4.436337041,40.710984877
-4.436275926,40.710989290
-4.436274310,40.710988086
-4.436272445,40.710987112
-4.436270386,40.710986399
-4.436268196,40.710985968
-4.436265942,40.710985832
-4.436263690,40.710985994
-4.436261509,40.710986451
-4.436259465,40.710987188
-4.436257620,40.710988183
-4.436256028,40.710989406
-4.436254739,40.710990820
-4.436192547,40.710995311
-4.436190961,40.710994278
-4.436189179,40.710993451
-4.436187245,40.710992852
-4.436185211,40.710992495
-4.436183127,40.710992390
-4.436181049,40.710992540
-4.436179029,40.710992941
-4.436177119,40.710993583
-4.436175368,40.710994448
-4.436173822,40.710995516
-4.436172519,40.710996757
-4.436109073,40.711001339
-4.436107381,40.711000402
-4.436105514,40.710999683
-4.436103520,40.710999201
-4.436101450,40.710998968
-4.436099357,40.710998990
-4.436097297,40.710999268
-4.436095321,40.710999793
-4.436093482,40.711000552
-4.436091826,40.711001525
-4.436090396,40.711002688
-4.436025476,40.711007376
-4.436023698,40.711006555
-4.436021771,40.711005961
-4.436019744,40.711005608
-4.436017669,40.711005505
-4.436015599,40.711005654
-4.436013587,40.711006053
-4.436011684,40.711006690
-4.436009938,40.711007549
-4.436008394,40.711008609
-4.435941722,40.711013423
-4.435939893,40.711012747
-4.435937949,40.711012296
-4.435935936,40.711012080
-4.435933903,40.711012106
-4.435931901,40.711012372
-4.435929977,40.711012872
-4.435928179,40.711013593
-4.435926550,40.711014519
-4.435865157,40.711018952
-4.435864771,40.711020648
-4.435864005,40.711022268
-4.435862882,40.711023763
-4.435861436,40.711025087
-4.435859711,40.711026201
-4.435857759,40.711027070
-4.435855638,40.711027670
-4.435853413,40.711027980
-4.435851150,40.711027994
-4.435848919,40.711027708
-4.435846787,40.711027134
-4.435844817,40.711026287
-4.435843070,40.711025193
-4.435841598,40.711023886
-4.435840445,40.711022405
-4.435839647,40.711020794
-4.435782472,40.711024923
-4.435782227,40.711026602
-4.435781611,40.711028225
-4.435780642,40.711029745
-4.435779347,40.711031117
-4.435777765,40.711032302
-4.435775941,40.711033266
-4.435773929,40.711033979
-4.435771786,40.711034422
-4.435769576,40.711034582
-4.435767362,40.711034453
-4.435765209,40.711034041
-4.435763180,40.711033355
-4.435761333,40.711032418
-4.435759722,40.711031255
-4.435758395,40.711029901
-4.435757388,40.711028395
-4.435756733,40.711026781
-4.435694813,40.711031252
-4.435695931,40.711040219
-4.435922355,40.711023869
-4.435922976,40.711025517
-4.435923962,40.711027058
-4.435925282,40.711028447
-4.435926897,40.711029643
-4.435928758,40.711030608
-4.435930810,40.711031315
-4.435932992,40.711031742
-4.435935238,40.711031877
-4.435937480,40.711031715
-4.435939652,40.711031261
-4.435941690,40.711030529
-4.435943530,40.711029541
-4.435945120,40.711028327
-4.435946410,40.711026922
-4.435947363,40.711025369
-4.435947950,40.711023714
-4.435948154,40.711022006
-4.436005252,40.711017883
-4.436005963,40.711019437
-4.436007003,40.711020880
-4.436008342,40.711022172
-4.436009944,40.711023277
-4.436011763,40.711024166
-4.436013752,40.711024813
-4.436015853,40.711025201
-4.436018010,40.711025319
-4.436020163,40.711025163
-4.436022252,40.711024739
-4.436024220,40.711024057
-4.436026012,40.711023137
-4.436027580,40.711022004
-4.436028880,40.711020689
-4.436029876,40.711019228
-4.436030540,40.711017663
-4.436030855,40.711016035
-4.436088195,40.711011894
-4.436089045,40.711013439
-4.436090224,40.711014852
-4.436091699,40.711016094
-4.436093428,40.711017130
-4.436095362,40.711017929
-4.436097445,40.711018469
-4.436099617,40.711018734
-4.436101817,40.711018717
-4.436103982,40.711018419
-4.436106051,40.711017847
-4.436107963,40.711017019
-4.436109664,40.711015957
-4.436111106,40.711014693
-4.436112248,40.711013262
-4.436113057,40.711011705
-4.436113510,40.711010066
-4.436171186,40.711005901
-4.436172178,40.711007431
-4.436173501,40.711008809
-4.436175115,40.711009993
-4.436176971,40.711010950
-4.436179016,40.711011649
-4.436181189,40.711012072
-4.436183424,40.711012204
-4.436185656,40.711012043
-4.436187819,40.711011593
-4.436189848,40.711010867
-4.436191683,40.711009887
-4.436193270,40.711008682
-4.436194562,40.711007288
-4.436195521,40.711005746
-4.436196117,40.711004101
-4.436254228,40.710999905
-4.436255281,40.711001318
-4.436256624,40.711002582
-4.436258221,40.711003661
-4.436260028,40.711004527
-4.436261996,40.711005157
-4.436264074,40.711005533
-4.436266204,40.711005646
-4.436268330,40.711005493
-4.436270395,40.711005077
-4.436272342,40.711004410
-4.436274120,40.711003509
-4.436275680,40.711002400
-4.436276981,40.711001111
-4.436277988,40.710999678
-4.436278674,40.710998139
-4.436337322,40.710993904
-4.436338513,40.710995286
-4.436339988,40.710996498
-4.436341708,40.710997506
-4.436343624,40.710998283
-4.436345683,40.710998807
-4.436347827,40.710999063
-4.436349998,40.710999045
-4.436352135,40.710998752
-4.436354178,40.710998193
-4.436356071,40.710997384
-4.436357760,40.710996347
-4.436359200,40.710995110
-4.436360350,40.710993709
-4.436361177,40.710992182
-4.436420475,40.710987900
-4.436421805,40.710989241
-4.436423414,40.710990392
-4.436425256,40.710991320
-4.436427277,40.710991997
-4.436429419,40.710992404
-4.436431622,40.710992531
-4.436433820,40.710992372
-4.436435952,40.710991933
-4.436437955,40.710991226
-4.436439773,40.710990271
-4.436441352,40.710989097
-4.436442648,40.710987736
-4.436443623,40.710986228
-4.436503689,40.710981890
-4.436505162,40.710983182
-4.436506905,40.710984262
-4.436508866,40.710985097
-4.436510987,40.710985664
-4.436513205,40.710985944
-4.436515452,40.710985930
-4.436517663,40.710985622
-4.436519771,40.710985029
-4.436521714,40.710984169
-4.436523434,40.710983068
-4.436524879,40.710981758
-4.436526007,40.710980279
-4.436586974,40.710975876
-4.436588447,40.710977012
-4.436590140,40.710977953
-4.436592010,40.710978676
-4.436594008,40.710979160
-4.436596082,40.710979394
-4.436598179,40.710979372
-4.436600244,40.710979094
-4.436602223,40.710978567
-4.436604066,40.710977805
-4.436605724,40.710976828
-4.436607154,40.710975661
-4.436608320,40.710974334
-4.436670339,40.710969856
-4.436671931,40.710970915
-4.436673728,40.710971764
-4.436675681,40.710972380
-4.436677740,40.710972748
-4.436679849,40.710972857
-4.436681954,40.710972705
-4.436683999,40.710972296
-4.436685930,40.710971640
-4.436687697,40.710970755
-4.436689251,40.710969664
-4.436690553,40.710968396
-4.436753798,40.710963829
-4.436755501,40.710964794
-4.436757388,40.710965536
-4.436759409,40.710966035
-4.436761509,40.710966277
-4.436763633,40.710966256
-4.436765724,40.710965973
-4.436767727,40.710965435
-4.436769588,40.710964655
-4.436771258,40.710963657
-4.436772692,40.710962464
-4.436837374,40.710957793
-4.436839172,40.710958645
-4.436841127,40.710959263
-4.436843189,40.710959632
-4.436845301,40.710959742
-4.436847410,40.710959589
-4.436849457,40.710959179
-4.436851391,40.710958522
-4.436853158,40.710957634
-4.436854714,40.710956541
-4.436921101,40.710951747
-4.436922961,40.710952457
-4.436924946,40.710952934
-4.436927005,40.710953163
-4.436929086,40.710953140
-4.436931136,40.710952865
-4.436933102,40.710952345
-4.436934934,40.710951593
-4.436936584,40.710950628
-4.437005043,40.710945684
-4.437006899,40.710946221
-4.437008840,40.710946537
-4.437010822,40.710946624
-4.437012798,40.710946481
-4.437014722,40.710946112
-4.437016551,40.710945524
-4.437018240,40.710944731
-4.438982083,40.710802889
-4.438982268,40.710811923
-4.435697049,40.711049186
-4.435698167,40.711058153
-4.438982454,40.710820957
-4.438982639,40.710829991
-4.435699285,40.711067119
-4.435690664,40.711076789
-4.438982825,40.710839025
-4.438983010,40.710848059
-4.435691782,40.711085756
-4.435692901,40.711094723
-4.438983196,40.710857093
-4.438983381,40.710866128
-4.435694019,40.711103690
-4.435695137,40.711112656
-4.437832246,40.710958322
-4.437833935,40.710957531
-4.437835762,40.710956944
-4.437837684,40.710956575
-4.437839659,40.710956432
-4.437841638,40.710956520
-4.437843578,40.710956835
-4.437845432,40.710957370
-4.437913902,40.710952425
-4.437915552,40.710951462
-4.437917383,40.710950711
-4.437919347,40.710950192
-4.437921395,40.710949917
-4.437923474,40.710949894
-4.437925531,40.710950123
-4.437927515,40.710950598
-4.437929373,40.710951307
-4.437995772,40.710946512
-4.437997326,40.710945419
-4.437999093,40.710944533
-4.438001026,40.710943876
-4.438003072,40.710943467
-4.438005179,40.710943315
-4.438007290,40.710943424
-4.438009350,40.710943792
-4.438011304,40.710944410
-4.438013102,40.710945260
-4.438077793,40.710940587
-4.438079227,40.710939396
-4.438080896,40.710938398
-4.438082756,40.710937620
-4.438084758,40.710937082
-4.438086848,40.710936799
-4.438088971,40.710936778
-4.438091070,40.710937020
-4.438093089,40.710937518
-4.438094975,40.710938259
-4.438096678,40.710939223
-4.438159930,40.710934655
-4.438161232,40.710933388
-4.438162786,40.710932297
-4.438164552,40.710931413
-4.438166482,40.710930757
-4.438168526,40.710930348
-4.438170631,40.710930196
-4.438172740,40.710930305
-4.438174798,40.710930673
-4.438176751,40.710931289
-4.438178547,40.710932137
-4.438180139,40.710933195
-4.438242163,40.710928715
-4.438243329,40.710927390
-4.438244759,40.710926223
-4.438246416,40.710925247
-4.438248258,40.710924486
-4.438250237,40.710923959
-4.438252301,40.710923681
-4.438254397,40.710923659
-4.438256471,40.710923893
-4.438258468,40.710924377
-4.438260337,40.710925098
-4.438262030,40.710926039
-4.438263503,40.710927174
-4.438324475,40.710922770
-4.438325603,40.710921291
-4.438327048,40.710919982
-4.438328768,40.710918881
-4.438330710,40.710918022
-4.438332818,40.710917430
-4.438335028,40.710917122
-4.438337275,40.710917108
-4.438339491,40.710917388
-4.438341611,40.710917954
-4.438343572,40.710918789
-4.438345315,40.710919867
-4.438346788,40.710921158
-4.438406858,40.710916819
-4.438407833,40.710915312
-4.438409129,40.710913952
-4.438410708,40.710912778
-4.438412526,40.710911823
-4.438414529,40.710911117
-4.438416660,40.710910678
-4.438418858,40.710910519
-4.438421059,40.710910645
-4.438423201,40.710911052
-4.438425222,40.710911729
-4.438427064,40.710912656
-4.438428673,40.710913807
-4.438430003,40.710915147
-4.438489304,40.710910864
-4.438490132,40.710909338
-4.438491281,40.710907937
-4.438492721,40.710906701
-4.438494410,40.710905664
-4.438496303,40.710904855
-4.438498345,40.710904297
-4.438500481,40.710904004
-4.438502651,40.710903986
-4.438504795,40.710904242
-4.438506854,40.710904765
-4.438508769,40.710905542
-4.438510489,40.710906549
-4.438511964,40.710907761
-4.438513155,40.710909141
-4.438571806,40.710904905
-4.438572492,40.710903366
-4.438573499,40.710901934
-4.438574801,40.710900646
-4.438576361,40.710899537
-4.438578138,40.710898637
-4.438580085,40.710897970
-4.438582149,40.710897555
-4.438584274,40.710897401
-4.438586404,40.710897514
-4.438588481,40.710897890
-4.438590449,40.710898520
-4.438592256,40.710899385
-4.438593852,40.710900464
-4.438595195,40.710901726
-4.438596250,40.710903139
-4.438654363,40.710898942
-4.438654960,40.710897298
-4.438655918,40.710895756
-4.438657210,40.710894362
-4.438658797,40.710893157
-4.438660632,40.710892178
-4.438662661,40.710891452
-4.438664823,40.710891002
-4.438667054,40.710890841
-4.438669289,40.710890974
-4.438671461,40.710891396
-4.438673505,40.710892095
-4.438675362,40.710893051
-4.438676975,40.710894235
-4.438678298,40.710895612
-4.438679291,40.710897141
-4.438736969,40.710892975
-4.438737422,40.710891337
-4.438738231,40.710889780
-4.438739373,40.710888350
-4.438740816,40.710887086
-4.438742517,40.710886024
-4.438744428,40.710885196
-4.438746496,40.710884625
-4.438748661,40.710884327
-4.438750860,40.710884310
-4.438753032,40.710884575
-4.438755114,40.710885114
-4.438757048,40.710885913
-4.438758777,40.710886948
-4.438760252,40.710888190
-4.438761431,40.710889602
-4.438762282,40.710891146
-4.438819623,40.710887004
-4.438819938,40.710885377
-4.438820603,40.710883811
-4.438821599,40.710882351
-4.438822899,40.710881037
-4.438824467,40.710879904
-4.438826259,40.710878984
-4.438828227,40.710878303
-4.438830315,40.710877879
-4.438832467,40.710877723
-4.438834624,40.710877841
-4.438836725,40.710878228
-4.438838712,40.710878875
-4.438840532,40.710879763
-4.438842134,40.710880868
-4.438843473,40.710882159
-4.438844513,40.710883602
-4.438845225,40.710885155
-4.438902324,40.710881030
-4.438902528,40.710879324
-4.438903115,40.710877669
-4.438904068,40.710876116
-4.438905359,40.710874712
-4.438906948,40.710873498
-4.438908789,40.710872510
-4.438910825,40.710871779
-4.438912997,40.710871325
-4.438915239,40.710871163
-4.438917484,40.710871298
-4.438919666,40.710871724
-4.438921717,40.710872431
-4.438923579,40.710873396
-4.438925193,40.710874591
-4.438926513,40.710875979
-4.438927499,40.710877520
-4.438928122,40.710879167
-4.438983567,40.710875162
-4.438983752,40.710884196
-4.438923933,40.710888517
-4.438922304,40.710889444
-4.438920504,40.710890167
-4.438918579,40.710890668
-4.438916574,40.710890934
-4.438914540,40.710890959
-4.438912525,40.710890743
-4.438910579,40.710890291
-4.438908750,40.710889614
-4.438842089,40.710894429
-4.438840545,40.710895490
-4.438838798,40.710896351
-4.438836893,40.710896989
-4.438834880,40.710897387
-4.438832808,40.710897537
-4.438830732,40.710897434
-4.438828704,40.710897080
-4.438826776,40.710896485
-4.438824997,40.710895664
-4.438760086,40.710900352
-4.438758657,40.710901516
-4.438757000,40.710902491
-4.438755160,40.710903250
-4.438753183,40.710903776
-4.438751121,40.710904053
-4.438749028,40.710904076
-4.438746957,40.710903843
-4.438744961,40.710903360
-4.438743094,40.710902640
-4.438741401,40.710901702
-4.438677963,40.710906284
-4.438676661,40.710907527
-4.438675114,40.710908595
-4.438673363,40.710909462
-4.438671452,40.710910104
-4.438669431,40.710910505
-4.438667351,40.710910655
-4.438665267,40.710910551
-4.438663231,40.710910194
-4.438661297,40.710909593
-4.438659514,40.710908766
-4.438657928,40.710907732
-4.438595743,40.710912223
-4.438594454,40.710913639
-4.438592862,40.710914862
-4.438591016,40.710915858
-4.438588972,40.710916596
-4.438586790,40.710917053
-4.438584537,40.710917216
-4.438582282,40.710917079
-4.438580091,40.710916647
-4.438578032,40.710915934
-4.438576166,40.710914959
-4.438574550,40.710913754
-4.438513441,40.710918168
-4.438512307,40.710919626
-4.438510863,40.710920915
-4.438509151,40.710921999
-4.438507222,40.710922844
-4.438505132,40.710923427
-4.438502942,40.710923731
-4.438500716,40.710923746
-4.438498518,40.710923473
-4.438496415,40.710922919
-4.438494466,40.710922100
-4.438492729,40.710921040
-4.438491254,40.710919771
-4.438431067,40.710924118
-4.438430084,40.710925607
-4.438428786,40.710926948
-4.438427211,40.710928106
-4.438425404,40.710929046
-4.438423415,40.710929743
-4.438421301,40.710930176
-4.438419121,40.710930333
-4.438416937,40.710930211
-4.438414812,40.710929811
-4.438412804,40.710929147
-4.438410971,40.710928235
-4.438409365,40.710927103
-4.438408031,40.710925782
-4.438348630,40.710930073
-4.438347792,40.710931582
-4.438346638,40.710932966
-4.438345201,40.710934187
-4.438343518,40.710935210
-4.438341637,40.710936008
-4.438339609,40.710936560
-4.438337489,40.710936849
-4.438335335,40.710936868
-4.438333206,40.710936617
-4.438331161,40.710936103
-4.438329256,40.710935338
-4.438327542,40.710934346
-4.438326067,40.710933152
-4.438324870,40.710931789
-4.438266135,40.710936031
-4.438265438,40.710937555
-4.438264425,40.710938972
-4.438263123,40.710940245
-4.438261567,40.710941341
-4.438259798,40.710942230
-4.438257863,40.710942888
-4.438255813,40.710943299
-4.438253703,40.710943452
-4.438251588,40.710943341
-4.438249524,40.710942972
-4.438247567,40.710942352
-4.438245768,40.710941499
-4.438244175,40.710940434
-4.438242829,40.710939188
-4.438241768,40.710937791
-4.438183586,40.710941994
-4.438182976,40.710943623
-4.438182010,40.710945150
-4.438180716,40.710946529
-4.438179132,40.710947720
-4.438177305,40.710948688
-4.438175288,40.710949405
-4.438173139,40.710949850
-4.438170922,40.710950010
-4.438168702,40.710949881
-4.438166544,40.710949465
-4.438164510,40.710948776
-4.438162660,40.710947833
-4.438161048,40.710946664
-4.438159722,40.710945303
-4.438158720,40.710943790
-4.438100986,40.710947960
-4.438100519,40.710949585
-4.438099701,40.710951128
-4.438098556,40.710952544
-4.438097115,40.710953795
-4.438095419,40.710954845
-4.438093516,40.710955665
-4.438091460,40.710956230
-4.438089309,40.710956526
-4.438087123,40.710956543
-4.438084963,40.710956282
-4.438082892,40.710955750
-4.438080967,40.710954962
-4.438079242,40.710953939
-4.438077767,40.710952712
-4.438076582,40.710951314
-4.438075721,40.710949785
-4.438018339,40.710953929
-4.438018009,40.710955545
-4.438017334,40.710957098
-4.438016333,40.710958545
-4.438015032,40.710959847
-4.438013468,40.710960969
-4.438011682,40.710961879
-4.438009725,40.710962554
-4.438007648,40.710962974
-4.438005508,40.710963128
-4.438003364,40.710963013
-4.438001274,40.710962631
-4.437999296,40.710961992
-4.437997482,40.710961115
-4.437995883,40.710960022
-4.437994542,40.710958744
-4.437993495,40.710957316
-4.437992771,40.710955776
-4.437935644,40.710959902
-4.437935424,40.710961598
-4.437934826,40.710963240
-4.437933866,40.710964780
-4.437932574,40.710966172
-4.437930987,40.710967375
-4.437929153,40.710968353
-4.437927126,40.710969077
-4.437924965,40.710969527
-4.437922736,40.710969688
-4.437920503,40.710969556
-4.437918333,40.710969134
-4.437916290,40.710968436
-4.437914434,40.710967482
-4.437912821,40.710966300
-4.437911497,40.710964925
-4.437910503,40.710963398
-4.437909868,40.710961764
-4.437852904,40.710965878
-4.437852821,40.710967551
-4.437852368,40.710969189
-4.437851559,40.710970746
-4.437850417,40.710972178
-4.437848975,40.710973442
-4.437847274,40.710974504
-4.437845362,40.710975332
-4.437843293,40.710975904
-4.437841129,40.710976202
-4.437838928,40.710976219
-4.437836756,40.710975953
-4.437834673,40.710975414
-4.437832740,40.710974615
-4.437831011,40.710973579
-4.437829535,40.710972337
-4.437828356,40.710970924
-4.437827506,40.710969379
-4.437827010,40.710967748
-4.437770120,40.710971857
-4.437769690,40.710970173
-4.437768885,40.710968571
-4.437767728,40.710967098
-4.437766256,40.710965800
-4.437764510,40.710964714
-4.437762545,40.710963873
-4.437760419,40.710963303
-4.437758195,40.710963020
-4.437755941,40.710963034
-4.437753724,40.710963343
-4.437751610,40.710963939
-4.437749662,40.710964803
-4.437747940,40.710965910
-4.437746495,40.710967227
-4.437745369,40.710968713
-4.437744598,40.710970325
-4.437744203,40.710972014
-4.437744197,40.710973729
-4.437687291,40.710977839
-4.437686759,40.710976239
-4.437685886,40.710974727
-4.437684695,40.710973347
-4.437683220,40.710972137
-4.437681500,40.710971129
-4.437679585,40.710970354
-4.437677527,40.710969830
-4.437675384,40.710969574
-4.437673214,40.710969593
-4.437671079,40.710969885
-4.437669037,40.710970444
-4.437667145,40.710971252
-4.437665456,40.710972288
-4.437664017,40.710973524
-4.437662867,40.710974924
-4.437662038,40.710976450
-4.437661555,40.710978059
-4.437661429,40.710979707
-4.437604416,40.710983825
-4.437603748,40.710982224
-4.437602734,40.710980733
-4.437601403,40.710979393
-4.437599794,40.710978243
-4.437597953,40.710977316
-4.437595933,40.710976640
-4.437593792,40.710976233
-4.437591591,40.710976107
-4.437589393,40.710976266
-4.437587263,40.710976705
-4.437585261,40.710977411
-4.437583444,40.710978364
-4.437581865,40.710979538
-4.437580569,40.710980897
-4.437579593,40.710982404
-4.437578966,40.710984014
-4.437578705,40.710985682
-4.437521496,40.710989814
-4.437520686,40.710988218
-4.437519527,40.710986752
-4.437518054,40.710985459
-4.437516310,40.710984379
-4.437514349,40.710983543
-4.437512227,40.710982976
-4.437510009,40.710982696
-4.437507761,40.710982710
-4.437505549,40.710983018
-4.437503440,40.710983611
-4.437501497,40.710984471
-4.437499777,40.710985573
-4.437498332,40.710986884
-4.437497204,40.710988364
-4.437496428,40.710989970
-4.437496027,40.710991653
-4.437438529,40.710995806
-4.437437642,40.710994315
-4.437436445,40.710992955
-4.437434970,40.710991764
-4.437433257,40.710990774
-4.437431353,40.710990012
-4.437429311,40.710989499
-4.437427185,40.710989249
-4.437425034,40.710989268
-4.437422917,40.710989557
-4.437420891,40.710990107
-4.437419012,40.710990903
-4.437417331,40.710991924
-4.437415893,40.710993142
-4.437414739,40.710994523
-4.437413899,40.710996029
-4.437413396,40.710997621
-4.437355513,40.711001801
-4.437354488,40.711000330
-4.437353153,40.710999010
-4.437351547,40.710997879
-4.437349715,40.710996969
-4.437347708,40.710996305
-4.437345583,40.710995906
-4.437343401,40.710995783
-4.437341222,40.710995941
-4.437339109,40.710996373
-4.437337121,40.710997069
-4.437335314,40.710998009
-4.437333740,40.710999165
-4.437332442,40.711000506
-4.437331458,40.711001993
-4.437330815,40.711003585
-4.437272446,40.711007801
-4.437271278,40.711006356
-4.437269804,40.711005083
-4.437268066,40.711004021
-4.437266115,40.711003200
-4.437264009,40.711002644
-4.437261810,40.711002369
-4.437259581,40.711002385
-4.437257388,40.711002689
-4.437255295,40.711003273
-4.437253364,40.711004121
-4.437251651,40.711005206
-4.437250207,40.711006499
-4.437249074,40.711007959
-4.437248284,40.711009546
-4.437189322,40.711013804
-4.437188112,40.711012488
-4.437186639,40.711011338
-4.437184940,40.711010384
-4.437183061,40.711009651
-4.437181052,40.711009160
-4.437178964,40.711008922
-4.437176854,40.711008943
-4.437174775,40.711009224
-4.437172784,40.711009757
-4.437170932,40.711010527
-4.437169268,40.711011516
-4.437167835,40.711012696
-4.437166672,40.711014036
-4.437165809,40.711015502
-4.437106139,40.711019811
-4.437104797,40.711018541
-4.437103199,40.711017456
-4.437101389,40.711016585
-4.437099416,40.711015951
-4.437097333,40.711015572
-4.437095197,40.711015458
-4.437093065,40.711015612
-4.437090995,40.711016030
-4.437089043,40.711016700
-4.437087262,40.711017605
-4.437085699,40.711018720
-4.437084399,40.711020014
-4.437083394,40.711021454
-4.437022891,40.711025823
-4.437021415,40.711024610
-4.437019695,40.711023600
-4.437017778,40.711022822
-4.437015718,40.711022298
-4.437013572,40.711022041
-4.437011400,40.711022059
-4.437009262,40.711022352
-4.437007218,40.711022911
-4.437005324,40.711023722
-4.437003634,40.711024760
-4.437002194,40.711025998
-4.437001045,40.711027401
-4.436939567,40.711031841
-4.436937959,40.711030697
-4.436936120,40.711029776
-4.436934104,40.711029103
-4.436931968,40.711028699
-4.436929773,40.711028574
-4.436927582,40.711028732
-4.436925457,40.711029169
-4.436923459,40.711029872
-4.436921645,40.711030821
-4.436920067,40.711031989
-4.436918771,40.711033343
-4.436856156,40.711037865
-4.436854419,40.711036806
-4.436852471,40.711035987
-4.436850368,40.711035434
-4.436848171,40.711035160
-4.436845946,40.711035176
-4.436843757,40.711035479
-4.436841667,40.711036062
-4.436839739,40.711036907
-4.436838028,40.711037990
-4.436836583,40.711039278
-4.436772640,40.711043896
-4.436770785,40.711042942
-4.436768742,40.711042243
-4.436766571,40.711041822
-4.436764339,40.711041690
-4.436762109,40.711041851
-4.436759949,40.711042300
-4.436757921,40.711043025
-4.436756087,40.711044003
-4.436754501,40.711045206
-4.436688995,40.711049936
-4.436687041,40.711049111
-4.436684931,40.711048552
-4.436682726,40.711048276
-4.436680492,40.711048291
-4.436678294,40.711048596
-4.436676197,40.711049183
-4.436674263,40.711050034
-4.436672548,40.711051124
-4.436605170,40.711055990
-4.436603163,40.711055326
-4.436601040,40.711054928
-4.436598858,40.711054806
-4.436596681,40.711054963
-4.436594569,40.711055395
-4.436592581,40.711056091
-4.436590775,40.711057029
-4.436521074,40.711062063
-4.436519116,40.711061603
-4.436517087,40.711061383
-4.436515038,40.711061407
-4.436513020,40.711061676
-4.436511082,40.711062183
-4.436509272,40.711062915
-4.435866160,40.711109355
-4.435865126,40.711107900
-4.435863789,40.711106596
-4.435862185,40.711105479
-4.435860360,40.711104581
-4.435858364,40.711103927
-4.435856252,40.711103534
-4.435854084,40.711103414
-4.435851921,40.711103571
-4.435849821,40.711103999
-4.435847844,40.711104686
-4.435846045,40.711105615
-4.435844475,40.711106758
-4.435843176,40.711108084
-4.435842185,40.711109556
-4.435841529,40.711111133
-4.435783084,40.711115354
-4.435781910,40.711113926
-4.435780435,40.711112671
-4.435778702,40.711111624
-4.435776761,40.711110816
-4.435774668,40.711110269
-4.435772484,40.711109999
-4.435770271,40.711110016
-4.435768094,40.711110316
-4.435766015,40.711110894
-4.435764095,40.711111730
-4.435762388,40.711112802
-4.435760945,40.711114079
-4.435759807,40.711115522
-4.435759006,40.711117092
-4.435696255,40.711121623
-4.435697373,40.711130590
-4.435761240,40.711125978
-4.435762716,40.711127192
-4.435764436,40.711128201
-4.435766353,40.711128979
-4.435768413,40.711129504
-4.435770559,40.711129761
-4.435772731,40.711129742
-4.435774869,40.711129450
-4.435776913,40.711128890
-4.435778807,40.711128080
-4.435780497,40.711127042
-4.435781937,40.711125804
-4.435783086,40.711124401
-4.435844565,40.711119962
-4.435846173,40.711121105
-4.435848011,40.711122027
-4.435850027,40.711122699
-4.435852163,40.711123104
-4.435854358,40.711123229
-4.435856549,40.711123071
-4.435858674,40.711122634
-4.435860672,40.711121931
-4.435862486,40.711120982
-4.435864064,40.711119814
-4.435865360,40.711118460
-4.435924771,40.711114170
-4.435925599,40.711112644
-4.435926749,40.711111243
-4.435928189,40.711110007
-4.435929878,40.711108970
-4.435931770,40.711108161
-4.435933813,40.711107603
-4.435935949,40.711107310
-4.435938119,40.711107292
-4.435940263,40.711107548
-4.435942322,40.711108072
-4.435944237,40.711108848
-4.435945957,40.711109856
-4.435947432,40.711111067
-4.435948623,40.711112448
-4.436007275,40.711108213
-4.436007961,40.711106674
-4.436008968,40.711105242
-4.436010269,40.711103954
-4.436011829,40.711102845
-4.436013607,40.711101945
-4.436015554,40.711101278
-4.436017618,40.711100863
-4.436019743,40.711100709
-4.436021873,40.711100822
-4.436023950,40.711101198
-4.436025918,40.711101828
-4.436027724,40.711102693
-4.436029321,40.711103772
-4.436030664,40.711105035
-4.436031718,40.711106448
-4.436089831,40.711102251
-4.436090428,40.711100607
-4.436091387,40.711099065
-4.436092679,40.711097672
-4.436094266,40.711096467
-4.436096101,40.711095488
-4.436098130,40.711094762
-4.436100292,40.711094312
-4.436102523,40.711094151
-4.436104758,40.711094284
-4.436106930,40.711094706
-4.436108974,40.711095405
-4.436110831,40.711096361
-4.436112444,40.711097545
-4.436113767,40.711098922
-4.436114760,40.711100451
-4.436172438,40.711096286
-4.436172892,40.711094648
-4.436173701,40.711093092
-4.436174843,40.711091661
-4.436176285,40.711090397
-4.436177986,40.711089336
-4.436179898,40.711088508
-4.436181966,40.711087936
-4.436184130,40.711087638
-4.436186330,40.711087621
-4.436188502,40.711087887
-4.436190584,40.711088426
-4.436192517,40.711089225
-4.436194246,40.711090260
-4.436195722,40.711091501
-4.436196901,40.711092914
-4.436197751,40.711094458
-4.436255093,40.711090317
-4.436255408,40.711088690
-4.436256073,40.711087125
-4.436257069,40.711085665
-4.436258369,40.711084350
-4.436259937,40.711083217
-4.436261729,40.711082298
-4.436263697,40.711081616
-4.436265785,40.711081192
-4.436267938,40.711081037
-4.436270094,40.711081154
-4.436272195,40.711081542
-4.436274183,40.711082189
-4.436276002,40.711083077
-4.436277604,40.711084182
-4.436278943,40.711085473
-4.436279983,40.711086915
-4.436280695,40.711088469
-4.436337794,40.711084345
-4.436337998,40.711082639
-4.436338585,40.711080984
-4.436339539,40.711079432
-4.436340829,40.711078027
-4.436342419,40.711076813
-4.436344259,40.711075825
-4.436346296,40.711075094
-4.436348468,40.711074640
-4.436350710,40.711074478
-4.436352955,40.711074613
-4.436355136,40.711075040
-4.436357188,40.711075746
-4.436359049,40.711076711
-4.436360664,40.711077906
-4.436361984,40.711079295
-4.436362970,40.711080835
-4.436363592,40.711082482
-4.436420541,40.711078370
-4.436420608,40.711076688
-4.436421048,40.711075038
-4.436421849,40.711073469
-4.436422987,40.711072026
-4.436424431,40.711070750
-4.436426137,40.711069678
-4.436428057,40.711068842
-4.436430135,40.711068265
-4.436432311,40.711067964
-4.436434523,40.711067948
-4.436436707,40.711068217
-4.436438799,40.711068764
-4.436440740,40.711069572
-4.436442473,40.711070619
-4.436443948,40.711071873
-4.436445122,40.711073299
-4.436445962,40.711074857
-4.436446444,40.711076499
-4.436503332,40.711072391
-4.436503776,40.711074064
-4.436504591,40.711075654
-4.436505753,40.711077114
-4.436507227,40.711078400
-4.436508968,40.711079475
-4.436510927,40.711080306
-4.436513044,40.711080870
-4.436515256,40.711081149
-4.436517499,40.711081134
-4.436519705,40.711080827
-4.436521809,40.711080237
-4.436523748,40.711079381
-4.436525466,40.711078284
-4.436526911,40.711076978
-4.436528041,40.711075504
-4.436528821,40.711073904
-4.436529228,40.711072226
-4.436529251,40.711070520
-4.436586167,40.711066410
-4.436586712,40.711067998
-4.436587594,40.711069497
-4.436588789,40.711070864
-4.436590264,40.711072063
-4.436591979,40.711073059
-4.436593887,40.711073826
-4.436595936,40.711074343
-4.436598068,40.711074595
-4.436600226,40.711074576
-4.436602350,40.711074286
-4.436604381,40.711073733
-4.436606265,40.711072932
-4.436607950,40.711071906
-4.436609388,40.711070682
-4.436610541,40.711069294
-4.436611376,40.711067780
-4.436611872,40.711066182
-4.436612014,40.711064543
-4.436669048,40.711060424
-4.436669729,40.711062012
-4.436670751,40.711063490
-4.436672084,40.711064816
-4.436673691,40.711065953
-4.436675526,40.711066869
-4.436677537,40.711067537
-4.436679667,40.711067938
-4.436681856,40.711068062
-4.436684040,40.711067904
-4.436686159,40.711067469
-4.436688152,40.711066770
-4.436689962,40.711065826
-4.436691538,40.711064664
-4.436692835,40.711063317
-4.436693817,40.711061824
-4.436694455,40.711060226
-4.436694731,40.711058570
-4.436751975,40.711054436
-4.436752796,40.711056017
-4.436753961,40.711057469
-4.436755435,40.711058747
-4.436757175,40.711059815
-4.436759129,40.711060640
-4.436761239,40.711061199
-4.436763445,40.711061476
-4.436765680,40.711061461
-4.436767878,40.711061155
-4.436769976,40.711060568
-4.436771910,40.711059717
-4.436773625,40.711058627
-4.436775070,40.711057329
-4.436776202,40.711055862
-4.436776987,40.711054270
-4.436777403,40.711052599
-4.436834949,40.711048444
-4.436835845,40.711049920
-4.436837047,40.711051265
-4.436838522,40.711052442
-4.436840230,40.711053419
-4.436842125,40.711054171
-4.436844157,40.711054677
-4.436846269,40.711054923
-4.436848406,40.711054903
-4.436850510,40.711054617
-4.436852525,40.711054073
-4.436854395,40.711053285
-4.436856070,40.711052275
-4.436857506,40.711051071
-4.436858664,40.711049704
-4.436859512,40.711048211
-4.436860027,40.711046632
-4.436917972,40.711042448
-4.436919006,40.711043903
-4.436920343,40.711045207
-4.436921946,40.711046323
-4.436923772,40.711047221
-4.436925768,40.711047876
-4.436927879,40.711048268
-4.436930047,40.711048388
-4.436932211,40.711048232
-4.436934311,40.711047804
-4.436936287,40.711047116
-4.436938086,40.711046188
-4.436939657,40.711045044
-4.436940956,40.711043718
-4.436941947,40.711042246
-4.436942602,40.711040669
-4.437001048,40.711036448
-4.437002222,40.711037875
-4.437003697,40.711039131
-4.437005430,40.711040177
-4.437007371,40.711040986
-4.437009463,40.711041533
-4.437011648,40.711041802
-4.437013860,40.711041786
-4.437016037,40.711041485
-4.437018116,40.711040908
-4.437020036,40.711040071
-4.437021743,40.711038999
-4.437023186,40.711037723
-4.437024324,40.711036279
-4.437025125,40.711034710
-4.437084178,40.711030445
-4.437085498,40.711031836
-4.437087113,40.711033034
-4.437088975,40.711034001
-4.437091029,40.711034709
-4.437093212,40.711035137
-4.437095460,40.711035273
-4.437097705,40.711035110
-4.437099879,40.711034656
-4.437101918,40.711033923
-4.437103760,40.711032933
-4.437105350,40.711031716
-4.437106640,40.711030309
-4.437107592,40.711028754
-4.437167370,40.711024437
-4.437168715,40.711025687
-4.437170309,40.711026754
-4.437172109,40.711027610
-4.437174069,40.711028232
-4.437176135,40.711028603
-4.437178253,40.711028714
-4.437180367,40.711028561
-4.437182420,40.711028149
-4.437184357,40.711027489
-4.437186128,40.711026597
-4.437187685,40.711025499
-4.437188987,40.711024223
-4.437189998,40.711022802
-4.437250629,40.711018424
-4.437252104,40.711019615
-4.437253817,40.711020605
-4.437255721,40.711021368
-4.437257764,40.711021881
-4.437259890,40.711022131
-4.437262041,40.711022112
-4.437264158,40.711021823
-4.437266185,40.711021273
-4.437268064,40.711020476
-4.437269745,40.711019455
-4.437271183,40.711018237
-4.437272337,40.711016856
-4.437333964,40.711012405
-4.437335568,40.711013525
-4.437337395,40.711014426
-4.437339394,40.711015083
-4.437341508,40.711015477
-4.437343680,40.711015598
-4.437345847,40.711015441
-4.437347950,40.711015012
-4.437349930,40.711014322
-4.437351730,40.711013391
-4.437353302,40.711012244
-4.437354601,40.711010915
-4.437417388,40.711006380
-4.437419116,40.711007413
-4.437421048,40.711008210
-4.437423128,40.711008748
-4.437425298,40.711009012
-4.437427495,40.711008995
-4.437429657,40.711008697
-4.437431722,40.711008127
-4.437433632,40.711007301
-4.437435332,40.711006242
-4.437436774,40.711004980
-4.437500920,40.711000347
-4.437502760,40.711001273
-4.437504779,40.711001948
-4.437506919,40.711002355
-4.437509119,40.711002480
-4.437511315,40.711002322
-4.437513444,40.711001883
-4.437515446,40.711001178
-4.437517262,40.711000225
-4.437518841,40.710999053
-4.437584588,40.710994305
-4.437586516,40.710995097
-4.437588592,40.710995632
-4.437590757,40.710995895
-4.437592948,40.710995878
-4.437595105,40.710995581
-4.437597166,40.710995013
-4.437599072,40.710994190
-4.437600770,40.710993136
-4.437668442,40.710988248
-4.437670408,40.710988876
-4.437672482,40.710989251
-4.437674610,40.710989363
-4.437676732,40.710989210
-4.437678794,40.710988795
-4.437680738,40.710988130
-4.437682514,40.710987232
-4.437752587,40.710982171
-4.437754479,40.710982591
-4.437756432,40.710982789
-4.437758402,40.710982761
-4.437760344,40.710982507
-4.437762213,40.710982032
-4.437763966,40.710981349
-4.438983938,40.710893230
-4.438984123,40.710902264
-4.436441019,40.711085939
-4.436439080,40.711086795
-4.436436977,40.711087385
-4.436434772,40.711087691
-4.436432530,40.711087706
-4.436430318,40.711087427
-4.436428202,40.711086864
-4.436359403,40.711091833
-4.436357773,40.711092760
-4.436355974,40.711093482
-4.436354049,40.711093983
-4.436352044,40.711094249
-4.436350010,40.711094275
-4.436347995,40.711094059
-4.436346050,40.711093606
-4.436344220,40.711092929
-4.436277558,40.711097743
-4.436276014,40.711098804
-4.436274267,40.711099664
-4.436272363,40.711100302
-4.436270349,40.711100701
-4.436268278,40.711100850
-4.436266202,40.711100747
-4.436264173,40.711100393
-4.436262245,40.711099798
-4.436260466,40.711098977
-4.436195555,40.711103664
-4.436194125,40.711104828
-4.436192469,40.711105802
-4.436190629,40.711106562
-4.436188652,40.711107087
-4.436186590,40.711107365
-4.436184497,40.711107388
-4.436182426,40.711107154
-4.436180430,40.711106672
-4.436178563,40.711105952
-4.436176871,40.711105014
-4.436113431,40.711109595
-4.436112129,40.711110837
-4.436110582,40.711111905
-4.436108831,40.711112772
-4.436106920,40.711113414
-4.436104899,40.711113815
-4.436102820,40.711113965
-4.436100735,40.711113860
-4.436098700,40.711113503
-4.436096766,40.711112903
-4.436094983,40.711112075
-4.436093396,40.711111041
-4.436031211,40.711115532
-4.436029922,40.711116947
-4.436028330,40.711118171
-4.436026484,40.711119166
-4.436024439,40.711119904
-4.436022258,40.711120361
-4.436020005,40.711120524
-4.436017749,40.711120387
-4.436015559,40.711119955
-4.436013500,40.711119242
-4.436011634,40.711118267
-4.436010018,40.711117062
-4.435948909,40.711121475
-4.435947774,40.711122932
-4.435946330,40.711124222
-4.435944619,40.711125305
-4.435942689,40.711126150
-4.435940599,40.711126734
-4.435938409,40.711127037
-4.435936183,40.711127052
-4.435933986,40.711126779
-4.435931882,40.711126225
-4.435929933,40.711125406
-4.435928196,40.711124346
-4.435926722,40.711123077
-4.435698491,40.711139557
-4.435699610,40.711148524
-4.438984309,40.710911298
-4.438984494,40.710920332
-4.435030144,40.711205909
-4.435031262,40.711214876
-4.438984680,40.710929367
-4.438984865,40.710938401
-4.435032380,40.711223843
-4.435033498,40.711232810
-4.438985051,40.710947435
-4.438985236,40.710956469
-4.435034616,40.711241776
-4.435035735,40.711250743
-4.435101441,40.711245999
-4.435103029,40.711244792
-4.435104865,40.711243811
-4.435106895,40.711243084
-4.435109060,40.711242633
-4.435111294,40.711242472
-4.435113531,40.711242605
-4.435115705,40.711243028
-4.435117751,40.711243729
-4.435119609,40.711244687
-4.438496564,40.711000815
-4.438498428,40.711000033
-4.438500435,40.710999493
-4.438502530,40.710999209
-4.438504658,40.710999188
-4.438506763,40.710999431
-4.438508787,40.710999932
-4.438578115,40.710994925
-4.438579951,40.710993944
-4.438581981,40.710993217
-4.438584145,40.710992766
-4.438586378,40.710992605
-4.438588615,40.710992738
-4.438590788,40.710993161
-4.438592834,40.710993861
-4.438659918,40.710989016
-4.438661444,40.710988003
-4.438663158,40.710987182
-4.438665018,40.710986574
-4.438666979,40.710986192
-4.438668995,40.710986047
-4.438671016,40.710986141
-4.438672993,40.710986472
-4.438674879,40.710987032
-4.438676628,40.710987809
-4.438741891,40.710983095
-4.438743313,40.710981974
-4.438744949,40.710981036
-4.438746757,40.710980306
-4.438748693,40.710979800
-4.438750710,40.710979531
-4.438752757,40.710979506
-4.438754784,40.710979726
-4.438756741,40.710980185
-4.438758579,40.710980871
-4.438760253,40.710981768
-4.438823990,40.710977164
-4.438825436,40.710975848
-4.438827158,40.710974741
-4.438829105,40.710973876
-4.438831219,40.710973281
-4.438833437,40.710972971
-4.438835691,40.710972958
-4.438837915,40.710973240
-4.438840041,40.710973810
-4.438842006,40.710974651
-4.438843751,40.710975737
-4.438906191,40.710971226
-4.438907485,40.710969848
-4.438909068,40.710968658
-4.438910895,40.710967690
-4.438912912,40.710966973
-4.438915060,40.710966528
-4.438917276,40.710966368
-4.438919496,40.710966497
-4.438921654,40.710966912
-4.438923687,40.710967601
-4.438925537,40.710968544
-4.438927149,40.710969713
-4.438985421,40.710965503
-4.438985607,40.710974537
-4.438930066,40.710978549
-4.438929399,40.710980111
-4.438928401,40.710981567
-4.438927101,40.710982878
-4.438925535,40.710984007
-4.438923744,40.710984924
-4.438921780,40.710985604
-4.438919694,40.710986027
-4.438917546,40.710986182
-4.438915393,40.710986065
-4.438913296,40.710985679
-4.438911311,40.710985035
-4.438909493,40.710984150
-4.438907892,40.710983049
-4.438906552,40.710981761
-4.438905510,40.710980323
-4.438847499,40.710984514
-4.438846923,40.710986180
-4.438845976,40.710987745
-4.438844687,40.710989161
-4.438843095,40.710990387
-4.438841249,40.710991383
-4.438839203,40.710992122
-4.438837020,40.710992579
-4.438834766,40.710992742
-4.438832509,40.710992605
-4.438830317,40.710992173
-4.438828257,40.710991458
-4.438826390,40.710990483
-4.438824774,40.710989276
-4.438823457,40.710987875
-4.438822479,40.710986321
-4.438764882,40.710990481
-4.438764451,40.710992139
-4.438763656,40.710993717
-4.438762520,40.710995169
-4.438761077,40.710996454
-4.438759367,40.710997532
-4.438757442,40.710998374
-4.438755356,40.710998955
-4.438753171,40.710999258
-4.438750950,40.710999273
-4.438748758,40.710999002
-4.438746659,40.710998450
-4.438744713,40.710997636
-4.438742978,40.710996581
-4.438741503,40.710995317
-4.438740332,40.710993881
-4.438739499,40.710992315
-4.438682218,40.710996452
-4.438681926,40.710998097
-4.438681277,40.710999682
-4.438680289,40.711001162
-4.438678991,40.711002496
-4.438677418,40.711003646
-4.438675615,40.711004581
-4.438673633,40.711005273
-4.438671526,40.711005703
-4.438669354,40.711005860
-4.438667179,40.711005739
-4.438665060,40.711005343
-4.438663058,40.711004684
-4.438661229,40.711003779
-4.438659624,40.711002655
-4.438658289,40.711001343
-4.438657259,40.710999879
-4.438656566,40.710998305
-4.438599507,40.711002427
-4.438599349,40.711004055
-4.438598841,40.711005642
-4.438597998,40.711007143
-4.438596843,40.711008519
-4.438595406,40.711009731
-4.438593727,40.711010748
-4.438591851,40.711011541
-4.438589830,40.711012088
-4.438587718,40.711012376
-4.438585572,40.711012396
-4.438583452,40.711012147
-4.438581413,40.711011637
-4.438579513,40.711010879
-4.438577802,40.711009894
-4.438576327,40.711008708
-4.438575128,40.711007354
-4.438574237,40.711005869
-4.438573679,40.711004293
-4.438516751,40.711008404
-4.438516710,40.711010101
-4.438516290,40.711011768
-4.438515501,40.711013356
-4.438514368,40.711014818
-4.438512924,40.711016111
-4.438511211,40.711017198
-4.438509279,40.711018046
-4.438507185,40.711018631
-4.438504991,40.711018935
-4.438502761,40.711018951
-4.438500560,40.711018676
-4.438498453,40.711018119
-4.438496501,40.711017297
-4.438494763,40.711016234
-4.438493289,40.711014960
-4.438492122,40.711013514
-4.438491297,40.711011937
-4.438490837,40.711010276
-4.438433951,40.711014385
-4.438433484,40.711012730
-4.438432654,40.711011160
-4.438431484,40.711009720
-4.438430009,40.711008453
-4.438428273,40.711007395
-4.438426325,40.711006578
-4.438424223,40.711006025
-4.438422028,40.711005752
-4.438419804,40.711005767
-4.438417615,40.711006070
-4.438415527,40.711006653
-4.438413599,40.711007497
-4.438411888,40.711008579
-4.438410444,40.711009866
-4.438409309,40.711011322
-4.438408516,40.711012904
-4.438408089,40.711014565
-4.438408040,40.711016257
-4.438351106,40.711020369
-4.438350497,40.711018709
-4.438349520,40.711017154
-4.438348203,40.711015751
-4.438346587,40.711014544
-4.438344720,40.711013567
-4.438342660,40.711012852
-4.438340467,40.711012419
-4.438338209,40.711012282
-4.438335954,40.711012445
-4.438333770,40.711012903
-4.438331724,40.711013642
-4.438329876,40.711014640
-4.438328284,40.711015866
-4.438326996,40.711017283
-4.438326049,40.711018849
-4.438325474,40.711020516
-4.438325287,40.711022234
-4.438268215,40.711026356
-4.438267516,40.711024789
-4.438266483,40.711023333
-4.438265146,40.711022027
-4.438263542,40.711020910
-4.438261716,40.711020010
-4.438259719,40.711019355
-4.438257606,40.711018962
-4.438255437,40.711018842
-4.438253272,40.711018998
-4.438251171,40.711019427
-4.438249193,40.711020115
-4.438247394,40.711021045
-4.438245823,40.711022189
-4.438244524,40.711023517
-4.438243533,40.711024990
-4.438242879,40.711026569
-4.438242580,40.711028208
-4.438185279,40.711032347
-4.438184440,40.711030788
-4.438183266,40.711029359
-4.438181791,40.711028103
-4.438180058,40.711027055
-4.438178116,40.711026245
-4.438176023,40.711025698
-4.438173837,40.711025428
-4.438171623,40.711025444
-4.438169445,40.711025745
-4.438167365,40.711026323
-4.438165444,40.711027160
-4.438163737,40.711028234
-4.438162294,40.711029511
-4.438161156,40.711030956
-4.438160357,40.711032527
-4.438159918,40.711034179
-4.438102295,40.711038341
-4.438101312,40.711036795
-4.438099993,40.711035401
-4.438098378,40.711034202
-4.438096515,40.711033233
-4.438094459,40.711032524
-4.438092274,40.711032095
-4.438090025,40.711031959
-4.438087778,40.711032122
-4.438085602,40.711032577
-4.438083562,40.711033311
-4.438081719,40.711034302
-4.438080128,40.711035520
-4.438078839,40.711036929
-4.438077888,40.711038487
-4.438077305,40.711040146
-4.438019261,40.711044338
-4.438018215,40.711042908
-4.438016874,40.711041629
-4.438015274,40.711040535
-4.438013460,40.711039656
-4.438011480,40.711039017
-4.438009390,40.711038634
-4.438007244,40.711038519
-4.438005104,40.711038673
-4.438003025,40.711039094
-4.438001067,40.711039769
-4.437999280,40.711040681
-4.437997716,40.711041803
-4.437996415,40.711043107
-4.437995415,40.711044555
-4.437994741,40.711046109
-4.437936174,40.711050339
-4.437934989,40.711048940
-4.437933514,40.711047711
-4.437931789,40.711046687
-4.437929863,40.711045898
-4.437927791,40.711045365
-4.437925630,40.711045104
-4.437923443,40.711045121
-4.437921290,40.711045417
-4.437919233,40.711045983
-4.437917330,40.711046803
-4.437915634,40.711047854
-4.437914192,40.711049106
-4.437913047,40.711050524
-4.437912230,40.711052068
-4.437853030,40.711056344
-4.437851704,40.711054983
-4.437850092,40.711053814
-4.437848242,40.711052871
-4.437846208,40.711052181
-4.437844049,40.711051765
-4.437841829,40.711051636
-4.437839612,40.711051796
-4.437837464,40.711052241
-4.437835446,40.711052958
-4.437833619,40.711053927
-4.437832035,40.711055118
-4.437830741,40.711056497
-4.437829775,40.711058024
-4.437769825,40.711062354
-4.437768353,40.711061041
-4.437766604,40.711059942
-4.437764631,40.711059090
-4.437762494,40.711058513
-4.437760257,40.711058226
-4.437757989,40.711058238
-4.437755759,40.711058551
-4.437753633,40.711059153
-4.437751677,40.711060026
-4.437749950,40.711061145
-4.437748504,40.711062474
-4.437747383,40.711063975
-4.437686550,40.711068368
-4.437685076,40.711067211
-4.437683375,40.711066250
-4.437681491,40.711065512
-4.437679475,40.711065016
-4.437677381,40.711064776
-4.437675263,40.711064797
-4.437673177,40.711065080
-4.437671179,40.711065616
-4.437669322,40.711066391
-4.437667654,40.711067385
-4.437666221,40.711068572
-4.437665059,40.711069920
-4.437603198,40.711074388
-4.437601600,40.711073305
-4.437599791,40.711072436
-4.437597820,40.711071803
-4.437595739,40.711071425
-4.437593605,40.711071312
-4.437591475,40.711071466
-4.437589407,40.711071883
-4.437587456,40.711072552
-4.437585677,40.711073455
-4.437584115,40.711074568
-4.437582814,40.711075860
-4.437519752,40.711080415
-4.437518038,40.711079423
-4.437516133,40.711078660
-4.437514089,40.711078145
-4.437511962,40.711077895
-4.437509809,40.711077914
-4.437507690,40.711078203
-4.437505662,40.711078754
-4.437503781,40.711079552
-4.437502099,40.711080574
-4.437500661,40.711081794
-4.437436194,40.711086450
-4.437434378,40.711085569
-4.437432397,40.711084929
-4.437430305,40.711084545
-4.437428158,40.711084429
-4.437426015,40.711084584
-4.437423935,40.711085005
-4.437421974,40.711085682
-4.437420187,40.711086594
-4.437418622,40.711087719
-4.437352490,40.711092495
-4.437350602,40.711091752
-4.437348581,40.711091253
-4.437346480,40.711091010
-4.437344355,40.711091031
-4.437342263,40.711091315
-4.437340259,40.711091854
-4.437338397,40.711092634
-4.437336727,40.711093633
-4.437268585,40.711098555
-4.437266685,40.711097982
-4.437264690,40.711097643
-4.437262649,40.711097546
-4.437260614,40.711097693
-4.437258635,40.711098081
-4.437256759,40.711098699
-4.437255034,40.711099533
-4.435863029,40.711200056
-4.435861169,40.711199345
-4.435859184,40.711198869
-4.435857125,40.711198639
-4.435855044,40.711198663
-4.435852994,40.711198938
-4.435851028,40.711199458
-4.435849196,40.711200210
-4.435847545,40.711201174
-4.435779087,40.711206117
-4.435777231,40.711205581
-4.435775290,40.711205265
-4.435773308,40.711205177
-4.435771332,40.711205320
-4.435769407,40.711205690
-4.435767579,40.711206278
-4.435765889,40.711207070
-4.435283900,40.711241873
-4.435282031,40.711241151
-4.435280034,40.711240667
-4.435277960,40.711240433
-4.435275864,40.711240455
-4.435273800,40.711240733
-4.435271822,40.711241260
-4.435269980,40.711242021
-4.435268322,40.711242997
-4.435206235,40.711247480
-4.435205212,40.711246005
-4.435203878,40.711244681
-4.435202272,40.711243546
-4.435200438,40.711242632
-4.435198428,40.711241966
-4.435196300,40.711241565
-4.435194114,40.711241442
-4.435191931,40.711241599
-4.435189815,40.711242033
-4.435187824,40.711242731
-4.435186015,40.711243674
-4.435184439,40.711244834
-4.435183142,40.711246178
-4.435182159,40.711247669
-4.435181519,40.711249265
-4.435124354,40.711253392
-4.435123936,40.711255061
-4.435123150,40.711256652
-4.435122017,40.711258117
-4.435120573,40.711259412
-4.435118859,40.711260501
-4.435116925,40.711261352
-4.435114829,40.711261938
-4.435112632,40.711262243
-4.435110399,40.711262258
-4.435108195,40.711261982
-4.435106086,40.711261424
-4.435104133,40.711260599
-4.435102394,40.711259533
-4.435100920,40.711258257
-4.435099754,40.711256807
-4.435098931,40.711255228
-4.435036853,40.711259710
-4.435037971,40.711268677
-4.435184697,40.711258083
-4.435186300,40.711259197
-4.435188124,40.711260093
-4.435190119,40.711260745
-4.435192228,40.711261137
-4.435194393,40.711261256
-4.435196555,40.711261100
-4.435198652,40.711260673
-4.435200627,40.711259987
-4.435202424,40.711259060
-4.435203994,40.711257919
-4.435205293,40.711256596
-4.435264345,40.711252332
-4.435264986,40.711253961
-4.435265983,40.711255483
-4.435267307,40.711256853
-4.435268920,40.711258031
-4.435270773,40.711258981
-4.435272813,40.711259676
-4.435274979,40.711260095
-4.435277207,40.711260226
-4.435279432,40.711260066
-4.435281588,40.711259618
-4.435283612,40.711258896
-4.435285443,40.711257922
-4.435287029,40.711256723
-4.435288322,40.711255336
-4.435289284,40.711253801
-4.435289887,40.711252163
-4.435290113,40.711250471
-4.435347515,40.711246327
-4.435348338,40.711244792
-4.435349486,40.711243383
-4.435350926,40.711242139
-4.435352619,40.711241096
-4.435354517,40.711240281
-4.435356566,40.711239719
-4.435358710,40.711239425
-4.435360889,40.711239407
-4.435363041,40.711239666
-4.435365106,40.711240194
-4.435367026,40.711240977
-4.435368748,40.711241992
-4.435370224,40.711243212
-4.435371412,40.711244601
-4.435435669,40.711239962
-4.435437512,40.711239200
-4.435439491,40.711238673
-4.435441556,40.711238395
-4.435443653,40.711238373
-4.435445728,40.711238607
-4.435447726,40.711239091
-4.435760659,40.711216496
-4.435761155,40.711218126
-4.435762005,40.711219670
-4.435763185,40.711221083
-4.435764660,40.711222325
-4.435766389,40.711223360
-4.435768322,40.711224159
-4.435770405,40.711224699
-4.435772577,40.711224964
-4.435774776,40.711224947
-4.435776941,40.711224649
-4.435779009,40.711224077
-4.435780921,40.711223249
-4.435782622,40.711222188
-4.435784064,40.711220924
-4.435785206,40.711219493
-4.435786015,40.711217937
-4.435786469,40.711216299
-4.435786553,40.711214626
-4.435843518,40.711210513
-4.435844154,40.711212146
-4.435845148,40.711213673
-4.435846471,40.711215047
-4.435848085,40.711216229
-4.435849940,40.711217182
-4.435851983,40.711217880
-4.435854152,40.711218301
-4.435856385,40.711218433
-4.435858614,40.711218272
-4.435860774,40.711217823
-4.435862800,40.711217099
-4.435864634,40.711216121
-4.435866221,40.711214919
-4.435867513,40.711213528
-4.435868473,40.711211989
-4.435869072,40.711210347
-4.435869293,40.711208651
-4.435932028,40.711204121
-4.435933892,40.711203339
-4.435935899,40.711202799
-4.435937995,40.711202515
-4.435940123,40.711202494
-4.435942227,40.711202738
-4.435944251,40.711203239
-4.436013580,40.711198233
-4.436015416,40.711197252
-4.436017446,40.711196525
-4.436019610,40.711196074
-4.436021843,40.711195913
-4.436024080,40.711196046
-4.436026253,40.711196469
-4.436028299,40.711197170
-4.436095383,40.711192326
-4.436096909,40.711191313
-4.436098623,40.711190492
-4.436100483,40.711189884
-4.436102445,40.711189502
-4.436104461,40.711189357
-4.436106482,40.711189451
-4.436108459,40.711189782
-4.436110345,40.711190342
-4.436112094,40.711191119
-4.436177357,40.711186406
-4.436178779,40.711185285
-4.436180415,40.711184348
-4.436182223,40.711183617
-4.436184159,40.711183111
-4.436186176,40.711182843
-4.436188223,40.711182818
-4.436190250,40.711183038
-4.436192207,40.711183496
-4.436194045,40.711184183
-4.436195719,40.711185080
-4.436259457,40.711180478
-4.436260902,40.711179161
-4.436262624,40.711178054
-4.436264572,40.711177190
-4.436266686,40.711176594
-4.436268903,40.711176285
-4.436271158,40.711176271
-4.436273381,40.711176554
-4.436275508,40.711177124
-4.436277473,40.711177965
-4.436279218,40.711179051
-4.436341657,40.711174542
-4.436342951,40.711173163
-4.436344535,40.711171973
-4.436346362,40.711171005
-4.436348379,40.711170288
-4.436350527,40.711169843
-4.436352743,40.711169683
-4.436354963,40.711169813
-4.436357121,40.711170228
-4.436359155,40.711170917
-4.436361004,40.711171860
-4.436362616,40.711173028
-4.436423943,40.711168600
-4.436425087,40.711167175
-4.436426529,40.711165916
-4.436428228,40.711164860
-4.436430136,40.711164035
-4.436432198,40.711163466
-4.436434358,40.711163169
-4.436436552,40.711163152
-4.436438718,40.711163415
-4.436440796,40.711163952
-4.436442726,40.711164746
-4.436444453,40.711165776
-4.436445929,40.711167012
-4.436506303,40.711162652
-4.436507299,40.711161193
-4.436508599,40.711159879
-4.436510167,40.711158748
-4.436511959,40.711157828
-4.436513925,40.711157148
-4.436516013,40.711156724
-4.436518165,40.711156568
-4.436520320,40.711156686
-4.436522420,40.711157073
-4.436524407,40.711157719
-4.436526227,40.711158606
-4.436527828,40.711159711
-4.436529167,40.711161001
-4.436588727,40.711156700
-4.436589581,40.711155216
-4.436590740,40.711153858
-4.436592175,40.711152662
-4.436593846,40.711151660
-4.436595710,40.711150878
-4.436597717,40.711150338
-4.436599812,40.711150054
-4.436601940,40.711150033
-4.436604044,40.711150276
-4.436606068,40.711150777
-4.436607957,40.711151522
-4.436609662,40.711152492
-4.436611137,40.711153660
-4.436612342,40.711154995
-4.436671211,40.711150743
-4.436671988,40.711149140
-4.436673116,40.711147662
-4.436674562,40.711146354
-4.436676281,40.711145254
-4.436678223,40.711144395
-4.436680330,40.711143803
-4.436682539,40.711143496
-4.436684785,40.711143482
-4.436687001,40.711143761
-4.436689120,40.711144327
-4.436691080,40.711145161
-4.436692823,40.711146239
-4.436694297,40.711147529
-4.436695457,40.711148992
-4.436753749,40.711144783
-4.436754379,40.711143176
-4.436755356,40.711141673
-4.436756653,40.711140317
-4.436758231,40.711139146
-4.436760046,40.711138195
-4.436762046,40.711137491
-4.436764173,40.711137053
-4.436766367,40.711136895
-4.436768565,40.711137020
-4.436770703,40.711137426
-4.436772721,40.711138100
-4.436774561,40.711139023
-4.436776169,40.711140170
-4.436777501,40.711141506
-4.436778517,40.711142994
-4.436836338,40.711138819
-4.436836827,40.711137213
-4.436837658,40.711135692
-4.436838809,40.711134297
-4.436840248,40.711133066
-4.436841935,40.711132033
-4.436843824,40.711131228
-4.436845862,40.711130672
-4.436847993,40.711130380
-4.436850158,40.711130361
-4.436852297,40.711130616
-4.436854351,40.711131137
-4.436856264,40.711131909
-4.436857981,40.711132912
-4.436859457,40.711134118
-4.436860649,40.711135493
-4.436861526,40.711137000
-4.436918976,40.711132851
-4.436919362,40.711131154
-4.436920128,40.711129534
-4.436921250,40.711128040
-4.436922696,40.711126716
-4.436924421,40.711125602
-4.436926374,40.711124732
-4.436928495,40.711124133
-4.436930720,40.711123822
-4.436932982,40.711123809
-4.436935214,40.711124094
-4.436937346,40.711124668
-4.436939316,40.711125515
-4.436941063,40.711126609
-4.436942536,40.711127916
-4.436943688,40.711129398
-4.436944486,40.711131008
-4.437001661,40.711126879
-4.437001905,40.711125200
-4.437002521,40.711123577
-4.437003491,40.711122057
-4.437004785,40.711120685
-4.437006368,40.711119499
-4.437008191,40.711118536
-4.437010204,40.711117822
-4.437012346,40.711117379
-4.437014557,40.711117220
-4.437016770,40.711117348
-4.437018923,40.711117761
-4.437020953,40.711118446
-4.437022800,40.711119384
-4.437024411,40.711120546
-4.437025738,40.711121900
-4.437026745,40.711123406
-4.437027400,40.711125021
-4.437084391,40.711120905
-4.437084501,40.711119246
-4.437084972,40.711117625
-4.437085793,40.711116087
-4.437086940,40.711114674
-4.437088380,40.711113427
-4.437090074,40.711112381
-4.437091974,40.711111564
-4.437094027,40.711111001
-4.437096174,40.711110706
-4.437098356,40.711110688
-4.437100511,40.711110948
-4.437102579,40.711111478
-4.437104501,40.711112263
-4.437106225,40.711113282
-4.437107700,40.711114505
-4.437108887,40.711115898
-4.437109751,40.711117423
-4.437110268,40.711119036
-4.437167167,40.711114927
-4.437167154,40.711113202
-4.437167535,40.711111502
-4.437168298,40.711109878
-4.437169419,40.711108379
-4.437170865,40.711107050
-4.437172592,40.711105933
-4.437174547,40.711105061
-4.437176672,40.711104459
-4.437178901,40.711104148
-4.437181168,40.711104135
-4.437183403,40.711104421
-4.437185539,40.711104998
-4.437187511,40.711105848
-4.437189259,40.711106946
-4.437190731,40.711108257
-4.437191882,40.711109743
-4.437192676,40.711111359
-4.437193091,40.711113054
-4.437249987,40.711108945
-4.437250497,40.711110564
-4.437251356,40.711112096
-4.437252540,40.711113496
-4.437254016,40.711114725
-4.437255741,40.711115749
-4.437257667,40.711116539
-4.437259740,40.711117072
-4.437261901,40.711117333
-4.437264088,40.711117316
-4.437266242,40.711117020
-4.437268299,40.711116454
-4.437270203,40.711115633
-4.437271900,40.711114582
-4.437273341,40.711113329
-4.437274486,40.711111911
-4.437275303,40.711110366
-4.437275768,40.711108739
-4.437275869,40.711107076
-4.437332851,40.711102961
-4.437333500,40.711104582
-4.437334502,40.711106095
-4.437335828,40.711107456
-4.437337440,40.711108625
-4.437339290,40.711109568
-4.437341324,40.711110257
-4.437343483,40.711110673
-4.437345703,40.711110802
-4.437347919,40.711110642
-4.437350068,40.711110197
-4.437352085,40.711109480
-4.437353912,40.711108512
-4.437355496,40.711107321
-4.437356790,40.711105942
-4.437357756,40.711104415
-4.437358366,40.711102786
-4.437358603,40.711101101
-4.437415761,40.711096973
-4.437416554,40.711098591
-4.437417703,40.711100080
-4.437419175,40.711101394
-4.437420924,40.711102494
-4.437422897,40.711103347
-4.437425036,40.711103925
-4.437427273,40.711104212
-4.437429542,40.711104200
-4.437431774,40.711103887
-4.437433901,40.711103285
-4.437435858,40.711102411
-4.437437585,40.711101291
-4.437439031,40.711099960
-4.437440152,40.711098459
-4.437440913,40.711096832
-4.437441291,40.711095129
-4.437498718,40.711090982
-4.437499590,40.711092496
-4.437500780,40.711093878
-4.437502255,40.711095091
-4.437503975,40.711096100
-4.437505892,40.711096878
-4.437507952,40.711097403
-4.437510097,40.711097659
-4.437512269,40.711097641
-4.437514407,40.711097348
-4.437516451,40.711096789
-4.437518344,40.711095979
-4.437520034,40.711094941
-4.437521474,40.711093703
-4.437522623,40.711092301
-4.437523450,40.711090772
-4.437523932,40.711089161
-4.437581724,40.711084987
-4.437582736,40.711086483
-4.437584065,40.711087827
-4.437585675,40.711088981
-4.437587518,40.711089911
-4.437589541,40.711090590
-4.437591686,40.711090999
-4.437593891,40.711091126
-4.437596092,40.711090967
-4.437598227,40.711090527
-4.437600232,40.711089818
-4.437602052,40.711088862
-4.437603632,40.711087684
-4.437604927,40.711086321
-4.437605901,40.711084810
-4.437606524,40.711083196
-4.437664780,40.711078988
-4.437665936,40.711080461
-4.437667409,40.711081759
-4.437669154,40.711082845
-4.437671119,40.711083685
-4.437673245,40.711084255
-4.437675469,40.711084538
-4.437677723,40.711084524
-4.437679940,40.711084215
-4.437682054,40.711083619
-4.437684002,40.711082755
-4.437685724,40.711081648
-4.437687169,40.711080332
-4.437688295,40.711078846
-4.437689066,40.711077234
-4.437747891,40.711072985
-4.437749093,40.711074330
-4.437750568,40.711075506
-4.437752276,40.711076483
-4.437754171,40.711077234
-4.437756201,40.711077740
-4.437758313,40.711077986
-4.437760450,40.711077965
-4.437762553,40.711077679
-4.437764567,40.711077136
-4.437766437,40.711076348
-4.437768112,40.711075339
-4.437769548,40.711074135
-4.437770705,40.711072769
-4.437771554,40.711071276
-4.437831060,40.711066979
-4.437832398,40.711068279
-4.437834001,40.711069392
-4.437835825,40.711070287
-4.437837819,40.711070940
-4.437839928,40.711071331
-4.437842092,40.711071450
-4.437844253,40.711071294
-4.437846349,40.711070867
-4.437848324,40.711070181
-4.437850121,40.711069255
-4.437851690,40.711068115
-4.437852990,40.711066792
-4.437853982,40.711065323
-4.437914294,40.711060967
-4.437915769,40.711062214
-4.437917500,40.711063253
-4.437919436,40.711064056
-4.437921522,40.711064598
-4.437923699,40.711064865
-4.437925904,40.711064848
-4.437928073,40.711064549
-4.437930145,40.711063975
-4.437932060,40.711063144
-4.437933763,40.711062079
-4.437935206,40.711060810
-4.437936346,40.711059374
-4.437997601,40.711054950
-4.437999214,40.711056131
-4.438001069,40.711057084
-4.438003111,40.711057781
-4.438005280,40.711058201
-4.438007512,40.711058333
-4.438009740,40.711058172
-4.438011899,40.711057723
-4.438013925,40.711057000
-4.438015759,40.711056023
-4.438017345,40.711054821
-4.438018637,40.711053431
-4.438080992,40.711048927
-4.438082741,40.711050026
-4.438084714,40.711050878
-4.438086852,40.711051456
-4.438089089,40.711051743
-4.438091357,40.711051730
-4.438093588,40.711051418
-4.438095714,40.711050816
-4.438097671,40.711049942
-4.438099398,40.711048823
-4.438100844,40.711047493
-4.438164483,40.711042896
-4.438166163,40.711043807
-4.438168011,40.711044504
-4.438169980,40.711044971
-4.438172022,40.711045195
-4.438174084,40.711045171
-4.438176116,40.711044899
-4.438178065,40.711044387
-4.438179884,40.711043647
-4.438181527,40.711042697
-4.438182951,40.711041562
-4.438248097,40.711036857
-4.438249856,40.711037648
-4.438251756,40.711038220
-4.438253751,40.711038559
-4.438255790,40.711038656
-4.438257824,40.711038509
-4.438259803,40.711038121
-4.438261678,40.711037503
-4.438263403,40.711036670
-4.438264935,40.711035641
-4.438331878,40.711030806
-4.438333676,40.711031450
-4.438335582,40.711031878
-4.438337551,40.711032081
-4.438339538,40.711032053
-4.438341496,40.711031796
-4.438343380,40.711031315
-4.438345145,40.711030621
-4.438346752,40.711029731
-4.438415903,40.711024736
-4.438417958,40.711025258
-4.438420098,40.711025513
-4.438422264,40.711025494
-4.438424396,40.711025202
-4.438426436,40.711024645
-4.438428325,40.711023839
-4.438985792,40.710983571
-4.438985978,40.710992606
-4.437186705,40.711122563
-4.437184662,40.711123300
-4.437182482,40.711123756
-4.437180231,40.711123919
-4.437177978,40.711123782
-4.437175789,40.711123352
-4.437105311,40.711128441
-4.437103568,40.711129297
-4.437101670,40.711129931
-4.437099663,40.711130327
-4.437097598,40.711130476
-4.437095529,40.711130374
-4.437093508,40.711130023
-4.437091585,40.711129433
-4.437023600,40.711134342
-4.437021920,40.711135360
-4.437020044,40.711136154
-4.437018021,40.711136703
-4.437015907,40.711136990
-4.437013760,40.711137010
-4.437011638,40.711136761
-4.437009599,40.711136250
-4.437007697,40.711135491
-4.436941694,40.711140258
-4.436940124,40.711141398
-4.436938327,40.711142324
-4.436936353,40.711143010
-4.436934256,40.711143436
-4.436932096,40.711143593
-4.436929931,40.711143473
-4.436927823,40.711143082
-4.436925829,40.711142430
-4.436924006,40.711141535
-4.436859645,40.711146183
-4.436858206,40.711147416
-4.436856517,40.711148451
-4.436854627,40.711149258
-4.436852587,40.711149815
-4.436850453,40.711150107
-4.436848286,40.711150126
-4.436846144,40.711149870
-4.436844088,40.711149348
-4.436842174,40.711148574
-4.436840456,40.711147569
-4.436777485,40.711152116
-4.436776185,40.711153421
-4.436774620,40.711154545
-4.436772833,40.711155457
-4.436770873,40.711156133
-4.436768793,40.711156554
-4.436766651,40.711156709
-4.436764504,40.711156593
-4.436762412,40.711156210
-4.436760432,40.711155569
-4.436758617,40.711154690
-4.436757017,40.711153594
-4.436695233,40.711158056
-4.436694074,40.711159415
-4.436692639,40.711160612
-4.436690967,40.711161615
-4.436689103,40.711162398
-4.436687095,40.711162938
-4.436684999,40.711163223
-4.436682870,40.711163243
-4.436680765,40.711163000
-4.436678740,40.711162498
-4.436676850,40.711161752
-4.436675145,40.711160782
-4.436673671,40.711159613
-4.436612905,40.711164002
-4.436611886,40.711165402
-4.436610583,40.711166659
-4.436609032,40.711167740
-4.436607272,40.711168617
-4.436605350,40.711169267
-4.436603315,40.711169673
-4.436601221,40.711169824
-4.436599122,40.711169717
-4.436597073,40.711169354
-4.436595128,40.711168744
-4.436593338,40.711167904
-4.436591748,40.711166856
-4.436590401,40.711165627
-4.436530507,40.711169952
-4.436529546,40.711171488
-4.436528253,40.711172876
-4.436526667,40.711174076
-4.436524835,40.711175051
-4.436522811,40.711175774
-4.436520653,40.711176222
-4.436518427,40.711176383
-4.436516198,40.711176251
-4.436514031,40.711175832
-4.436511990,40.711175136
-4.436510136,40.711174185
-4.436508523,40.711173006
-4.436507199,40.711171635
-4.436448048,40.711175906
-4.436447236,40.711177459
-4.436446093,40.711178885
-4.436444651,40.711180146
-4.436442952,40.711181203
-4.436441043,40.711182029
-4.436438978,40.711182598
-4.436436818,40.711182896
-4.436434622,40.711182913
-4.436432454,40.711182649
-4.436430375,40.711182112
-4.436428444,40.711181316
-4.436426717,40.711180285
-4.436425241,40.711179047
-4.436424060,40.711177639
-4.436365533,40.711181865
-4.436364865,40.711183427
-4.436363868,40.711184883
-4.436362568,40.711186194
-4.436361001,40.711187323
-4.436359211,40.711188240
-4.436357246,40.711188919
-4.436355161,40.711189342
-4.436353012,40.711189497
-4.436350860,40.711189380
-4.436348762,40.711188994
-4.436346777,40.711188350
-4.436344959,40.711187465
-4.436343358,40.711186364
-4.436342018,40.711185077
-4.436340977,40.711183638
-4.436282965,40.711187828
-4.436282389,40.711189494
-4.436281442,40.711191059
-4.436280153,40.711192475
-4.436278561,40.711193700
-4.436276715,40.711194697
-4.436274669,40.711195436
-4.436272486,40.711195893
-4.436270232,40.711196056
-4.436267975,40.711195919
-4.436265783,40.711195487
-4.436263723,40.711194772
-4.436261856,40.711193796
-4.436260240,40.711192590
-4.436258924,40.711191188
-4.436257946,40.711189634
-4.436200348,40.711193793
-4.436199917,40.711195451
-4.436199122,40.711197029
-4.436197986,40.711198481
-4.436196542,40.711199766
-4.436194833,40.711200844
-4.436192907,40.711201686
-4.436190821,40.711202267
-4.436188636,40.711202570
-4.436186416,40.711202585
-4.436184224,40.711202313
-4.436182124,40.711201762
-4.436180179,40.711200947
-4.436178443,40.711199893
-4.436176969,40.711198629
-4.436175798,40.711197193
-4.436174964,40.711195626
-4.436117683,40.711199763
-4.436117391,40.711201408
-4.436116742,40.711202992
-4.436115754,40.711204473
-4.436114456,40.711205806
-4.436112883,40.711206957
-4.436111080,40.711207891
-4.436109097,40.711208583
-4.436106991,40.711209013
-4.436104819,40.711209170
-4.436102643,40.711209049
-4.436100525,40.711208653
-4.436098523,40.711207993
-4.436096694,40.711207089
-4.436095089,40.711205965
-4.436093754,40.711204652
-4.436092724,40.711203189
-4.436092031,40.711201615
-4.436034972,40.711205735
-4.436034813,40.711207364
-4.436034306,40.711208950
-4.436033463,40.711210451
-4.436032307,40.711211827
-4.436030870,40.711213039
-4.436029191,40.711214056
-4.436027315,40.711214849
-4.436025294,40.711215396
-4.436023182,40.711215684
-4.436021036,40.711215704
-4.436018916,40.711215455
-4.436016878,40.711214945
-4.436014977,40.711214187
-4.436013266,40.711213202
-4.436011791,40.711212016
-4.436010592,40.711210662
-4.436009701,40.711209177
-4.436009143,40.711207600
-4.435952215,40.711211711
-4.435952174,40.711213408
-4.435951754,40.711215075
-4.435950965,40.711216662
-4.435949832,40.711218124
-4.435948388,40.711219417
-4.435946674,40.711220504
-4.435944743,40.711221352
-4.435942649,40.711221937
-4.435940455,40.711222242
-4.435938224,40.711222257
-4.435936023,40.711221982
-4.435933916,40.711221425
-4.435931965,40.711220603
-4.435930227,40.711219540
-4.435928753,40.711218266
-4.435927586,40.711216820
-4.435926760,40.711215243
-4.435926301,40.711213582
-4.435536465,40.711241731
-4.435535125,40.711240447
-4.435533525,40.711239348
-4.435531708,40.711238465
-4.435529725,40.711237822
-4.435527630,40.711237437
-4.435525480,40.711237321
-4.435523334,40.711237476
-4.435521251,40.711237898
-4.435519288,40.711238576
-4.435517499,40.711239491
-4.435515933,40.711240618
-4.435514633,40.711241926
-4.435513634,40.711243380
-4.435455774,40.711247558
-4.435455740,40.711249258
-4.435455325,40.711250930
-4.435454539,40.711252522
-4.435453408,40.711253989
-4.435451963,40.711255287
-4.435450248,40.711256378
-4.435448313,40.711257229
-4.435446215,40.711257816
-4.435444016,40.711258122
-4.435441781,40.711258137
-4.435439576,40.711257860
-4.435437465,40.711257301
-4.435435511,40.711256475
-4.435433771,40.711255407
-4.435432297,40.711254128
-4.435431132,40.711252676
-4.435430311,40.711251094
-4.435429857,40.711249429
-4.435371643,40.711253632
-4.435370505,40.711255079
-4.435369062,40.711256359
-4.435367354,40.711257433
-4.435365432,40.711258272
-4.435363351,40.711258851
-4.435361170,40.711259152
-4.435358954,40.711259168
-4.435356767,40.711258898
-4.435354672,40.711258349
-4.435352729,40.711257538
-4.435350995,40.711256488
-4.435349520,40.711255230
-4.435031480,40.711278193
-4.435032598,40.711287160
-4.435514499,40.711252365
-4.435515822,40.711253742
-4.435517435,40.711254926
-4.435519292,40.711255881
-4.435521336,40.711256581
-4.435523508,40.711257003
-4.435525742,40.711257135
-4.435527974,40.711256974
-4.435530136,40.711256524
-4.435532164,40.711255799
-4.435533999,40.711254819
-4.435535586,40.711253615
-4.435536878,40.711252221
-4.435537837,40.711250680
-4.435595465,40.711246519
-4.435595577,40.711244862
-4.435596051,40.711243243
-4.435596873,40.711241706
-4.435598020,40.711240296
-4.435599460,40.711239051
-4.435601154,40.711238006
-4.435603052,40.711237191
-4.435605103,40.711236628
-4.435607249,40.711236334
-4.435609428,40.711236316
-4.435611582,40.711236575
-4.435613648,40.711237104
-4.435615569,40.711237888
-4.435617292,40.711238904
-4.435618767,40.711240126
-4.435619954,40.711241517
-4.435620820,40.711243039
-4.435621339,40.711244650
-4.435679895,40.711240422
-4.435681057,40.711239076
-4.435682490,40.711237890
-4.435684157,40.711236897
-4.435686013,40.711236122
-4.435688010,40.711235587
-4.435690095,40.711235304
-4.435692212,40.711235283
-4.435694305,40.711235523
-4.435696320,40.711236018
-4.435698203,40.711236755
-4.435699903,40.711237715
-4.435701377,40.711238871
-4.438986163,40.711001640
-4.438986349,40.711010674
-4.435703900,40.711247737
-4.435703129,40.711249349
-4.435702003,40.711250836
-4.435700558,40.711252153
-4.435698835,40.711253261
-4.435696888,40.711254126
-4.435694773,40.711254722
-4.435692555,40.711255031
-4.435690299,40.711255045
-4.435688075,40.711254762
-4.435685948,40.711254192
-4.435683983,40.711253350
-4.435682237,40.711252264
-4.435680765,40.711250964
-4.435679609,40.711249491
-4.435616412,40.711254054
-4.435614664,40.711254916
-4.435612757,40.711255555
-4.435610741,40.711255954
-4.435608668,40.711256104
-4.435606589,40.711256000
-4.435604559,40.711255646
-4.435602629,40.711255049
-4.435033716,40.711296126
-4.435034834,40.711305093
-4.438986534,40.711019708
-4.438986720,40.711028742
-4.435035952,40.711314060
-4.435037070,40.711323027
-4.438828598,40.711049212
-4.438830291,40.711048416
-4.438832123,40.711047826
-4.438834051,40.711047455
-4.438836032,40.711047311
-4.438838018,40.711047400
-4.438839964,40.711047717
-4.438841823,40.711048256
-4.438910257,40.711043313
-4.438911909,40.711042346
-4.438913743,40.711041592
-4.438915712,40.711041070
-4.438917765,40.711040794
-4.438919849,40.711040771
-4.438921912,40.711041002
-4.438923900,40.711041480
-4.438925762,40.711042193
-4.438986905,40.711037776
-4.438987091,40.711046811
-4.438932015,40.711050789
-4.438931793,40.711052484
-4.438931193,40.711054124
-4.438930232,40.711055663
-4.438928940,40.711057053
-4.438927354,40.711058255
-4.438925520,40.711059232
-4.438923494,40.711059955
-4.438921335,40.711060404
-4.438919107,40.711060565
-4.438916876,40.711060433
-4.438914707,40.711060013
-4.438912665,40.711059316
-4.438910810,40.711058363
-4.438909197,40.711057182
-4.438907873,40.711055809
-4.438906878,40.711054283
-4.438906241,40.711052651
-4.438849275,40.711056766
-4.438849190,40.711058438
-4.438848736,40.711060075
-4.438847926,40.711061631
-4.438846784,40.711063060
-4.438845342,40.711064324
-4.438843641,40.711065384
-4.438841730,40.711066212
-4.438839663,40.711066783
-4.438837499,40.711067081
-4.438835300,40.711067098
-4.438833129,40.711066833
-4.438831047,40.711066294
-4.438829115,40.711065496
-4.438827386,40.711064462
-4.438825911,40.711063221
-4.438824731,40.711061809
-4.438823880,40.711060266
-4.438823382,40.711058636
-4.438766492,40.711062745
-4.438766063,40.711061060
-4.438765259,40.711059457
-4.438764103,40.711057983
-4.438762631,40.711056683
-4.438760885,40.711055595
-4.438758919,40.711054754
-4.438756792,40.711054183
-4.438754567,40.711053900
-4.438752312,40.711053914
-4.438750093,40.711054223
-4.438747978,40.711054820
-4.438746030,40.711055685
-4.438744307,40.711056793
-4.438742861,40.711058111
-4.438741736,40.711059598
-4.438740966,40.711061211
-4.438740573,40.711062902
-4.438740569,40.711064618
-4.438683663,40.711068728
-4.438683133,40.711067126
-4.438682261,40.711065613
-4.438681071,40.711064232
-4.438679595,40.711063020
-4.438677876,40.711062011
-4.438675960,40.711061234
-4.438673901,40.711060710
-4.438671756,40.711060454
-4.438669585,40.711060472
-4.438667448,40.711060765
-4.438665405,40.711061324
-4.438663512,40.711062133
-4.438661823,40.711063171
-4.438660383,40.711064408
-4.438659233,40.711065809
-4.438658406,40.711067336
-4.438657923,40.711068947
-4.438657799,40.711070597
-4.438600789,40.711074715
-4.438600122,40.711073113
-4.438599109,40.711071619
-4.438597779,40.711070278
-4.438596169,40.711069127
-4.438594328,40.711068199
-4.438592307,40.711067522
-4.438590164,40.711067114
-4.438587962,40.711066988
-4.438585763,40.711067147
-4.438583631,40.711067586
-4.438581628,40.711068293
-4.438579810,40.711069248
-4.438578231,40.711070423
-4.438576935,40.711071783
-4.438575960,40.711073291
-4.438575334,40.711074903
-4.438575075,40.711076572
-4.438517870,40.711080704
-4.438517061,40.711079107
-4.438515903,40.711077639
-4.438514429,40.711076345
-4.438512686,40.711075263
-4.438510723,40.711074426
-4.438508600,40.711073859
-4.438506381,40.711073578
-4.438504131,40.711073591
-4.438501918,40.711073900
-4.438499808,40.711074494
-4.438497864,40.711075355
-4.438496143,40.711076458
-4.438494698,40.711077770
-4.438493571,40.711079252
-4.438492796,40.711080859
-4.438492396,40.711082544
-4.438434904,40.711086697
-4.438434018,40.711085204
-4.438432821,40.711083842
-4.438431346,40.711082650
-4.438429633,40.711081658
-4.438427728,40.711080895
-4.438425684,40.711080381
-4.438423557,40.711080131
-4.438421404,40.711080150
-4.438419286,40.711080439
-4.438417258,40.711080990
-4.438415378,40.711081787
-4.438413696,40.711082809
-4.438412259,40.711084028
-4.438411105,40.711085411
-4.438410266,40.711086920
-4.438409765,40.711088513
-4.438351889,40.711092693
-4.438350865,40.711091220
-4.438349530,40.711089898
-4.438347924,40.711088765
-4.438346091,40.711087853
-4.438344083,40.711087188
-4.438341956,40.711086788
-4.438339772,40.711086666
-4.438337592,40.711086823
-4.438335477,40.711087256
-4.438333488,40.711087953
-4.438331680,40.711088894
-4.438330105,40.711090052
-4.438328807,40.711091395
-4.438327824,40.711092884
-4.438327182,40.711094478
-4.438268822,40.711098693
-4.438267655,40.711097246
-4.438266181,40.711095972
-4.438264442,40.711094908
-4.438262491,40.711094085
-4.438260383,40.711093529
-4.438258182,40.711093254
-4.438255951,40.711093269
-4.438253756,40.711093573
-4.438251662,40.711094158
-4.438249730,40.711095007
-4.438248017,40.711096094
-4.438246572,40.711097388
-4.438245439,40.711098851
-4.438244651,40.711100439
-4.438185700,40.711104697
-4.438184490,40.711103378
-4.438183017,40.711102226
-4.438181317,40.711101271
-4.438179437,40.711100537
-4.438177426,40.711100044
-4.438175337,40.711099805
-4.438173224,40.711099827
-4.438171144,40.711100108
-4.438169151,40.711100642
-4.438167297,40.711101414
-4.438165632,40.711102404
-4.438164200,40.711103585
-4.438163037,40.711104928
-4.438162175,40.711106396
-4.438102518,40.711110705
-4.438101176,40.711109433
-4.438099578,40.711108345
-4.438097767,40.711107472
-4.438095792,40.711106837
-4.438093707,40.711106457
-4.438091569,40.711106343
-4.438089434,40.711106497
-4.438087362,40.711106915
-4.438085408,40.711107587
-4.438083626,40.711108493
-4.438082063,40.711109610
-4.438080762,40.711110907
-4.438079759,40.711112349
-4.438019270,40.711116718
-4.438017794,40.711115502
-4.438016073,40.711114490
-4.438014155,40.711113710
-4.438012093,40.711113184
-4.438009945,40.711112927
-4.438007770,40.711112945
-4.438005630,40.711113239
-4.438003584,40.711113799
-4.438001689,40.711114611
-4.437999998,40.711115651
-4.437998558,40.711116891
-4.437997409,40.711118297
-4.437935947,40.711122736
-4.437934338,40.711121589
-4.437932499,40.711120666
-4.437930481,40.711119992
-4.437928343,40.711119586
-4.437926145,40.711119461
-4.437923951,40.711119619
-4.437921823,40.711120057
-4.437919823,40.711120761
-4.437918008,40.711121712
-4.437916430,40.711122883
-4.437915134,40.711124239
-4.437852538,40.711128760
-4.437850801,40.711127698
-4.437848850,40.711126877
-4.437846745,40.711126322
-4.437844545,40.711126047
-4.437842317,40.711126062
-4.437840124,40.711126367
-4.437838032,40.711126951
-4.437836101,40.711127798
-4.437834388,40.711128883
-4.437832944,40.711130175
-4.437769025,40.711134792
-4.437767167,40.711133834
-4.437765121,40.711133133
-4.437762948,40.711132710
-4.437760711,40.711132577
-4.437758477,40.711132739
-4.437756313,40.711133189
-4.437754283,40.711133916
-4.437752447,40.711134897
-4.437750859,40.711136104
-4.437685380,40.711140833
-4.437683424,40.711140004
-4.437681310,40.711139443
-4.437679101,40.711139166
-4.437676863,40.711139180
-4.437674660,40.711139486
-4.437672560,40.711140075
-4.437670622,40.711140929
-4.437668906,40.711142023
-4.437601560,40.711146887
-4.437599549,40.711146219
-4.437597420,40.711145818
-4.437595232,40.711145694
-4.437593048,40.711145852
-4.437590930,40.711146287
-4.437588938,40.711146986
-4.437587128,40.711147929
-4.437517471,40.711152960
-4.437515505,40.711152496
-4.437513467,40.711152273
-4.437511409,40.711152297
-4.437509381,40.711152568
-4.437507435,40.711153078
-4.437505619,40.711153816
-4.435206327,40.711319854
-4.435204853,40.711318577
-4.435203114,40.711317512
-4.435201161,40.711316688
-4.435199052,40.711316129
-4.435196849,40.711315854
-4.435194616,40.711315869
-4.435192419,40.711316174
-4.435190323,40.711316760
-4.435188390,40.711317610
-4.435186676,40.711318698
-4.435185231,40.711319994
-4.435184099,40.711321459
-4.435125939,40.711325658
-4.435125497,40.711323983
-4.435124684,40.711322391
-4.435123523,40.711320928
-4.435122050,40.711319639
-4.435120308,40.711318562
-4.435118348,40.711317729
-4.435116229,40.711317164
-4.435114014,40.711316885
-4.435111770,40.711316899
-4.435109561,40.711317206
-4.435107455,40.711317798
-4.435105514,40.711318656
-4.435103795,40.711319755
-4.435102350,40.711321062
-4.435101221,40.711322539
-4.435100443,40.711324141
-4.435100038,40.711325821
-4.435100018,40.711327529
-4.435038188,40.711331994
-4.435039306,40.711340960
-4.435108237,40.711335983
-4.435110182,40.711336435
-4.435112196,40.711336651
-4.435114229,40.711336626
-4.435116233,40.711336360
-4.435118157,40.711335859
-4.435119956,40.711335137
-4.435184420,40.711330483
-4.435185612,40.711331858
-4.435187088,40.711333064
-4.435188805,40.711334067
-4.435190718,40.711334839
-4.435192772,40.711335360
-4.435194911,40.711335614
-4.435197076,40.711335596
-4.435199206,40.711335304
-4.435201244,40.711334748
-4.435203133,40.711333943
-4.435204820,40.711332910
-4.435206259,40.711331679
-4.435207411,40.711330284
-4.435208242,40.711328763
-4.435265672,40.711324616
-4.435265885,40.711322916
-4.435266478,40.711321268
-4.435267435,40.711319722
-4.435268727,40.711318325
-4.435270315,40.711317117
-4.435272152,40.711316135
-4.435274183,40.711315407
-4.435276349,40.711314956
-4.435278584,40.711314794
-4.435280822,40.711314928
-4.435282997,40.711315352
-4.435285044,40.711316053
-4.435286903,40.711317012
-4.435288517,40.711318200
-4.435289838,40.711319581
-4.435290829,40.711321115
-4.435291458,40.711322754
-4.435350435,40.711318496
-4.435351733,40.711317153
-4.435353308,40.711315994
-4.435355116,40.711315053
-4.435357106,40.711314355
-4.435359222,40.711313922
-4.435361403,40.711313764
-4.435363588,40.711313887
-4.435365715,40.711314288
-4.435367723,40.711314953
-4.435369557,40.711315866
-4.435371163,40.711316999
-4.436264061,40.711252525
-4.436265754,40.711251729
-4.436267586,40.711251139
-4.436269515,40.711250768
-4.436271496,40.711250625
-4.436273482,40.711250713
-4.436275428,40.711251031
-4.436277287,40.711251570
-4.436345721,40.711246629
-4.436347373,40.711245661
-4.436349207,40.711244907
-4.436351176,40.711244386
-4.436353229,40.711244110
-4.436355314,40.711244087
-4.436357376,40.711244317
-4.436359364,40.711244795
-4.436361226,40.711245509
-4.436427594,40.711240716
-4.436429150,40.711239620
-4.436430919,40.711238731
-4.436432855,40.711238072
-4.436434905,40.711237661
-4.436437016,40.711237508
-4.436439131,40.711237619
-4.436441195,40.711237989
-4.436443153,40.711238609
-4.436444952,40.711239463
-4.436509618,40.711234793
-4.436511053,40.711233599
-4.436512724,40.711232598
-4.436514586,40.711231818
-4.436516590,40.711231279
-4.436518684,40.711230995
-4.436520810,40.711230974
-4.436522912,40.711231217
-4.436524934,40.711231717
-4.436526822,40.711232460
-4.436528526,40.711233428
-4.436591758,40.711228861
-4.436593060,40.711227591
-4.436594615,40.711226499
-4.436596382,40.711225612
-4.436598314,40.711224955
-4.436600361,40.711224546
-4.436602468,40.711224393
-4.436604580,40.711224503
-4.436606641,40.711224871
-4.436608595,40.711225489
-4.436610393,40.711226340
-4.436611985,40.711227401
-4.436673992,40.711222923
-4.436675157,40.711221595
-4.436676588,40.711220426
-4.436678247,40.711219448
-4.436680090,40.711218685
-4.436682071,40.711218157
-4.436684138,40.711217879
-4.436686237,40.711217856
-4.436688313,40.711218091
-4.436690312,40.711218576
-4.436692183,40.711219300
-4.436693877,40.711220243
-4.436695350,40.711221380
-4.436756307,40.711216978
-4.436757434,40.711215497
-4.436758879,40.711214186
-4.436760599,40.711213084
-4.436762543,40.711212223
-4.436764653,40.711211630
-4.436766865,40.711211321
-4.436769114,40.711211307
-4.436771333,40.711211588
-4.436773455,40.711212155
-4.436775417,40.711212992
-4.436777160,40.711214073
-4.436778634,40.711215366
-4.436838691,40.711211029
-4.436839665,40.711209520
-4.436840961,40.711208157
-4.436842541,40.711206981
-4.436844359,40.711206026
-4.436846364,40.711205318
-4.436848497,40.711204878
-4.436850697,40.711204719
-4.436852900,40.711204846
-4.436855044,40.711205254
-4.436857066,40.711205932
-4.436858909,40.711206861
-4.436860518,40.711208014
-4.436861848,40.711209357
-4.436921138,40.711205075
-4.436921965,40.711203546
-4.436923114,40.711202143
-4.436924554,40.711200906
-4.436926244,40.711199867
-4.436928137,40.711199057
-4.436930181,40.711198498
-4.436932319,40.711198205
-4.436934492,40.711198187
-4.436936638,40.711198443
-4.436938698,40.711198968
-4.436940614,40.711199746
-4.436942334,40.711200755
-4.436943810,40.711201969
-4.436945000,40.711203352
-4.437003642,40.711199117
-4.437004326,40.711197576
-4.437005333,40.711196142
-4.437006634,40.711194852
-4.437008195,40.711193742
-4.437009973,40.711192841
-4.437011922,40.711192173
-4.437013987,40.711191757
-4.437016114,40.711191603
-4.437018246,40.711191716
-4.437020324,40.711192093
-4.437022294,40.711192724
-4.437024101,40.711193591
-4.437025698,40.711194671
-4.437027041,40.711195936
-4.437028094,40.711197351
-4.437086200,40.711193154
-4.437086795,40.711191509
-4.437087753,40.711189965
-4.437089045,40.711188570
-4.437090632,40.711187364
-4.437092468,40.711186383
-4.437094498,40.711185657
-4.437096662,40.711185206
-4.437098895,40.711185045
-4.437101131,40.711185178
-4.437103304,40.711185601
-4.437105350,40.711186301
-4.437107207,40.711187258
-4.437108821,40.711188444
-4.437110143,40.711189823
-4.437111135,40.711191354
-4.437168807,40.711187188
-4.437169259,40.711185549
-4.437170067,40.711183991
-4.437171209,40.711182558
-4.437172651,40.711181293
-4.437174353,40.711180230
-4.437176266,40.711179401
-4.437178335,40.711178829
-4.437180501,40.711178531
-4.437182702,40.711178514
-4.437184875,40.711178780
-4.437186959,40.711179320
-4.437188893,40.711180120
-4.437190623,40.711181156
-4.437192098,40.711182400
-4.437193277,40.711183814
-4.437194126,40.711185360
-4.437251463,40.711181219
-4.437251776,40.711179590
-4.437252440,40.711178023
-4.437253435,40.711176562
-4.437254735,40.711175246
-4.437256303,40.711174112
-4.437258096,40.711173191
-4.437260065,40.711172509
-4.437262155,40.711172084
-4.437264309,40.711171928
-4.437266467,40.711172046
-4.437268569,40.711172434
-4.437270558,40.711173082
-4.437272378,40.711173972
-4.437273980,40.711175078
-4.437275319,40.711176371
-4.437276358,40.711177815
-4.437277069,40.711179370
-4.437334165,40.711175246
-4.437334367,40.711173538
-4.437334953,40.711171883
-4.437335905,40.711170329
-4.437337196,40.711168923
-4.437338786,40.711167707
-4.437340627,40.711166719
-4.437342665,40.711165986
-4.437344838,40.711165532
-4.437347081,40.711165370
-4.437349328,40.711165505
-4.437351510,40.711165933
-4.437353563,40.711166640
-4.437355425,40.711167606
-4.437357040,40.711168802
-4.437358359,40.711170192
-4.437359344,40.711171734
-4.437359965,40.711173383
-4.437416912,40.711169270
-4.437416977,40.711167587
-4.437417416,40.711165936
-4.437418216,40.711164365
-4.437419354,40.711162921
-4.437420797,40.711161644
-4.437422504,40.711160571
-4.437424425,40.711159734
-4.437426504,40.711159157
-4.437428682,40.711158856
-4.437430895,40.711158840
-4.437433080,40.711159109
-4.437435173,40.711159656
-4.437437115,40.711160465
-4.437438848,40.711161513
-4.437440323,40.711162769
-4.437441497,40.711164197
-4.437442336,40.711165755
-4.437442816,40.711167399
-4.437499704,40.711163291
-4.437500150,40.711164962
-4.437500966,40.711166550
-4.437502129,40.711168008
-4.437503602,40.711169293
-4.437505344,40.711170367
-4.437507301,40.711171197
-4.437509417,40.711171760
-4.437511628,40.711172038
-4.437513869,40.711172024
-4.437516074,40.711171717
-4.437518177,40.711171127
-4.437520116,40.711170272
-4.437521833,40.711169176
-4.437523278,40.711167872
-4.437524407,40.711166399
-4.437525188,40.711164801
-4.437525598,40.711163124
-4.437525623,40.711161419
-4.437582540,40.711157308
-4.437583086,40.711158896
-4.437583969,40.711160393
-4.437585165,40.711161758
-4.437586640,40.711162955
-4.437588355,40.711163950
-4.437590262,40.711164716
-4.437592309,40.711165232
-4.437594440,40.711165484
-4.437596596,40.711165465
-4.437598719,40.711165175
-4.437600749,40.711164623
-4.437602632,40.711163823
-4.437604316,40.711162798
-4.437605754,40.711161575
-4.437606907,40.711160188
-4.437607744,40.711158676
-4.437608241,40.711157079
-4.437608385,40.711155441
-4.437665422,40.711151322
-4.437666104,40.711152908
-4.437667126,40.711154384
-4.437668460,40.711155709
-4.437670067,40.711156845
-4.437671901,40.711157759
-4.437673911,40.711158427
-4.437676040,40.711158828
-4.437678227,40.711158951
-4.437680411,40.711158793
-4.437682528,40.711158359
-4.437684520,40.711157660
-4.437686329,40.711156717
-4.437687905,40.711155557
-4.437689202,40.711154211
-4.437690184,40.711152719
-4.437690823,40.711151123
-4.437691101,40.711149467
-4.437748349,40.711145333
-4.437749172,40.711146912
-4.437750338,40.711148362
-4.437751812,40.711149639
-4.437753551,40.711150705
-4.437755504,40.711151529
-4.437757613,40.711152087
-4.437759817,40.711152363
-4.437762050,40.711152348
-4.437764247,40.711152043
-4.437766343,40.711151457
-4.437768277,40.711150607
-4.437769991,40.711149517
-4.437771436,40.711148221
-4.437772568,40.711146756
-4.437773355,40.711145166
-4.437773772,40.711143496
-4.437831324,40.711139340
-4.437832222,40.711140814
-4.437833424,40.711142157
-4.437834899,40.711143333
-4.437836606,40.711144309
-4.437838501,40.711145059
-4.437840531,40.711145564
-4.437842642,40.711145810
-4.437844777,40.711145789
-4.437846880,40.711145504
-4.437848892,40.711144960
-4.437850761,40.711144174
-4.437852436,40.711143165
-4.437853872,40.711141962
-4.437855029,40.711140597
-4.437855878,40.711139106
-4.437856396,40.711137529
-4.437914348,40.711133343
-4.437915382,40.711134797
-4.437916719,40.711136099
-4.437918323,40.711137214
-4.437920147,40.711138110
-4.437922142,40.711138764
-4.437924252,40.711139155
-4.437926419,40.711139275
-4.437928581,40.711139119
-4.437930679,40.711138691
-4.437932654,40.711138004
-4.437934452,40.711137077
-4.437936023,40.711135935
-4.437937322,40.711134611
-4.437938313,40.711133140
-4.437938970,40.711131565
-4.437997424,40.711127343
-4.437998599,40.711128768
-4.438000074,40.711130021
-4.438001806,40.711131067
-4.438003746,40.711131874
-4.438005838,40.711132420
-4.438008020,40.711132688
-4.438010231,40.711132672
-4.438012406,40.711132372
-4.438014484,40.711131795
-4.438016403,40.711130960
-4.438018108,40.711129889
-4.438019551,40.711128615
-4.438020690,40.711127173
-4.438021492,40.711125605
-4.438080556,40.711121339
-4.438081876,40.711122728
-4.438083491,40.711123923
-4.438085352,40.711124888
-4.438087404,40.711125595
-4.438089586,40.711126022
-4.438091832,40.711126157
-4.438094075,40.711125995
-4.438096247,40.711125541
-4.438098284,40.711124810
-4.438100125,40.711123821
-4.438101714,40.711122607
-4.438103005,40.711121202
-4.438103958,40.711119648
-4.438163749,40.711115330
-4.438165094,40.711116577
-4.438166687,40.711117642
-4.438168487,40.711118496
-4.438170445,40.711119117
-4.438172509,40.711119487
-4.438174625,40.711119597
-4.438176736,40.711119445
-4.438178787,40.711119034
-4.438180723,40.711118374
-4.438182492,40.711117485
-4.438184049,40.711116388
-4.438185350,40.711115114
-4.438186363,40.711113696
-4.438247008,40.711109316
-4.438248484,40.711110505
-4.438250196,40.711111493
-4.438252098,40.711112254
-4.438254139,40.711112766
-4.438256263,40.711113015
-4.438258412,40.711112996
-4.438260527,40.711112707
-4.438262551,40.711112158
-4.438264429,40.711111363
-4.438266109,40.711110344
-4.438267547,40.711109128
-4.438268701,40.711107749
-4.438330345,40.711103297
-4.438331949,40.711104414
-4.438333774,40.711105312
-4.438335771,40.711105967
-4.438337883,40.711106360
-4.438340052,40.711106480
-4.438342216,40.711106324
-4.438344317,40.711105895
-4.438346294,40.711105207
-4.438348093,40.711104278
-4.438349664,40.711103134
-4.438350963,40.711101807
-4.438413771,40.711097271
-4.438415498,40.711098300
-4.438417428,40.711099094
-4.438419505,40.711099631
-4.438421672,40.711099894
-4.438423865,40.711099877
-4.438426024,40.711099580
-4.438428087,40.711099011
-4.438429994,40.711098187
-4.438431693,40.711097130
-4.438433135,40.711095872
-4.438497303,40.711091237
-4.438499142,40.711092159
-4.438501159,40.711092832
-4.438503296,40.711093237
-4.438505492,40.711093362
-4.438507684,40.711093204
-4.438509810,40.711092767
-4.438511808,40.711092063
-4.438513622,40.711091113
-4.438515200,40.711089944
-4.438580974,40.711085193
-4.438582900,40.711085983
-4.438584972,40.711086515
-4.438587132,40.711086776
-4.438589319,40.711086759
-4.438591471,40.711086463
-4.438593528,40.711085897
-4.438595431,40.711085077
-4.438597127,40.711084027
-4.438664833,40.711079136
-4.438666795,40.711079759
-4.438668863,40.711080132
-4.438670984,40.711080243
-4.438673100,40.711080090
-4.438675155,40.711079677
-4.438677094,40.711079015
-4.438678866,40.711078122
-4.438748983,40.711073058
-4.438750867,40.711073474
-4.438752811,40.711073669
-4.438754772,40.711073641
-4.438756706,40.711073388
-4.438758567,40.711072917
-4.438760315,40.711072239
-4.438987276,40.711055845
-4.438987462,40.711064879
-4.437437371,40.711176840
-4.437435437,40.711177691
-4.437433340,40.711178277
-4.437431142,40.711178583
-4.437428908,40.711178597
-4.437426704,40.711178321
-4.437424594,40.711177763
-4.437355759,40.711182734
-4.437354132,40.711183658
-4.437352336,40.711184377
-4.437350415,40.711184876
-4.437348415,40.711185141
-4.437346386,40.711185167
-4.437344376,40.711184952
-4.437342434,40.711184502
-4.437340608,40.711183828
-4.437273916,40.711188645
-4.437272373,40.711189703
-4.437270629,40.711190560
-4.437268727,40.711191195
-4.437266718,40.711191593
-4.437264651,40.711191742
-4.437262579,40.711191639
-4.437260554,40.711191287
-4.437258629,40.711190695
-4.437256853,40.711189877
-4.437191915,40.711194567
-4.437190486,40.711195728
-4.437188831,40.711196699
-4.437186993,40.711197457
-4.437185019,40.711197981
-4.437182961,40.711198257
-4.437180871,40.711198280
-4.437178803,40.711198048
-4.437176811,40.711197567
-4.437174945,40.711196850
-4.437173255,40.711195915
-4.437109794,40.711200498
-4.437108491,40.711201738
-4.437106945,40.711202804
-4.437105196,40.711203668
-4.437103287,40.711204309
-4.437101268,40.711204709
-4.437099192,40.711204859
-4.437097110,40.711204755
-4.437095077,40.711204399
-4.437093145,40.711203800
-4.437091363,40.711202975
-4.437089778,40.711201943
-4.437027574,40.711206436
-4.437026284,40.711207848
-4.437024693,40.711209069
-4.437022849,40.711210063
-4.437020806,40.711210799
-4.437018627,40.711211255
-4.437016377,40.711211417
-4.437014124,40.711211281
-4.437011936,40.711210851
-4.437009879,40.711210139
-4.437008015,40.711209167
-4.437006399,40.711207965
-4.436945273,40.711212379
-4.436944138,40.711213834
-4.436942694,40.711215121
-4.436940983,40.711216203
-4.436939056,40.711217047
-4.436936968,40.711217629
-4.436934780,40.711217932
-4.436932556,40.711217947
-4.436930361,40.711217674
-4.436928260,40.711217122
-4.436926312,40.711216304
-4.436924576,40.711215247
-4.436923101,40.711213981
-4.436862900,40.711218328
-4.436861915,40.711219814
-4.436860617,40.711221154
-4.436859043,40.711222310
-4.436857237,40.711223249
-4.436855249,40.711223944
-4.436853137,40.711224377
-4.436850959,40.711224534
-4.436848778,40.711224411
-4.436846654,40.711224013
-4.436844648,40.711223349
-4.436842816,40.711222440
-4.436841210,40.711221310
-4.436839876,40.711219991
-4.436780463,40.711224281
-4.436779624,40.711225789
-4.436778470,40.711227171
-4.436777032,40.711228390
-4.436775351,40.711229412
-4.436773471,40.711230209
-4.436771444,40.711230759
-4.436769325,40.711231048
-4.436767174,40.711231068
-4.436765047,40.711230817
-4.436763003,40.711230304
-4.436761099,40.711229541
-4.436759386,40.711228550
-4.436757911,40.711227357
-4.436756713,40.711225997
-4.436697968,40.711230239
-4.436697207,40.711231865
-4.436696087,40.711233367
-4.436694641,40.711234697
-4.436692913,40.711235817
-4.436690956,40.711236691
-4.436688830,40.711237293
-4.436686598,40.711237606
-4.436684329,40.711237618
-4.436682092,40.711237331
-4.436679954,40.711236753
-4.436677980,40.711235901
-4.436676231,40.711234801
-4.436674760,40.711233487
-4.436673610,40.711231998
-4.436615420,40.711236200
-4.436614808,40.711237828
-4.436613841,40.711239353
-4.436612547,40.711240730
-4.436610964,40.711241920
-4.436609137,40.711242887
-4.436607121,40.711243603
-4.436604974,40.711244048
-4.436602759,40.711244208
-4.436600541,40.711244078
-4.436598383,40.711243663
-4.436596350,40.711242975
-4.436594501,40.711242033
-4.436592890,40.711240866
-4.436591563,40.711239507
-4.436590560,40.711237995
-4.436532820,40.711242165
-4.436532352,40.711243789
-4.436531533,40.711245330
-4.436530387,40.711246745
-4.436528946,40.711247995
-4.436527250,40.711249043
-4.436525349,40.711249862
-4.436523294,40.711250426
-4.436521144,40.711250722
-4.436518959,40.711250739
-4.436516802,40.711250479
-4.436514731,40.711249947
-4.436512807,40.711249160
-4.436511083,40.711248139
-4.436509608,40.711246913
-4.436508422,40.711245517
-4.436507560,40.711243989
-4.436450173,40.711248133
-4.436449841,40.711249748
-4.436449165,40.711251299
-4.436448163,40.711252745
-4.436446862,40.711254045
-4.436445298,40.711255165
-4.436443514,40.711256075
-4.436441557,40.711256748
-4.436439481,40.711257168
-4.436437343,40.711257322
-4.436435201,40.711257207
-4.436433113,40.711256826
-4.436431135,40.711256188
-4.436429322,40.711255312
-4.436427723,40.711254221
-4.436426382,40.711252944
-4.436425335,40.711251518
-4.436424610,40.711249979
-4.436367479,40.711254105
-4.436367257,40.711255800
-4.436366657,40.711257440
-4.436365696,40.711258979
-4.436364404,40.711260369
-4.436362817,40.711261570
-4.436360984,40.711262547
-4.436358958,40.711263271
-4.436356799,40.711263720
-4.436354571,40.711263881
-4.436352339,40.711263749
-4.436350171,40.711263328
-4.436348129,40.711262631
-4.436346274,40.711261678
-4.436344660,40.711260498
-4.436343337,40.711259124
-4.436342342,40.711257599
-4.436341705,40.711255966
-4.436284739,40.711260080
-4.436284653,40.711261752
-4.436284199,40.711263389
-4.436283389,40.711264945
-4.436282247,40.711266374
-4.436280805,40.711267637
-4.436279104,40.711268698
-4.436277193,40.711269525
-4.436275126,40.711270096
-4.436272962,40.711270395
-4.436270763,40.711270412
-4.436268592,40.711270147
-4.436266510,40.711269607
-4.436264578,40.711268809
-4.436262849,40.711267775
-4.436261374,40.711266534
-4.436260194,40.711265122
-4.436259343,40.711263579
-4.436258846,40.711261949
-4.436201954,40.711266058
-4.436201526,40.711264372
-4.436200722,40.711262769
-4.436199566,40.711261295
-4.436198094,40.711259995
-4.436196348,40.711258907
-4.436194382,40.711258066
-4.436192255,40.711257495
-4.436190030,40.711257212
-4.436187775,40.711257226
-4.436185556,40.711257535
-4.436183441,40.711258131
-4.436181493,40.711258997
-4.436179770,40.711260105
-4.436178324,40.711261422
-4.436177199,40.711262910
-4.436176429,40.711264523
-4.436176035,40.711266213
-4.436176031,40.711267930
-4.436119125,40.711272039
-4.436118596,40.711270437
-4.436117724,40.711268924
-4.436116533,40.711267542
-4.436115058,40.711266330
-4.436113338,40.711265321
-4.436111422,40.711264544
-4.436109363,40.711264020
-4.436107218,40.711263764
-4.436105047,40.711263782
-4.436102911,40.711264075
-4.436100867,40.711264634
-4.436098975,40.711265443
-4.436097285,40.711266481
-4.436095845,40.711267717
-4.436094696,40.711269119
-4.436093868,40.711270646
-4.436093386,40.711272257
-4.436093262,40.711273906
-4.436036251,40.711278023
-4.436035584,40.711276421
-4.436034571,40.711274928
-4.436033241,40.711273586
-4.436031632,40.711272435
-4.436029790,40.711271508
-4.436027769,40.711270830
-4.436025626,40.711270423
-4.436023424,40.711270296
-4.436021225,40.711270455
-4.436019093,40.711270894
-4.436017090,40.711271601
-4.436015272,40.711272556
-4.436013693,40.711273731
-4.436012397,40.711275091
-4.436011422,40.711276599
-4.436010796,40.711278211
-4.436010537,40.711279880
-4.435953331,40.711284011
-4.435952522,40.711282413
-4.435951364,40.711280946
-4.435949891,40.711279651
-4.435948147,40.711278570
-4.435946185,40.711277733
-4.435944062,40.711277165
-4.435941843,40.711276884
-4.435939593,40.711276898
-4.435937380,40.711277206
-4.435935269,40.711277800
-4.435933325,40.711278661
-4.435931604,40.711279764
-4.435930159,40.711281076
-4.435929032,40.711282558
-4.435928257,40.711284165
-4.435927858,40.711285850
-4.435870365,40.711290002
-4.435869479,40.711288509
-4.435868282,40.711287147
-4.435866807,40.711285954
-4.435865094,40.711284963
-4.435863189,40.711284200
-4.435861145,40.711283686
-4.435859018,40.711283435
-4.435856865,40.711283454
-4.435854747,40.711283743
-4.435852719,40.711284294
-4.435850839,40.711285091
-4.435849157,40.711286114
-4.435847719,40.711287333
-4.435846565,40.711288715
-4.435845726,40.711290224
-4.435845225,40.711291817
-4.435787349,40.711295996
-4.435786325,40.711294523
-4.435784991,40.711293201
-4.435783384,40.711292068
-4.435781551,40.711291156
-4.435779543,40.711290491
-4.435777417,40.711290091
-4.435775233,40.711289968
-4.435773052,40.711290126
-4.435770937,40.711290559
-4.435768948,40.711291256
-4.435767140,40.711292197
-4.435765565,40.711293355
-4.435764267,40.711294697
-4.435763284,40.711296187
-4.435762642,40.711297780
-4.435535810,40.711314159
-4.435534110,40.711313199
-4.435532227,40.711312462
-4.435530212,40.711311966
-4.435528118,40.711311726
-4.435526000,40.711311747
-4.435523915,40.711312030
-4.435521918,40.711312565
-4.435520062,40.711313340
-4.435518394,40.711314334
-4.435516961,40.711315520
-4.435456880,40.711319858
-4.435456066,40.711318266
-4.435454906,40.711316805
-4.435453432,40.711315517
-4.435451690,40.711314440
-4.435449731,40.711313607
-4.435447612,40.711313043
-4.435445398,40.711312764
-4.435443154,40.711312778
-4.435440946,40.711313085
-4.435438841,40.711313676
-4.435436900,40.711314534
-4.435435182,40.711315632
-4.435433737,40.711316939
-4.435432608,40.711318415
-4.435431829,40.711320016
-4.435431423,40.711321696
-4.435374247,40.711325824
-4.435373597,40.711327408
-4.435372609,40.711328886
-4.435371311,40.711330219
-4.435369738,40.711331368
-4.435367936,40.711332301
-4.435365954,40.711332992
-4.435363849,40.711333422
-4.435361678,40.711333579
-4.435359504,40.711333458
-4.435357387,40.711333062
-4.435355386,40.711332404
-4.435353558,40.711331501
-4.435351953,40.711330378
-4.435350617,40.711329067
-4.435349587,40.711327605
-4.435287355,40.711332098
-4.435285714,40.711333045
-4.435283897,40.711333783
-4.435281950,40.711334294
-4.435279922,40.711334565
-4.435277862,40.711334590
-4.435275824,40.711334366
-4.435273857,40.711333901
-4.435272011,40.711333206
-4.435040424,40.711349927
-4.435041542,40.711358894
-4.435436275,40.711330393
-4.435438120,40.711331327
-4.435440147,40.711332010
-4.435442297,40.711332421
-4.435444506,40.711332549
-4.435446713,40.711332389
-4.435448852,40.711331948
-4.435450861,40.711331236
-4.435452683,40.711330276
-4.435454264,40.711329094
-4.435514867,40.711324718
-4.435515726,40.711326250
-4.435516909,40.711327651
-4.435518385,40.711328881
-4.435520110,40.711329906
-4.435522037,40.711330696
-4.435524110,40.711331230
-4.435526272,40.711331492
-4.435528460,40.711331474
-4.435530614,40.711331178
-4.435532672,40.711330612
-4.435534577,40.711329791
-4.435536274,40.711328739
-4.435537715,40.711327486
-4.435538860,40.711326066
-4.435539676,40.711324521
-4.435540141,40.711322894
-4.435597276,40.711318768
-4.435597874,40.711317125
-4.435598833,40.711315584
-4.435600125,40.711314191
-4.435601712,40.711312988
-4.435603546,40.711312009
-4.435605574,40.711311284
-4.435607736,40.711310834
-4.435609966,40.711310673
-4.435612200,40.711310805
-4.435614371,40.711311227
-4.435616415,40.711311926
-4.435618271,40.711312881
-4.435619884,40.711314064
-4.435621207,40.711315440
-4.435622201,40.711316968
-4.435683743,40.711312525
-4.435685458,40.711311433
-4.435687394,40.711310581
-4.435689493,40.711309993
-4.435691693,40.711309687
-4.435693929,40.711309673
-4.435696135,40.711309949
-4.435698247,40.711310509
-4.435700202,40.711311336
-4.435765805,40.711306599
-4.435767409,40.711307716
-4.435769234,40.711308615
-4.435771231,40.711309270
-4.435773343,40.711309663
-4.435775512,40.711309783
-4.435777676,40.711309626
-4.435779776,40.711309198
-4.435781754,40.711308510
-4.435783553,40.711307581
-4.435785124,40.711306437
-4.435786423,40.711305110
-4.435849231,40.711300575
-4.435850958,40.711301605
-4.435852888,40.711302399
-4.435854965,40.711302935
-4.435857132,40.711303199
-4.435859325,40.711303181
-4.435861484,40.711302884
-4.435863547,40.711302316
-4.435865455,40.711301491
-4.435867154,40.711300435
-4.435868595,40.711299177
-4.435932764,40.711294543
-4.435934603,40.711295465
-4.435936620,40.711296139
-4.435938756,40.711296543
-4.435940952,40.711296669
-4.435943145,40.711296510
-4.435945270,40.711296073
-4.435947269,40.711295370
-4.435949083,40.711294420
-4.435950661,40.711293251
-4.436016436,40.711288502
-4.436018361,40.711289291
-4.436020433,40.711289823
-4.436022593,40.711290085
-4.436024780,40.711290067
-4.436026932,40.711289771
-4.436028989,40.711289205
-4.436030893,40.711288386
-4.436032589,40.711287335
-4.436100295,40.711282446
-4.436102257,40.711283069
-4.436104325,40.711283442
-4.436106445,40.711283553
-4.436108561,40.711283400
-4.436110616,40.711282987
-4.436112556,40.711282326
-4.436114328,40.711281433
-4.436184445,40.711276370
-4.436186329,40.711276785
-4.436188274,40.711276981
-4.436190235,40.711276952
-4.436192168,40.711276700
-4.436194029,40.711276229
-4.436195777,40.711275551
-4.438987647,40.711073913
-4.438987833,40.711082947
-4.435705931,40.711319970
-4.435705654,40.711321626
-4.435705016,40.711323223
-4.435704034,40.711324716
-4.435702736,40.711326062
-4.435701160,40.711327223
-4.435699351,40.711328167
-4.435697358,40.711328866
-4.435695240,40.711329300
-4.435693056,40.711329458
-4.435690868,40.711329335
-4.435688739,40.711328933
-4.435686728,40.711328266
-4.435684893,40.711327351
-4.435683286,40.711326214
-4.435681953,40.711324888
-4.435680931,40.711323411
-4.435680250,40.711321824
-4.435620879,40.711326111
-4.435619577,40.711327355
-4.435618030,40.711328425
-4.435616277,40.711329292
-4.435614365,40.711329935
-4.435612343,40.711330337
-4.435610262,40.711330487
-4.435608176,40.711330382
-4.435606139,40.711330024
-4.435604204,40.711329423
-4.435602420,40.711328594
-4.435600833,40.711327559
-4.435042660,40.711367861
-4.435034039,40.711377531
-4.438747473,40.711109357
-4.438749345,40.711108567
-4.438751363,40.711108021
-4.438753470,40.711107735
-4.438755611,40.711107714
-4.438757727,40.711107962
-4.438759762,40.711108469
-4.438829031,40.711103466
-4.438830872,40.711102478
-4.438832909,40.711101746
-4.438835080,40.711101293
-4.438837323,40.711101131
-4.438839568,40.711101265
-4.438841749,40.711101692
-4.438843801,40.711102399
-4.438910839,40.711097556
-4.438912367,40.711096538
-4.438914084,40.711095713
-4.438915949,40.711095102
-4.438917917,40.711094718
-4.438919938,40.711094572
-4.438921965,40.711094667
-4.438923948,40.711095001
-4.438925839,40.711095565
-4.438927591,40.711096346
-4.438988018,40.711091981
-4.438988204,40.711101015
-4.438933157,40.711104992
-4.438932862,40.711106635
-4.438932212,40.711108217
-4.438931223,40.711109695
-4.438929925,40.711111027
-4.438928353,40.711112176
-4.438926551,40.711113108
-4.438924570,40.711113799
-4.438922465,40.711114229
-4.438920296,40.711114386
-4.438918122,40.711114265
-4.438916006,40.711113870
-4.438914005,40.711113212
-4.438912177,40.711112309
-4.438910573,40.711111187
-4.438909236,40.711109877
-4.438908206,40.711108416
-4.438907510,40.711106844
-4.438850447,40.711110966
-4.438850266,40.711112688
-4.438849695,40.711114359
-4.438848751,40.711115929
-4.438847463,40.711117351
-4.438845870,40.711118581
-4.438844020,40.711119582
-4.438841971,40.711120323
-4.438839783,40.711120783
-4.438837524,40.711120946
-4.438835261,40.711120808
-4.438833065,40.711120373
-4.438831001,40.711119655
-4.438829132,40.711118675
-4.438827516,40.711117463
-4.438826200,40.711116056
-4.438825226,40.711114496
-4.438824622,40.711112832
-4.438767693,40.711116944
-4.438767649,40.711118639
-4.438767226,40.711120304
-4.438766436,40.711121890
-4.438765302,40.711123350
-4.438763858,40.711124641
-4.438762146,40.711125726
-4.438760215,40.711126573
-4.438758123,40.711127157
-4.438755931,40.711127461
-4.438753703,40.711127477
-4.438751504,40.711127202
-4.438749398,40.711126647
-4.438747448,40.711125826
-4.438745710,40.711124765
-4.438744236,40.711123493
-4.438743068,40.711122049
-4.438742241,40.711120475
-4.438741779,40.711118816
-4.438684893,40.711122925
-4.438684429,40.711121268
-4.438683600,40.711119696
-4.438682431,40.711118254
-4.438680957,40.711116984
-4.438679219,40.711115925
-4.438677271,40.711115106
-4.438675167,40.711114551
-4.438672970,40.711114278
-4.438670743,40.711114293
-4.438668553,40.711114597
-4.438666463,40.711115180
-4.438664534,40.711116026
-4.438662822,40.711117109
-4.438661378,40.711118399
-4.438660244,40.711119856
-4.438659453,40.711121440
-4.438659027,40.711123103
-4.438658981,40.711124797
-4.438602049,40.711128909
-4.438601443,40.711127246
-4.438600467,40.711125689
-4.438599151,40.711124284
-4.438597534,40.711123075
-4.438595667,40.711122096
-4.438593604,40.711121380
-4.438591410,40.711120946
-4.438589150,40.711120809
-4.438586893,40.711120972
-4.438584707,40.711121430
-4.438582659,40.711122170
-4.438580811,40.711123170
-4.438579218,40.711124398
-4.438577930,40.711125817
-4.438576984,40.711127385
-4.438576411,40.711129055
-4.438576227,40.711130774
-4.438519159,40.711134896
-4.438518462,40.711133327
-4.438517430,40.711131868
-4.438516094,40.711130560
-4.438514489,40.711129440
-4.438512662,40.711128540
-4.438510664,40.711127883
-4.438508549,40.711127489
-4.438506378,40.711127368
-4.438504210,40.711127525
-4.438502108,40.711127954
-4.438500128,40.711128644
-4.438498328,40.711129575
-4.438496756,40.711130721
-4.438495457,40.711132051
-4.438494468,40.711133527
-4.438493815,40.711135107
-4.438493518,40.711136748
-4.438436224,40.711140887
-4.438435387,40.711139325
-4.438434214,40.711137894
-4.438432739,40.711136635
-4.438431005,40.711135585
-4.438429062,40.711134774
-4.438426967,40.711134225
-4.438424779,40.711133955
-4.438422563,40.711133971
-4.438420382,40.711134272
-4.438418301,40.711134851
-4.438416378,40.711135690
-4.438414670,40.711136765
-4.438413227,40.711138045
-4.438412090,40.711139492
-4.438411292,40.711141066
-4.438410856,40.711142719
-4.438353241,40.711146881
-4.438352260,40.711145332
-4.438350941,40.711143936
-4.438349326,40.711142734
-4.438347462,40.711141763
-4.438345405,40.711141052
-4.438343217,40.711140622
-4.438340965,40.711140486
-4.438338716,40.711140649
-4.438336538,40.711141104
-4.438334496,40.711141840
-4.438332652,40.711142833
-4.438331061,40.711144054
-4.438329771,40.711145465
-4.438328822,40.711147025
-4.438328241,40.711148686
-4.438270208,40.711152878
-4.438269163,40.711151446
-4.438267822,40.711150164
-4.438266223,40.711149067
-4.438264407,40.711148187
-4.438262426,40.711147546
-4.438260333,40.711147162
-4.438258185,40.711147046
-4.438256042,40.711147201
-4.438253961,40.711147622
-4.438252000,40.711148299
-4.438250213,40.711149212
-4.438248648,40.711150337
-4.438247347,40.711151642
-4.438246348,40.711153093
-4.438245676,40.711154650
-4.438187122,40.711158879
-4.438185939,40.711157477
-4.438184464,40.711156245
-4.438182738,40.711155219
-4.438180810,40.711154427
-4.438178736,40.711153893
-4.438176572,40.711153630
-4.438174382,40.711153648
-4.438172227,40.711153944
-4.438170167,40.711154511
-4.438168262,40.711155333
-4.438166564,40.711156387
-4.438165123,40.711157642
-4.438163978,40.711159063
-4.438163163,40.711160610
-4.438103980,40.711164884
-4.438102654,40.711163520
-4.438101042,40.711162348
-4.438099191,40.711161402
-4.438097155,40.711160710
-4.438094993,40.711160293
-4.438092770,40.711160163
-4.438090550,40.711160323
-4.438088398,40.711160770
-4.438086379,40.711161489
-4.438084550,40.711162459
-4.438082965,40.711163653
-4.438081672,40.711165035
-4.438080707,40.711166565
-4.438020776,40.711170894
-4.438019428,40.711169671
-4.438017840,40.711168629
-4.438016052,40.711167795
-4.438014112,40.711167189
-4.438012069,40.711166829
-4.438009976,40.711166723
-4.438007889,40.711166873
-4.438005860,40.711167277
-4.438003942,40.711167924
-4.438002186,40.711168796
-4.438000637,40.711169872
-4.437999335,40.711171123
-4.437998313,40.711172516
-4.437937503,40.711176909
-4.437936028,40.711175747
-4.437934326,40.711174784
-4.437932440,40.711174043
-4.437930421,40.711173545
-4.437928323,40.711173304
-4.437926201,40.711173325
-4.437924112,40.711173608
-4.437922111,40.711174146
-4.437920252,40.711174923
-4.437918583,40.711175921
-4.437917149,40.711177111
-4.437915988,40.711178463
-4.437854152,40.711182929
-4.437852554,40.711181842
-4.437850743,40.711180969
-4.437848769,40.711180334
-4.437846684,40.711179954
-4.437844546,40.711179840
-4.437842412,40.711179994
-4.437840340,40.711180412
-4.437838386,40.711181084
-4.437836604,40.711181990
-4.437835041,40.711183106
-4.437833741,40.711184403
-4.437770709,40.711188955
-4.437768993,40.711187959
-4.437767086,40.711187192
-4.437765037,40.711186675
-4.437762905,40.711186423
-4.437760747,40.711186442
-4.437758624,40.711186732
-4.437756592,40.711187285
-4.437754708,40.711188086
-4.437753024,40.711189113
-4.437751586,40.711190337
-4.437687153,40.711194990
-4.437685335,40.711194105
-4.437683350,40.711193461
-4.437681252,40.711193074
-4.437679099,40.711192957
-4.437676950,40.711193113
-4.437674865,40.711193536
-4.437672900,40.711194215
-4.437671109,40.711195132
-4.437669543,40.711196262
-4.437603455,40.711201035
-4.437601562,40.711200287
-4.437599535,40.711199783
-4.437597426,40.711199538
-4.437595293,40.711199559
-4.437593194,40.711199844
-4.437591183,40.711200386
-4.437589316,40.711201171
-4.437587643,40.711202177
-4.437519554,40.711207095
-4.437517646,40.711206516
-4.437515642,40.711206173
-4.437513593,40.711206075
-4.437511548,40.711206222
-4.437509559,40.711206613
-4.437507676,40.711207236
-4.437505945,40.711208078
-4.435035157,40.711386497
-4.435036275,40.711395464
-4.436182934,40.711312669
-4.436184806,40.711311879
-4.436186824,40.711311333
-4.436188931,40.711311046
-4.436191072,40.711311026
-4.436193189,40.711311274
-4.436195223,40.711311781
-4.436264493,40.711306779
-4.436266333,40.711305792
-4.436268370,40.711305060
-4.436270542,40.711304606
-4.436272784,40.711304445
-4.436275030,40.711304579
-4.436277211,40.711305006
-4.436279263,40.711305713
-4.436346301,40.711300872
-4.436347829,40.711299854
-4.436349546,40.711299029
-4.436351411,40.711298417
-4.436353379,40.711298034
-4.436355401,40.711297888
-4.436357428,40.711297983
-4.436359411,40.711298316
-4.436361301,40.711298881
-4.436363054,40.711299662
-4.436428277,40.711294952
-4.436429700,40.711293826
-4.436431338,40.711292885
-4.436433150,40.711292151
-4.436435091,40.711291642
-4.436437113,40.711291373
-4.436439166,40.711291348
-4.436441198,40.711291569
-4.436443159,40.711292031
-4.436445001,40.711292721
-4.436446677,40.711293623
-4.436510380,40.711289023
-4.436511826,40.711287702
-4.436513550,40.711286591
-4.436515500,40.711285724
-4.436517619,40.711285126
-4.436519841,40.711284816
-4.436522100,40.711284802
-4.436524328,40.711285086
-4.436526458,40.711285659
-4.436528426,40.711286503
-4.436530172,40.711287594
-4.436592583,40.711283087
-4.436593877,40.711281704
-4.436595461,40.711280510
-4.436597291,40.711279539
-4.436599311,40.711278820
-4.436601462,40.711278374
-4.436603682,40.711278214
-4.436605906,40.711278344
-4.436608068,40.711278761
-4.436610104,40.711279453
-4.436611956,40.711280399
-4.436613568,40.711281571
-4.436674871,40.711277144
-4.436676014,40.711275716
-4.436677456,40.711274454
-4.436679156,40.711273395
-4.436681067,40.711272568
-4.436683132,40.711271997
-4.436685295,40.711271699
-4.436687493,40.711271683
-4.436689663,40.711271947
-4.436691743,40.711272486
-4.436693675,40.711273283
-4.436695403,40.711274316
-4.436696879,40.711275555
-4.436757233,40.711271197
-4.436758228,40.711269734
-4.436759527,40.711268418
-4.436761096,40.711267283
-4.436762889,40.711266362
-4.436764859,40.711265679
-4.436766949,40.711265254
-4.436769104,40.711265099
-4.436771262,40.711265217
-4.436773365,40.711265605
-4.436775354,40.711266253
-4.436777175,40.711267143
-4.436778777,40.711268250
-4.436780116,40.711269544
-4.436839658,40.711265244
-4.436840510,40.711263758
-4.436841669,40.711262397
-4.436843104,40.711261198
-4.436844777,40.711260194
-4.436846643,40.711259410
-4.436848652,40.711258869
-4.436850749,40.711258584
-4.436852880,40.711258563
-4.436854987,40.711258808
-4.436857013,40.711259310
-4.436858905,40.711260057
-4.436860610,40.711261029
-4.436862085,40.711262200
-4.436863289,40.711263538
-4.436922143,40.711259287
-4.436922919,40.711257681
-4.436924046,40.711256201
-4.436925492,40.711254890
-4.436927212,40.711253788
-4.436929155,40.711252927
-4.436931265,40.711252334
-4.436933477,40.711252026
-4.436935725,40.711252012
-4.436937944,40.711252292
-4.436940065,40.711252859
-4.436942027,40.711253696
-4.436943771,40.711254776
-4.436945244,40.711256069
-4.436946403,40.711257535
-4.437004683,40.711253327
-4.437005311,40.711251717
-4.437006287,40.711250211
-4.437007583,40.711248852
-4.437009162,40.711247680
-4.437010978,40.711246727
-4.437012980,40.711246021
-4.437015110,40.711245582
-4.437017306,40.711245423
-4.437019507,40.711245549
-4.437021647,40.711245956
-4.437023667,40.711246632
-4.437025508,40.711247558
-4.437027117,40.711248707
-4.437028448,40.711250046
-4.437029462,40.711251537
-4.437087274,40.711247362
-4.437087760,40.711245755
-4.437088590,40.711244231
-4.437089740,40.711242833
-4.437091179,40.711241600
-4.437092868,40.711240566
-4.437094758,40.711239759
-4.437096798,40.711239202
-4.437098931,40.711238910
-4.437101098,40.711238891
-4.437103240,40.711239146
-4.437105296,40.711239668
-4.437107209,40.711240443
-4.437108928,40.711241448
-4.437110403,40.711242656
-4.437111595,40.711244033
-4.437112470,40.711245542
-4.437169913,40.711241394
-4.437170296,40.711239695
-4.437171060,40.711238073
-4.437172182,40.711236576
-4.437173628,40.711235250
-4.437175354,40.711234134
-4.437177308,40.711233263
-4.437179431,40.711232663
-4.437181658,40.711232351
-4.437183923,40.711232338
-4.437186156,40.711232624
-4.437188290,40.711233200
-4.437190261,40.711234049
-4.437192009,40.711235144
-4.437193481,40.711236454
-4.437194633,40.711237938
-4.437195429,40.711239551
-4.437252599,40.711235422
-4.437252841,40.711233741
-4.437253455,40.711232116
-4.437254423,40.711230594
-4.437255717,40.711229219
-4.437257300,40.711228032
-4.437259125,40.711227067
-4.437261139,40.711226352
-4.437263283,40.711225909
-4.437265496,40.711225749
-4.437267712,40.711225878
-4.437269867,40.711226291
-4.437271897,40.711226978
-4.437273745,40.711227917
-4.437275357,40.711229082
-4.437276684,40.711230438
-4.437277689,40.711231947
-4.437278342,40.711233563
-4.437335330,40.711229447
-4.437335437,40.711227787
-4.437335906,40.711226164
-4.437336726,40.711224624
-4.437337872,40.711223209
-4.437339313,40.711221961
-4.437341008,40.711220912
-4.437342909,40.711220095
-4.437344963,40.711219530
-4.437347112,40.711219235
-4.437349296,40.711219217
-4.437351453,40.711219478
-4.437353523,40.711220009
-4.437355446,40.711220795
-4.437357170,40.711221816
-4.437358646,40.711223041
-4.437359831,40.711224436
-4.437360694,40.711225963
-4.437361209,40.711227578
-4.437418107,40.711223469
-4.437418091,40.711221743
-4.437418470,40.711220041
-4.437419231,40.711218415
-4.437420352,40.711216914
-4.437421798,40.711215584
-4.437423526,40.711214465
-4.437425482,40.711213591
-4.437427608,40.711212989
-4.437429839,40.711212676
-4.437432108,40.711212664
-4.437434345,40.711212951
-4.437436482,40.711213529
-4.437438456,40.711214381
-4.437440205,40.711215480
-4.437441676,40.711216794
-4.437442826,40.711218282
-4.437443619,40.711219899
-4.437444031,40.711221597
-4.437500928,40.711217488
-4.437501440,40.711219105
-4.437502301,40.711220634
-4.437503486,40.711222031
-4.437504961,40.711223259
-4.437506686,40.711224281
-4.437508611,40.711225069
-4.437510682,40.711225601
-4.437512841,40.711225862
-4.437515027,40.711225845
-4.437517178,40.711225549
-4.437519234,40.711224984
-4.437521137,40.711224165
-4.437522832,40.711223115
-4.437524273,40.711221864
-4.437525419,40.711220447
-4.437526237,40.711218905
-4.437526705,40.711217280
-4.437526808,40.711215618
-4.437583794,40.711211503
-4.437584445,40.711213121
-4.437585448,40.711214632
-4.437586775,40.711215990
-4.437588387,40.711217157
-4.437590235,40.711218098
-4.437592268,40.711218786
-4.437594424,40.711219201
-4.437596642,40.711219330
-4.437598857,40.711219170
-4.437601003,40.711218725
-4.437603019,40.711218009
-4.437604845,40.711217043
-4.437606428,40.711215854
-4.437607722,40.711214477
-4.437608689,40.711212953
-4.437609302,40.711211326
-4.437609541,40.711209643
-4.437666705,40.711205515
-4.437667499,40.711207130
-4.437668650,40.711208617
-4.437670121,40.711209929
-4.437671870,40.711211027
-4.437673842,40.711211877
-4.437675979,40.711212454
-4.437678214,40.711212741
-4.437680481,40.711212728
-4.437682711,40.711212416
-4.437684835,40.711211815
-4.437686791,40.711210942
-4.437688518,40.711209824
-4.437689964,40.711208496
-4.437691085,40.711206996
-4.437691847,40.711205372
-4.437692228,40.711203671
-4.437749663,40.711199523
-4.437750536,40.711201034
-4.437751727,40.711202415
-4.437753203,40.711203625
-4.437754922,40.711204632
-4.437756837,40.711205408
-4.437758895,40.711205932
-4.437761038,40.711206188
-4.437763208,40.711206169
-4.437765344,40.711205877
-4.437767386,40.711205318
-4.437769277,40.711204510
-4.437770966,40.711203474
-4.437772406,40.711202238
-4.437773556,40.711200838
-4.437774384,40.711199312
-4.437774868,40.711197703
-4.437832670,40.711193528
-4.437833683,40.711195021
-4.437835013,40.711196363
-4.437836623,40.711197514
-4.437838464,40.711198442
-4.437840486,40.711199120
-4.437842629,40.711199528
-4.437844831,40.711199654
-4.437847030,40.711199495
-4.437849162,40.711199056
-4.437851166,40.711198348
-4.437852984,40.711197394
-4.437854563,40.711196219
-4.437855859,40.711194858
-4.437856834,40.711193349
-4.437857460,40.711191737
-4.437915727,40.711187529
-4.437916885,40.711188998
-4.437918358,40.711190294
-4.437920102,40.711191377
-4.437922066,40.711192216
-4.437924190,40.711192784
-4.437926411,40.711193066
-4.437928662,40.711193052
-4.437930877,40.711192743
-4.437932988,40.711192149
-4.437934934,40.711191286
-4.437936655,40.711190182
-4.437938100,40.711188868
-4.437939227,40.711187385
-4.437940000,40.711185776
-4.437998840,40.711181526
-4.438000043,40.711182867
-4.438001517,40.711184041
-4.438003224,40.711185015
-4.438005117,40.711185764
-4.438007146,40.711186268
-4.438009255,40.711186513
-4.438011389,40.711186493
-4.438013490,40.711186208
-4.438015501,40.711185665
-4.438017369,40.711184880
-4.438019043,40.711183873
-4.438020478,40.711182671
-4.438021636,40.711181307
-4.438022486,40.711179818
-4.438082011,40.711175519
-4.438083349,40.711176816
-4.438084952,40.711177926
-4.438086774,40.711178819
-4.438088766,40.711179469
-4.438090871,40.711179859
-4.438093033,40.711179977
-4.438095191,40.711179822
-4.438097284,40.711179396
-4.438099256,40.711178711
-4.438101051,40.711177788
-4.438102620,40.711176650
-4.438103920,40.711175330
-4.438104914,40.711173865
-4.438165247,40.711169507
-4.438166722,40.711170750
-4.438168451,40.711171786
-4.438170385,40.711172585
-4.438172469,40.711173126
-4.438174642,40.711173391
-4.438176843,40.711173375
-4.438179009,40.711173076
-4.438181077,40.711172504
-4.438182990,40.711171675
-4.438184692,40.711170613
-4.438186134,40.711169348
-4.438187276,40.711167916
-4.438248555,40.711163490
-4.438250168,40.711164666
-4.438252021,40.711165616
-4.438254060,40.711166310
-4.438256226,40.711166729
-4.438258453,40.711166860
-4.438260677,40.711166700
-4.438262833,40.711166252
-4.438264856,40.711165530
-4.438266687,40.711164556
-4.438268273,40.711163358
-4.438269566,40.711161972
-4.438331948,40.711157466
-4.438333696,40.711158561
-4.438335667,40.711159409
-4.438337800,40.711159985
-4.438340033,40.711160270
-4.438342297,40.711160257
-4.438344523,40.711159946
-4.438346646,40.711159346
-4.438348599,40.711158475
-4.438350325,40.711157360
-4.438351771,40.711156034
-4.438415442,40.711151435
-4.438417120,40.711152342
-4.438418964,40.711153035
-4.438420930,40.711153499
-4.438422966,40.711153722
-4.438425024,40.711153698
-4.438427050,40.711153427
-4.438428996,40.711152917
-4.438430811,40.711152180
-4.438432451,40.711151234
-4.438433875,40.711150104
-4.438499059,40.711145396
-4.438500815,40.711146182
-4.438502711,40.711146750
-4.438504699,40.711147086
-4.438506733,40.711147182
-4.438508761,40.711147036
-4.438510734,40.711146650
-4.438512604,40.711146035
-4.438514325,40.711145206
-4.438515855,40.711144182
-4.438582845,40.711139344
-4.438584903,40.711140056
-4.438587093,40.711140487
-4.438589347,40.711140624
-4.438591598,40.711140461
-4.438593779,40.711140004
-4.438595823,40.711139268
-4.438597668,40.711138273
-4.438666877,40.711133274
-4.438668922,40.711133788
-4.438671050,40.711134039
-4.438673204,40.711134020
-4.438675324,40.711133731
-4.438677353,40.711133179
-4.438679234,40.711132381
-4.438988389,40.711110050
-4.438988575,40.711119084
-4.437437607,40.711231108
-4.437435577,40.711231835
-4.437433412,40.711232286
-4.437431178,40.711232447
-4.437428941,40.711232314
-4.437426767,40.711231891
-4.437356222,40.711236986
-4.437354485,40.711237834
-4.437352594,40.711238463
-4.437350596,40.711238857
-4.437348542,40.711239005
-4.437346482,40.711238905
-4.437344469,40.711238558
-4.437342554,40.711237973
-4.437274517,40.711242887
-4.437272840,40.711243899
-4.437270969,40.711244688
-4.437268952,40.711245233
-4.437266846,40.711245520
-4.437264706,40.711245540
-4.437262591,40.711245293
-4.437260557,40.711244786
-4.437258660,40.711244032
-4.437192614,40.711248802
-4.437191046,40.711249937
-4.437189252,40.711250858
-4.437187283,40.711251541
-4.437185192,40.711251966
-4.437183037,40.711252122
-4.437180878,40.711252004
-4.437178775,40.711251615
-4.437176785,40.711250967
-4.437174964,40.711250077
-4.437110568,40.711254727
-4.437109130,40.711255956
-4.437107443,40.711256987
-4.437105556,40.711257790
-4.437103520,40.711258346
-4.437101391,40.711258637
-4.437099229,40.711258656
-4.437097092,40.711258402
-4.437095040,40.711257882
-4.437093129,40.711257111
-4.437091412,40.711256111
-4.437028410,40.711260661
-4.437027109,40.711261961
-4.437025546,40.711263081
-4.437023761,40.711263990
-4.437021804,40.711264664
-4.437019729,40.711265083
-4.437017591,40.711265238
-4.437015449,40.711265123
-4.437013361,40.711264741
-4.437011383,40.711264104
-4.437009570,40.711263228
-4.437007972,40.711262137
-4.436946161,40.711266600
-4.436945001,40.711267956
-4.436943566,40.711269149
-4.436941896,40.711270150
-4.436940034,40.711270930
-4.436938030,40.711271469
-4.436935937,40.711271753
-4.436933812,40.711271773
-4.436931710,40.711271531
-4.436929688,40.711271031
-4.436927800,40.711270288
-4.436926096,40.711269321
-4.436924622,40.711268156
-4.436863834,40.711272546
-4.436862814,40.711273943
-4.436861511,40.711275197
-4.436859961,40.711276275
-4.436858203,40.711277150
-4.436856283,40.711277798
-4.436854251,40.711278203
-4.436852160,40.711278354
-4.436850065,40.711278247
-4.436848019,40.711277886
-4.436846076,40.711277278
-4.436844287,40.711276441
-4.436842698,40.711275396
-4.436841350,40.711274170
-4.436781438,40.711278496
-4.436780475,40.711280029
-4.436779182,40.711281415
-4.436777597,40.711282611
-4.436775766,40.711283584
-4.436773744,40.711284305
-4.436771590,40.711284752
-4.436769366,40.711284913
-4.436767140,40.711284782
-4.436764976,40.711284364
-4.436762937,40.711283670
-4.436761085,40.711282721
-4.436759472,40.711281546
-4.436758147,40.711280178
-4.436698980,40.711284451
-4.436698166,40.711286001
-4.436697023,40.711287424
-4.436695581,40.711288682
-4.436693882,40.711289737
-4.436691975,40.711290561
-4.436689913,40.711291129
-4.436687755,40.711291426
-4.436685562,40.711291444
-4.436683397,40.711291180
-4.436681320,40.711290645
-4.436679391,40.711289851
-4.436677664,40.711288822
-4.436676189,40.711287588
-4.436675006,40.711286182
-4.436616466,40.711290410
-4.436615796,40.711291969
-4.436614798,40.711293422
-4.436613497,40.711294731
-4.436611931,40.711295858
-4.436610143,40.711296773
-4.436608180,40.711297451
-4.436606097,40.711297873
-4.436603951,40.711298028
-4.436601801,40.711297912
-4.436599705,40.711297527
-4.436597722,40.711296884
-4.436595905,40.711296001
-4.436594305,40.711294902
-4.436592965,40.711293618
-4.436591922,40.711292182
-4.436533900,40.711296372
-4.436533321,40.711298036
-4.436532373,40.711299598
-4.436531083,40.711301013
-4.436529492,40.711302235
-4.436527647,40.711303230
-4.436525603,40.711303967
-4.436523422,40.711304424
-4.436521170,40.711304587
-4.436518916,40.711304450
-4.436516726,40.711304019
-4.436514668,40.711303306
-4.436512802,40.711302333
-4.436511186,40.711301128
-4.436509869,40.711299730
-4.436508889,40.711298178
-4.436451283,40.711302338
-4.436450849,40.711303994
-4.436450053,40.711305569
-4.436448916,40.711307019
-4.436447472,40.711308301
-4.436445764,40.711309378
-4.436443840,40.711310218
-4.436441756,40.711310798
-4.436439573,40.711311100
-4.436437355,40.711311115
-4.436435165,40.711310844
-4.436433068,40.711310294
-4.436431124,40.711309481
-4.436429389,40.711308429
-4.436427914,40.711307168
-4.436426742,40.711305735
-4.436425907,40.711304171
-4.436368619,40.711308308
-4.436368324,40.711309951
-4.436367674,40.711311533
-4.436366685,40.711313011
-4.436365387,40.711314343
-4.436363814,40.711315491
-4.436362012,40.711316424
-4.436360031,40.711317115
-4.436357927,40.711317545
-4.436355757,40.711317701
-4.436353584,40.711317580
-4.436351467,40.711317185
-4.436349467,40.711316527
-4.436347639,40.711315625
-4.436346034,40.711314502
-4.436344698,40.711313192
-4.436343668,40.711311731
-4.436342972,40.711310160
-4.436285909,40.711314280
-4.436285727,40.711316002
-4.436285156,40.711317673
-4.436284212,40.711319243
-4.436282924,40.711320665
-4.436281331,40.711321895
-4.436279481,40.711322896
-4.436277432,40.711323637
-4.436275244,40.711324096
-4.436272984,40.711324259
-4.436270722,40.711324122
-4.436268526,40.711323687
-4.436266462,40.711322969
-4.436264593,40.711321989
-4.436262977,40.711320777
-4.436261661,40.711319370
-4.436260687,40.711317810
-4.436260083,40.711316145
-4.436203153,40.711320256
-4.436203110,40.711321952
-4.436202687,40.711323616
-4.436201897,40.711325202
-4.436200763,40.711326662
-4.436199319,40.711327953
-4.436197606,40.711329038
-4.436195676,40.711329885
-4.436193584,40.711330469
-4.436191391,40.711330773
-4.436189163,40.711330788
-4.436186964,40.711330514
-4.436184859,40.711329959
-4.436182909,40.711329138
-4.436181171,40.711328077
-4.436179697,40.711326805
-4.436178529,40.711325361
-4.436177702,40.711323786
-4.436177240,40.711322127
-4.436120353,40.711326235
-4.436119889,40.711324578
-4.436119060,40.711323006
-4.436117892,40.711321564
-4.436116417,40.711320295
-4.436114680,40.711319235
-4.436112731,40.711318416
-4.436110627,40.711317862
-4.436108430,40.711317588
-4.436106204,40.711317603
-4.436104014,40.711317907
-4.436101923,40.711318490
-4.436099994,40.711319336
-4.436098282,40.711320419
-4.436096838,40.711321708
-4.436095704,40.711323166
-4.436094913,40.711324750
-4.436094487,40.711326413
-4.436094441,40.711328106
-4.436037509,40.711332217
-4.436036903,40.711330555
-4.436035927,40.711328998
-4.436034611,40.711327593
-4.436032994,40.711326383
-4.436031127,40.711325405
-4.436029064,40.711324688
-4.436026870,40.711324254
-4.436024610,40.711324117
-4.436022353,40.711324280
-4.436020167,40.711324738
-4.436018119,40.711325478
-4.436016270,40.711326478
-4.436014678,40.711327706
-4.436013389,40.711329125
-4.436012444,40.711330693
-4.436011871,40.711332363
-4.436011686,40.711334082
-4.435954618,40.711338203
-4.435953921,40.711336634
-4.435952889,40.711335175
-4.435951553,40.711333868
-4.435949948,40.711332748
-4.435948121,40.711331847
-4.435946123,40.711331190
-4.435944008,40.711330796
-4.435941837,40.711330676
-4.435939670,40.711330832
-4.435937567,40.711331261
-4.435935588,40.711331951
-4.435933787,40.711332882
-4.435932216,40.711334028
-4.435930917,40.711335358
-4.435929927,40.711336833
-4.435929275,40.711338413
-4.435928977,40.711340054
-4.435871683,40.711344192
-4.435870846,40.711342630
-4.435869673,40.711341199
-4.435868198,40.711339940
-4.435866464,40.711338890
-4.435864521,40.711338079
-4.435862426,40.711337530
-4.435860238,40.711337259
-4.435858022,40.711337275
-4.435855841,40.711337577
-4.435853760,40.711338156
-4.435851837,40.711338995
-4.435850129,40.711340069
-4.435848686,40.711341349
-4.435847548,40.711342797
-4.435846750,40.711344370
-4.435846314,40.711346023
-4.435788699,40.711350184
-4.435787718,40.711348635
-4.435786400,40.711347239
-4.435784784,40.711346037
-4.435782920,40.711345066
-4.435780863,40.711344355
-4.435778676,40.711343925
-4.435776424,40.711343789
-4.435774174,40.711343951
-4.435771996,40.711344407
-4.435769954,40.711345142
-4.435768110,40.711346135
-4.435766519,40.711347356
-4.435765229,40.711348768
-4.435764280,40.711350328
-4.435763699,40.711351989
-4.435037394,40.711404431
-4.435038512,40.711413398
-4.435767406,40.711360769
-4.435769154,40.711361864
-4.435771124,40.711362712
-4.435773258,40.711363287
-4.435775491,40.711363573
-4.435777754,40.711363560
-4.435779981,40.711363249
-4.435782103,40.711362649
-4.435784057,40.711361778
-4.435785782,40.711360663
-4.435787228,40.711359337
-4.435850900,40.711354740
-4.435852578,40.711355646
-4.435854423,40.711356340
-4.435856388,40.711356804
-4.435858424,40.711357026
-4.435860482,40.711357002
-4.435862508,40.711356732
-4.435864454,40.711356221
-4.435866269,40.711355484
-4.435867909,40.711354539
-4.435869333,40.711353409
-4.435934517,40.711348702
-4.435936273,40.711349488
-4.435938169,40.711350057
-4.435940158,40.711350393
-4.435942191,40.711350489
-4.435944220,40.711350343
-4.435946193,40.711349957
-4.435948064,40.711349342
-4.435949785,40.711348513
-4.435951315,40.711347489
-4.436018305,40.711342652
-4.436020363,40.711343365
-4.436022552,40.711343796
-4.436024806,40.711343932
-4.436027058,40.711343769
-4.436029238,40.711343313
-4.436031282,40.711342576
-4.436033127,40.711341581
-4.436102337,40.711336584
-4.436104382,40.711337098
-4.436106510,40.711337349
-4.436108664,40.711337330
-4.436110784,40.711337041
-4.436112812,40.711336490
-4.436114694,40.711335691
-4.438988760,40.711128118
-4.438988946,40.711137152
-4.435125592,40.711416158
-4.435124119,40.711414862
-4.435122375,40.711413779
-4.435120411,40.711412940
-4.435118287,40.711412371
-4.435116066,40.711412090
-4.435113814,40.711412103
-4.435111599,40.711412412
-4.435109487,40.711413007
-4.435107542,40.711413869
-4.435105820,40.711414974
-4.435104375,40.711416288
-4.435103249,40.711417771
-4.435039630,40.711422365
-4.435040748,40.711431331
-4.435103669,40.711426788
-4.435104867,40.711428147
-4.435106342,40.711429337
-4.435108055,40.711430326
-4.435109958,40.711431087
-4.435111999,40.711431600
-4.435114124,40.711431850
-4.435116274,40.711431830
-4.435118390,40.711431542
-4.435120415,40.711430992
-4.435122294,40.711430197
-4.435123975,40.711429177
-4.435125412,40.711427960
-4.435126567,40.711426580
-4.435127407,40.711425075
-4.435184870,40.711420926
-4.435185068,40.711419215
-4.435185651,40.711417556
-4.435186602,40.711415999
-4.435187892,40.711414590
-4.435189482,40.711413372
-4.435191325,40.711412380
-4.435193366,40.711411646
-4.435195542,40.711411191
-4.435197788,40.711411029
-4.435200038,40.711411165
-4.435202223,40.711411594
-4.435204278,40.711412303
-4.435206141,40.711413272
-4.435207756,40.711414471
-4.435209075,40.711415865
-4.435210058,40.711417411
-4.435210676,40.711419062
-4.435269571,40.711414810
-4.435270866,40.711413445
-4.435272447,40.711412266
-4.435274267,40.711411308
-4.435276274,40.711410599
-4.435278409,40.711410158
-4.435280612,40.711409999
-4.435282819,40.711410126
-4.435284966,40.711410536
-4.435286990,40.711411216
-4.435288834,40.711412147
-4.435290443,40.711413303
-4.438989131,40.711146186
-4.438989317,40.711155220
-4.435455109,40.711410461
-4.435453399,40.711409477
-4.435451499,40.711408720
-4.435449462,40.711408211
-4.435447343,40.711407963
-4.435445199,40.711407982
-4.435443088,40.711408270
-4.435441068,40.711408817
-4.435439194,40.711409609
-4.435437515,40.711410624
-4.435436078,40.711411835
-4.435376106,40.711416165
-4.435375303,40.711414561
-4.435374148,40.711413086
-4.435372675,40.711411784
-4.435370929,40.711410696
-4.435368963,40.711409854
-4.435366835,40.711409282
-4.435364609,40.711408999
-4.435362353,40.711409013
-4.435360133,40.711409322
-4.435358017,40.711409919
-4.435356068,40.711410785
-4.435354345,40.711411894
-4.435352900,40.711413212
-4.435351775,40.711414701
-4.435351005,40.711416315
-4.435350613,40.711418006
-4.435293423,40.711422135
-4.435292762,40.711423705
-4.435291768,40.711425170
-4.435290468,40.711426489
-4.435288899,40.711427625
-4.435287105,40.711428548
-4.435285133,40.711429232
-4.435283040,40.711429658
-4.435280884,40.711429814
-4.435278723,40.711429695
-4.435276618,40.711429306
-4.435274627,40.711428656
-4.435272805,40.711427764
-4.435271203,40.711426655
-4.435269865,40.711425358
-4.435268827,40.711423911
-4.435206429,40.711428417
-4.435204807,40.711429331
-4.435203019,40.711430043
-4.435201108,40.711430537
-4.435199120,40.711430800
-4.435197102,40.711430826
-4.435195103,40.711430615
-4.435193171,40.711430171
-4.435191353,40.711429505
-4.435041866,40.711440298
-4.435042984,40.711449265
-4.435355585,40.711426695
-4.435357416,40.711427602
-4.435359420,40.711428264
-4.435361542,40.711428661
-4.435363721,40.711428783
-4.435365896,40.711428626
-4.435368006,40.711428195
-4.435369992,40.711427501
-4.435371797,40.711426564
-4.435373370,40.711425410
-4.435434097,40.711421026
-4.435434966,40.711422544
-4.435436154,40.711423931
-4.435437630,40.711425149
-4.435439351,40.711426162
-4.435441270,40.711426943
-4.435443333,40.711427469
-4.435445483,40.711427727
-4.435447659,40.711427709
-4.435449801,40.711427416
-4.435451848,40.711426855
-4.435453744,40.711426042
-4.435455436,40.711425000
-4.435456876,40.711423759
-4.435458025,40.711422352
-4.435458849,40.711420820
-4.435459327,40.711419204
-4.435516456,40.711415079
-4.435517042,40.711413423
-4.435517994,40.711411868
-4.435519285,40.711410462
-4.435520875,40.711409246
-4.435522716,40.711408257
-4.435524754,40.711407524
-4.435526928,40.711407070
-4.435529172,40.711406908
-4.435531419,40.711407043
-4.435533602,40.711407471
-4.435535655,40.711408179
-4.435537517,40.711409145
-4.435539132,40.711410342
-4.435540452,40.711411732
-4.435541436,40.711413275
-4.435602833,40.711408842
-4.435604358,40.711407831
-4.435606070,40.711407012
-4.435607929,40.711406405
-4.435609888,40.711406024
-4.435611902,40.711405879
-4.435613921,40.711405972
-4.435615896,40.711406303
-4.435617781,40.711406862
-4.435619528,40.711407637
-4.438989502,40.711164254
-4.438989688,40.711173289
-4.438934606,40.711177267
-4.438934079,40.711175663
-4.438933208,40.711174148
-4.438932019,40.711172764
-4.438930543,40.711171550
-4.438928823,40.711170540
-4.438926906,40.711169762
-4.438924845,40.711169237
-4.438922698,40.711168980
-4.438920525,40.711168998
-4.438918387,40.711169291
-4.438916342,40.711169851
-4.438914448,40.711170662
-4.438912757,40.711171701
-4.438911317,40.711172939
-4.438910168,40.711174343
-4.438909342,40.711175872
-4.438908862,40.711177485
-4.438908740,40.711179136
-4.438851734,40.711183254
-4.438851069,40.711181649
-4.438850057,40.711180154
-4.438848727,40.711178810
-4.438847117,40.711177657
-4.438845275,40.711176728
-4.438843252,40.711176049
-4.438841108,40.711175640
-4.438838903,40.711175514
-4.438836702,40.711175673
-4.438834569,40.711176113
-4.438832564,40.711176821
-4.438830745,40.711177777
-4.438829165,40.711178954
-4.438827869,40.711180317
-4.438826895,40.711181827
-4.438826271,40.711183441
-4.438826015,40.711185111
-4.438768815,40.711189243
-4.438768008,40.711187643
-4.438766851,40.711186173
-4.438765378,40.711184877
-4.438763633,40.711183793
-4.438761670,40.711182954
-4.438759545,40.711182385
-4.438757324,40.711182104
-4.438755072,40.711182117
-4.438752856,40.711182426
-4.438750744,40.711183021
-4.438748798,40.711183884
-4.438747077,40.711184989
-4.438745632,40.711186303
-4.438744505,40.711187787
-4.438743732,40.711189397
-4.438743335,40.711191084
-4.438685850,40.711195236
-4.438684966,40.711193741
-4.438683770,40.711192377
-4.438682295,40.711191182
-4.438680581,40.711190188
-4.438678674,40.711189423
-4.438676629,40.711188908
-4.438674499,40.711188657
-4.438672345,40.711188676
-4.438670224,40.711188966
-4.438668194,40.711189517
-4.438666313,40.711190316
-4.438664630,40.711191340
-4.438663192,40.711192562
-4.438662038,40.711193947
-4.438661201,40.711195457
-4.438660702,40.711197053
-4.438602836,40.711201232
-4.438601813,40.711199756
-4.438600480,40.711198432
-4.438598873,40.711197297
-4.438597039,40.711196383
-4.438595029,40.711195716
-4.438592900,40.711195315
-4.438590714,40.711195192
-4.438588531,40.711195350
-4.438586414,40.711195784
-4.438584422,40.711196482
-4.438582613,40.711197425
-4.438581037,40.711198585
-4.438579740,40.711199930
-4.438578758,40.711201422
-4.438578118,40.711203018
-4.438519770,40.711207232
-4.438518605,40.711205782
-4.438517130,40.711204506
-4.438515391,40.711203439
-4.438513438,40.711202614
-4.438511328,40.711202056
-4.438509124,40.711201780
-4.438506891,40.711201795
-4.438504693,40.711202100
-4.438502597,40.711202687
-4.438500663,40.711203537
-4.438498949,40.711204627
-4.438497504,40.711205923
-4.438496372,40.711207388
-4.438495586,40.711208979
-4.438436650,40.711213236
-4.438435441,40.711211915
-4.438433967,40.711210760
-4.438432267,40.711209802
-4.438430385,40.711209066
-4.438428372,40.711208572
-4.438426279,40.711208332
-4.438424164,40.711208354
-4.438422081,40.711208635
-4.438420085,40.711209170
-4.438418230,40.711209944
-4.438416564,40.711210936
-4.438415131,40.711212121
-4.438413969,40.711213466
-4.438413108,40.711214937
-4.438353469,40.711219244
-4.438352128,40.711217969
-4.438350529,40.711216878
-4.438348716,40.711216003
-4.438346739,40.711215366
-4.438344651,40.711214984
-4.438342510,40.711214869
-4.438340372,40.711215024
-4.438338297,40.711215443
-4.438336341,40.711216117
-4.438334557,40.711217025
-4.438332993,40.711218145
-4.438331693,40.711219445
-4.438330691,40.711220890
-4.438270222,40.711225257
-4.438268747,40.711224038
-4.438267025,40.711223023
-4.438265105,40.711222241
-4.438263040,40.711221713
-4.438260888,40.711221454
-4.438258710,40.711221472
-4.438256566,40.711221766
-4.438254517,40.711222328
-4.438252620,40.711223142
-4.438250927,40.711224186
-4.438249487,40.711225429
-4.438248339,40.711226838
-4.438186902,40.711231275
-4.438185293,40.711230125
-4.438183452,40.711229198
-4.438181431,40.711228520
-4.438179288,40.711228113
-4.438177087,40.711227987
-4.438174888,40.711228146
-4.438172757,40.711228585
-4.438170754,40.711229292
-4.438168936,40.711230246
-4.438167357,40.711231420
-4.438166061,40.711232781
-4.438103495,40.711237300
-4.438101756,40.711236233
-4.438099803,40.711235409
-4.438097693,40.711234851
-4.438095489,40.711234575
-4.438093256,40.711234590
-4.438091059,40.711234895
-4.438088962,40.711235481
-4.438087029,40.711236332
-4.438085314,40.711237421
-4.438083870,40.711238717
-4.438019984,40.711243332
-4.438018124,40.711242369
-4.438016074,40.711241664
-4.438013896,40.711241239
-4.438011653,40.711241105
-4.438009414,40.711241267
-4.438007245,40.711241719
-4.438005210,40.711242449
-4.438003371,40.711243435
-4.438001782,40.711244646
-4.437936343,40.711249373
-4.437934382,40.711248539
-4.437932263,40.711247974
-4.437930048,40.711247694
-4.437927802,40.711247708
-4.437925593,40.711248016
-4.437923486,40.711248607
-4.437921544,40.711249466
-4.437919825,40.711250566
-4.437852527,40.711255426
-4.437850510,40.711254753
-4.437848373,40.711254347
-4.437846176,40.711254222
-4.437843983,40.711254381
-4.437841856,40.711254818
-4.437839857,40.711255522
-4.437838042,40.711256473
-4.437768446,40.711261499
-4.437766469,40.711261028
-4.437764419,40.711260801
-4.437762348,40.711260825
-4.437760308,40.711261098
-4.437758350,40.711261614
-4.437756525,40.711262360
-4.435706658,40.711410393
-4.435705498,40.711408928
-4.435704025,40.711407638
-4.435702282,40.711406559
-4.435700321,40.711405724
-4.435698201,40.711405158
-4.435695985,40.711404878
-4.435693738,40.711404892
-4.435691528,40.711405200
-4.435689420,40.711405792
-4.435687477,40.711406651
-4.435685758,40.711407752
-4.435684313,40.711409061
-4.435683185,40.711410540
-4.435682408,40.711412144
-4.435625126,40.711416280
-4.435624834,40.711417926
-4.435624186,40.711419511
-4.435623199,40.711420992
-4.435621901,40.711422326
-4.435620328,40.711423477
-4.435618524,40.711424412
-4.435616541,40.711425105
-4.435614433,40.711425535
-4.435612261,40.711425692
-4.435610085,40.711425571
-4.435607966,40.711425175
-4.435605963,40.711424515
-4.435604134,40.711423609
-4.435602529,40.711422484
-4.435601193,40.711421171
-4.435600165,40.711419707
-4.435599472,40.711418132
-4.435540007,40.711422426
-4.435538705,40.711423648
-4.435537165,40.711424697
-4.435535426,40.711425548
-4.435533532,40.711426179
-4.435531530,40.711426573
-4.435529472,40.711426722
-4.435527409,40.711426621
-4.435525393,40.711426273
-4.435523475,40.711425686
-4.435521703,40.711424875
-4.435520122,40.711423862
-4.435044102,40.711458232
-4.435035481,40.711467902
-4.435684873,40.711421013
-4.435686348,40.711422181
-4.435688053,40.711423150
-4.435689942,40.711423895
-4.435691966,40.711424396
-4.435694070,40.711424640
-4.435696198,40.711424619
-4.435698293,40.711424335
-4.435700299,40.711423794
-4.435702163,40.711423013
-4.435703835,40.711422011
-4.435705269,40.711420815
-4.435706429,40.711419457
-4.436514971,40.711361072
-4.436516669,40.711360269
-4.436518509,40.711359674
-4.436520448,40.711359300
-4.436522438,40.711359156
-4.436524434,40.711359246
-4.436526389,40.711359567
-4.436528256,40.711360112
-4.436596636,40.711355174
-4.436598292,40.711354201
-4.436600131,40.711353443
-4.436602107,40.711352918
-4.436604167,40.711352641
-4.436606259,40.711352618
-4.436608328,40.711352851
-4.436610323,40.711353333
-4.436612189,40.711354051
-4.436678513,40.711349262
-4.436680071,40.711348160
-4.436681844,40.711347267
-4.436683784,40.711346605
-4.436685840,40.711346192
-4.436687957,40.711346039
-4.436690078,40.711346150
-4.436692147,40.711346523
-4.436694109,40.711347147
-4.436695911,40.711348005
-4.436760541,40.711343338
-4.436761976,40.711342139
-4.436763649,40.711341135
-4.436765515,40.711340351
-4.436767524,40.711339810
-4.436769621,40.711339525
-4.436771752,40.711339505
-4.436773859,40.711339749
-4.436775885,40.711340251
-4.436777776,40.711340998
-4.436779482,40.711341970
-4.436842683,40.711337406
-4.436843985,40.711336132
-4.436845541,40.711335036
-4.436847311,40.711334146
-4.436849246,40.711333487
-4.436851297,40.711333076
-4.436853408,40.711332923
-4.436855524,40.711333034
-4.436857588,40.711333404
-4.436859546,40.711334024
-4.436861346,40.711334878
-4.436862939,40.711335943
-4.436924919,40.711331467
-4.436926084,40.711330135
-4.436927515,40.711328963
-4.436929176,40.711327982
-4.436931022,40.711327217
-4.436933006,40.711326688
-4.436935076,40.711326409
-4.436937178,40.711326387
-4.436939258,40.711326622
-4.436941260,40.711327109
-4.436943133,40.711327836
-4.436944829,40.711328782
-4.436946302,40.711329923
-4.437007235,40.711325522
-4.437008361,40.711324038
-4.437009807,40.711322723
-4.437011528,40.711321617
-4.437013475,40.711320754
-4.437015587,40.711320159
-4.437017803,40.711319850
-4.437020056,40.711319837
-4.437022278,40.711320118
-4.437024403,40.711320688
-4.437026367,40.711321527
-4.437028112,40.711322611
-4.437029585,40.711323908
-4.437089622,40.711319573
-4.437090595,40.711318060
-4.437091890,40.711316695
-4.437093471,40.711315516
-4.437095291,40.711314558
-4.437097298,40.711313849
-4.437099433,40.711313408
-4.437101636,40.711313249
-4.437103843,40.711313376
-4.437105990,40.711313786
-4.437108014,40.711314466
-4.437109858,40.711315397
-4.437111468,40.711316553
-4.437112797,40.711317899
-4.437172070,40.711313618
-4.437172895,40.711312087
-4.437174044,40.711310681
-4.437175484,40.711309441
-4.437177175,40.711308400
-4.437179071,40.711307588
-4.437181117,40.711307028
-4.437183258,40.711306734
-4.437185433,40.711306716
-4.437187581,40.711306974
-4.437189644,40.711307500
-4.437191562,40.711308280
-4.437193283,40.711309292
-4.437194758,40.711310508
-4.437195947,40.711311894
-4.437254576,40.711307660
-4.437255258,40.711306117
-4.437256264,40.711304680
-4.437257565,40.711303388
-4.437259126,40.711302275
-4.437260906,40.711301372
-4.437262856,40.711300703
-4.437264924,40.711300286
-4.437267054,40.711300132
-4.437269188,40.711300246
-4.437271269,40.711300624
-4.437273240,40.711301256
-4.437275049,40.711302125
-4.437276646,40.711303208
-4.437277989,40.711304475
-4.437279041,40.711305893
-4.437337135,40.711301697
-4.437337728,40.711300049
-4.437338685,40.711298503
-4.437339976,40.711297105
-4.437341564,40.711295897
-4.437343401,40.711294915
-4.437345433,40.711294187
-4.437347599,40.711293735
-4.437349834,40.711293574
-4.437352073,40.711293707
-4.437354249,40.711294131
-4.437356296,40.711294833
-4.437358154,40.711295793
-4.437359768,40.711296981
-4.437361090,40.711298362
-4.437362080,40.711299896
-4.437419744,40.711295731
-4.437420193,40.711294089
-4.437420999,40.711292529
-4.437422140,40.711291094
-4.437423583,40.711289827
-4.437425286,40.711288762
-4.437427200,40.711287932
-4.437429271,40.711287359
-4.437431439,40.711287059
-4.437433643,40.711287043
-4.437435818,40.711287309
-4.437437904,40.711287851
-4.437439840,40.711288653
-4.437441570,40.711289691
-4.437443045,40.711290937
-4.437444223,40.711292354
-4.437445070,40.711293902
-4.437502400,40.711289761
-4.437502711,40.711288131
-4.437503373,40.711286562
-4.437504368,40.711285098
-4.437505667,40.711283780
-4.437507236,40.711282644
-4.437509030,40.711281721
-4.437511001,40.711281038
-4.437513093,40.711280613
-4.437515249,40.711280457
-4.437517408,40.711280575
-4.437519513,40.711280964
-4.437521503,40.711281614
-4.437523325,40.711282505
-4.437524927,40.711283613
-4.437526265,40.711284908
-4.437527303,40.711286355
-4.437528012,40.711287912
-4.437585103,40.711283788
-4.437585303,40.711282079
-4.437585887,40.711280421
-4.437586838,40.711278864
-4.437588128,40.711277456
-4.437589718,40.711276239
-4.437591561,40.711275248
-4.437593600,40.711274515
-4.437595775,40.711274060
-4.437598021,40.711273898
-4.437600270,40.711274033
-4.437602454,40.711274462
-4.437604508,40.711275170
-4.437606371,40.711276139
-4.437607986,40.711277337
-4.437609306,40.711278729
-4.437610289,40.711280274
-4.437610908,40.711281925
-4.437667852,40.711277812
-4.437667914,40.711276127
-4.437668351,40.711274474
-4.437669150,40.711272902
-4.437670287,40.711271455
-4.437671731,40.711270176
-4.437673438,40.711269102
-4.437675360,40.711268264
-4.437677441,40.711267685
-4.437679621,40.711267384
-4.437681836,40.711267368
-4.437684023,40.711267638
-4.437686118,40.711268186
-4.437688060,40.711268997
-4.437689794,40.711270046
-4.437691269,40.711271304
-4.437692442,40.711272734
-4.437693280,40.711274295
-4.437693758,40.711275941
-4.437750645,40.711271832
-4.437751094,40.711273502
-4.437751912,40.711275088
-4.437753075,40.711276544
-4.437754549,40.711277827
-4.437756289,40.711278898
-4.437758246,40.711279727
-4.437760360,40.711280289
-4.437762569,40.711280566
-4.437764808,40.711280552
-4.437767011,40.711280246
-4.437769112,40.711279657
-4.437771050,40.711278803
-4.437772766,40.711277708
-4.437774211,40.711276407
-4.437775341,40.711274936
-4.437776124,40.711273339
-4.437776535,40.711271664
-4.437776563,40.711269960
-4.437833482,40.711265849
-4.437834031,40.711267435
-4.437834915,40.711268930
-4.437836111,40.711270293
-4.437837587,40.711271488
-4.437839301,40.711272481
-4.437841207,40.711273246
-4.437843252,40.711273761
-4.437845381,40.711274012
-4.437847535,40.711273993
-4.437849656,40.711273704
-4.437851685,40.711273152
-4.437853567,40.711272353
-4.437855249,40.711271330
-4.437856687,40.711270109
-4.437857841,40.711268724
-4.437858679,40.711267214
-4.437859178,40.711265619
-4.437859324,40.711263983
-4.437916365,40.711259863
-4.437917049,40.711261447
-4.437918073,40.711262921
-4.437919407,40.711264244
-4.437921013,40.711265377
-4.437922847,40.711266290
-4.437924856,40.711266956
-4.437926983,40.711267356
-4.437929168,40.711267479
-4.437931349,40.711267321
-4.437933464,40.711266888
-4.437935454,40.711266190
-4.437937263,40.711265249
-4.437938838,40.711264090
-4.437940135,40.711262746
-4.437941119,40.711261257
-4.437941759,40.711259662
-4.437942040,40.711258009
-4.437999294,40.711253874
-4.438000119,40.711255451
-4.438001285,40.711256898
-4.438002759,40.711258172
-4.438004498,40.711259236
-4.438006450,40.711260059
-4.438008557,40.711260616
-4.438010759,40.711260891
-4.438012990,40.711260876
-4.438015184,40.711260571
-4.438017279,40.711259986
-4.438019211,40.711259137
-4.438020924,40.711258050
-4.438022369,40.711256756
-4.438023502,40.711255293
-4.438024290,40.711253705
-4.438024710,40.711252038
-4.438082270,40.711247880
-4.438083169,40.711249352
-4.438084372,40.711250693
-4.438085847,40.711251866
-4.438087554,40.711252840
-4.438089447,40.711253589
-4.438091475,40.711254092
-4.438093584,40.711254337
-4.438095717,40.711254317
-4.438097817,40.711254031
-4.438099828,40.711253489
-4.438101695,40.711252704
-4.438103369,40.711251698
-4.438104804,40.711250497
-4.438105962,40.711249133
-4.438106813,40.711247645
-4.438107332,40.711246070
-4.438165295,40.711241884
-4.438166331,40.711243334
-4.438167669,40.711244633
-4.438169272,40.711245746
-4.438171095,40.711246640
-4.438173088,40.711247291
-4.438175196,40.711247682
-4.438177360,40.711247801
-4.438179519,40.711247645
-4.438181615,40.711247219
-4.438183588,40.711246533
-4.438185385,40.711245608
-4.438186954,40.711244468
-4.438188254,40.711243147
-4.438189246,40.711241679
-4.438189905,40.711240106
-4.438248372,40.711235883
-4.438249549,40.711237305
-4.438251024,40.711238556
-4.438252755,40.711239598
-4.438254693,40.711240403
-4.438256783,40.711240948
-4.438258963,40.711241216
-4.438261171,40.711241199
-4.438263343,40.711240899
-4.438265418,40.711240324
-4.438267336,40.711239490
-4.438269040,40.711238422
-4.438270483,40.711237150
-4.438271623,40.711235711
-4.438272426,40.711234146
-4.438331506,40.711229878
-4.438332827,40.711231264
-4.438334441,40.711232456
-4.438336301,40.711233419
-4.438338351,40.711234124
-4.438340530,40.711234550
-4.438342773,40.711234684
-4.438345013,40.711234522
-4.438347183,40.711234069
-4.438349217,40.711233339
-4.438351057,40.711232353
-4.438352645,40.711231141
-4.438353936,40.711229739
-4.438354891,40.711228189
-4.438414700,40.711223869
-4.438416046,40.711225114
-4.438417639,40.711226175
-4.438419437,40.711227027
-4.438421392,40.711227645
-4.438423454,40.711228014
-4.438425567,40.711228124
-4.438427675,40.711227972
-4.438429723,40.711227561
-4.438431656,40.711226904
-4.438433424,40.711226017
-4.438434979,40.711224923
-4.438436281,40.711223652
-4.438437295,40.711222237
-4.438497962,40.711217855
-4.438499437,40.711219041
-4.438501148,40.711220025
-4.438503048,40.711220783
-4.438505086,40.711221293
-4.438507206,40.711221542
-4.438509352,40.711221522
-4.438511463,40.711221234
-4.438513485,40.711220687
-4.438515360,40.711219894
-4.438517039,40.711218878
-4.438518476,40.711217665
-4.438519632,40.711216290
-4.438581300,40.711211835
-4.438582903,40.711212949
-4.438584727,40.711213844
-4.438586721,40.711214496
-4.438588830,40.711214887
-4.438590994,40.711215006
-4.438593155,40.711214850
-4.438595251,40.711214423
-4.438597225,40.711213737
-4.438599022,40.711212811
-4.438600592,40.711211671
-4.438601891,40.711210348
-4.438664729,40.711205809
-4.438666454,40.711206834
-4.438668381,40.711207625
-4.438670455,40.711208159
-4.438672617,40.711208420
-4.438674806,40.711208403
-4.438676960,40.711208107
-4.438679018,40.711207540
-4.438680923,40.711206719
-4.438682620,40.711205667
-4.438684061,40.711204413
-4.438748264,40.711199775
-4.438750100,40.711200692
-4.438752113,40.711201362
-4.438754244,40.711201764
-4.438756435,40.711201888
-4.438758621,40.711201730
-4.438760742,40.711201295
-4.438762736,40.711200594
-4.438764547,40.711199649
-4.438766124,40.711198485
-4.438831939,40.711193731
-4.438833860,40.711194515
-4.438835926,40.711195044
-4.438838079,40.711195303
-4.438840259,40.711195285
-4.438842405,40.711194990
-4.438844455,40.711194427
-4.438846354,40.711193612
-4.438848047,40.711192568
-4.438915803,40.711187673
-4.438917758,40.711188291
-4.438919818,40.711188659
-4.438921929,40.711188768
-4.438924035,40.711188616
-4.438926082,40.711188206
-4.438928014,40.711187550
-4.438929781,40.711186663
-4.438989873,40.711182323
-4.438990059,40.711191357
-4.437688280,40.711285384
-4.437686354,40.711286227
-4.437684267,40.711286808
-4.437682081,40.711287111
-4.437679859,40.711287126
-4.437677667,40.711286854
-4.437675566,40.711286302
-4.437606673,40.711291278
-4.437605050,40.711292195
-4.437603260,40.711292910
-4.437601346,40.711293405
-4.437599354,40.711293669
-4.437597333,40.711293695
-4.437595331,40.711293482
-4.437593396,40.711293037
-4.437591575,40.711292369
-4.437524836,40.711297189
-4.437523295,40.711298241
-4.437521554,40.711299094
-4.437519658,40.711299726
-4.437517654,40.711300122
-4.437515592,40.711300271
-4.437513526,40.711300169
-4.437511508,40.711299820
-4.437509587,40.711299231
-4.437507813,40.711298418
-4.437442838,40.711303111
-4.437441410,40.711304267
-4.437439757,40.711305234
-4.437437922,40.711305988
-4.437435953,40.711306510
-4.437433900,40.711306786
-4.437431815,40.711306809
-4.437429752,40.711306579
-4.437427763,40.711306100
-4.437425901,40.711305387
-4.437424212,40.711304456
-4.437360719,40.711309041
-4.437359417,40.711310277
-4.437357872,40.711311340
-4.437356125,40.711312201
-4.437354220,40.711312839
-4.437352205,40.711313238
-4.437350132,40.711313388
-4.437348055,40.711313285
-4.437346026,40.711312930
-4.437344097,40.711312335
-4.437342317,40.711311512
-4.437340732,40.711310485
-4.437278502,40.711314979
-4.437277211,40.711316388
-4.437275621,40.711317605
-4.437273779,40.711318596
-4.437271739,40.711319330
-4.437269564,40.711319784
-4.437267318,40.711319947
-4.437265069,40.711319811
-4.437262884,40.711319383
-4.437260830,40.711318674
-4.437258967,40.711317705
-4.437257352,40.711316507
-4.437196202,40.711320923
-4.437195066,40.711322375
-4.437193622,40.711323658
-4.437191913,40.711324737
-4.437189988,40.711325578
-4.437187903,40.711326159
-4.437185718,40.711326461
-4.437183498,40.711326477
-4.437181306,40.711326205
-4.437179208,40.711325654
-4.437177262,40.711324840
-4.437175527,40.711323786
-4.437174052,40.711322523
-4.437113831,40.711326872
-4.437112845,40.711328355
-4.437111547,40.711329692
-4.437109973,40.711330845
-4.437108168,40.711331781
-4.437106183,40.711332475
-4.437104074,40.711332906
-4.437101899,40.711333063
-4.437099721,40.711332942
-4.437097600,40.711332544
-4.437095596,40.711331883
-4.437093765,40.711330976
-4.437092160,40.711329849
-4.437090825,40.711328533
-4.437031395,40.711332825
-4.437030554,40.711334330
-4.437029399,40.711335709
-4.437027962,40.711336925
-4.437026281,40.711337944
-4.437024403,40.711338740
-4.437022379,40.711339289
-4.437020264,40.711339577
-4.437018115,40.711339597
-4.437015991,40.711339347
-4.437013950,40.711338835
-4.437012047,40.711338074
-4.437010335,40.711337086
-4.437008860,40.711335897
-4.437007662,40.711334539
-4.436948902,40.711338783
-4.436948139,40.711340407
-4.436947017,40.711341905
-4.436945571,40.711343233
-4.436943845,40.711344350
-4.436941890,40.711345223
-4.436939765,40.711345824
-4.436937536,40.711346135
-4.436935270,40.711346148
-4.436933035,40.711345862
-4.436930899,40.711345285
-4.436928927,40.711344435
-4.436927179,40.711343338
-4.436925707,40.711342027
-4.436924556,40.711340541
-4.436866354,40.711344744
-4.436865740,40.711346370
-4.436864772,40.711347892
-4.436863478,40.711349267
-4.436861895,40.711350454
-4.436860070,40.711351419
-4.436858056,40.711352134
-4.436855911,40.711352578
-4.436853698,40.711352738
-4.436851482,40.711352609
-4.436849327,40.711352195
-4.436847296,40.711351508
-4.436845448,40.711350569
-4.436843837,40.711349404
-4.436842510,40.711348047
-4.436841505,40.711346539
-4.436783756,40.711350709
-4.436783285,40.711352331
-4.436782464,40.711353869
-4.436781318,40.711355282
-4.436779877,40.711356530
-4.436778183,40.711357577
-4.436776282,40.711358393
-4.436774229,40.711358957
-4.436772082,40.711359252
-4.436769899,40.711359270
-4.436767744,40.711359010
-4.436765676,40.711358480
-4.436763753,40.711357694
-4.436762029,40.711356675
-4.436760554,40.711355452
-4.436759368,40.711354058
-4.436758504,40.711352533
-4.436701109,40.711356677
-4.436700775,40.711358290
-4.436700097,40.711359839
-4.436699094,40.711361283
-4.436697794,40.711362581
-4.436696230,40.711363699
-4.436694447,40.711364607
-4.436692492,40.711365280
-4.436690418,40.711365699
-4.436688282,40.711365853
-4.436686142,40.711365738
-4.436684055,40.711365357
-4.436682080,40.711364721
-4.436680268,40.711363847
-4.436678669,40.711362758
-4.436677327,40.711361484
-4.436676279,40.711360059
-4.436675552,40.711358523
-4.436618416,40.711362649
-4.436618191,40.711364342
-4.436617589,40.711365981
-4.436616628,40.711367517
-4.436615335,40.711368905
-4.436613749,40.711370105
-4.436611917,40.711371080
-4.436609893,40.711371802
-4.436607735,40.711372251
-4.436605509,40.711372411
-4.436603280,40.711372280
-4.436601113,40.711371860
-4.436599073,40.711371164
-4.436597219,40.711370213
-4.436595606,40.711369035
-4.436594282,40.711367664
-4.436593285,40.711366141
-4.436592646,40.711364510
-4.436535677,40.711368624
-4.436535589,40.711370294
-4.436535133,40.711371930
-4.436534322,40.711373483
-4.436533179,40.711374911
-4.436531737,40.711376172
-4.436530037,40.711377231
-4.436528127,40.711378058
-4.436526061,40.711378628
-4.436523900,40.711378925
-4.436521703,40.711378942
-4.436519533,40.711378678
-4.436517453,40.711378140
-4.436515522,40.711377343
-4.436513794,40.711376311
-4.436512318,40.711375072
-4.436511138,40.711373663
-4.436510286,40.711372122
-4.436509786,40.711370494
-4.436452894,40.711374602
-4.436452468,40.711372915
-4.436451666,40.711371309
-4.436450511,40.711369833
-4.436449039,40.711368530
-4.436447293,40.711367441
-4.436445325,40.711366598
-4.436443197,40.711366026
-4.436440970,40.711365742
-4.436438712,40.711365756
-4.436436491,40.711366066
-4.436434374,40.711366663
-4.436432425,40.711367529
-4.436430701,40.711368639
-4.436429256,40.711369959
-4.436428131,40.711371449
-4.436427362,40.711373064
-4.436426971,40.711374756
-4.436426970,40.711376474
-4.436370066,40.711380583
-4.436369538,40.711378979
-4.436368668,40.711377464
-4.436367478,40.711376080
-4.436366003,40.711374866
-4.436364282,40.711373856
-4.436362365,40.711373077
-4.436360304,40.711372552
-4.436358158,40.711372295
-4.436355985,40.711372314
-4.436353846,40.711372607
-4.436351801,40.711373166
-4.436349907,40.711373977
-4.436348216,40.711375016
-4.436346777,40.711376255
-4.436345627,40.711377658
-4.436344801,40.711379188
-4.436344321,40.711380800
-4.436344199,40.711382451
-4.436287192,40.711386568
-4.436286528,40.711384964
-4.436285516,40.711383468
-4.436284186,40.711382124
-4.436282576,40.711380971
-4.436280734,40.711380042
-4.436278711,40.711379363
-4.436276566,40.711378954
-4.436274362,40.711378828
-4.436272161,40.711378987
-4.436270028,40.711379427
-4.436268022,40.711380135
-4.436266204,40.711381091
-4.436264624,40.711382267
-4.436263328,40.711383630
-4.436262354,40.711385141
-4.436261730,40.711386754
-4.436261473,40.711388425
-4.436204274,40.711392556
-4.436203466,40.711390956
-4.436202309,40.711389485
-4.436200836,40.711388189
-4.436199092,40.711387105
-4.436197128,40.711386266
-4.436195003,40.711385697
-4.436192782,40.711385416
-4.436190530,40.711385429
-4.436188315,40.711385738
-4.436186202,40.711386333
-4.436184256,40.711387196
-4.436182535,40.711388301
-4.436181090,40.711389615
-4.436179963,40.711391099
-4.436179190,40.711392709
-4.436178793,40.711394396
-4.436121308,40.711398547
-4.436120424,40.711397051
-4.436119228,40.711395687
-4.436117753,40.711394492
-4.436116038,40.711393498
-4.436114132,40.711392733
-4.436112087,40.711392218
-4.436109957,40.711391967
-4.436107802,40.711391986
-4.436105681,40.711392276
-4.436103652,40.711392827
-4.436101770,40.711393626
-4.436100087,40.711394650
-4.436098649,40.711395871
-4.436097496,40.711397256
-4.436096658,40.711398767
-4.436096160,40.711400363
-4.436038293,40.711404541
-4.436037271,40.711403065
-4.436035937,40.711401741
-4.436034330,40.711400605
-4.436032496,40.711399691
-4.436030486,40.711399024
-4.436028357,40.711398623
-4.436026171,40.711398500
-4.436023988,40.711398658
-4.436021871,40.711399092
-4.436019879,40.711399790
-4.436018070,40.711400733
-4.436016494,40.711401893
-4.436015197,40.711403238
-4.436014215,40.711404730
-4.436013575,40.711406326
-4.435955226,40.711410539
-4.435954061,40.711409089
-4.435952586,40.711407813
-4.435950847,40.711406746
-4.435948894,40.711405922
-4.435946785,40.711405363
-4.435944581,40.711405088
-4.435942347,40.711405102
-4.435940150,40.711405408
-4.435938054,40.711405994
-4.435936120,40.711406844
-4.435934406,40.711407934
-4.435932961,40.711409230
-4.435931829,40.711410695
-4.435931043,40.711412286
-4.435872106,40.711416541
-4.435870897,40.711415220
-4.435869423,40.711414065
-4.435867723,40.711413107
-4.435865841,40.711412371
-4.435863828,40.711411877
-4.435861735,40.711411637
-4.435859620,40.711411658
-4.435857537,40.711411940
-4.435855541,40.711412475
-4.435853686,40.711413249
-4.435852020,40.711414241
-4.435850587,40.711415425
-4.435849424,40.711416770
-4.435848564,40.711418241
-4.435788925,40.711422548
-4.435787583,40.711421272
-4.435785984,40.711420181
-4.435784172,40.711419306
-4.435782195,40.711418669
-4.435780107,40.711418287
-4.435777965,40.711418172
-4.435775828,40.711418327
-4.435773753,40.711418746
-4.435771797,40.711419419
-4.435770012,40.711420328
-4.435768449,40.711421448
-4.435767148,40.711422748
-4.435766146,40.711424192
-4.435036599,40.711476869
-4.435037717,40.711485835
-4.435766961,40.711433181
-4.435768282,40.711434567
-4.435769896,40.711435759
-4.435771756,40.711436722
-4.435773806,40.711437427
-4.435775985,40.711437853
-4.435778228,40.711437987
-4.435780468,40.711437825
-4.435782637,40.711437372
-4.435784672,40.711436642
-4.435786511,40.711435656
-4.435788100,40.711434445
-4.435789391,40.711433043
-4.435790346,40.711431492
-4.435850156,40.711427174
-4.435851501,40.711428418
-4.435853094,40.711429480
-4.435854892,40.711430331
-4.435856848,40.711430950
-4.435858909,40.711431319
-4.435861022,40.711431429
-4.435863130,40.711431276
-4.435865178,40.711430866
-4.435867111,40.711430209
-4.435868879,40.711429321
-4.435870434,40.711428228
-4.435871736,40.711426957
-4.435872750,40.711425542
-4.435933417,40.711421162
-4.435934892,40.711422347
-4.435936603,40.711423332
-4.435938503,40.711424090
-4.435940542,40.711424601
-4.435942662,40.711424849
-4.435944808,40.711424829
-4.435946920,40.711424542
-4.435948941,40.711423994
-4.435950817,40.711423201
-4.435952496,40.711422185
-4.435953933,40.711420972
-4.435955088,40.711419597
-4.436016757,40.711415144
-4.436018360,40.711416257
-4.436020184,40.711417152
-4.436022178,40.711417804
-4.436024286,40.711418195
-4.436026451,40.711418315
-4.436028611,40.711418158
-4.436030707,40.711417732
-4.436032682,40.711417046
-4.436034478,40.711416120
-4.436036048,40.711414980
-4.436037348,40.711413657
-4.436100186,40.711409119
-4.436101911,40.711410144
-4.436103838,40.711410935
-4.436105912,40.711411469
-4.436108074,40.711411731
-4.436110263,40.711411713
-4.436112417,40.711411417
-4.436114475,40.711410850
-4.436116380,40.711410029
-4.436118077,40.711408977
-4.436119518,40.711407723
-4.436183722,40.711403087
-4.436185558,40.711404004
-4.436187570,40.711404674
-4.436189702,40.711405076
-4.436191892,40.711405200
-4.436194079,40.711405042
-4.436196199,40.711404607
-4.436198194,40.711403907
-4.436200005,40.711402961
-4.436201581,40.711401797
-4.436267397,40.711397045
-4.436269318,40.711397829
-4.436271384,40.711398357
-4.436273538,40.711398616
-4.436275717,40.711398598
-4.436277863,40.711398304
-4.436279913,40.711397741
-4.436281812,40.711396926
-4.436283505,40.711395882
-4.436351262,40.711390989
-4.436353216,40.711391606
-4.436355276,40.711391974
-4.436357387,40.711392084
-4.436359494,40.711391932
-4.436361540,40.711391522
-4.436363473,40.711390865
-4.436365239,40.711389979
-4.436435424,40.711384911
-4.436437295,40.711385320
-4.436439226,40.711385512
-4.436441172,40.711385483
-4.436443091,40.711385233
-4.436444940,40.711384768
-4.436446677,40.711384099
-4.438990244,40.711200391
-4.438990430,40.711209425
-4.435038835,40.711494802
-4.435039953,40.711503769
-4.438990615,40.711218459
-4.438990801,40.711227493
-4.435041071,40.711512736
-4.435042189,40.711521703
-4.435104068,40.711517235
-4.435104251,40.711515514
-4.435104824,40.711513844
-4.435105769,40.711512275
-4.435107057,40.711510855
-4.435108650,40.711509626
-4.435110499,40.711508626
-4.435112547,40.711507886
-4.435114734,40.711507427
-4.435116992,40.711507264
-4.435119253,40.711507402
-4.435121448,40.711507836
-4.435123511,40.711508553
-4.435125379,40.711509532
-4.435126996,40.711510743
-4.435128312,40.711512149
-4.435129287,40.711513707
-4.435129892,40.711515370
-4.435188707,40.711511124
-4.435190000,40.711509737
-4.435191586,40.711508538
-4.435193418,40.711507564
-4.435195441,40.711506842
-4.435197597,40.711506394
-4.435199822,40.711506234
-4.435202050,40.711506365
-4.435204216,40.711506784
-4.435206255,40.711507479
-4.435208109,40.711508429
-4.435209722,40.711509606
-4.438990986,40.711236528
-4.438991172,40.711245562
-4.435374406,40.711506763
-4.435372686,40.711505755
-4.435370771,40.711504979
-4.435368712,40.711504455
-4.435366568,40.711504199
-4.435364398,40.711504217
-4.435362261,40.711504510
-4.435360219,40.711505068
-4.435358326,40.711505877
-4.435356637,40.711506914
-4.435355197,40.711508150
-4.435295331,40.711512473
-4.435294539,40.711510855
-4.435293390,40.711509366
-4.435291918,40.711508052
-4.435290169,40.711506952
-4.435288195,40.711506100
-4.435286057,40.711505522
-4.435283820,40.711505235
-4.435281551,40.711505248
-4.435279320,40.711505560
-4.435277193,40.711506162
-4.435275236,40.711507036
-4.435273509,40.711508155
-4.435272063,40.711509486
-4.435270942,40.711510987
-4.435270181,40.711512614
-4.435269803,40.711514316
-4.435212598,40.711518446
-4.435211926,40.711520002
-4.435210926,40.711521453
-4.435209625,40.711522758
-4.435208060,40.711523883
-4.435206273,40.711524796
-4.435204312,40.711525472
-4.435202232,40.711525894
-4.435200089,40.711526048
-4.435197942,40.711525932
-4.435195849,40.711525549
-4.435193868,40.711524908
-4.435192053,40.711524027
-4.435190453,40.711522931
-4.435189112,40.711521650
-4.435188067,40.711520217
-4.435125499,40.711524735
-4.435123655,40.711525727
-4.435121614,40.711526461
-4.435119437,40.711526917
-4.435117190,40.711527079
-4.435114939,40.711526943
-4.435112753,40.711526514
-4.435110698,40.711525804
-4.435043308,40.711530669
-4.435044426,40.711539636
-4.435274897,40.711522996
-4.435276712,40.711523877
-4.435278694,40.711524518
-4.435280787,40.711524902
-4.435282935,40.711525018
-4.435285079,40.711524863
-4.435287160,40.711524442
-4.435289121,40.711523765
-4.435290908,40.711522852
-4.435292474,40.711521727
-4.435353328,40.711517333
-4.435354206,40.711518838
-4.435355399,40.711520211
-4.435356874,40.711521416
-4.435358592,40.711522417
-4.435360503,40.711523189
-4.435362556,40.711523709
-4.435364694,40.711523963
-4.435366858,40.711523944
-4.435368987,40.711523653
-4.435371024,40.711523097
-4.435372912,40.711522293
-4.435374599,40.711521262
-4.435376037,40.711520032
-4.435377189,40.711518638
-4.435378021,40.711517118
-4.435378511,40.711515514
-4.435435638,40.711511390
-4.435436211,40.711509720
-4.435437156,40.711508152
-4.435438445,40.711506732
-4.435440037,40.711505504
-4.435441886,40.711504505
-4.435443934,40.711503764
-4.435446120,40.711503306
-4.435448377,40.711503143
-4.435450638,40.711503280
-4.435452832,40.711503714
-4.435454895,40.711504431
-4.435456763,40.711505409
-4.435458379,40.711506619
-4.435459695,40.711508025
-4.435460671,40.711509582
-4.435521927,40.711505159
-4.435523463,40.711504120
-4.435525195,40.711503277
-4.435527080,40.711502652
-4.435529071,40.711502261
-4.435531118,40.711502113
-4.435533169,40.711502213
-4.435535175,40.711502556
-4.435537085,40.711503136
-4.435538850,40.711503937
-4.438991357,40.711254596
-4.438991543,40.711263630
-4.438933886,40.711267795
-4.438932412,40.711266631
-4.438930708,40.711265665
-4.438928821,40.711264923
-4.438926800,40.711264424
-4.438924699,40.711264181
-4.438922575,40.711264202
-4.438920484,40.711264486
-4.438918480,40.711265025
-4.438916619,40.711265804
-4.438914949,40.711266803
-4.438913515,40.711267996
-4.438912355,40.711269350
-4.438850536,40.711273816
-4.438848937,40.711272726
-4.438847125,40.711271851
-4.438845149,40.711271214
-4.438843062,40.711270833
-4.438840921,40.711270719
-4.438838784,40.711270873
-4.438836710,40.711271292
-4.438834754,40.711271965
-4.438832970,40.711272873
-4.438831407,40.711273992
-4.438830106,40.711275291
-4.438767094,40.711279843
-4.438765378,40.711278844
-4.438763468,40.711278074
-4.438761417,40.711277556
-4.438759282,40.711277303
-4.438757121,40.711277322
-4.438754994,40.711277613
-4.438752960,40.711278167
-4.438751074,40.711278970
-4.438749388,40.711279999
-4.438747950,40.711281226
-4.438683542,40.711285878
-4.438681722,40.711284990
-4.438679733,40.711284342
-4.438677632,40.711283955
-4.438675475,40.711283837
-4.438673322,40.711283992
-4.438671233,40.711284417
-4.438669264,40.711285099
-4.438667472,40.711286019
-4.438665904,40.711287152
-4.438599845,40.711291924
-4.438597949,40.711291172
-4.438595918,40.711290666
-4.438593805,40.711290420
-4.438591667,40.711290440
-4.438589563,40.711290726
-4.438587548,40.711291270
-4.438585678,40.711292058
-4.438584002,40.711293068
-4.438515948,40.711297984
-4.438514035,40.711297402
-4.438512025,40.711297056
-4.438509969,40.711296956
-4.438507918,40.711297105
-4.438505924,40.711297497
-4.438504036,40.711298124
-4.438502301,40.711298970
-4.438431733,40.711304067
-4.438429564,40.711303646
-4.438427332,40.711303514
-4.438425103,40.711303675
-4.438422944,40.711304124
-4.438420918,40.711304848
-4.435702936,40.711501137
-4.435700989,40.711500525
-4.435698938,40.711500161
-4.435696836,40.711500053
-4.435694739,40.711500204
-4.435692701,40.711500611
-4.435690776,40.711501263
-4.435689015,40.711502142
-4.435625903,40.711506699
-4.435624750,40.711505218
-4.435623278,40.711503912
-4.435621531,40.711502819
-4.435619561,40.711501972
-4.435617429,40.711501398
-4.435615198,40.711501113
-4.435612937,40.711501126
-4.435610712,40.711501437
-4.435608592,40.711502036
-4.435606639,40.711502905
-4.435604914,40.711504018
-4.435603469,40.711505342
-4.435602346,40.711506836
-4.435601579,40.711508455
-4.435544319,40.711512590
-4.435544014,40.711514225
-4.435543356,40.711515799
-4.435542364,40.711517268
-4.435541065,40.711518591
-4.435539495,40.711519732
-4.435537698,40.711520658
-4.435535723,40.711521344
-4.435533626,40.711521771
-4.435531466,40.711521927
-4.435529301,40.711521808
-4.435527192,40.711521417
-4.435525198,40.711520764
-4.435523374,40.711519869
-4.435521771,40.711518755
-4.435520433,40.711517454
-4.435519398,40.711516002
-4.435518694,40.711514440
-4.435459133,40.711518741
-4.435457688,40.711520051
-4.435455968,40.711521153
-4.435454024,40.711522013
-4.435451915,40.711522606
-4.435449704,40.711522914
-4.435447456,40.711522928
-4.435445238,40.711522647
-4.435443117,40.711522081
-4.435441155,40.711521245
-4.435439412,40.711520165
-4.435037187,40.711549206
-4.435038305,40.711558173
-4.435604148,40.711517317
-4.435605621,40.711518465
-4.435607319,40.711519416
-4.435609196,40.711520147
-4.435611203,40.711520637
-4.435613289,40.711520875
-4.435615397,40.711520853
-4.435617473,40.711520573
-4.435619462,40.711520041
-4.435621312,40.711519272
-4.435622975,40.711518286
-4.435624407,40.711517108
-4.435625571,40.711515770
-4.435684159,40.711511540
-4.435684684,40.711513146
-4.435685553,40.711514663
-4.435686742,40.711516049
-4.435688218,40.711517266
-4.435689939,40.711518278
-4.435691857,40.711519058
-4.435693920,40.711519584
-4.435696068,40.711519842
-4.435698243,40.711519823
-4.435700384,40.711519530
-4.435702430,40.711518969
-4.435704326,40.711518157
-4.435706017,40.711517117
-4.435707457,40.711515876
-4.435708606,40.711514471
-4.435709431,40.711512939
-4.435709909,40.711511325
-4.435710028,40.711509672
-4.437179285,40.711403573
-4.437181164,40.711402777
-4.437183189,40.711402227
-4.437185305,40.711401939
-4.437187455,40.711401919
-4.437189580,40.711402169
-4.437191622,40.711402682
-4.437260849,40.711397682
-4.437262693,40.711396689
-4.437264735,40.711395954
-4.437266913,40.711395499
-4.437269161,40.711395336
-4.437271413,40.711395472
-4.437273600,40.711395902
-4.437275656,40.711396613
-4.437342662,40.711391773
-4.437344191,40.711390752
-4.437345911,40.711389924
-4.437347779,40.711389310
-4.437349751,40.711388926
-4.437351776,40.711388779
-4.437353807,40.711388875
-4.437355794,40.711389210
-4.437357688,40.711389777
-4.437359442,40.711390561
-4.437424641,40.711385853
-4.437426064,40.711384724
-4.437427704,40.711383780
-4.437429518,40.711383044
-4.437431462,40.711382534
-4.437433487,40.711382264
-4.437435543,40.711382239
-4.437437578,40.711382462
-4.437439542,40.711382925
-4.437441386,40.711383617
-4.437443063,40.711384522
-4.437506745,40.711379923
-4.437508190,40.711378599
-4.437509916,40.711377485
-4.437511868,40.711376615
-4.437513989,40.711376016
-4.437516214,40.711375705
-4.437518477,40.711375692
-4.437520708,40.711375977
-4.437522841,40.711376552
-4.437524810,40.711377399
-4.437526558,40.711378492
-4.437588949,40.711373986
-4.437590242,40.711372601
-4.437591828,40.711371404
-4.437593658,40.711370431
-4.437595680,40.711369710
-4.437597835,40.711369263
-4.437600058,40.711369102
-4.437602284,40.711369233
-4.437604448,40.711369652
-4.437606487,40.711370345
-4.437608339,40.711371294
-4.437609952,40.711372469
-4.437671239,40.711368043
-4.437672381,40.711366612
-4.437673823,40.711365348
-4.437675524,40.711364286
-4.437677436,40.711363458
-4.437679504,40.711362887
-4.437681669,40.711362588
-4.437683869,40.711362572
-4.437686041,40.711362837
-4.437688123,40.711363377
-4.437690057,40.711364175
-4.437691786,40.711365210
-4.437693261,40.711366452
-4.437753601,40.711362094
-4.437754595,40.711360630
-4.437755894,40.711359311
-4.437757463,40.711358174
-4.437759258,40.711357251
-4.437761229,40.711356567
-4.437763322,40.711356142
-4.437765479,40.711355986
-4.437767639,40.711356104
-4.437769744,40.711356494
-4.437771735,40.711357143
-4.437773557,40.711358035
-4.437775159,40.711359144
-4.437776498,40.711360440
-4.437836028,40.711356141
-4.437836878,40.711354652
-4.437838037,40.711353290
-4.437839472,40.711352089
-4.437841146,40.711351083
-4.437843013,40.711350298
-4.437845023,40.711349756
-4.437847123,40.711349471
-4.437849256,40.711349450
-4.437851365,40.711349695
-4.437853392,40.711350198
-4.437855285,40.711350947
-4.437856992,40.711351921
-4.437858466,40.711353093
-4.437859670,40.711354433
-4.437918514,40.711350183
-4.437919288,40.711348575
-4.437920415,40.711347093
-4.437921860,40.711345780
-4.437923581,40.711344677
-4.437925526,40.711343815
-4.437927637,40.711343221
-4.437929850,40.711342912
-4.437932101,40.711342899
-4.437934321,40.711343180
-4.437936444,40.711343748
-4.437938407,40.711344585
-4.437940151,40.711345668
-4.437941624,40.711346962
-4.437942782,40.711348431
-4.438001054,40.711344222
-4.438001681,40.711342611
-4.438002656,40.711341103
-4.438003952,40.711339743
-4.438005531,40.711338569
-4.438007348,40.711337614
-4.438009352,40.711336907
-4.438011483,40.711336468
-4.438013681,40.711336310
-4.438015883,40.711336436
-4.438018025,40.711336843
-4.438020046,40.711337520
-4.438021887,40.711338447
-4.438023496,40.711339598
-4.438024827,40.711340939
-4.438025841,40.711342431
-4.438083645,40.711338256
-4.438084130,40.711336648
-4.438084959,40.711335122
-4.438086109,40.711333723
-4.438087548,40.711332488
-4.438089237,40.711331452
-4.438091129,40.711330644
-4.438093170,40.711330087
-4.438095305,40.711329794
-4.438097474,40.711329776
-4.438099616,40.711330031
-4.438101674,40.711330554
-4.438103589,40.711331330
-4.438105308,40.711332336
-4.438106783,40.711333546
-4.438107974,40.711334925
-4.438108848,40.711336436
-4.438166285,40.711332287
-4.438166667,40.711330588
-4.438167430,40.711328964
-4.438168551,40.711327465
-4.438169997,40.711326137
-4.438171724,40.711325020
-4.438173679,40.711324148
-4.438175803,40.711323547
-4.438178032,40.711323235
-4.438180298,40.711323222
-4.438182533,40.711323508
-4.438184669,40.711324085
-4.438186641,40.711324935
-4.438188389,40.711326032
-4.438189861,40.711327344
-4.438191012,40.711328829
-4.438191807,40.711330444
-4.438248972,40.711326315
-4.438249212,40.711324633
-4.438249825,40.711323006
-4.438250793,40.711321483
-4.438252087,40.711320107
-4.438253670,40.711318918
-4.438255496,40.711317952
-4.438257511,40.711317237
-4.438259657,40.711316793
-4.438261870,40.711316633
-4.438264087,40.711316762
-4.438266243,40.711317176
-4.438268275,40.711317864
-4.438270124,40.711318804
-4.438271735,40.711319970
-4.438273062,40.711321328
-4.438274066,40.711322838
-4.438274718,40.711324456
-4.438331704,40.711320339
-4.438331809,40.711318678
-4.438332277,40.711317054
-4.438333096,40.711315512
-4.438334241,40.711314096
-4.438335682,40.711312846
-4.438337378,40.711311797
-4.438339280,40.711310978
-4.438341335,40.711310413
-4.438343486,40.711310117
-4.438345671,40.711310100
-4.438347830,40.711310360
-4.438349900,40.711310892
-4.438351825,40.711311680
-4.438353549,40.711312702
-4.438355025,40.711313928
-4.438356210,40.711315325
-4.438357071,40.711316854
-4.438357585,40.711318470
-4.438414482,40.711314360
-4.438414893,40.711316059
-4.438415685,40.711317677
-4.438416834,40.711319165
-4.438418306,40.711320480
-4.438420055,40.711321580
-4.438422029,40.711322432
-4.438424167,40.711323010
-4.438426405,40.711323298
-4.438428674,40.711323285
-4.438430906,40.711322973
-4.438433032,40.711322370
-4.438434989,40.711321496
-4.438436717,40.711320376
-4.438438163,40.711319046
-4.438439283,40.711317544
-4.438440044,40.711315917
-4.438440422,40.711314215
-4.438440406,40.711312488
-4.438497303,40.711308378
-4.438497817,40.711309994
-4.438498679,40.711311522
-4.438499865,40.711312918
-4.438501340,40.711314144
-4.438503064,40.711315165
-4.438504988,40.711315952
-4.438507059,40.711316484
-4.438509216,40.711316744
-4.438511401,40.711316726
-4.438513551,40.711316431
-4.438515606,40.711315866
-4.438517507,40.711315048
-4.438519203,40.711313999
-4.438520644,40.711312750
-4.438521790,40.711311334
-4.438522609,40.711309793
-4.438523077,40.711308169
-4.438523183,40.711306509
-4.438580170,40.711302393
-4.438580822,40.711304010
-4.438581827,40.711305519
-4.438583154,40.711306876
-4.438584765,40.711308041
-4.438586614,40.711308981
-4.438588645,40.711309668
-4.438590800,40.711310082
-4.438593017,40.711310211
-4.438595230,40.711310051
-4.438597375,40.711309607
-4.438599390,40.711308892
-4.438601215,40.711307926
-4.438602798,40.711306739
-4.438604092,40.711305363
-4.438605060,40.711303840
-4.438605673,40.711302215
-4.438605914,40.711300533
-4.438663082,40.711296404
-4.438663878,40.711298018
-4.438665029,40.711299502
-4.438666501,40.711300813
-4.438668249,40.711301909
-4.438670221,40.711302758
-4.438672356,40.711303334
-4.438674590,40.711303620
-4.438676855,40.711303607
-4.438679083,40.711303296
-4.438681206,40.711302695
-4.438683161,40.711301823
-4.438684887,40.711300707
-4.438686333,40.711299380
-4.438687455,40.711297882
-4.438688218,40.711296259
-4.438688601,40.711294560
-4.438746041,40.711290411
-4.438746915,40.711291921
-4.438748106,40.711293300
-4.438749582,40.711294509
-4.438751301,40.711295515
-4.438753215,40.711296289
-4.438755272,40.711296812
-4.438757414,40.711297067
-4.438759582,40.711297049
-4.438761716,40.711296756
-4.438763757,40.711296199
-4.438765648,40.711295391
-4.438767336,40.711294356
-4.438768775,40.711293122
-4.438769926,40.711291724
-4.438770755,40.711290199
-4.438771240,40.711288591
-4.438829048,40.711284415
-4.438830062,40.711285907
-4.438831393,40.711287247
-4.438833002,40.711288397
-4.438834843,40.711289323
-4.438836864,40.711290000
-4.438839005,40.711290407
-4.438841206,40.711290533
-4.438843403,40.711290374
-4.438845534,40.711289935
-4.438847536,40.711289229
-4.438849353,40.711288275
-4.438850932,40.711287102
-4.438852228,40.711285742
-4.438853204,40.711284236
-4.438853831,40.711282625
-4.438912107,40.711278416
-4.438913266,40.711279883
-4.438914739,40.711281177
-4.438916483,40.711282258
-4.438918445,40.711283095
-4.438920567,40.711283662
-4.438922787,40.711283943
-4.438925036,40.711283929
-4.438927249,40.711283621
-4.438929359,40.711283027
-4.438931303,40.711282166
-4.438933023,40.711281063
-4.438934469,40.711279751
-4.438935596,40.711278270
-4.438936371,40.711276663
-4.438991728,40.711272664
-4.438991914,40.711281698
-4.438352577,40.711327879
-4.438350844,40.711328723
-4.438348958,40.711329348
-4.438346967,40.711329739
-4.438344919,40.711329887
-4.438342866,40.711329788
-4.438340860,40.711329444
-4.438338949,40.711328864
-4.438270877,40.711333780
-4.438269203,40.711334788
-4.438267334,40.711335575
-4.438265322,40.711336118
-4.438263220,40.711336404
-4.438261085,40.711336424
-4.438258974,40.711336179
-4.438256944,40.711335674
-4.438255050,40.711334924
-4.438188976,40.711339696
-4.438187409,40.711340827
-4.438185617,40.711341746
-4.438183651,40.711342426
-4.438181564,40.711342850
-4.438179413,40.711343006
-4.438177258,40.711342888
-4.438175159,40.711342501
-4.438173172,40.711341856
-4.438171353,40.711340969
-4.438106932,40.711345622
-4.438105493,40.711346848
-4.438103809,40.711347875
-4.438101924,40.711348677
-4.438099891,40.711349231
-4.438097765,40.711349521
-4.438095606,40.711349540
-4.438093472,40.711349287
-4.438091423,40.711348770
-4.438089514,40.711348002
-4.438087798,40.711347004
-4.438024776,40.711351556
-4.438023475,40.711352854
-4.438021912,40.711353971
-4.438020129,40.711354879
-4.438018175,40.711355551
-4.438016102,40.711355970
-4.438013966,40.711356124
-4.438011827,40.711356009
-4.438009741,40.711355629
-4.438007766,40.711354993
-4.438005954,40.711354119
-4.438004356,40.711353031
-4.437942528,40.711357496
-4.437941368,40.711358849
-4.437939934,40.711360041
-4.437938264,40.711361039
-4.437936404,40.711361818
-4.437934401,40.711362356
-4.437932311,40.711362639
-4.437930188,40.711362660
-4.437928088,40.711362418
-4.437926069,40.711361920
-4.437924182,40.711361179
-4.437922479,40.711360214
-4.437921005,40.711359051
-4.437860202,40.711363443
-4.437859181,40.711364837
-4.437857878,40.711366089
-4.437856329,40.711367166
-4.437854572,40.711368039
-4.437852654,40.711368686
-4.437850624,40.711369090
-4.437848535,40.711369241
-4.437846442,40.711369134
-4.437844398,40.711368773
-4.437842457,40.711368167
-4.437840669,40.711367332
-4.437839080,40.711366289
-4.437837733,40.711365065
-4.437777807,40.711369393
-4.437776843,40.711370924
-4.437775549,40.711372307
-4.437773965,40.711373502
-4.437772135,40.711374474
-4.437770115,40.711375193
-4.437767963,40.711375640
-4.437765742,40.711375800
-4.437763517,40.711375670
-4.437761355,40.711375252
-4.437759318,40.711374560
-4.437757466,40.711373614
-4.437755854,40.711372440
-4.437754529,40.711371075
-4.437695350,40.711375349
-4.437694536,40.711376897
-4.437693391,40.711378319
-4.437691950,40.711379574
-4.437690252,40.711380628
-4.437688346,40.711381451
-4.437686286,40.711382019
-4.437684129,40.711382315
-4.437681938,40.711382333
-4.437679774,40.711382070
-4.437677699,40.711381535
-4.437675771,40.711380743
-4.437674045,40.711379716
-4.437672569,40.711378483
-4.437671386,40.711377080
-4.437612837,40.711381308
-4.437612166,40.711382866
-4.437611166,40.711384317
-4.437609866,40.711385624
-4.437608301,40.711386749
-4.437606513,40.711387663
-4.437604551,40.711388340
-4.437602470,40.711388762
-4.437600326,40.711388917
-4.437598177,40.711388801
-4.437596084,40.711388416
-4.437594102,40.711387775
-4.437592286,40.711386894
-4.437590686,40.711385797
-4.437589345,40.711384514
-4.437588301,40.711383080
-4.437530271,40.711387271
-4.437529691,40.711388934
-4.437528742,40.711390494
-4.437527452,40.711391907
-4.437525861,40.711393128
-4.437524017,40.711394121
-4.437521974,40.711394857
-4.437519795,40.711395314
-4.437517545,40.711395476
-4.437515292,40.711395340
-4.437513104,40.711394910
-4.437511047,40.711394198
-4.437509182,40.711393226
-4.437507567,40.711392024
-4.437506249,40.711390627
-4.437505268,40.711389077
-4.437447656,40.711393238
-4.437447220,40.711394892
-4.437446423,40.711396466
-4.437445286,40.711397915
-4.437443842,40.711399195
-4.437442134,40.711400270
-4.437440211,40.711401110
-4.437438129,40.711401689
-4.437435948,40.711401991
-4.437433731,40.711402007
-4.437431542,40.711401736
-4.437429446,40.711401187
-4.437427503,40.711400375
-4.437425768,40.711399324
-4.437424294,40.711398064
-4.437423121,40.711396633
-4.437422285,40.711395070
-4.437364992,40.711399208
-4.437364696,40.711400850
-4.437364044,40.711402431
-4.437363055,40.711403908
-4.437361757,40.711405238
-4.437360185,40.711406385
-4.437358384,40.711407317
-4.437356403,40.711408007
-4.437354300,40.711408436
-4.437352132,40.711408593
-4.437349960,40.711408472
-4.437347844,40.711408078
-4.437345845,40.711407421
-4.437344018,40.711406519
-4.437342413,40.711405399
-4.437341077,40.711404090
-4.437340046,40.711402630
-4.437339349,40.711401060
-4.437282283,40.711405182
-4.437282099,40.711406902
-4.437281527,40.711408571
-4.437280582,40.711410140
-4.437279293,40.711411561
-4.437277701,40.711412789
-4.437275852,40.711413789
-4.437273803,40.711414529
-4.437271617,40.711414988
-4.437269359,40.711415151
-4.437267099,40.711415014
-4.437264904,40.711414580
-4.437262841,40.711413862
-4.437260973,40.711412884
-4.437259356,40.711411673
-4.437258040,40.711410268
-4.437257065,40.711408710
-4.437256460,40.711407047
-4.437199528,40.711411158
-4.437199482,40.711412852
-4.437199058,40.711414516
-4.437198267,40.711416100
-4.437197133,40.711417558
-4.437195689,40.711418848
-4.437193977,40.711419932
-4.437192047,40.711420778
-4.437189956,40.711421362
-4.437187766,40.711421666
-4.437185539,40.711421681
-4.437183341,40.711421407
-4.437181237,40.711420852
-4.437179287,40.711420033
-4.437177550,40.711418973
-4.437176076,40.711417703
-4.437174907,40.711416260
-4.437174079,40.711414687
-4.437173615,40.711413030
-4.437116729,40.711417138
-4.437116266,40.711415480
-4.437115438,40.711413906
-4.437114270,40.711412463
-4.437112796,40.711411192
-4.437111058,40.711410131
-4.437109109,40.711409311
-4.437107004,40.711408756
-4.437104805,40.711408482
-4.437102578,40.711408497
-4.437100386,40.711408801
-4.437098295,40.711409385
-4.437096365,40.711410231
-4.437094653,40.711411316
-4.437093208,40.711412606
-4.437092075,40.711414066
-4.437091284,40.711415650
-4.437090860,40.711417314
-4.437090815,40.711419009
-4.437033885,40.711423121
-4.437033281,40.711421457
-4.437032306,40.711419898
-4.437030990,40.711418491
-4.437029373,40.711417280
-4.437027505,40.711416300
-4.437025442,40.711415583
-4.437023246,40.711415148
-4.437020984,40.711415011
-4.437018726,40.711415174
-4.437016539,40.711415633
-4.437014489,40.711416374
-4.437012640,40.711417374
-4.437011047,40.711418603
-4.437009759,40.711420025
-4.437008815,40.711421594
-4.437008243,40.711423265
-4.437008060,40.711424986
-4.436950996,40.711429107
-4.436950299,40.711427536
-4.436949269,40.711426075
-4.436947933,40.711424766
-4.436946328,40.711423645
-4.436944500,40.711422742
-4.436942501,40.711422085
-4.436940385,40.711421690
-4.436938212,40.711421569
-4.436936043,40.711421726
-4.436933939,40.711422156
-4.436931958,40.711422846
-4.436930157,40.711423778
-4.436928585,40.711424926
-4.436927286,40.711426257
-4.436926297,40.711427734
-4.436925646,40.711429316
-4.436925351,40.711430959
-4.436868060,40.711435096
-4.436867225,40.711433533
-4.436866052,40.711432100
-4.436864577,40.711430840
-4.436862843,40.711429788
-4.436860899,40.711428976
-4.436858802,40.711428426
-4.436856613,40.711428156
-4.436854396,40.711428171
-4.436852214,40.711428473
-4.436850131,40.711429053
-4.436848207,40.711429893
-4.436846499,40.711430969
-4.436845055,40.711432250
-4.436843918,40.711433699
-4.436843121,40.711435274
-4.436842687,40.711436929
-4.436785077,40.711441089
-4.436784097,40.711439539
-4.436782779,40.711438141
-4.436781164,40.711436937
-4.436779299,40.711435965
-4.436777241,40.711435253
-4.436775052,40.711434822
-4.436772798,40.711434686
-4.436770547,40.711434848
-4.436768368,40.711435304
-4.436766324,40.711436041
-4.436764479,40.711437035
-4.436762888,40.711438257
-4.436761599,40.711439670
-4.436760650,40.711441232
-4.436760071,40.711442895
-4.436702045,40.711447085
-4.436701001,40.711445651
-4.436699661,40.711444367
-4.436698061,40.711443269
-4.436696244,40.711442386
-4.436694262,40.711441744
-4.436692167,40.711441360
-4.436690018,40.711441243
-4.436687872,40.711441398
-4.436685790,40.711441820
-4.436683828,40.711442498
-4.436682039,40.711443412
-4.436680474,40.711444539
-4.436679173,40.711445846
-4.436678174,40.711447299
-4.436677504,40.711448857
-4.436618959,40.711453085
-4.436617777,40.711451681
-4.436616301,40.711450447
-4.436614575,40.711449419
-4.436612646,40.711448626
-4.436610570,40.711448091
-4.436608405,40.711447828
-4.436606213,40.711447845
-4.436604056,40.711448142
-4.436601995,40.711448710
-4.436600088,40.711449533
-4.436598390,40.711450588
-4.436596948,40.711451844
-4.436595804,40.711453267
-4.436594990,40.711454816
-4.436535817,40.711459089
-4.436534492,40.711457723
-4.436532880,40.711456548
-4.436531028,40.711455601
-4.436528990,40.711454908
-4.436526827,40.711454490
-4.436524601,40.711454359
-4.436522379,40.711454520
-4.436520226,40.711454966
-4.436518205,40.711455687
-4.436516375,40.711456659
-4.436514790,40.711457855
-4.436513497,40.711459239
-4.436512533,40.711460771
-4.436452614,40.711465098
-4.436451267,40.711463873
-4.436449678,40.711462828
-4.436447889,40.711461992
-4.436445947,40.711461385
-4.436443902,40.711461023
-4.436441807,40.711460917
-4.436439717,40.711461068
-4.436437686,40.711461472
-4.436435767,40.711462120
-4.436434010,40.711462994
-4.436432460,40.711464072
-4.436431158,40.711465325
-4.436430137,40.711466721
-4.436369342,40.711471111
-4.436367867,40.711469947
-4.436366164,40.711468981
-4.436364277,40.711468238
-4.436362256,40.711467739
-4.436360155,40.711467497
-4.436358031,40.711467518
-4.436355939,40.711467802
-4.436353936,40.711468340
-4.436352075,40.711469120
-4.436350405,40.711470119
-4.436348970,40.711471312
-4.436347810,40.711472666
-4.436285991,40.711477130
-4.436284393,40.711476040
-4.436282580,40.711475165
-4.436280604,40.711474528
-4.436278517,40.711474147
-4.436276376,40.711474032
-4.436274239,40.711474187
-4.436272165,40.711474606
-4.436270209,40.711475279
-4.436268425,40.711476187
-4.436266862,40.711477306
-4.436265561,40.711478605
-4.436202549,40.711483155
-4.436200832,40.711482156
-4.436198923,40.711481387
-4.436196872,40.711480868
-4.436194737,40.711480615
-4.436192576,40.711480634
-4.436190449,40.711480924
-4.436188414,40.711481479
-4.436186528,40.711482282
-4.436184843,40.711483311
-4.436183404,40.711484538
-4.436118996,40.711489189
-4.436117176,40.711488300
-4.436115188,40.711487653
-4.436113086,40.711487265
-4.436110929,40.711487147
-4.436108776,40.711487302
-4.436106687,40.711487727
-4.436104718,40.711488409
-4.436102926,40.711489329
-4.436101358,40.711490462
-4.436035298,40.711495233
-4.436033403,40.711494480
-4.436031371,40.711493974
-4.436029258,40.711493728
-4.436027121,40.711493748
-4.436025016,40.711494034
-4.436023002,40.711494579
-4.436021131,40.711495367
-4.436019456,40.711496377
-4.435951399,40.711501291
-4.435949487,40.711500709
-4.435947478,40.711500364
-4.435945422,40.711500264
-4.435943372,40.711500412
-4.435941378,40.711500804
-4.435939490,40.711501431
-4.435937755,40.711502276
-4.435867186,40.711507372
-4.435865016,40.711506951
-4.435862784,40.711506819
-4.435860556,40.711506980
-4.435858396,40.711507429
-4.435856370,40.711508153
-4.435039423,40.711567140
-4.435040541,40.711576107
-4.435767156,40.711523642
-4.435767260,40.711521981
-4.435767729,40.711520357
-4.435768547,40.711518815
-4.435769693,40.711517399
-4.435771134,40.711516149
-4.435772830,40.711515099
-4.435774732,40.711514281
-4.435776787,40.711513716
-4.435778938,40.711513420
-4.435781123,40.711513403
-4.435783281,40.711513663
-4.435785352,40.711514195
-4.435787277,40.711514983
-4.435789001,40.711516005
-4.435790477,40.711517231
-4.435791662,40.711518629
-4.435792523,40.711520157
-4.435793036,40.711521773
-4.435849934,40.711517665
-4.435850345,40.711519363
-4.435851137,40.711520981
-4.435852286,40.711522470
-4.435853758,40.711523784
-4.435855507,40.711524884
-4.435857481,40.711525737
-4.435859619,40.711526315
-4.435861856,40.711526602
-4.435864126,40.711526590
-4.435866357,40.711526277
-4.435868484,40.711525675
-4.435870441,40.711524801
-4.435872169,40.711523681
-4.435873615,40.711522351
-4.435874735,40.711520849
-4.435875496,40.711519222
-4.435875874,40.711517520
-4.435875858,40.711515793
-4.435932756,40.711511685
-4.435933270,40.711513300
-4.435934131,40.711514828
-4.435935317,40.711516225
-4.435936792,40.711517451
-4.435938516,40.711518472
-4.435940440,40.711519259
-4.435942511,40.711519791
-4.435944668,40.711520052
-4.435946853,40.711520034
-4.435949003,40.711519739
-4.435951058,40.711519174
-4.435952960,40.711518355
-4.435954655,40.711517307
-4.435956096,40.711516057
-4.435957242,40.711514642
-4.435958061,40.711513100
-4.435958530,40.711511476
-4.435958635,40.711509816
-4.436015623,40.711505701
-4.436016275,40.711507318
-4.436017280,40.711508827
-4.436018607,40.711510184
-4.436020218,40.711511349
-4.436022066,40.711512289
-4.436024098,40.711512976
-4.436026253,40.711513390
-4.436028470,40.711513519
-4.436030683,40.711513359
-4.436032828,40.711512915
-4.436034842,40.711512200
-4.436036668,40.711511235
-4.436038251,40.711510047
-4.436039545,40.711508672
-4.436040513,40.711507149
-4.436041127,40.711505523
-4.436041368,40.711503842
-4.436098536,40.711499714
-4.436099331,40.711501328
-4.436100483,40.711502812
-4.436101955,40.711504123
-4.436103703,40.711505219
-4.436105674,40.711506068
-4.436107809,40.711506645
-4.436110043,40.711506931
-4.436112308,40.711506918
-4.436114536,40.711506606
-4.436116660,40.711506005
-4.436118614,40.711505134
-4.436120341,40.711504018
-4.436121787,40.711502691
-4.436122908,40.711501193
-4.436123672,40.711499570
-4.436124054,40.711497871
-4.436181495,40.711493723
-4.436182369,40.711495233
-4.436183561,40.711496612
-4.436185036,40.711497821
-4.436186755,40.711498826
-4.436188669,40.711499601
-4.436190726,40.711500124
-4.436192868,40.711500379
-4.436195036,40.711500361
-4.436197170,40.711500069
-4.436199211,40.711499511
-4.436201102,40.711498704
-4.436202790,40.711497669
-4.436204229,40.711496435
-4.436205380,40.711495036
-4.436206209,40.711493512
-4.436206695,40.711491903
-4.436264503,40.711487729
-4.436265517,40.711489221
-4.436266848,40.711490561
-4.436268457,40.711491711
-4.436270298,40.711492637
-4.436272318,40.711493314
-4.436274459,40.711493721
-4.436276660,40.711493847
-4.436278858,40.711493688
-4.436280988,40.711493249
-4.436282991,40.711492543
-4.436284808,40.711491589
-4.436286387,40.711490416
-4.436287683,40.711489056
-4.436288659,40.711487550
-4.436289286,40.711485939
-4.436347562,40.711481731
-4.436348721,40.711483199
-4.436350194,40.711484492
-4.436351938,40.711485574
-4.436353900,40.711486411
-4.436356023,40.711486978
-4.436358242,40.711487259
-4.436360491,40.711487245
-4.436362704,40.711486937
-4.436364814,40.711486343
-4.436366758,40.711485482
-4.436368479,40.711484379
-4.436369924,40.711483067
-4.436371051,40.711481586
-4.436371826,40.711479979
-4.436430676,40.711475729
-4.436431880,40.711477068
-4.436433354,40.711478240
-4.436435061,40.711479212
-4.436436952,40.711479960
-4.436438979,40.711480463
-4.436441087,40.711480708
-4.436443219,40.711480687
-4.436445317,40.711480402
-4.436447327,40.711479860
-4.436449193,40.711479076
-4.436450866,40.711478071
-4.436452302,40.711476872
-4.436453460,40.711475510
-4.436454312,40.711474023
-4.436513848,40.711469723
-4.436515187,40.711471018
-4.436516789,40.711472126
-4.436518610,40.711473017
-4.436520600,40.711473666
-4.436522704,40.711474055
-4.436524864,40.711474174
-4.436527020,40.711474018
-4.436529111,40.711473593
-4.436531082,40.711472909
-4.436532876,40.711471987
-4.436534445,40.711470851
-4.436535744,40.711469534
-4.436536739,40.711468070
-4.436597086,40.711463712
-4.436598561,40.711464953
-4.436600290,40.711465987
-4.436602222,40.711466785
-4.436604304,40.711467324
-4.436606475,40.711467589
-4.436608674,40.711467572
-4.436610837,40.711467274
-4.436612904,40.711466703
-4.436614815,40.711465875
-4.436616516,40.711464815
-4.436617958,40.711463552
-4.436619100,40.711462123
-4.436680397,40.711457696
-4.436682009,40.711458870
-4.436683861,40.711459817
-4.436685898,40.711460509
-4.436688061,40.711460927
-4.436690286,40.711461058
-4.436692507,40.711460897
-4.436694660,40.711460451
-4.436696681,40.711459731
-4.436698511,40.711458759
-4.436700095,40.711457564
-4.436701389,40.711456180
-4.436763791,40.711451674
-4.436765538,40.711452766
-4.436767507,40.711453611
-4.436769638,40.711454185
-4.436771868,40.711454470
-4.436774129,40.711454456
-4.436776352,40.711454146
-4.436778472,40.711453547
-4.436780423,40.711452679
-4.436782148,40.711451566
-4.436783594,40.711450244
-4.436847287,40.711445644
-4.436848963,40.711446547
-4.436850806,40.711447239
-4.436852768,40.711447701
-4.436854802,40.711447923
-4.436856856,40.711447898
-4.436858879,40.711447628
-4.436860822,40.711447119
-4.436862635,40.711446384
-4.436864274,40.711445442
-4.436865697,40.711444314
-4.436930908,40.711439605
-4.436932662,40.711440388
-4.436934554,40.711440953
-4.436936539,40.711441288
-4.436938568,40.711441383
-4.436940591,40.711441237
-4.436942561,40.711440853
-4.436944427,40.711440240
-4.436946146,40.711439414
-4.436947674,40.711438394
-4.437014698,40.711433554
-4.437016752,40.711434262
-4.437018936,40.711434691
-4.437021184,40.711434826
-4.437023429,40.711434663
-4.437025603,40.711434209
-4.437027642,40.711433476
-4.437029484,40.711432486
-4.437098733,40.711427485
-4.437100772,40.711427995
-4.437102893,40.711428244
-4.437105038,40.711428224
-4.437107150,40.711427936
-4.437109172,40.711427389
-4.437111048,40.711426596
-4.438992099,40.711290732
-4.438992285,40.711299767
-4.435788028,40.711531183
-4.435786295,40.711532026
-4.435784409,40.711532651
-4.435782418,40.711533042
-4.435780370,40.711533190
-4.435778317,40.711533091
-4.435776311,40.711532747
-4.435774401,40.711532167
-4.435041659,40.711585073
-4.435042778,40.711594040
-4.438992470,40.711308801
-4.438992656,40.711317835
-4.435211044,40.711590939
-4.435209451,40.711589875
-4.435207652,40.711589022
-4.435205696,40.711588403
-4.435203633,40.711588033
-4.435201518,40.711587923
-4.435199408,40.711588075
-4.435197359,40.711588486
-4.435195424,40.711589144
-4.435193655,40.711590033
-4.435192099,40.711591128
-4.435190798,40.711592400
-4.435131544,40.711596679
-4.435130876,40.711595077
-4.435129863,40.711593584
-4.435128533,40.711592242
-4.435126924,40.711591091
-4.435125082,40.711590164
-4.435123061,40.711589487
-4.435120919,40.711589079
-4.435118716,40.711588953
-4.435116518,40.711589111
-4.435114386,40.711589551
-4.435112383,40.711590258
-4.435110565,40.711591212
-4.435108986,40.711592386
-4.435107690,40.711593747
-4.435106715,40.711595255
-4.435106088,40.711596866
-4.435105829,40.711598535
-4.435043896,40.711603007
-4.435045014,40.711611974
-4.435111726,40.711607157
-4.435113652,40.711607946
-4.435115725,40.711608479
-4.435117885,40.711608741
-4.435120073,40.711608723
-4.435122225,40.711608428
-4.435124282,40.711607862
-4.435126186,40.711607042
-4.435127883,40.711605991
-4.435189613,40.711601534
-4.435190617,40.711603043
-4.435191944,40.711604400
-4.435193555,40.711605566
-4.435195403,40.711606507
-4.435197435,40.711607194
-4.435199591,40.711607608
-4.435201808,40.711607737
-4.435204021,40.711607577
-4.435206167,40.711607133
-4.435208182,40.711606418
-4.435210007,40.711605452
-4.435211590,40.711604264
-4.435212884,40.711602888
-4.435213852,40.711601365
-4.435214466,40.711599739
-4.435271609,40.711595613
-4.435272057,40.711593971
-4.435272863,40.711592409
-4.435274004,40.711590974
-4.435275446,40.711589705
-4.435277150,40.711588640
-4.435279065,40.711587809
-4.435281136,40.711587235
-4.435283306,40.711586936
-4.435285510,40.711586920
-4.435287687,40.711587186
-4.435289773,40.711587729
-4.435291709,40.711588531
-4.435293439,40.711589570
-4.435294915,40.711590817
-4.435296092,40.711592235
-4.435296938,40.711593784
-4.435357387,40.711589420
-4.435358977,40.711588202
-4.435360819,40.711587212
-4.435362859,40.711586479
-4.435365034,40.711586024
-4.435367280,40.711585862
-4.435369528,40.711585997
-4.435371713,40.711586426
-4.435373767,40.711587134
-4.435375630,40.711588103
-4.438992841,40.711326869
-4.438993026,40.711335903
-4.435539933,40.711585287
-4.435538054,40.711584554
-4.435536044,40.711584062
-4.435533956,40.711583823
-4.435531845,40.711583845
-4.435529766,40.711584126
-4.435527774,40.711584659
-4.435525922,40.711585430
-4.435524257,40.711586419
-4.435462230,40.711590897
-4.435461210,40.711589416
-4.435459878,40.711588087
-4.435458270,40.711586947
-4.435456434,40.711586029
-4.435454421,40.711585359
-4.435452288,40.711584956
-4.435450097,40.711584832
-4.435447909,40.711584990
-4.435445788,40.711585425
-4.435443793,40.711586126
-4.435441981,40.711587072
-4.435440404,40.711588237
-4.435439107,40.711589586
-4.435438127,40.711591083
-4.435437491,40.711592683
-4.435380330,40.711596811
-4.435379907,40.711598476
-4.435379117,40.711600061
-4.435377984,40.711601521
-4.435376540,40.711602812
-4.435374827,40.711603898
-4.435372896,40.711604745
-4.435370804,40.711605329
-4.435368612,40.711605633
-4.435366384,40.711605648
-4.435364185,40.711605374
-4.435362079,40.711604818
-4.435360129,40.711603997
-4.435358391,40.711602936
-4.435356917,40.711601664
-4.435355749,40.711600220
-4.435354922,40.711598645
-4.435294698,40.711602994
-4.435293270,40.711604148
-4.435291618,40.711605113
-4.435289785,40.711605867
-4.435287817,40.711606387
-4.435285766,40.711606663
-4.435283683,40.711606686
-4.435281621,40.711606456
-4.435279635,40.711605979
-4.435277774,40.711605266
-4.435276086,40.711604337
-4.435046132,40.711620941
-4.435038893,40.711630511
-4.435440709,40.711601499
-4.435442311,40.711602604
-4.435444131,40.711603493
-4.435446119,40.711604140
-4.435448221,40.711604528
-4.435450378,40.711604646
-4.435452531,40.711604491
-4.435454620,40.711604066
-4.435456588,40.711603384
-4.435458381,40.711602464
-4.435459949,40.711601331
-4.435461249,40.711600016
-4.435520334,40.711595749
-4.435520979,40.711597374
-4.435521978,40.711598891
-4.435523304,40.711600257
-4.435524916,40.711601430
-4.435526767,40.711602376
-4.435528804,40.711603068
-4.435530966,40.711603485
-4.435533190,40.711603616
-4.435535411,40.711603456
-4.435537563,40.711603009
-4.435539583,40.711602290
-4.435541412,40.711601319
-4.435542997,40.711600124
-4.435544291,40.711598741
-4.435545255,40.711597211
-4.435545862,40.711595578
-4.435546093,40.711593889
-4.435603484,40.711589745
-4.435604304,40.711588205
-4.435605450,40.711586790
-4.435606891,40.711585541
-4.435608586,40.711584492
-4.435610488,40.711583674
-4.435612542,40.711583110
-4.435614692,40.711582815
-4.435616876,40.711582797
-4.435619033,40.711583057
-4.435621103,40.711583589
-4.435623027,40.711584375
-4.435624751,40.711585396
-4.435626226,40.711586622
-4.435627412,40.711588018
-4.438993212,40.711344937
-4.438993397,40.711353971
-4.435627605,40.711597051
-4.435626465,40.711598491
-4.435625023,40.711599764
-4.435623318,40.711600832
-4.435621400,40.711601666
-4.435619325,40.711602241
-4.435617152,40.711602541
-4.435614943,40.711602558
-4.435612762,40.711602290
-4.435610673,40.711601745
-4.435608734,40.711600940
-4.435607003,40.711599896
-4.435605528,40.711598645
-4.435040011,40.711639477
-4.435041130,40.711648444
-4.435686800,40.711601825
-4.435687746,40.711600258
-4.435689035,40.711598841
-4.435690627,40.711597614
-4.435692475,40.711596617
-4.435694521,40.711595878
-4.435696705,40.711595420
-4.435698961,40.711595257
-4.435701219,40.711595394
-4.435703412,40.711595827
-4.435705473,40.711596542
-4.435707340,40.711597519
-4.435708956,40.711598727
-4.435710272,40.711600130
-4.437843653,40.711446066
-4.437845394,40.711445393
-4.437847247,40.711444926
-4.437849172,40.711444675
-4.437851124,40.711444646
-4.437853059,40.711444839
-4.437854936,40.711445251
-4.437925095,40.711440183
-4.437926864,40.711439295
-4.437928799,40.711438637
-4.437930848,40.711438226
-4.437932958,40.711438073
-4.437935072,40.711438183
-4.437937135,40.711438553
-4.437939092,40.711439172
-4.438006831,40.711434280
-4.438008525,40.711433233
-4.438010426,40.711432416
-4.438012478,40.711431853
-4.438014626,40.711431558
-4.438016808,40.711431540
-4.438018964,40.711431800
-4.438021032,40.711432330
-4.438022955,40.711433115
-4.438088756,40.711428363
-4.438090333,40.711427197
-4.438092146,40.711426250
-4.438094141,40.711425549
-4.438096264,40.711425113
-4.438098452,40.711424955
-4.438100644,40.711425079
-4.438102778,40.711425482
-4.438104792,40.711426153
-4.438106629,40.711427072
-4.438170819,40.711422435
-4.438172261,40.711421180
-4.438173959,40.711420126
-4.438175864,40.711419304
-4.438177925,40.711418736
-4.438180081,40.711418439
-4.438182271,40.711418422
-4.438184435,40.711418685
-4.438186510,40.711419219
-4.438188438,40.711420011
-4.438190164,40.711421038
-4.438252991,40.711416500
-4.438254290,40.711415176
-4.438255861,40.711414035
-4.438257658,40.711413108
-4.438259633,40.711412421
-4.438261731,40.711411994
-4.438263893,40.711411837
-4.438266059,40.711411957
-4.438268169,40.711412349
-4.438270163,40.711413002
-4.438271988,40.711413898
-4.438273591,40.711415012
-4.438335252,40.711410559
-4.438336407,40.711409182
-4.438337844,40.711407969
-4.438339524,40.711406951
-4.438341400,40.711406158
-4.438343422,40.711405610
-4.438345535,40.711405322
-4.438347681,40.711405302
-4.438349803,40.711405551
-4.438351842,40.711406062
-4.438353743,40.711406820
-4.438355454,40.711407806
-4.438356929,40.711408993
-4.438417589,40.711404611
-4.438418602,40.711403195
-4.438419904,40.711401923
-4.438421460,40.711400828
-4.438423228,40.711399940
-4.438425163,40.711399282
-4.438427212,40.711398871
-4.438429321,40.711398719
-4.438431435,40.711398829
-4.438433498,40.711399198
-4.438435454,40.711399818
-4.438437253,40.711400670
-4.438438846,40.711401733
-4.438440191,40.711402979
-4.438499994,40.711398659
-4.438500948,40.711397108
-4.438502239,40.711395705
-4.438503828,40.711394492
-4.438505668,40.711393506
-4.438507703,40.711392775
-4.438509874,40.711392322
-4.438512114,40.711392160
-4.438514358,40.711392294
-4.438516538,40.711392720
-4.438518589,40.711393426
-4.438520449,40.711394390
-4.438522064,40.711395583
-4.438523385,40.711396970
-4.438582459,40.711392703
-4.438583262,40.711391137
-4.438584402,40.711389696
-4.438585845,40.711388423
-4.438587549,40.711387354
-4.438589467,40.711386520
-4.438591543,40.711385945
-4.438593717,40.711385644
-4.438595926,40.711385628
-4.438598106,40.711385896
-4.438600196,40.711386441
-4.438602135,40.711387247
-4.438603867,40.711388290
-4.438605342,40.711389542
-4.438606518,40.711390965
-4.438664981,40.711386742
-4.438665639,40.711385168
-4.438666631,40.711383699
-4.438667930,40.711382377
-4.438669500,40.711381236
-4.438671297,40.711380310
-4.438673271,40.711379624
-4.438675368,40.711379197
-4.438677528,40.711379041
-4.438679693,40.711379160
-4.438681801,40.711379551
-4.438683795,40.711380204
-4.438685619,40.711381099
-4.438687222,40.711382212
-4.438688560,40.711383513
-4.438689595,40.711384964
-4.438747554,40.711380777
-4.438748073,40.711379202
-4.438748923,40.711377713
-4.438750081,40.711376349
-4.438751517,40.711375147
-4.438753191,40.711374140
-4.438755059,40.711373354
-4.438757070,40.711372812
-4.438759171,40.711372526
-4.438761305,40.711372506
-4.438763414,40.711372751
-4.438765443,40.711373255
-4.438767336,40.711374004
-4.438769043,40.711374979
-4.438770518,40.711376153
-4.438771721,40.711377494
-4.438772620,40.711378967
-4.438830177,40.711374809
-4.438830597,40.711373141
-4.438831384,40.711371552
-4.438832517,40.711370089
-4.438833961,40.711368794
-4.438835675,40.711367706
-4.438837607,40.711366857
-4.438839702,40.711366271
-4.438841898,40.711365967
-4.438844130,40.711365952
-4.438846332,40.711366227
-4.438848440,40.711366784
-4.438850392,40.711367607
-4.438852131,40.711368672
-4.438853605,40.711369947
-4.438854771,40.711371395
-4.438855596,40.711372973
-4.438912847,40.711368838
-4.438913127,40.711367183
-4.438913767,40.711365588
-4.438914750,40.711364098
-4.438916048,40.711362754
-4.438917623,40.711361594
-4.438919432,40.711360652
-4.438921422,40.711359954
-4.438923538,40.711359521
-4.438925720,40.711359363
-4.438927906,40.711359486
-4.438930034,40.711359886
-4.438932043,40.711360553
-4.438933877,40.711361466
-4.438935483,40.711362600
-4.438936817,40.711363923
-4.438937840,40.711365398
-4.438938524,40.711366983
-4.438993583,40.711363006
-4.438993768,40.711372040
-4.438935056,40.711376281
-4.438933338,40.711377379
-4.438931398,40.711378236
-4.438929293,40.711378827
-4.438927086,40.711379134
-4.438924843,40.711379148
-4.438922629,40.711378869
-4.438920512,40.711378305
-4.438918553,40.711377473
-4.438853100,40.711382201
-4.438851512,40.711383411
-4.438849674,40.711384395
-4.438847640,40.711385124
-4.438845473,40.711385576
-4.438843236,40.711385737
-4.438840995,40.711385604
-4.438838818,40.711385179
-4.438836769,40.711384476
-4.438834910,40.711383515
-4.438771013,40.711388130
-4.438769569,40.711389425
-4.438767855,40.711390513
-4.438765922,40.711391363
-4.438763827,40.711391948
-4.438761632,40.711392253
-4.438759400,40.711392268
-4.438757197,40.711391993
-4.438755089,40.711391435
-4.438753137,40.711390612
-4.438751398,40.711389547
-4.438688822,40.711394067
-4.438687526,40.711395426
-4.438685947,40.711396599
-4.438684130,40.711397552
-4.438682128,40.711398258
-4.438679998,40.711398697
-4.438677802,40.711398856
-4.438675601,40.711398730
-4.438673461,40.711398323
-4.438671441,40.711397647
-4.438669600,40.711396721
-4.438667991,40.711395572
-4.438606545,40.711400010
-4.438605397,40.711401418
-4.438603957,40.711402660
-4.438602265,40.711403703
-4.438600368,40.711404516
-4.438598320,40.711405077
-4.438596177,40.711405371
-4.438594000,40.711405389
-4.438591850,40.711405131
-4.438589786,40.711404604
-4.438587866,40.711403823
-4.438586145,40.711402809
-4.438584669,40.711401591
-4.438524194,40.711405959
-4.438523191,40.711407403
-4.438521891,40.711408701
-4.438520327,40.711409820
-4.438518544,40.711410728
-4.438516588,40.711411401
-4.438514514,40.711411820
-4.438512378,40.711411974
-4.438510237,40.711411860
-4.438508150,40.711411479
-4.438506174,40.711410842
-4.438504362,40.711409967
-4.438502763,40.711408878
-4.438501422,40.711407604
-4.438441776,40.711411912
-4.438440915,40.711413382
-4.438439753,40.711414726
-4.438438320,40.711415909
-4.438436654,40.711416900
-4.438434800,40.711417673
-4.438432805,40.711418208
-4.438430723,40.711418489
-4.438428609,40.711418511
-4.438426518,40.711418272
-4.438424505,40.711417778
-4.438422624,40.711417043
-4.438420924,40.711416086
-4.438419450,40.711414932
-4.438418241,40.711413612
-4.438359299,40.711417869
-4.438358512,40.711419459
-4.438357380,40.711420923
-4.438355935,40.711422219
-4.438354221,40.711423308
-4.438352288,40.711424158
-4.438350192,40.711424744
-4.438347996,40.711425049
-4.438345763,40.711425064
-4.438343560,40.711424788
-4.438341451,40.711424230
-4.438339498,40.711423406
-4.438337759,40.711422341
-4.438336285,40.711421065
-4.438335119,40.711419616
-4.438276767,40.711423830
-4.438276127,40.711425426
-4.438275144,40.711426916
-4.438273846,40.711428261
-4.438272271,40.711429420
-4.438270462,40.711430362
-4.438268472,40.711431060
-4.438266355,40.711431494
-4.438264173,40.711431652
-4.438261987,40.711431529
-4.438259860,40.711431128
-4.438257850,40.711430462
-4.438256016,40.711429549
-4.438254410,40.711428414
-4.438253076,40.711427091
-4.438252053,40.711425616
-4.438194183,40.711429795
-4.438193683,40.711431390
-4.438192845,40.711432900
-4.438191691,40.711434284
-4.438190254,40.711435504
-4.438188571,40.711436527
-4.438186690,40.711437326
-4.438184661,40.711437877
-4.438182541,40.711438166
-4.438180388,40.711438186
-4.438178259,40.711437935
-4.438176214,40.711437420
-4.438174308,40.711436656
-4.438172595,40.711435663
-4.438171119,40.711434469
-4.438169923,40.711433106
-4.438169038,40.711431612
-4.438111550,40.711435764
-4.438111152,40.711437450
-4.438110378,40.711439059
-4.438109252,40.711440542
-4.438107807,40.711441856
-4.438106086,40.711442960
-4.438104140,40.711443822
-4.438102029,40.711444417
-4.438099814,40.711444726
-4.438097563,40.711444739
-4.438095342,40.711444458
-4.438093218,40.711443889
-4.438091255,40.711443051
-4.438089510,40.711441968
-4.438088037,40.711440672
-4.438086880,40.711439203
-4.438086072,40.711437604
-4.438028870,40.711441736
-4.438028613,40.711443406
-4.438027988,40.711445019
-4.438027014,40.711446528
-4.438025718,40.711447890
-4.438024138,40.711449066
-4.438022320,40.711450022
-4.438020315,40.711450730
-4.438018182,40.711451170
-4.438015982,40.711451329
-4.438013779,40.711451202
-4.438011635,40.711450794
-4.438009613,40.711450115
-4.438007770,40.711449187
-4.438006161,40.711448034
-4.438004831,40.711446691
-4.438003818,40.711445197
-4.438003153,40.711443593
-4.437946145,40.711447711
-4.437946023,40.711449361
-4.437945541,40.711450973
-4.437944715,40.711452502
-4.437943565,40.711453905
-4.437942126,40.711455143
-4.437940435,40.711456181
-4.437938542,40.711456991
-4.437936498,40.711457551
-4.437934359,40.711457844
-4.437932187,40.711457862
-4.437930041,40.711457605
-4.437927981,40.711457081
-4.437926064,40.711456303
-4.437924344,40.711455293
-4.437922868,40.711454080
-4.437921679,40.711452697
-4.437920807,40.711451182
-4.437920279,40.711449579
-4.437863374,40.711453689
-4.437863372,40.711455406
-4.437862980,40.711457097
-4.437862211,40.711458712
-4.437861086,40.711460201
-4.437859641,40.711461520
-4.437857917,40.711462629
-4.437855968,40.711463495
-4.437853852,40.711464092
-4.437851632,40.711464402
-4.437849375,40.711464415
-4.437847149,40.711464132
-4.437845021,40.711463560
-4.437843054,40.711462718
-4.437841308,40.711461629
-4.437839836,40.711460328
-4.437838681,40.711458853
-4.437837878,40.711457248
-4.437837451,40.711455561
-4.437780559,40.711459670
-4.437780060,40.711458041
-4.437779208,40.711456500
-4.437778028,40.711455089
-4.437776553,40.711453850
-4.437774824,40.711452817
-4.437772892,40.711452020
-4.437770812,40.711451481
-4.437768642,40.711451217
-4.437766444,40.711451234
-4.437764282,40.711451532
-4.437762216,40.711452102
-4.437760306,40.711452929
-4.437758605,40.711453988
-4.437757163,40.711455250
-4.437756021,40.711456679
-4.437755210,40.711458233
-4.437754754,40.711459869
-4.437754667,40.711461540
-4.437697699,40.711465655
-4.437697061,40.711464023
-4.437696065,40.711462499
-4.437694741,40.711461127
-4.437693128,40.711459948
-4.437691274,40.711458997
-4.437689232,40.711458300
-4.437687065,40.711457880
-4.437684835,40.711457749
-4.437682608,40.711457910
-4.437680450,40.711458358
-4.437678425,40.711459081
-4.437676593,40.711460057
-4.437675007,40.711461257
-4.437673714,40.711462646
-4.437672753,40.711464183
-4.437672152,40.711465822
-4.437671928,40.711467516
-4.437614794,40.711471642
-4.437614068,40.711470105
-4.437613020,40.711468680
-4.437611678,40.711467405
-4.437610079,40.711466315
-4.437608267,40.711465440
-4.437606290,40.711464803
-4.437604203,40.711464422
-4.437602062,40.711464307
-4.437599925,40.711464461
-4.437597851,40.711464881
-4.437595895,40.711465554
-4.437594111,40.711466462
-4.437592548,40.711467581
-4.437591247,40.711468881
-4.437590245,40.711470325
-4.437589568,40.711471875
-4.437589234,40.711473488
-4.437531842,40.711477633
-4.437530979,40.711476107
-4.437529793,40.711474713
-4.437528317,40.711473488
-4.437526594,40.711472468
-4.437524670,40.711471682
-4.437522602,40.711471152
-4.437520445,40.711470892
-4.437518262,40.711470910
-4.437516114,40.711471205
-4.437514060,40.711471769
-4.437512159,40.711472586
-4.437510465,40.711473633
-4.437509024,40.711474882
-4.437507877,40.711476295
-4.437507058,40.711477835
-4.437506587,40.711479457
-4.437448841,40.711483628
-4.437447837,40.711482118
-4.437446510,40.711480761
-4.437444899,40.711479595
-4.437443050,40.711478655
-4.437441019,40.711477968
-4.437438863,40.711477553
-4.437436646,40.711477424
-4.437434433,40.711477584
-4.437432287,40.711478028
-4.437430272,40.711478744
-4.437428447,40.711479709
-4.437426864,40.711480898
-4.437425569,40.711482273
-4.437424602,40.711483796
-4.437423989,40.711485423
-4.437365790,40.711489626
-4.437364640,40.711488139
-4.437363168,40.711486827
-4.437361419,40.711485729
-4.437359447,40.711484878
-4.437357310,40.711484301
-4.437355075,40.711484014
-4.437352807,40.711484027
-4.437350577,40.711484339
-4.437348452,40.711484940
-4.437346497,40.711485813
-4.437344770,40.711486931
-4.437343324,40.711488260
-4.437342203,40.711489760
-4.437341440,40.711491384
-4.437282686,40.711495628
-4.437281488,40.711494269
-4.437280013,40.711493078
-4.437278300,40.711492089
-4.437276397,40.711491328
-4.437274355,40.711490815
-4.437272230,40.711490565
-4.437270080,40.711490585
-4.437267963,40.711490873
-4.437265938,40.711491423
-4.437264059,40.711492219
-4.437262378,40.711493239
-4.437260941,40.711494456
-4.437259786,40.711495836
-4.437258946,40.711497342
-4.437199522,40.711501634
-4.437198187,40.711500317
-4.437196582,40.711499189
-4.437194751,40.711498281
-4.437192746,40.711497619
-4.437190624,40.711497221
-4.437188445,40.711497099
-4.437186269,40.711497257
-4.437184159,40.711497688
-4.437182173,40.711498383
-4.437180367,40.711499320
-4.437178794,40.711500474
-4.437177496,40.711501812
-4.437176510,40.711503296
-4.437116295,40.711507644
-4.437114821,40.711506380
-4.437113085,40.711505325
-4.437111139,40.711504510
-4.437109039,40.711503958
-4.437106846,40.711503686
-4.437104625,40.711503702
-4.437102439,40.711504004
-4.437100353,40.711504585
-4.437098427,40.711505428
-4.437096717,40.711506507
-4.437095274,40.711507792
-4.437094138,40.711509245
-4.437032997,40.711513660
-4.437031382,40.711512460
-4.437029518,40.711511490
-4.437027463,40.711510780
-4.437025277,40.711510351
-4.437023026,40.711510215
-4.437020778,40.711510377
-4.437018602,40.711510833
-4.437016561,40.711511567
-4.437014717,40.711512559
-4.437013127,40.711513778
-4.437011837,40.711515188
-4.436949616,40.711519682
-4.436948031,40.711518653
-4.436946250,40.711517830
-4.436944320,40.711517233
-4.436942290,40.711516878
-4.436940211,40.711516774
-4.436938137,40.711516924
-4.436936121,40.711517324
-4.436934214,40.711517963
-4.436932466,40.711518825
-4.436930921,40.711519889
-4.436929619,40.711521126
-4.436866137,40.711525710
-4.436864447,40.711524778
-4.436862584,40.711524063
-4.436860594,40.711523584
-4.436858529,40.711523353
-4.436856443,40.711523376
-4.436854387,40.711523652
-4.436852417,40.711524175
-4.436850581,40.711524930
-4.436848928,40.711525899
-4.436847499,40.711527056
-4.436782536,40.711531748
-4.436780761,40.711530933
-4.436778839,40.711530343
-4.436776819,40.711529993
-4.436774751,40.711529891
-4.436772687,40.711530040
-4.436770681,40.711530436
-4.436768783,40.711531069
-4.436767041,40.711531924
-4.436765500,40.711532978
-4.436698778,40.711537796
-4.436696955,40.711537126
-4.436695017,40.711536679
-4.436693012,40.711536465
-4.436690987,40.711536491
-4.436688993,40.711536756
-4.436687076,40.711537252
-4.436685284,40.711537969
-4.436683659,40.711538888
-4.436614786,40.711543862
-4.436612683,40.711543308
-4.436610486,40.711543034
-4.436608260,40.711543049
-4.436606070,40.711543353
-4.436603980,40.711543936
-4.436602051,40.711544781
-4.435710993,40.711609125
-4.435709984,40.711610553
-4.435708683,40.711611837
-4.435707124,40.711612942
-4.435705349,40.711613839
-4.435703405,40.711614504
-4.435701345,40.711614918
-4.435699224,40.711615071
-4.435697098,40.711614959
-4.435695025,40.711614585
-4.435693060,40.711613958
-4.435691255,40.711613096
-4.435689659,40.711612021
-4.435688316,40.711610763
-4.435042248,40.711657411
-4.435043366,40.711666378
-4.435770700,40.711613861
-4.435771855,40.711612485
-4.435773292,40.711611271
-4.435774972,40.711610254
-4.435776848,40.711609461
-4.435778870,40.711608913
-4.435780983,40.711608625
-4.435783130,40.711608605
-4.435785251,40.711608854
-4.435787290,40.711609365
-4.435789191,40.711610123
-4.435790903,40.711611110
-4.435792378,40.711612296
-4.435853037,40.711607916
-4.435854051,40.711606500
-4.435855353,40.711605228
-4.435856908,40.711604133
-4.435858677,40.711603245
-4.435860611,40.711602587
-4.435862660,40.711602176
-4.435864770,40.711602024
-4.435866884,40.711602134
-4.435868946,40.711602503
-4.435870903,40.711603123
-4.435872702,40.711603975
-4.435874295,40.711605038
-4.435875640,40.711606284
-4.435935443,40.711601966
-4.435936398,40.711600415
-4.435937688,40.711599012
-4.435939277,40.711597799
-4.435941117,40.711596813
-4.435943153,40.711596082
-4.435945323,40.711595629
-4.435947564,40.711595467
-4.435949807,40.711595602
-4.435951987,40.711596028
-4.435954038,40.711596733
-4.435955898,40.711597697
-4.435957513,40.711598890
-4.435958833,40.711600277
-4.436017909,40.711596011
-4.436018712,40.711594445
-4.436019851,40.711593005
-4.436021294,40.711591732
-4.436022999,40.711590663
-4.436024917,40.711589829
-4.436026993,40.711589253
-4.436029166,40.711588953
-4.436031375,40.711588937
-4.436033556,40.711589205
-4.436035646,40.711589750
-4.436037585,40.711590555
-4.436039317,40.711591599
-4.436040792,40.711592851
-4.436041968,40.711594274
-4.436100431,40.711590052
-4.436101089,40.711588478
-4.436102081,40.711587010
-4.436103380,40.711585687
-4.436104950,40.711584546
-4.436106747,40.711583620
-4.436108722,40.711582934
-4.436110818,40.711582508
-4.436112979,40.711582351
-4.436115143,40.711582471
-4.436117252,40.711582862
-4.436119246,40.711583514
-4.436121070,40.711584409
-4.436122673,40.711585523
-4.436124010,40.711586823
-4.436125046,40.711588275
-4.436183005,40.711584089
-4.436183524,40.711582514
-4.436184374,40.711581025
-4.436185532,40.711579661
-4.436186967,40.711578459
-4.436188642,40.711577452
-4.436190509,40.711576666
-4.436192521,40.711576124
-4.436194622,40.711575838
-4.436196756,40.711575818
-4.436198865,40.711576063
-4.436200894,40.711576567
-4.436202787,40.711577317
-4.436204494,40.711578291
-4.436205969,40.711579465
-4.436207172,40.711580806
-4.436208071,40.711582279
-4.436265628,40.711578123
-4.436266048,40.711576455
-4.436266835,40.711574866
-4.436267968,40.711573403
-4.436269412,40.711572108
-4.436271126,40.711571020
-4.436273059,40.711570171
-4.436275154,40.711569585
-4.436277349,40.711569280
-4.436279581,40.711569266
-4.436281784,40.711569541
-4.436283892,40.711570098
-4.436285844,40.711570921
-4.436287582,40.711571986
-4.436289057,40.711573261
-4.436290223,40.711574709
-4.436291047,40.711576288
-4.436348299,40.711572153
-4.436348579,40.711570499
-4.436349219,40.711568904
-4.436350202,40.711567413
-4.436351500,40.711566069
-4.436353075,40.711564910
-4.436354884,40.711563968
-4.436356874,40.711563270
-4.436358991,40.711562836
-4.436361172,40.711562679
-4.436363358,40.711562802
-4.436365486,40.711563202
-4.436367495,40.711563869
-4.436369329,40.711564782
-4.436370935,40.711565916
-4.436372269,40.711567240
-4.436373292,40.711568714
-4.436373976,40.711570299
-4.436431016,40.711566180
-4.436431161,40.711564544
-4.436431660,40.711562948
-4.436432497,40.711561437
-4.436433650,40.711560051
-4.436435088,40.711558830
-4.436436771,40.711557805
-4.436438654,40.711557006
-4.436440683,40.711556454
-4.436442805,40.711556165
-4.436444960,40.711556145
-4.436447090,40.711556397
-4.436449136,40.711556912
-4.436451042,40.711557678
-4.436452757,40.711558672
-4.436454232,40.711559867
-4.436455428,40.711561232
-4.436456312,40.711562728
-4.436456859,40.711564314
-4.436513778,40.711560204
-4.436513805,40.711558499
-4.436514215,40.711556824
-4.436514997,40.711555226
-4.436516127,40.711553755
-4.436517572,40.711552452
-4.436519289,40.711551358
-4.436521227,40.711550503
-4.436523329,40.711549914
-4.436525532,40.711549608
-4.436527772,40.711549593
-4.436529982,40.711549871
-4.436532097,40.711550433
-4.436534054,40.711551262
-4.436535795,40.711552335
-4.436537268,40.711553618
-4.436538431,40.711555075
-4.436539249,40.711556662
-4.436539697,40.711558332
-4.436596584,40.711554224
-4.436597063,40.711555869
-4.436597901,40.711557429
-4.436599074,40.711558858
-4.436600549,40.711560116
-4.436602283,40.711561164
-4.436604225,40.711561975
-4.436606319,40.711562522
-4.436608506,40.711562792
-4.436610720,40.711562776
-4.436612899,40.711562475
-4.436614980,40.711561897
-4.436616901,40.711561059
-4.436618608,40.711559985
-4.436620052,40.711558707
-4.436621189,40.711557261
-4.436621989,40.711555690
-4.436622426,40.711554038
-4.436622490,40.711552353
-4.436679435,40.711548241
-4.436680055,40.711549891
-4.436681039,40.711551434
-4.436682358,40.711552826
-4.436683973,40.711554023
-4.436685835,40.711554991
-4.436687889,40.711555699
-4.436690073,40.711556127
-4.436692321,40.711556262
-4.436694566,40.711556100
-4.436696740,40.711555646
-4.436698779,40.711554913
-4.436700621,40.711553923
-4.436702211,40.711552706
-4.436703501,40.711551299
-4.436704453,40.711549744
-4.436705038,40.711548086
-4.436705238,40.711546377
-4.436762331,40.711542254
-4.436763041,40.711543811
-4.436764079,40.711545256
-4.436765418,40.711546551
-4.436767020,40.711547658
-4.436768841,40.711548549
-4.436770831,40.711549198
-4.436772934,40.711549586
-4.436775094,40.711549705
-4.436777249,40.711549549
-4.436779340,40.711549124
-4.436781310,40.711548441
-4.436783104,40.711547519
-4.436784672,40.711546384
-4.436785972,40.711545066
-4.436786967,40.711543603
-4.436787629,40.711542035
-4.436787941,40.711540405
-4.436845274,40.711536265
-4.436846122,40.711537812
-4.436847300,40.711539228
-4.436848775,40.711540473
-4.436850505,40.711541511
-4.436852440,40.711542312
-4.436854525,40.711542853
-4.436856700,40.711543119
-4.436858903,40.711543103
-4.436861070,40.711542804
-4.436863141,40.711542231
-4.436865055,40.711541401
-4.436866757,40.711540337
-4.436868200,40.711539070
-4.436869341,40.711537636
-4.436870148,40.711536077
-4.436870598,40.711534436
-4.436928265,40.711530271
-4.436929255,40.711531804
-4.436930577,40.711533184
-4.436932191,40.711534372
-4.436934049,40.711535330
-4.436936096,40.711536032
-4.436938271,40.711536455
-4.436940509,40.711536588
-4.436942743,40.711536427
-4.436944908,40.711535976
-4.436946939,40.711535249
-4.436948776,40.711534267
-4.436950364,40.711533059
-4.436951655,40.711531662
-4.436952613,40.711530117
-4.436953207,40.711528470
-4.437011305,40.711524274
-4.437012358,40.711525691
-4.437013701,40.711526957
-4.437015298,40.711528039
-4.437017106,40.711528907
-4.437019077,40.711529539
-4.437021156,40.711529916
-4.437023289,40.711530030
-4.437025418,40.711529876
-4.437027485,40.711529459
-4.437029434,40.711528791
-4.437031214,40.711527888
-4.437032775,40.711526776
-4.437034076,40.711525485
-4.437035082,40.711524049
-4.437035765,40.711522508
-4.437094399,40.711518273
-4.437095588,40.711519658
-4.437097064,40.711520873
-4.437098784,40.711521885
-4.437100702,40.711522664
-4.437102764,40.711523190
-4.437104911,40.711523447
-4.437107085,40.711523429
-4.437109225,40.711523135
-4.437111271,40.711522575
-4.437113166,40.711521764
-4.437114857,40.711520724
-4.437116297,40.711519484
-4.437117445,40.711518080
-4.437118271,40.711516549
-4.437177550,40.711512268
-4.437178880,40.711513613
-4.437180489,40.711514768
-4.437182333,40.711515698
-4.437184356,40.711516378
-4.437186502,40.711516787
-4.437188707,40.711516914
-4.437190910,40.711516755
-4.437193044,40.711516314
-4.437195051,40.711515605
-4.437196870,40.711514648
-4.437198450,40.711513471
-4.437199746,40.711512106
-4.437200719,40.711510595
-4.437260764,40.711506259
-4.437262237,40.711507554
-4.437263981,40.711508637
-4.437265945,40.711509475
-4.437268068,40.711510044
-4.437270289,40.711510325
-4.437272540,40.711510311
-4.437274755,40.711510003
-4.437276866,40.711509408
-4.437278812,40.711508546
-4.437280533,40.711507442
-4.437281978,40.711506128
-4.437283105,40.711504645
-4.437344047,40.711500244
-4.437345520,40.711501384
-4.437347215,40.711502329
-4.437349087,40.711503054
-4.437351089,40.711503541
-4.437353167,40.711503776
-4.437355268,40.711503754
-4.437357337,40.711503475
-4.437359320,40.711502946
-4.437361165,40.711502182
-4.437362825,40.711501201
-4.437364256,40.711500031
-4.437365421,40.711498700
-4.437427410,40.711494223
-4.437429003,40.711495287
-4.437430802,40.711496139
-4.437432759,40.711496759
-4.437434822,40.711497128
-4.437436936,40.711497239
-4.437439046,40.711497086
-4.437441096,40.711496675
-4.437443030,40.711496017
-4.437444799,40.711495129
-4.437446355,40.711494034
-4.437447657,40.711492761
-4.437510868,40.711488196
-4.437512573,40.711489166
-4.437514464,40.711489912
-4.437516488,40.711490413
-4.437518594,40.711490657
-4.437520723,40.711490636
-4.437522819,40.711490352
-4.437524826,40.711489811
-4.437526691,40.711489029
-4.437528363,40.711488026
-4.437529798,40.711486829
-4.437594442,40.711482160
-4.437596243,40.711483016
-4.437598203,40.711483639
-4.437600270,40.711484010
-4.437602389,40.711484121
-4.437604503,40.711483968
-4.437606557,40.711483556
-4.437608495,40.711482895
-4.437610266,40.711482003
-4.437611824,40.711480904
-4.437678163,40.711476113
-4.437680029,40.711476830
-4.437682021,40.711477311
-4.437684088,40.711477542
-4.437686177,40.711477520
-4.437688235,40.711477243
-4.437690208,40.711476719
-4.437692046,40.711475962
-4.437693701,40.711474991
-4.437762099,40.711470051
-4.437763963,40.711470594
-4.437765915,40.711470914
-4.437767908,40.711471004
-4.437769895,40.711470860
-4.437771830,40.711470487
-4.437773667,40.711469893
-4.437775364,40.711469093
-4.438993954,40.711381074
-4.438994139,40.711390108
-4.436533804,40.711567805
-4.436531982,40.711568548
-4.436530028,40.711569062
-4.436527993,40.711569334
-4.436525926,40.711569358
-4.436523880,40.711569133
-4.436521907,40.711568664
-4.436452288,40.711573691
-4.436450475,40.711574639
-4.436448478,40.711575341
-4.436446355,40.711575777
-4.436444166,40.711575935
-4.436441973,40.711575811
-4.436439838,40.711575407
-4.436437824,40.711574736
-4.436370507,40.711579597
-4.436368789,40.711580695
-4.436366849,40.711581552
-4.436364744,40.711582142
-4.436362537,40.711582449
-4.436360294,40.711582464
-4.436358081,40.711582185
-4.436355963,40.711581621
-4.436354004,40.711580789
-4.436288551,40.711585515
-4.436286962,40.711586725
-4.436285124,40.711587709
-4.436283091,40.711588438
-4.436280924,40.711588890
-4.436278686,40.711589051
-4.436276446,40.711588918
-4.436274269,40.711588493
-4.436272220,40.711587790
-4.436270361,40.711586829
-4.436206464,40.711591443
-4.436205019,40.711592738
-4.436203305,40.711593826
-4.436201373,40.711594675
-4.436199278,40.711595260
-4.436197082,40.711595565
-4.436194850,40.711595580
-4.436192648,40.711595305
-4.436190540,40.711594747
-4.436188587,40.711593924
-4.436186849,40.711592859
-4.436124272,40.711597378
-4.436122976,40.711598737
-4.436121397,40.711599910
-4.436119580,40.711600863
-4.436117578,40.711601569
-4.436115448,40.711602007
-4.436113252,40.711602166
-4.436111051,40.711602040
-4.436108910,40.711601633
-4.436106891,40.711600957
-4.436105050,40.711600031
-4.436103441,40.711598882
-4.436041995,40.711603319
-4.436040846,40.711604727
-4.436039406,40.711605969
-4.436037714,40.711607011
-4.436035817,40.711607825
-4.436033769,40.711608386
-4.436031627,40.711608680
-4.436029450,40.711608698
-4.436027299,40.711608440
-4.436025235,40.711607912
-4.436023316,40.711607131
-4.436021594,40.711606117
-4.436020119,40.711604899
-4.435959643,40.711609266
-4.435958641,40.711610710
-4.435957340,40.711612009
-4.435955776,40.711613127
-4.435953993,40.711614036
-4.435952037,40.711614708
-4.435949963,40.711615128
-4.435947826,40.711615282
-4.435945686,40.711615167
-4.435943599,40.711614786
-4.435941622,40.711614150
-4.435939810,40.711613275
-4.435938212,40.711612185
-4.435936870,40.711610910
-4.435877224,40.711615217
-4.435876363,40.711616687
-4.435875201,40.711618031
-4.435873768,40.711619214
-4.435872102,40.711620205
-4.435870248,40.711620978
-4.435868253,40.711621513
-4.435866171,40.711621794
-4.435864057,40.711621816
-4.435861966,40.711621576
-4.435859953,40.711621083
-4.435858072,40.711620348
-4.435856372,40.711619390
-4.435854898,40.711618237
-4.435853689,40.711616917
-4.435794747,40.711621173
-4.435793960,40.711622763
-4.435792827,40.711624227
-4.435791383,40.711625522
-4.435789669,40.711626611
-4.435787735,40.711627461
-4.435785640,40.711628047
-4.435783443,40.711628352
-4.435781211,40.711628367
-4.435779007,40.711628091
-4.435776899,40.711627533
-4.435774946,40.711626709
-4.435773207,40.711625644
-4.435771733,40.711624368
-4.435770567,40.711622919
-4.435044484,40.711675345
-4.435045602,40.711684311
-4.435107610,40.711679834
-4.435107941,40.711678219
-4.435108617,40.711676667
-4.435109619,40.711675221
-4.435110919,40.711673920
-4.435112483,40.711672799
-4.435114268,40.711671890
-4.435116225,40.711671216
-4.435118302,40.711670796
-4.435120440,40.711670641
-4.435122583,40.711670757
-4.435124672,40.711671139
-4.435126650,40.711671777
-4.435128463,40.711672653
-4.435130062,40.711673745
-4.435131404,40.711675022
-4.435132451,40.711676450
-4.435133175,40.711677989
-4.435192929,40.711673674
-4.435194371,40.711672411
-4.435196072,40.711671351
-4.435197983,40.711670524
-4.435200050,40.711669953
-4.435202213,40.711669655
-4.435204412,40.711669638
-4.435206583,40.711669903
-4.435208664,40.711670442
-4.435210597,40.711671240
-4.435212325,40.711672274
-4.438994325,40.711399142
-4.438994510,40.711408176
-4.435376797,40.711669446
-4.435375012,40.711668616
-4.435373076,40.711668014
-4.435371038,40.711667656
-4.435368952,40.711667551
-4.435366870,40.711667701
-4.435364846,40.711668103
-4.435362933,40.711668747
-4.435361181,40.711669615
-4.435359633,40.711670685
-4.435298524,40.711675097
-4.435297629,40.711673619
-4.435296428,40.711672271
-4.435294953,40.711671092
-4.435293244,40.711670112
-4.435291348,40.711669358
-4.435289314,40.711668851
-4.435287200,40.711668605
-4.435285060,40.711668625
-4.435282954,40.711668911
-4.435280938,40.711669456
-4.435279066,40.711670245
-4.435277389,40.711671257
-4.435275953,40.711672464
-4.435274796,40.711673833
-4.435273949,40.711675328
-4.435273436,40.711676909
-4.435216311,40.711681034
-4.435215808,40.711682624
-4.435214967,40.711684130
-4.435213813,40.711685511
-4.435212375,40.711686728
-4.435210694,40.711687748
-4.435208815,40.711688544
-4.435206790,40.711689093
-4.435204673,40.711689382
-4.435202523,40.711689401
-4.435200398,40.711689151
-4.435198356,40.711688639
-4.435196453,40.711687877
-4.435194740,40.711686888
-4.435193265,40.711685697
-4.435192068,40.711684338
-4.435191180,40.711682848
-4.435130185,40.711687252
-4.435128629,40.711688346
-4.435126860,40.711689234
-4.435124926,40.711689892
-4.435122877,40.711690303
-4.435120768,40.711690455
-4.435118654,40.711690345
-4.435116592,40.711689976
-4.435114635,40.711689357
-4.435112837,40.711688504
-4.435046720,40.711693278
-4.435047838,40.711702245
-4.435277328,40.711685675
-4.435279063,40.711686730
-4.435281009,40.711687544
-4.435283108,40.711688095
-4.435285300,40.711688367
-4.435287520,40.711688352
-4.435289705,40.711688049
-4.435291790,40.711687469
-4.435293715,40.711686627
-4.435295425,40.711685548
-4.435296869,40.711684265
-4.435356537,40.711679956
-4.435357252,40.711681506
-4.435358294,40.711682944
-4.435359634,40.711684231
-4.435361235,40.711685332
-4.435363053,40.711686217
-4.435365038,40.711686862
-4.435367135,40.711687248
-4.435369288,40.711687365
-4.435371437,40.711687210
-4.435373522,40.711686787
-4.435375487,40.711686107
-4.435377277,40.711685190
-4.435378844,40.711684061
-4.435380144,40.711682750
-4.435381141,40.711681294
-4.435381809,40.711679733
-4.435382129,40.711678108
-4.435439368,40.711673976
-4.435440060,40.711672446
-4.435441071,40.711671022
-4.435442372,40.711669743
-4.435443930,40.711668642
-4.435445703,40.711667748
-4.435447643,40.711667086
-4.435449699,40.711666673
-4.435451816,40.711666520
-4.435453937,40.711666632
-4.435456006,40.711667004
-4.435457968,40.711667628
-4.435459770,40.711668487
-4.435461365,40.711669557
-4.435462709,40.711670811
-4.435463768,40.711672214
-4.435526678,40.711667671
-4.435528470,40.711666751
-4.435530439,40.711666070
-4.435532528,40.711665645
-4.435534680,40.711665490
-4.435536837,40.711665608
-4.435538939,40.711665995
-4.435540927,40.711666643
-4.438994696,40.711417211
-4.438994881,40.711426245
-4.435628895,40.711669338
-4.435627579,40.711667934
-4.435625963,40.711666724
-4.435624095,40.711665746
-4.435622033,40.711665030
-4.435619839,40.711664596
-4.435617579,40.711664459
-4.435615323,40.711664622
-4.435613137,40.711665080
-4.435611089,40.711665820
-4.435609241,40.711666819
-4.435607649,40.711668047
-4.435606360,40.711669466
-4.435605415,40.711671034
-4.435547847,40.711675190
-4.435547713,40.711676833
-4.435547222,40.711678437
-4.435546390,40.711679956
-4.435545238,40.711681350
-4.435543800,40.711682579
-4.435542113,40.711683610
-4.435540225,40.711684414
-4.435538189,40.711684969
-4.435536060,40.711685260
-4.435533897,40.711685279
-4.435531759,40.711685025
-4.435529707,40.711684506
-4.435527795,40.711683734
-4.435526078,40.711682733
-4.435524603,40.711681529
-4.435523410,40.711680156
-4.435522532,40.711678652
-4.435521993,40.711677057
-4.435463325,40.711681293
-4.435462158,40.711682610
-4.435460729,40.711683767
-4.435459075,40.711684736
-4.435457239,40.711685492
-4.435455269,40.711686015
-4.435453213,40.711686291
-4.435451126,40.711686314
-4.435449061,40.711686083
-4.435447071,40.711685603
-4.435445208,40.711684888
-4.435443518,40.711683956
-4.435442046,40.711682830
-4.435048956,40.711711212
-4.435050074,40.711720179
-4.435606939,40.711679971
-4.435608283,40.711681228
-4.435609879,40.711682301
-4.435611682,40.711683162
-4.435613646,40.711683788
-4.435615718,40.711684162
-4.435617842,40.711684274
-4.435619962,40.711684120
-4.435622021,40.711683707
-4.435623963,40.711683043
-4.435625737,40.711682147
-4.435627296,40.711681043
-4.435628598,40.711679761
-4.435629607,40.711678334
-4.438995067,40.711435279
-4.438995252,40.711444313
-4.435711729,40.711681452
-4.435710393,40.711680143
-4.435708789,40.711679021
-4.435706961,40.711678119
-4.435704961,40.711677461
-4.435702845,40.711677067
-4.435700672,40.711676946
-4.435698503,40.711677102
-4.435696399,40.711677532
-4.435694418,40.711678223
-4.435692617,40.711679155
-4.435691045,40.711680303
-4.435689746,40.711681634
-4.435688757,40.711683111
-4.435041453,40.711729849
-4.435042571,40.711738815
-4.435689757,40.711692086
-4.435691086,40.711693439
-4.435692696,40.711694600
-4.435694542,40.711695536
-4.435696571,40.711696220
-4.435698722,40.711696632
-4.435700934,40.711696760
-4.435703143,40.711696601
-4.435705284,40.711696158
-4.435707296,40.711695446
-4.435709119,40.711694483
-4.435710701,40.711693300
-4.435711995,40.711691929
-4.435712966,40.711690410
-4.438589376,40.711482678
-4.438591058,40.711481895
-4.438592876,40.711481314
-4.438594788,40.711480948
-4.438596751,40.711480806
-4.438598719,40.711480892
-4.438600649,40.711481202
-4.438602494,40.711481731
-4.438671024,40.711476781
-4.438672671,40.711475824
-4.438674496,40.711475079
-4.438676453,40.711474563
-4.438678493,40.711474289
-4.438680564,40.711474266
-4.438682614,40.711474492
-4.438684591,40.711474963
-4.438686445,40.711475667
-4.438752891,40.711470867
-4.438754444,40.711469781
-4.438756207,40.711468900
-4.438758134,40.711468247
-4.438760174,40.711467839
-4.438762274,40.711467687
-4.438764379,40.711467795
-4.438766433,40.711468161
-4.438768383,40.711468774
-4.438770176,40.711469619
-4.438834909,40.711464943
-4.438836343,40.711463757
-4.438838010,40.711462763
-4.438839866,40.711461989
-4.438841863,40.711461453
-4.438843948,40.711461171
-4.438846065,40.711461150
-4.438848159,40.711461390
-4.438850173,40.711461885
-4.438852056,40.711462622
-4.438853757,40.711463581
-4.438917045,40.711459010
-4.438918347,40.711457747
-4.438919899,40.711456661
-4.438921662,40.711455780
-4.438923589,40.711455127
-4.438925629,40.711454719
-4.438927729,40.711454568
-4.438929833,40.711454676
-4.438931887,40.711455041
-4.438933836,40.711455654
-4.438935630,40.711456499
-4.438937221,40.711457552
-4.438995438,40.711453347
-4.438995623,40.711462381
-4.438940691,40.711466349
-4.438940083,40.711467982
-4.438939118,40.711469511
-4.438937825,40.711470893
-4.438936240,40.711472086
-4.438934411,40.711473057
-4.438932392,40.711473776
-4.438930241,40.711474222
-4.438928022,40.711474382
-4.438925799,40.711474252
-4.438923638,40.711473835
-4.438921602,40.711473144
-4.438919750,40.711472198
-4.438918138,40.711471026
-4.438916813,40.711469663
-4.438915812,40.711468146
-4.438858089,40.711472316
-4.438857625,40.711473944
-4.438856808,40.711475489
-4.438855663,40.711476908
-4.438854222,40.711478162
-4.438852525,40.711479214
-4.438850621,40.711480035
-4.438848562,40.711480602
-4.438846409,40.711480898
-4.438844220,40.711480915
-4.438842058,40.711480653
-4.438839985,40.711480120
-4.438838058,40.711479330
-4.438836333,40.711478305
-4.438834857,40.711477075
-4.438833673,40.711475674
-4.438832815,40.711474142
-4.438775440,40.711478286
-4.438775112,40.711479904
-4.438774439,40.711481459
-4.438773439,40.711482909
-4.438772139,40.711484214
-4.438770574,40.711485337
-4.438768787,40.711486249
-4.438766827,40.711486925
-4.438764748,40.711487346
-4.438762606,40.711487501
-4.438760460,40.711487385
-4.438758368,40.711487002
-4.438756388,40.711486362
-4.438754573,40.711485482
-4.438752973,40.711484387
-4.438751632,40.711483107
-4.438750587,40.711481676
-4.438749865,40.711480133
-4.438692743,40.711484260
-4.438692526,40.711485957
-4.438691930,40.711487602
-4.438690971,40.711489144
-4.438689679,40.711490538
-4.438688092,40.711491743
-4.438686257,40.711492723
-4.438684228,40.711493449
-4.438682065,40.711493899
-4.438679834,40.711494060
-4.438677598,40.711493928
-4.438675426,40.711493505
-4.438673382,40.711492806
-4.438671525,40.711491850
-4.438669911,40.711490665
-4.438668589,40.711489288
-4.438667596,40.711487758
-4.438666963,40.711486122
-4.438610002,40.711490236
-4.438609921,40.711491911
-4.438609471,40.711493552
-4.438608663,40.711495111
-4.438607522,40.711496544
-4.438606080,40.711497811
-4.438604377,40.711498874
-4.438602464,40.711499704
-4.438600394,40.711500277
-4.438598227,40.711500576
-4.438596024,40.711500592
-4.438593850,40.711500326
-4.438591765,40.711499785
-4.438589830,40.711498985
-4.438588101,40.711497947
-4.438586625,40.711496703
-4.438585447,40.711495287
-4.438584599,40.711493740
-4.438584106,40.711492107
-4.438527215,40.711496216
-4.438526783,40.711494534
-4.438525975,40.711492934
-4.438524818,40.711491464
-4.438523345,40.711490168
-4.438521601,40.711489084
-4.438519637,40.711488245
-4.438517512,40.711487676
-4.438515291,40.711487395
-4.438513039,40.711487408
-4.438510823,40.711487717
-4.438508711,40.711488312
-4.438506765,40.711489175
-4.438505044,40.711490280
-4.438503599,40.711491594
-4.438502472,40.711493078
-4.438501699,40.711494688
-4.438501302,40.711496375
-4.438501293,40.711498088
-4.438444385,40.711502199
-4.438443851,40.711500600
-4.438442976,40.711499091
-4.438441784,40.711497713
-4.438440309,40.711496505
-4.438438590,40.711495500
-4.438436676,40.711494725
-4.438434620,40.711494203
-4.438432479,40.711493948
-4.438430311,40.711493967
-4.438428178,40.711494259
-4.438426138,40.711494816
-4.438424248,40.711495623
-4.438422559,40.711496658
-4.438421120,40.711497891
-4.438419970,40.711499289
-4.438419140,40.711500813
-4.438418654,40.711502420
-4.438418525,40.711504067
-4.438361508,40.711508185
-4.438360838,40.711506587
-4.438359822,40.711505098
-4.438358491,40.711503760
-4.438356882,40.711502613
-4.438355042,40.711501689
-4.438353024,40.711501014
-4.438350885,40.711500608
-4.438348686,40.711500482
-4.438346491,40.711500641
-4.438344363,40.711501079
-4.438342362,40.711501784
-4.438340546,40.711502736
-4.438338968,40.711503907
-4.438337672,40.711505264
-4.438336695,40.711506768
-4.438336066,40.711508376
-4.438335802,40.711510042
-4.438278587,40.711514174
-4.438277774,40.711512581
-4.438276614,40.711511118
-4.438275141,40.711509828
-4.438273398,40.711508750
-4.438271438,40.711507916
-4.438269318,40.711507351
-4.438267103,40.711507071
-4.438264857,40.711507086
-4.438262648,40.711507393
-4.438260541,40.711507985
-4.438258599,40.711508844
-4.438256880,40.711509943
-4.438255435,40.711511252
-4.438254307,40.711512729
-4.438253529,40.711514332
-4.438253125,40.711516014
-4.438195618,40.711520167
-4.438194729,40.711518679
-4.438193531,40.711517322
-4.438192056,40.711516133
-4.438190344,40.711515145
-4.438188442,40.711514385
-4.438186401,40.711513874
-4.438184278,40.711513624
-4.438182129,40.711513644
-4.438180015,40.711513932
-4.438177991,40.711514481
-4.438176113,40.711515276
-4.438174433,40.711516295
-4.438172996,40.711517510
-4.438171841,40.711518888
-4.438170999,40.711520393
-4.438170495,40.711521982
-4.438112600,40.711526163
-4.438111573,40.711524695
-4.438110238,40.711523378
-4.438108633,40.711522250
-4.438106802,40.711521341
-4.438104797,40.711520679
-4.438102674,40.711520281
-4.438100494,40.711520159
-4.438098318,40.711520316
-4.438096208,40.711520748
-4.438094222,40.711521443
-4.438092416,40.711522380
-4.438090842,40.711523535
-4.438089544,40.711524873
-4.438088559,40.711526357
-4.438087914,40.711527946
-4.438029530,40.711532163
-4.438028361,40.711530722
-4.438026887,40.711529453
-4.438025150,40.711528393
-4.438023201,40.711527575
-4.438021098,40.711527020
-4.438018901,40.711526747
-4.438016675,40.711526762
-4.438014485,40.711527066
-4.438012395,40.711527649
-4.438010466,40.711528494
-4.438008754,40.711529577
-4.438007310,40.711530867
-4.438006176,40.711532324
-4.438005384,40.711533907
-4.437946405,40.711538167
-4.437945089,40.711536760
-4.437943473,40.711535548
-4.437941604,40.711534568
-4.437939540,40.711533850
-4.437937344,40.711533415
-4.437935082,40.711533277
-4.437932822,40.711533440
-4.437930635,40.711533900
-4.437928585,40.711534641
-4.437926735,40.711535642
-4.437925142,40.711536872
-4.437923854,40.711538294
-4.437922910,40.711539864
-4.437863220,40.711544175
-4.437861878,40.711542909
-4.437860280,40.711541827
-4.437858472,40.711540958
-4.437856501,40.711540327
-4.437854422,40.711539949
-4.437852288,40.711539836
-4.437850160,40.711539990
-4.437848093,40.711540406
-4.437846143,40.711541075
-4.437844364,40.711541977
-4.437842803,40.711543089
-4.437841502,40.711544381
-4.437840496,40.711545817
-4.437779969,40.711550188
-4.437778493,40.711548979
-4.437776774,40.711547973
-4.437774860,40.711547198
-4.437772803,40.711546675
-4.437770661,40.711546420
-4.437768492,40.711546438
-4.437766358,40.711546731
-4.437764317,40.711547288
-4.437762426,40.711548096
-4.437760738,40.711549131
-4.437759298,40.711550365
-4.437758148,40.711551764
-4.437696642,40.711556206
-4.437695035,40.711555067
-4.437693198,40.711554150
-4.437691185,40.711553480
-4.437689053,40.711553077
-4.437686863,40.711552953
-4.437684676,40.711553111
-4.437682555,40.711553547
-4.437680561,40.711554247
-4.437678749,40.711555193
-4.437677173,40.711556357
-4.437675876,40.711557706
-4.437613229,40.711562231
-4.437611494,40.711561177
-4.437609548,40.711560362
-4.437607449,40.711559811
-4.437605258,40.711559540
-4.437603038,40.711559555
-4.437600853,40.711559858
-4.437598768,40.711560438
-4.437596843,40.711561280
-4.437595133,40.711562358
-4.437593690,40.711563642
-4.437529710,40.711568263
-4.437527857,40.711567314
-4.437525818,40.711566620
-4.437523653,40.711566201
-4.437521426,40.711566070
-4.437519203,40.711566231
-4.437517048,40.711566678
-4.437515025,40.711567399
-4.437513194,40.711568373
-4.437511609,40.711569570
-4.437446058,40.711574304
-4.437444110,40.711573485
-4.437442006,40.711572931
-4.437439809,40.711572657
-4.437437583,40.711572673
-4.437435392,40.711572976
-4.437433302,40.711573560
-4.437431373,40.711574405
-4.437429661,40.711575488
-4.437362227,40.711580359
-4.437360228,40.711579702
-4.437358114,40.711579308
-4.437355943,40.711579188
-4.437353776,40.711579344
-4.437351673,40.711579773
-4.437349694,40.711580463
-4.437347893,40.711581394
-4.437278124,40.711586433
-4.437276178,40.711585980
-4.437274162,40.711585764
-4.437272127,40.711585789
-4.437270122,40.711586055
-4.437268197,40.711586556
-4.437266397,40.711587279
-4.435043689,40.711747782
-4.435044807,40.711756749
-4.436024822,40.711685987
-4.436026504,40.711685204
-4.436028322,40.711684622
-4.436030234,40.711684257
-4.436032197,40.711684115
-4.436034166,40.711684200
-4.436036095,40.711684511
-4.436037940,40.711685040
-4.436106471,40.711680091
-4.436108117,40.711679135
-4.436109943,40.711678389
-4.436111900,40.711677873
-4.436113940,40.711677600
-4.436116011,40.711677576
-4.436118061,40.711677803
-4.436120038,40.711678274
-4.436121892,40.711678978
-4.436188338,40.711674179
-4.436189891,40.711673093
-4.436191654,40.711672212
-4.436193581,40.711671559
-4.436195622,40.711671151
-4.436197722,40.711670999
-4.436199827,40.711671108
-4.436201881,40.711671473
-4.436203830,40.711672087
-4.436205624,40.711672931
-4.436270357,40.711668257
-4.436271790,40.711667071
-4.436273457,40.711666077
-4.436275314,40.711665303
-4.436277311,40.711664767
-4.436279396,40.711664485
-4.436281513,40.711664464
-4.436283607,40.711664704
-4.436285622,40.711665199
-4.436287504,40.711665936
-4.436289205,40.711666896
-4.436352493,40.711662326
-4.436353795,40.711661063
-4.436355348,40.711659977
-4.436357111,40.711659096
-4.436359037,40.711658443
-4.436361077,40.711658035
-4.436363177,40.711657884
-4.436365282,40.711657992
-4.436367335,40.711658357
-4.436369285,40.711658970
-4.436371078,40.711659815
-4.436372669,40.711660869
-4.436434724,40.711656388
-4.436435890,40.711655066
-4.436437320,40.711653903
-4.436438976,40.711652930
-4.436440815,40.711652171
-4.436442791,40.711651646
-4.436444851,40.711651369
-4.436446943,40.711651347
-4.436449013,40.711651579
-4.436451007,40.711652061
-4.436452874,40.711652780
-4.436454566,40.711653717
-4.436456038,40.711654848
-4.436517036,40.711650444
-4.436518165,40.711648969
-4.436519610,40.711647663
-4.436521328,40.711646566
-4.436523268,40.711645710
-4.436525372,40.711645119
-4.436527579,40.711644812
-4.436529822,40.711644798
-4.436532034,40.711645077
-4.436534152,40.711645640
-4.436536110,40.711646472
-4.436537852,40.711647547
-4.436539326,40.711648834
-4.436599418,40.711644494
-4.436600395,40.711642991
-4.436601691,40.711641634
-4.436603270,40.711640463
-4.436605085,40.711639511
-4.436607086,40.711638807
-4.436609214,40.711638369
-4.436611408,40.711638210
-4.436613607,40.711638336
-4.436615745,40.711638742
-4.436617764,40.711639416
-4.436619604,40.711640340
-4.436621212,40.711641487
-4.436622543,40.711642824
-4.436681863,40.711638541
-4.436682693,40.711637017
-4.436683843,40.711635619
-4.436685283,40.711634386
-4.436686971,40.711633352
-4.436688861,40.711632545
-4.436690901,40.711631988
-4.436693034,40.711631696
-4.436695201,40.711631677
-4.436697343,40.711631932
-4.436699399,40.711632454
-4.436701313,40.711633229
-4.436703031,40.711634234
-4.436704506,40.711635442
-4.436705698,40.711636819
-4.436764366,40.711632583
-4.436765054,40.711631047
-4.436766062,40.711629618
-4.436767363,40.711628332
-4.436768923,40.711627226
-4.436770699,40.711626328
-4.436772643,40.711625663
-4.436774705,40.711625248
-4.436776827,40.711625095
-4.436778954,40.711625207
-4.436781029,40.711625582
-4.436782995,40.711626210
-4.436784800,40.711627073
-4.436786396,40.711628149
-4.436787739,40.711629409
-4.436788795,40.711630819
-4.436846921,40.711626621
-4.436847521,40.711624980
-4.436848481,40.711623441
-4.436849774,40.711622050
-4.436851360,40.711620848
-4.436853194,40.711619870
-4.436855220,40.711619146
-4.436857380,40.711618697
-4.436859608,40.711618536
-4.436861840,40.711618668
-4.436864010,40.711619089
-4.436866052,40.711619787
-4.436867907,40.711620740
-4.436869521,40.711621921
-4.436870844,40.711623295
-4.436871839,40.711624821
-4.436929528,40.711620655
-4.436929983,40.711619020
-4.436930794,40.711617466
-4.436931937,40.711616037
-4.436933379,40.711614776
-4.436935079,40.711613717
-4.436936989,40.711612890
-4.436939055,40.711612320
-4.436941217,40.711612022
-4.436943414,40.711612005
-4.436945584,40.711612269
-4.436947664,40.711612808
-4.436949596,40.711613605
-4.436951324,40.711614637
-4.436952800,40.711615876
-4.436953980,40.711617287
-4.436954832,40.711618828
-4.437012182,40.711614686
-4.437012500,40.711613061
-4.437013166,40.711611498
-4.437014163,40.711610040
-4.437015463,40.711608728
-4.437017030,40.711607597
-4.437018821,40.711606679
-4.437020787,40.711605999
-4.437022874,40.711605575
-4.437025024,40.711605420
-4.437027178,40.711605537
-4.437029277,40.711605924
-4.437031263,40.711606569
-4.437033082,40.711607455
-4.437034683,40.711608558
-4.437036022,40.711609847
-4.437037064,40.711611287
-4.437037778,40.711612838
-4.437094882,40.711608714
-4.437095089,40.711607009
-4.437095679,40.711605357
-4.437096633,40.711603807
-4.437097924,40.711602405
-4.437099513,40.711601193
-4.437101352,40.711600207
-4.437103387,40.711599477
-4.437105557,40.711599024
-4.437107797,40.711598862
-4.437110040,40.711598996
-4.437112219,40.711599422
-4.437114269,40.711600127
-4.437116129,40.711601090
-4.437117744,40.711602282
-4.437119064,40.711603668
-4.437120052,40.711605206
-4.437120677,40.711606851
-4.437177628,40.711602738
-4.437177698,40.711601057
-4.437178141,40.711599410
-4.437178943,40.711597843
-4.437180083,40.711596402
-4.437181526,40.711595128
-4.437183231,40.711594059
-4.437185149,40.711593224
-4.437187226,40.711592648
-4.437189400,40.711592348
-4.437191610,40.711592331
-4.437193791,40.711592600
-4.437195882,40.711593145
-4.437197821,40.711593951
-4.437199553,40.711594996
-4.437201028,40.711596248
-4.437202204,40.711597672
-4.437203046,40.711599227
-4.437203530,40.711600867
-4.437260419,40.711596759
-4.437260861,40.711598433
-4.437261674,40.711600025
-4.437262835,40.711601487
-4.437264308,40.711602776
-4.437266051,40.711603853
-4.437268010,40.711604686
-4.437270129,40.711605251
-4.437272343,40.711605530
-4.437274588,40.711605516
-4.437276796,40.711605209
-4.437278902,40.711604617
-4.437280843,40.711603759
-4.437282562,40.711602661
-4.437284007,40.711601353
-4.437285135,40.711599877
-4.437285914,40.711598275
-4.437286319,40.711596595
-4.437286339,40.711594887
-4.437343254,40.711590776
-4.437343796,40.711592368
-4.437344676,40.711593869
-4.437345870,40.711595238
-4.437347346,40.711596439
-4.437349062,40.711597437
-4.437350971,40.711598206
-4.437353021,40.711598724
-4.437355155,40.711598977
-4.437357316,40.711598958
-4.437359442,40.711598668
-4.437361475,40.711598114
-4.437363361,40.711597311
-4.437365046,40.711596283
-4.437366485,40.711595057
-4.437367637,40.711593666
-4.437368471,40.711592150
-4.437368965,40.711590550
-4.437369103,40.711588909
-4.437426134,40.711584791
-4.437426812,40.711586381
-4.437427833,40.711587861
-4.437429165,40.711589190
-4.437430773,40.711590329
-4.437432609,40.711591247
-4.437434622,40.711591917
-4.437436754,40.711592319
-4.437438945,40.711592443
-4.437441132,40.711592285
-4.437443253,40.711591850
-4.437445248,40.711591149
-4.437447059,40.711590203
-4.437448636,40.711589039
-4.437449933,40.711587690
-4.437450913,40.711586194
-4.437451549,40.711584594
-4.437451823,40.711582935
-4.437509060,40.711578802
-4.437509880,40.711580386
-4.437511044,40.711581840
-4.437512517,40.711583121
-4.437514258,40.711584191
-4.437516213,40.711585018
-4.437518326,40.711585578
-4.437520533,40.711585855
-4.437522771,40.711585841
-4.437524972,40.711585535
-4.437527071,40.711584947
-4.437529007,40.711584094
-4.437530723,40.711583001
-4.437532168,40.711581701
-4.437533299,40.711580232
-4.437534083,40.711578638
-4.437534496,40.711576965
-4.437592033,40.711572809
-4.437592928,40.711574288
-4.437594130,40.711575635
-4.437595604,40.711576815
-4.437597313,40.711577795
-4.437599210,40.711578548
-4.437601243,40.711579055
-4.437603359,40.711579302
-4.437605498,40.711579282
-4.437607604,40.711578996
-4.437609621,40.711578450
-4.437611492,40.711577661
-4.437613169,40.711576650
-4.437614605,40.711575443
-4.437615762,40.711574073
-4.437616609,40.711572578
-4.437617122,40.711570997
-4.437675056,40.711566813
-4.437676088,40.711568271
-4.437677424,40.711569578
-4.437679028,40.711570697
-4.437680855,40.711571598
-4.437682853,40.711572254
-4.437684967,40.711572648
-4.437687138,40.711572768
-4.437689305,40.711572611
-4.437691407,40.711572182
-4.437693386,40.711571493
-4.437695186,40.711570563
-4.437696757,40.711569417
-4.437698056,40.711568088
-4.437699046,40.711566613
-4.437699699,40.711565033
-4.437758130,40.711560813
-4.437759303,40.711562243
-4.437760778,40.711563502
-4.437762512,40.711564552
-4.437764455,40.711565362
-4.437766550,40.711565911
-4.437768737,40.711566181
-4.437770953,40.711566165
-4.437773133,40.711565864
-4.437775214,40.711565285
-4.437777137,40.711564446
-4.437778844,40.711563372
-4.437780288,40.711562093
-4.437781425,40.711560646
-4.437782224,40.711559073
-4.437841260,40.711554809
-4.437842579,40.711556204
-4.437844194,40.711557404
-4.437846058,40.711558375
-4.437848114,40.711559085
-4.437850301,40.711559515
-4.437852552,40.711559650
-4.437854800,40.711559488
-4.437856977,40.711559032
-4.437859018,40.711558298
-4.437860862,40.711557305
-4.437862453,40.711556086
-4.437863742,40.711554675
-4.437864693,40.711553116
-4.437924451,40.711548800
-4.437925795,40.711550054
-4.437927390,40.711551125
-4.437929192,40.711551984
-4.437931154,40.711552608
-4.437933224,40.711552980
-4.437935345,40.711553092
-4.437937462,40.711552939
-4.437939519,40.711552526
-4.437941459,40.711551863
-4.437943232,40.711550970
-4.437944790,40.711549868
-4.437946091,40.711548588
-4.437947102,40.711547164
-4.438007708,40.711542787
-4.438009184,40.711543982
-4.438010898,40.711544976
-4.438012804,40.711545742
-4.438014850,40.711546257
-4.438016980,40.711546508
-4.438019135,40.711546489
-4.438021257,40.711546199
-4.438023286,40.711545648
-4.438025168,40.711544849
-4.438026852,40.711543824
-4.438028289,40.711542603
-4.438029443,40.711541217
-4.438091042,40.711536768
-4.438092647,40.711537892
-4.438094476,40.711538797
-4.438096478,40.711539456
-4.438098597,40.711539852
-4.438100773,40.711539974
-4.438102944,40.711539817
-4.438105051,40.711539386
-4.438107034,40.711538694
-4.438108837,40.711537760
-4.438110410,40.711536609
-4.438111708,40.711535275
-4.438174465,40.711530743
-4.438176194,40.711531780
-4.438178129,40.711532580
-4.438180214,40.711533121
-4.438182388,40.711533387
-4.438184590,40.711533371
-4.438186757,40.711533072
-4.438188827,40.711532499
-4.438190740,40.711531670
-4.438192443,40.711530606
-4.438193885,40.711529340
-4.438257993,40.711524709
-4.438259836,40.711525640
-4.438261860,40.711526320
-4.438264006,40.711526729
-4.438266212,40.711526856
-4.438268414,40.711526697
-4.438270549,40.711526257
-4.438272556,40.711525547
-4.438274376,40.711524590
-4.438275956,40.711523412
-4.438341658,40.711518666
-4.438343591,40.711519465
-4.438345673,40.711520005
-4.438347845,40.711520270
-4.438350045,40.711520253
-4.438352209,40.711519955
-4.438354277,40.711519383
-4.438356189,40.711518555
-4.438357890,40.711517494
-4.438425508,40.711512610
-4.438427481,40.711513244
-4.438429565,40.711513623
-4.438431702,40.711513737
-4.438433834,40.711513583
-4.438435905,40.711513165
-4.438437857,40.711512494
-4.438439639,40.711511589
-4.438509642,40.711506533
-4.438511547,40.711506960
-4.438513514,40.711507163
-4.438515500,40.711507135
-4.438517456,40.711506878
-4.438519339,40.711506398
-4.438521103,40.711505705
-4.438995809,40.711471415
-4.438995994,40.711480450
-4.437198141,40.711610304
-4.437196194,40.711611169
-4.437194079,40.711611765
-4.437191860,40.711612074
-4.437189605,40.711612088
-4.437187381,40.711611805
-4.437185254,40.711611235
-4.437116517,40.711616199
-4.437114884,40.711617133
-4.437113078,40.711617861
-4.437111145,40.711618365
-4.437109133,40.711618633
-4.437107090,40.711618658
-4.437105067,40.711618439
-4.437103114,40.711617983
-4.437101278,40.711617299
-4.437034666,40.711622110
-4.437033119,40.711623177
-4.437031369,40.711624042
-4.437029460,40.711624683
-4.437027440,40.711625084
-4.437025362,40.711625234
-4.437023280,40.711625129
-4.437021246,40.711624773
-4.437019313,40.711624174
-4.437017530,40.711623347
-4.436952659,40.711628032
-4.436951228,40.711629201
-4.436949569,40.711630180
-4.436947725,40.711630943
-4.436945744,40.711631470
-4.436943677,40.711631749
-4.436941579,40.711631771
-4.436939503,40.711631536
-4.436937503,40.711631051
-4.436935632,40.711630327
-4.436933938,40.711629384
-4.436870533,40.711633963
-4.436869230,40.711635211
-4.436867682,40.711636283
-4.436865928,40.711637153
-4.436864014,40.711637797
-4.436861988,40.711638200
-4.436859904,40.711638350
-4.436857815,40.711638245
-4.436855775,40.711637886
-4.436853837,40.711637283
-4.436852052,40.711636451
-4.436850464,40.711635413
-4.436788309,40.711639901
-4.436787021,40.711641321
-4.436785428,40.711642549
-4.436783580,40.711643548
-4.436781532,40.711644288
-4.436779346,40.711644746
-4.436777089,40.711644909
-4.436774829,40.711644772
-4.436772634,40.711644338
-4.436770572,40.711643622
-4.436768704,40.711642643
-4.436767088,40.711641434
-4.436706004,40.711645845
-4.436704871,40.711647306
-4.436703426,40.711648599
-4.436701713,40.711649686
-4.436699782,40.711650534
-4.436697688,40.711651118
-4.436695494,40.711651423
-4.436693265,40.711651438
-4.436691064,40.711651163
-4.436688957,40.711650607
-4.436687006,40.711649785
-4.436685268,40.711648722
-4.436683794,40.711647449
-4.436623628,40.711651794
-4.436622645,40.711653286
-4.436621348,40.711654631
-4.436619772,40.711655791
-4.436617963,40.711656734
-4.436615971,40.711657433
-4.436613854,40.711657867
-4.436611671,40.711658025
-4.436609484,40.711657901
-4.436607355,40.711657500
-4.436605345,40.711656833
-4.436603511,40.711655919
-4.436601904,40.711654783
-4.436600570,40.711653459
-4.436541188,40.711657747
-4.436540352,40.711659260
-4.436539199,40.711660647
-4.436537760,40.711661870
-4.436536077,40.711662896
-4.436534193,40.711663696
-4.436532162,40.711664249
-4.436530039,40.711664539
-4.436527882,40.711664558
-4.436525751,40.711664306
-4.436523703,40.711663790
-4.436521796,40.711663023
-4.436520081,40.711662028
-4.436518606,40.711660830
-4.436517410,40.711659464
-4.436458690,40.711663704
-4.436457995,40.711665230
-4.436456983,40.711666650
-4.436455681,40.711667926
-4.436454124,40.711669024
-4.436452354,40.711669915
-4.436450416,40.711670575
-4.436448364,40.711670987
-4.436446251,40.711671140
-4.436444133,40.711671029
-4.436442067,40.711670658
-4.436440108,40.711670036
-4.436438307,40.711669181
-4.436436714,40.711668114
-4.436435369,40.711666864
-4.436434309,40.711665465
-4.436376139,40.711669666
-4.436375531,40.711671298
-4.436374566,40.711672827
-4.436373272,40.711674209
-4.436371688,40.711675402
-4.436369859,40.711676373
-4.436367840,40.711677092
-4.436365689,40.711677538
-4.436363469,40.711677698
-4.436361246,40.711677568
-4.436359085,40.711677151
-4.436357049,40.711676460
-4.436355198,40.711675514
-4.436353586,40.711674342
-4.436352260,40.711672978
-4.436351260,40.711671462
-4.436293537,40.711675631
-4.436293072,40.711677258
-4.436292256,40.711678803
-4.436291111,40.711680223
-4.436289669,40.711681476
-4.436287972,40.711682528
-4.436286068,40.711683349
-4.436284010,40.711683916
-4.436281856,40.711684212
-4.436279667,40.711684229
-4.436277506,40.711683968
-4.436275432,40.711683434
-4.436273505,40.711682644
-4.436271780,40.711681619
-4.436270305,40.711680389
-4.436269121,40.711678988
-4.436268262,40.711677456
-4.436210887,40.711681599
-4.436210559,40.711683217
-4.436209886,40.711684772
-4.436208886,40.711686222
-4.436207586,40.711687526
-4.436206021,40.711688650
-4.436204234,40.711689562
-4.436202274,40.711690238
-4.436200195,40.711690659
-4.436198053,40.711690813
-4.436195907,40.711690697
-4.436193815,40.711690314
-4.436191834,40.711689674
-4.436190020,40.711688795
-4.436188420,40.711687700
-4.436187079,40.711686419
-4.436186034,40.711684988
-4.436185312,40.711683446
-4.436128190,40.711687570
-4.436127973,40.711689268
-4.436127376,40.711690913
-4.436126417,40.711692455
-4.436125125,40.711693849
-4.436123538,40.711695054
-4.436121703,40.711696034
-4.436119674,40.711696759
-4.436117512,40.711697209
-4.436115280,40.711697371
-4.436113045,40.711697238
-4.436110872,40.711696816
-4.436108828,40.711696116
-4.436106971,40.711695160
-4.436105357,40.711693976
-4.436104035,40.711692598
-4.436103042,40.711691069
-4.436102409,40.711689432
-4.436045448,40.711693545
-4.436045367,40.711695220
-4.436044917,40.711696860
-4.436044109,40.711698420
-4.436042968,40.711699853
-4.436041525,40.711701120
-4.436039823,40.711702183
-4.436037909,40.711703013
-4.436035839,40.711703585
-4.436033672,40.711703884
-4.436031470,40.711703901
-4.436029295,40.711703635
-4.436027211,40.711703094
-4.436025276,40.711702293
-4.436023546,40.711701256
-4.436022071,40.711700011
-4.436020893,40.711698595
-4.436020045,40.711697048
-4.436019551,40.711695415
-4.435962661,40.711699523
-4.435962228,40.711697841
-4.435961421,40.711696242
-4.435960263,40.711694772
-4.435958790,40.711693475
-4.435957046,40.711692392
-4.435955082,40.711691553
-4.435952958,40.711690984
-4.435950736,40.711690702
-4.435948484,40.711690716
-4.435946269,40.711691025
-4.435944157,40.711691619
-4.435942211,40.711692482
-4.435940490,40.711693587
-4.435939044,40.711694901
-4.435937918,40.711696385
-4.435937145,40.711697995
-4.435936748,40.711699681
-4.435936738,40.711701395
-4.435879829,40.711705504
-4.435879296,40.711703906
-4.435878421,40.711702396
-4.435877230,40.711701019
-4.435875754,40.711699810
-4.435874036,40.711698805
-4.435872122,40.711698031
-4.435870066,40.711697508
-4.435867924,40.711697253
-4.435865757,40.711697272
-4.435863623,40.711697564
-4.435861583,40.711698121
-4.435859693,40.711698928
-4.435858004,40.711699963
-4.435856565,40.711701196
-4.435855414,40.711702594
-4.435854585,40.711704118
-4.435854099,40.711705725
-4.435853970,40.711707372
-4.435796953,40.711711489
-4.435796282,40.711709890
-4.435795267,40.711708401
-4.435793936,40.711707064
-4.435792327,40.711705916
-4.435790487,40.711704992
-4.435788468,40.711704317
-4.435786329,40.711703911
-4.435784131,40.711703785
-4.435781936,40.711703944
-4.435779807,40.711704382
-4.435777807,40.711705087
-4.435775991,40.711706039
-4.435774412,40.711707210
-4.435773116,40.711708567
-4.435772139,40.711710071
-4.435771510,40.711711679
-4.435771246,40.711713345
-4.435045925,40.711765716
-4.435047044,40.711774682
-4.435112051,40.711769989
-4.435113495,40.711768701
-4.435115206,40.711767619
-4.435117134,40.711766775
-4.435119223,40.711766193
-4.435121411,40.711765890
-4.435123636,40.711765874
-4.435125831,40.711766147
-4.435127933,40.711766701
-4.435129881,40.711767518
-4.435131618,40.711768576
-4.435777102,40.711721969
-4.435779035,40.711722768
-4.435781117,40.711723308
-4.435783289,40.711723573
-4.435785489,40.711723556
-4.435787653,40.711723258
-4.435789721,40.711722687
-4.435791633,40.711721859
-4.435793334,40.711720797
-4.435860952,40.711715915
-4.435862926,40.711716549
-4.435865009,40.711716928
-4.435867146,40.711717042
-4.435869279,40.711716888
-4.435871349,40.711716470
-4.435873302,40.711715800
-4.435875083,40.711714894
-4.435945085,40.711709840
-4.435946990,40.711710268
-4.435948958,40.711710470
-4.435950944,40.711710443
-4.435952902,40.711710186
-4.435954785,40.711709705
-4.435956550,40.711709012
-4.438996180,40.711489484
-4.438996365,40.711498518
-4.435296113,40.711765747
-4.435294312,40.711764890
-4.435292352,40.711764268
-4.435290285,40.711763897
-4.435288166,40.711763786
-4.435286052,40.711763938
-4.435283998,40.711764350
-4.435282060,40.711765011
-4.435280289,40.711765903
-4.435278732,40.711767002
-4.435217756,40.711771404
-4.435216870,40.711769912
-4.435215673,40.711768551
-4.435214198,40.711767358
-4.435212485,40.711766367
-4.435210581,40.711765604
-4.435208537,40.711765091
-4.435206410,40.711764840
-4.435204258,40.711764859
-4.435202140,40.711765148
-4.435200113,40.711765699
-4.435198233,40.711766496
-4.435196551,40.711767518
-4.435195113,40.711768736
-4.435193959,40.711770119
-4.435193120,40.711771627
-4.435192618,40.711773219
-4.435135493,40.711777344
-4.435134978,40.711778923
-4.435134130,40.711780416
-4.435132972,40.711781783
-4.435131536,40.711782988
-4.435129860,40.711783998
-4.435127990,40.711784786
-4.435125976,40.711785330
-4.435123871,40.711785616
-4.435121734,40.711785637
-4.435119621,40.711785390
-4.435117589,40.711784884
-4.435115693,40.711784132
-4.435113985,40.711783154
-4.435112510,40.711781977
-4.435111309,40.711780631
-4.435110412,40.711779155
-4.435048162,40.711783649
-4.435042735,40.711793089
-4.435196621,40.711781978
-4.435198348,40.711783008
-4.435200278,40.711783803
-4.435202356,40.711784340
-4.435204523,40.711784603
-4.435206718,40.711784586
-4.435208878,40.711784289
-4.435210941,40.711783720
-4.435212849,40.711782895
-4.435214548,40.711781838
-4.435215990,40.711780579
-4.435275760,40.711776264
-4.435276486,40.711777801
-4.435277534,40.711779226
-4.435278876,40.711780501
-4.435280475,40.711781591
-4.435282287,40.711782467
-4.435284264,40.711783104
-4.435286351,40.711783485
-4.435288492,40.711783600
-4.435290629,40.711783445
-4.435292704,40.711783026
-4.435294659,40.711782353
-4.435296443,40.711781445
-4.435298007,40.711780326
-4.435299308,40.711779026
-4.435300310,40.711777582
-4.435300987,40.711776032
-4.435301320,40.711774418
-4.435358541,40.711770287
-4.435359223,40.711768743
-4.435360228,40.711767306
-4.435361529,40.711766013
-4.435363091,40.711764899
-4.435364871,40.711763996
-4.435366822,40.711763326
-4.435368890,40.711762909
-4.435371021,40.711762755
-4.435373156,40.711762869
-4.435375237,40.711763247
-4.435377209,40.711763880
-4.435379018,40.711764750
-4.435380615,40.711765834
-4.435381958,40.711767102
-4.435383009,40.711768520
-4.435445740,40.711763991
-4.435447560,40.711763033
-4.435449566,40.711762324
-4.435451701,40.711761884
-4.435453904,40.711761725
-4.435456110,40.711761852
-4.435458256,40.711762261
-4.435460280,40.711762941
-4.438996551,40.711507552
-4.438996736,40.711516586
-4.435548148,40.711765644
-4.435546941,40.711764317
-4.435545467,40.711763157
-4.435543765,40.711762195
-4.435541880,40.711761455
-4.435539862,40.711760958
-4.435537765,40.711760717
-4.435535645,40.711760738
-4.435533557,40.711761021
-4.435531557,40.711761558
-4.435529698,40.711762335
-4.435528030,40.711763331
-4.435526596,40.711764520
-4.435525435,40.711765870
-4.435524577,40.711767346
-4.435467047,40.711771500
-4.435466898,40.711773134
-4.435466397,40.711774727
-4.435465558,40.711776235
-4.435464404,40.711777617
-4.435462966,40.711778836
-4.435461284,40.711779859
-4.435459404,40.711780656
-4.435457377,40.711781206
-4.435455258,40.711781495
-4.435453106,40.711781515
-4.435450979,40.711781264
-4.435448935,40.711780750
-4.435447030,40.711779987
-4.435445317,40.711778996
-4.435443842,40.711777803
-4.435442645,40.711776442
-4.435441759,40.711774949
-4.435441208,40.711773365
-4.435382465,40.711777607
-4.435381174,40.711779014
-4.435379584,40.711780231
-4.435377742,40.711781220
-4.435375704,40.711781953
-4.435373529,40.711782408
-4.435371284,40.711782570
-4.435369037,40.711782435
-4.435366853,40.711782007
-4.435364799,40.711781298
-4.435362937,40.711780331
-4.435361322,40.711779134
-4.435043854,40.711802055
-4.435044972,40.711811022
-4.435526201,40.711776276
-4.435527548,40.711777515
-4.435529139,40.711778571
-4.435530934,40.711779418
-4.435532886,40.711780033
-4.435534942,40.711780400
-4.435537049,40.711780508
-4.435539152,40.711780357
-4.435541195,40.711779948
-4.435543124,40.711779294
-4.435544889,40.711778410
-4.435546442,40.711777322
-4.435547744,40.711776056
-4.435548760,40.711774647
-4.435606754,40.711770460
-4.435606747,40.711768738
-4.435607133,40.711767041
-4.435607898,40.711765421
-4.435609021,40.711763926
-4.435610467,40.711762602
-4.435612192,40.711761488
-4.435614145,40.711760618
-4.435616266,40.711760019
-4.435618492,40.711759708
-4.435620754,40.711759695
-4.435622986,40.711759980
-4.435625119,40.711760555
-4.435627088,40.711761402
-4.435628836,40.711762496
-4.435630308,40.711763803
-4.435631461,40.711765285
-4.435632258,40.711766896
-4.435632678,40.711768588
-4.435690743,40.711764395
-4.435691865,40.711762899
-4.435693311,40.711761574
-4.435695037,40.711760459
-4.435696990,40.711759589
-4.435699112,40.711758989
-4.435701338,40.711758678
-4.435703602,40.711758665
-4.435705834,40.711758950
-4.435707968,40.711759526
-4.435709938,40.711760374
-4.435711686,40.711761468
-4.435713158,40.711762777
-4.438996922,40.711525620
-4.438997107,40.711534654
-4.438938503,40.711538888
-4.438936778,40.711537865
-4.438934852,40.711537076
-4.438932780,40.711536543
-4.438930621,40.711536282
-4.438928434,40.711536300
-4.438926282,40.711536595
-4.438924225,40.711537161
-4.438922322,40.711537981
-4.438920626,40.711539031
-4.438919184,40.711540283
-4.438854964,40.711544922
-4.438853130,40.711544007
-4.438851119,40.711543340
-4.438848990,40.711542939
-4.438846803,40.711542816
-4.438844619,40.711542973
-4.438842501,40.711543408
-4.438840509,40.711544106
-4.438838700,40.711545050
-4.438837124,40.711546211
-4.438771287,40.711550966
-4.438769368,40.711550185
-4.438767305,40.711549659
-4.438765155,40.711549401
-4.438762979,40.711549419
-4.438760837,40.711549713
-4.438758790,40.711550274
-4.438756894,40.711551087
-4.438755202,40.711552128
-4.438687422,40.711557024
-4.438685470,40.711556410
-4.438683414,40.711556043
-4.438681307,40.711555934
-4.438679205,40.711556086
-4.438677162,40.711556495
-4.438675233,40.711557149
-4.438673469,40.711558032
-4.438603256,40.711563104
-4.438601390,40.711562698
-4.438599465,40.711562508
-4.438597524,40.711562537
-4.438595611,40.711562786
-4.438593768,40.711563248
-4.438592035,40.711563914
-4.435714910,40.711771698
-4.435714064,40.711773194
-4.435712907,40.711774564
-4.435711471,40.711775771
-4.435709794,40.711776784
-4.435707922,40.711777573
-4.435705905,40.711778118
-4.435703798,40.711778405
-4.435701658,40.711778425
-4.435699543,40.711778178
-4.435697509,40.711777671
-4.435695612,40.711776917
-4.435693902,40.711775936
-4.435692428,40.711774756
-4.435691227,40.711773408
-4.435626367,40.711778091
-4.435624655,40.711778740
-4.435622837,40.711779191
-4.435620952,40.711779435
-4.435619039,40.711779465
-4.435617142,40.711779282
-4.435615300,40.711778890
-4.435046090,40.711819989
-4.435047208,40.711828956
-4.437350428,40.711662638
-4.437352351,40.711661800
-4.437354432,40.711661221
-4.437356612,40.711660920
-4.437358828,40.711660904
-4.437361015,40.711661174
-4.437363110,40.711661723
-4.437432031,40.711656745
-4.437433652,40.711655831
-4.437435440,40.711655118
-4.437437351,40.711654624
-4.437439340,40.711654361
-4.437441358,40.711654335
-4.437443357,40.711654546
-4.437445289,40.711654990
-4.437447107,40.711655656
-4.437513867,40.711650835
-4.437515407,40.711649785
-4.437517146,40.711648934
-4.437519040,40.711648303
-4.437521042,40.711647908
-4.437523100,40.711647759
-4.437525164,40.711647860
-4.437527180,40.711648209
-4.437529099,40.711648796
-4.437530871,40.711649607
-4.437595863,40.711644913
-4.437597291,40.711643759
-4.437598943,40.711642793
-4.437600776,40.711642040
-4.437602743,40.711641519
-4.437604795,40.711641244
-4.437606878,40.711641221
-4.437608939,40.711641451
-4.437610925,40.711641928
-4.437612786,40.711642640
-4.437614474,40.711643569
-4.437677982,40.711638982
-4.437679285,40.711637748
-4.437680828,40.711636688
-4.437682575,40.711635828
-4.437684478,40.711635190
-4.437686491,40.711634792
-4.437688562,40.711634642
-4.437690637,40.711634746
-4.437692664,40.711635099
-4.437694592,40.711635693
-4.437696370,40.711636514
-4.437697954,40.711637539
-4.437760199,40.711633044
-4.437761489,40.711631637
-4.437763079,40.711630421
-4.437764920,40.711629432
-4.437766959,40.711628699
-4.437769132,40.711628245
-4.437771377,40.711628083
-4.437773624,40.711628218
-4.437775807,40.711628646
-4.437777860,40.711629353
-4.437779722,40.711630320
-4.437781337,40.711631517
-4.437842497,40.711627100
-4.437843634,40.711625650
-4.437845078,40.711624368
-4.437846786,40.711623290
-4.437848711,40.711622450
-4.437850794,40.711621870
-4.437852977,40.711621568
-4.437855196,40.711621552
-4.437857386,40.711621823
-4.437859484,40.711622373
-4.437861428,40.711623187
-4.437863163,40.711624239
-4.437864638,40.711625501
-4.437924869,40.711621150
-4.437925856,40.711619669
-4.437927154,40.711618334
-4.437928727,40.711617182
-4.437930531,40.711616247
-4.437932515,40.711615554
-4.437934623,40.711615123
-4.437936796,40.711614966
-4.437938973,40.711615087
-4.437941092,40.711615484
-4.437943095,40.711616144
-4.437944925,40.711617050
-4.437946530,40.711618176
-4.437947866,40.711619489
-4.438007304,40.711615196
-4.438008145,40.711613693
-4.438009301,40.711612315
-4.438010738,40.711611100
-4.438012418,40.711610082
-4.438014295,40.711609287
-4.438016318,40.711608739
-4.438018432,40.711608451
-4.438020580,40.711608431
-4.438022703,40.711608680
-4.438024743,40.711609192
-4.438026645,40.711609951
-4.438028357,40.711610938
-4.438029832,40.711612126
-4.438031030,40.711613483
-4.438089797,40.711609238
-4.438090561,40.711607616
-4.438091682,40.711606118
-4.438093128,40.711604791
-4.438094855,40.711603675
-4.438096809,40.711602804
-4.438098932,40.711602203
-4.438101160,40.711601892
-4.438103425,40.711601879
-4.438105659,40.711602164
-4.438107794,40.711602741
-4.438109765,40.711603590
-4.438111513,40.711604686
-4.438112985,40.711605996
-4.438114137,40.711607480
-4.438172344,40.711603276
-4.438172959,40.711601652
-4.438173928,40.711600130
-4.438175222,40.711598757
-4.438176804,40.711597570
-4.438178629,40.711596606
-4.438180642,40.711595892
-4.438182786,40.711595448
-4.438184998,40.711595288
-4.438187213,40.711595417
-4.438189367,40.711595830
-4.438191397,40.711596516
-4.438193245,40.711597455
-4.438194856,40.711598619
-4.438196183,40.711599974
-4.438197189,40.711601482
-4.438254942,40.711597310
-4.438255414,40.711595690
-4.438256235,40.711594152
-4.438257382,40.711592740
-4.438258823,40.711591494
-4.438260517,40.711590448
-4.438262416,40.711589632
-4.438264468,40.711589069
-4.438266615,40.711588774
-4.438268796,40.711588756
-4.438270950,40.711589016
-4.438273018,40.711589545
-4.438274940,40.711590330
-4.438276663,40.711591347
-4.438278139,40.711592570
-4.438279325,40.711593963
-4.438280190,40.711595487
-4.438337588,40.711591341
-4.438337924,40.711589729
-4.438338602,40.711588181
-4.438339605,40.711586738
-4.438340906,40.711585441
-4.438342469,40.711584323
-4.438344252,40.711583416
-4.438346206,40.711582744
-4.438348279,40.711582325
-4.438350414,40.711582171
-4.438352553,40.711582286
-4.438354639,40.711582666
-4.438356614,40.711583301
-4.438358426,40.711584175
-4.438360024,40.711585263
-4.438361366,40.711586536
-4.438362415,40.711587960
-4.438363143,40.711589495
-4.438420281,40.711585368
-4.438420507,40.711583676
-4.438421110,40.711582038
-4.438422072,40.711580503
-4.438423364,40.711579115
-4.438424950,40.711577917
-4.438426782,40.711576942
-4.438428805,40.711576220
-4.438430962,40.711575772
-4.438433187,40.711575611
-4.438435415,40.711575743
-4.438437581,40.711576162
-4.438439621,40.711576857
-4.438441475,40.711577807
-4.438443088,40.711578985
-4.438444412,40.711580355
-4.438445409,40.711581877
-4.438446049,40.711583507
-4.438503019,40.711579392
-4.438503109,40.711577722
-4.438503566,40.711576088
-4.438504378,40.711574535
-4.438505521,40.711573108
-4.438506963,40.711571848
-4.438508663,40.711570790
-4.438510572,40.711569964
-4.438512636,40.711569394
-4.438514797,40.711569097
-4.438516993,40.711569080
-4.438519161,40.711569344
-4.438521241,40.711569881
-4.438523172,40.711570677
-4.438524899,40.711571708
-4.438526375,40.711572946
-4.438527556,40.711574355
-4.438528409,40.711575894
-4.438528910,40.711577521
-4.438585802,40.711573412
-4.438586227,40.711575100
-4.438587028,40.711576707
-4.438588183,40.711578184
-4.438589655,40.711579487
-4.438591402,40.711580577
-4.438593369,40.711581421
-4.438595499,40.711581994
-4.438597727,40.711582277
-4.438599985,40.711582264
-4.438602207,40.711581954
-4.438604325,40.711581356
-4.438606275,40.711580489
-4.438607998,40.711579378
-4.438609444,40.711578058
-4.438610568,40.711576567
-4.438611337,40.711574951
-4.438611726,40.711573258
-4.438611726,40.711571539
-4.438668630,40.711567429
-4.438669156,40.711569034
-4.438670026,40.711570550
-4.438671216,40.711571935
-4.438672691,40.711573150
-4.438674412,40.711574161
-4.438676330,40.711574940
-4.438678391,40.711575466
-4.438680539,40.711575723
-4.438682713,40.711575705
-4.438684852,40.711575411
-4.438686898,40.711574851
-4.438688792,40.711574040
-4.438690483,40.711573000
-4.438691923,40.711571761
-4.438693072,40.711570356
-4.438693898,40.711568826
-4.438694377,40.711567212
-4.438694497,40.711565561
-4.438751502,40.711561443
-4.438752166,40.711563048
-4.438753178,40.711564545
-4.438754508,40.711565890
-4.438756117,40.711567044
-4.438757960,40.711567974
-4.438759984,40.711568654
-4.438762129,40.711569063
-4.438764335,40.711569190
-4.438766536,40.711569031
-4.438768671,40.711568590
-4.438770677,40.711567881
-4.438772496,40.711566924
-4.438774077,40.711565747
-4.438775372,40.711564383
-4.438776346,40.711562872
-4.438776969,40.711561257
-4.438777224,40.711559585
-4.438834421,40.711555454
-4.438835227,40.711557055
-4.438836384,40.711558526
-4.438837857,40.711559824
-4.438839602,40.711560909
-4.438841566,40.711561748
-4.438843692,40.711562318
-4.438845914,40.711562600
-4.438848167,40.711562586
-4.438850384,40.711562277
-4.438852497,40.711561682
-4.438854444,40.711560818
-4.438856165,40.711559712
-4.438857611,40.711558397
-4.438858736,40.711556911
-4.438859509,40.711555301
-4.438859905,40.711553613
-4.438917386,40.711549461
-4.438918269,40.711550957
-4.438919465,40.711552322
-4.438920941,40.711553518
-4.438922655,40.711554513
-4.438924562,40.711555278
-4.438926609,40.711555794
-4.438928739,40.711556046
-4.438930895,40.711556026
-4.438933017,40.711555737
-4.438935047,40.711555185
-4.438936929,40.711554385
-4.438938613,40.711553360
-4.438940051,40.711552138
-4.438941204,40.711550752
-4.438942041,40.711549240
-4.438942538,40.711547644
-4.438997293,40.711543689
-4.438997478,40.711552723
-4.438523741,40.711586942
-4.438522039,40.711587749
-4.438520195,40.711588347
-4.438518252,40.711588722
-4.438516256,40.711588866
-4.438514255,40.711588776
-4.438512296,40.711588452
-4.438510426,40.711587904
-4.438442071,40.711592841
-4.438440413,40.711593817
-4.438438572,40.711594578
-4.438436594,40.711595104
-4.438434530,40.711595382
-4.438432435,40.711595405
-4.438430362,40.711595171
-4.438428366,40.711594687
-4.438426497,40.711593966
-4.438360192,40.711598756
-4.438358633,40.711599859
-4.438356859,40.711600755
-4.438354917,40.711601418
-4.438352859,40.711601832
-4.438350739,40.711601985
-4.438348615,40.711601873
-4.438346544,40.711601500
-4.438344580,40.711600874
-4.438342776,40.711600013
-4.438278163,40.711604680
-4.438276728,40.711605881
-4.438275054,40.711606888
-4.438273187,40.711607673
-4.438271176,40.711608216
-4.438269076,40.711608501
-4.438266942,40.711608521
-4.438264833,40.711608276
-4.438262805,40.711607773
-4.438260912,40.711607024
-4.438259206,40.711606050
-4.438196019,40.711610614
-4.438194717,40.711611889
-4.438193161,40.711612987
-4.438191390,40.711613878
-4.438189453,40.711614538
-4.438187401,40.711614950
-4.438185287,40.711615103
-4.438183170,40.711614992
-4.438181104,40.711614621
-4.438179145,40.711614000
-4.438177345,40.711613144
-4.438175751,40.711612078
-4.438113782,40.711616553
-4.438112617,40.711617887
-4.438111186,40.711619060
-4.438109525,40.711620043
-4.438107678,40.711620809
-4.438105692,40.711621339
-4.438103621,40.711621618
-4.438101517,40.711621640
-4.438099436,40.711621404
-4.438097432,40.711620916
-4.438095558,40.711620189
-4.438093862,40.711619242
-4.438092389,40.711618099
-4.438031465,40.711622499
-4.438030339,40.711623985
-4.438028894,40.711625301
-4.438027172,40.711626408
-4.438025224,40.711627273
-4.438023110,40.711627868
-4.438020893,40.711628178
-4.438018639,40.711628191
-4.438016415,40.711627909
-4.438014289,40.711627339
-4.438012324,40.711626498
-4.438010579,40.711625412
-4.438009106,40.711624114
-4.437949078,40.711628449
-4.437948106,40.711629964
-4.437946811,40.711631330
-4.437945230,40.711632510
-4.437943409,40.711633470
-4.437941401,40.711634180
-4.437939263,40.711634621
-4.437937059,40.711634780
-4.437934851,40.711634653
-4.437932703,40.711634243
-4.437930677,40.711633562
-4.437928833,40.711632629
-4.437927223,40.711631472
-4.437925894,40.711630124
-4.437866628,40.711634404
-4.437865804,40.711635937
-4.437864656,40.711637344
-4.437863215,40.711638585
-4.437861524,40.711639627
-4.437859627,40.711640440
-4.437857580,40.711641001
-4.437855438,40.711641295
-4.437853262,40.711641313
-4.437851112,40.711641055
-4.437849049,40.711640528
-4.437847130,40.711639747
-4.437845408,40.711638734
-4.437843933,40.711637517
-4.437842744,40.711636129
-4.437784122,40.711640363
-4.437783440,40.711641907
-4.437782435,40.711643345
-4.437781134,40.711644639
-4.437779572,40.711645752
-4.437777792,40.711646656
-4.437775841,40.711647326
-4.437773772,40.711647743
-4.437771641,40.711647897
-4.437769506,40.711647783
-4.437767424,40.711647405
-4.437765452,40.711646772
-4.437763643,40.711645902
-4.437762045,40.711644818
-4.437760703,40.711643550
-4.437759651,40.711642131
-4.437701562,40.711646326
-4.437700970,40.711647976
-4.437700014,40.711649523
-4.437698722,40.711650922
-4.437697134,40.711652131
-4.437695296,40.711653115
-4.437693264,40.711653843
-4.437691097,40.711654295
-4.437688860,40.711654457
-4.437686620,40.711654323
-4.437684444,40.711653899
-4.437682395,40.711653196
-4.437680537,40.711652235
-4.437678922,40.711651046
-4.437677601,40.711649663
-4.437676611,40.711648128
-4.437618952,40.711652293
-4.437618504,40.711653935
-4.437617698,40.711655497
-4.437616557,40.711656932
-4.437615115,40.711658201
-4.437613411,40.711659266
-4.437611496,40.711660098
-4.437609425,40.711660671
-4.437607255,40.711660971
-4.437605051,40.711660987
-4.437602874,40.711660720
-4.437600788,40.711660178
-4.437598852,40.711659376
-4.437597121,40.711658336
-4.437595646,40.711657089
-4.437594468,40.711655671
-4.437593622,40.711654122
-4.437536294,40.711658262
-4.437535984,40.711659894
-4.437535323,40.711661464
-4.437534329,40.711662929
-4.437533030,40.711664248
-4.437531461,40.711665384
-4.437529666,40.711666308
-4.437527695,40.711666992
-4.437525602,40.711667417
-4.437523445,40.711667573
-4.437521284,40.711667454
-4.437519179,40.711667065
-4.437517188,40.711666415
-4.437515366,40.711665523
-4.437513764,40.711664414
-4.437512425,40.711663118
-4.437511388,40.711661670
-4.437510680,40.711660112
-4.437453590,40.711664236
-4.437453392,40.711665946
-4.437452809,40.711667605
-4.437451858,40.711669162
-4.437450568,40.711670571
-4.437448978,40.711671790
-4.437447135,40.711672781
-4.437445095,40.711673515
-4.437442919,40.711673970
-4.437440672,40.711674132
-4.437438422,40.711673997
-4.437436237,40.711673568
-4.437434182,40.711672858
-4.437432319,40.711671889
-4.437430704,40.711670690
-4.437429385,40.711669297
-4.437428402,40.711667751
-4.437427785,40.711666099
-4.437370841,40.711670212
-4.437370780,40.711671898
-4.437370344,40.711673551
-4.437369546,40.711675125
-4.437368409,40.711676572
-4.437366965,40.711677852
-4.437365258,40.711678927
-4.437363335,40.711679766
-4.437361253,40.711680345
-4.437359072,40.711680647
-4.437356856,40.711680663
-4.437354668,40.711680392
-4.437352573,40.711679843
-4.437350630,40.711679032
-4.437348895,40.711677982
-4.437347421,40.711676723
-4.437346248,40.711675292
-4.437345411,40.711673730
-4.437344934,40.711672083
-4.437288047,40.711676191
-4.437287597,40.711674523
-4.437286778,40.711672938
-4.437285615,40.711671482
-4.437284141,40.711670201
-4.437282400,40.711669130
-4.437280445,40.711668301
-4.437278331,40.711667740
-4.437276123,40.711667463
-4.437273884,40.711667478
-4.437271682,40.711667784
-4.437269582,40.711668372
-4.437267645,40.711669226
-4.437265929,40.711670319
-4.437264484,40.711671620
-4.437263353,40.711673090
-4.437262570,40.711674686
-4.437262158,40.711676360
-4.437262129,40.711678063
-4.437205208,40.711682174
-4.437204659,40.711680589
-4.437203774,40.711679095
-4.437202578,40.711677733
-4.437201102,40.711676539
-4.437199389,40.711675546
-4.437197483,40.711674782
-4.437195438,40.711674268
-4.437193310,40.711674017
-4.437191157,40.711674036
-4.437189037,40.711674325
-4.437187009,40.711674876
-4.437185128,40.711675675
-4.437183445,40.711676698
-4.437182007,40.711677918
-4.437180853,40.711679301
-4.437180015,40.711680811
-4.437179515,40.711682405
-4.437179368,40.711684040
-4.437122325,40.711688160
-4.437121639,40.711686577
-4.437120615,40.711685104
-4.437119281,40.711683783
-4.437117674,40.711682650
-4.437115841,40.711681738
-4.437113833,40.711681073
-4.437111707,40.711680674
-4.437109523,40.711680551
-4.437107343,40.711680708
-4.437105229,40.711681141
-4.437103239,40.711681838
-4.437101432,40.711682779
-4.437099857,40.711683937
-4.437098559,40.711685279
-4.437097575,40.711686768
-4.437096934,40.711688361
-4.437096652,40.711690014
-4.437039395,40.711694149
-4.437038569,40.711692572
-4.437037402,40.711691126
-4.437035928,40.711689853
-4.437034190,40.711688790
-4.437032239,40.711687968
-4.437030132,40.711687412
-4.437027931,40.711687137
-4.437025701,40.711687152
-4.437023507,40.711687456
-4.437021414,40.711688041
-4.437019482,40.711688889
-4.437017769,40.711689976
-4.437016325,40.711691269
-4.437015192,40.711692730
-4.437014403,40.711694318
-4.437013982,40.711695984
-4.436956418,40.711700141
-4.436955518,40.711698670
-4.436954314,40.711697331
-4.436952839,40.711696159
-4.436951133,40.711695186
-4.436949241,40.711694438
-4.436947214,40.711693934
-4.436945106,40.711693690
-4.436942974,40.711693710
-4.436940874,40.711693996
-4.436938865,40.711694537
-4.436936998,40.711695322
-4.436935324,40.711696327
-4.436933889,40.711697527
-4.436932731,40.711698889
-4.436931880,40.711700377
-4.436931359,40.711701951
-4.436873391,40.711706137
-4.436872355,40.711704688
-4.436871016,40.711703390
-4.436869414,40.711702278
-4.436867591,40.711701385
-4.436865599,40.711700734
-4.436863492,40.711700344
-4.436861329,40.711700225
-4.436859171,40.711700381
-4.436857076,40.711700807
-4.436855104,40.711701492
-4.436853308,40.711702417
-4.436851738,40.711703555
-4.436850439,40.711704876
-4.436849446,40.711706342
-4.436848786,40.711707914
-4.436790312,40.711712137
-4.436789135,40.711710716
-4.436787660,40.711709467
-4.436785929,40.711708426
-4.436783992,40.711707622
-4.436781904,40.711707078
-4.436779725,40.711706811
-4.436777518,40.711706827
-4.436775347,40.711707127
-4.436773273,40.711707701
-4.436771357,40.711708534
-4.436769653,40.711709601
-4.436768210,40.711710872
-4.436767070,40.711712310
-4.436766265,40.711713873
-4.436707178,40.711718140
-4.436705857,40.711716756
-4.436704242,40.711715565
-4.436702383,40.711714603
-4.436700333,40.711713899
-4.436698156,40.711713474
-4.436695914,40.711713340
-4.436693676,40.711713502
-4.436691507,40.711713954
-4.436689473,40.711714684
-4.436687635,40.711715668
-4.436686046,40.711716879
-4.436684755,40.711718280
-4.436683800,40.711719829
-4.436623982,40.711724148
-4.436622636,40.711722905
-4.436621043,40.711721845
-4.436619246,40.711720994
-4.436617292,40.711720377
-4.436615231,40.711720009
-4.436613120,40.711719899
-4.436611013,40.711720051
-4.436608967,40.711720461
-4.436607034,40.711721118
-4.436605267,40.711722004
-4.436603712,40.711723096
-4.436602410,40.711724366
-4.436601396,40.711725779
-4.436540718,40.711730161
-4.436539243,40.711728978
-4.436537533,40.711727994
-4.436535633,40.711727238
-4.436533597,40.711726729
-4.436531478,40.711726481
-4.436529335,40.711726501
-4.436527225,40.711726788
-4.436525205,40.711727335
-4.436523331,40.711728126
-4.436521653,40.711729141
-4.436520216,40.711730352
-4.436519060,40.711731725
-4.436457378,40.711736179
-4.436455776,40.711735068
-4.436453953,40.711734174
-4.436451960,40.711733523
-4.436449853,40.711733133
-4.436447691,40.711733014
-4.436445532,40.711733170
-4.436443437,40.711733596
-4.436441464,40.711734281
-4.436439668,40.711735206
-4.436438099,40.711736344
-4.436436799,40.711737665
-4.436373948,40.711742204
-4.436372223,40.711741181
-4.436370298,40.711740392
-4.436368226,40.711739859
-4.436366066,40.711739598
-4.436363879,40.711739616
-4.436361727,40.711739911
-4.436359670,40.711740477
-4.436357767,40.711741297
-4.436356071,40.711742347
-4.436354630,40.711743599
-4.436290409,40.711748237
-4.436288575,40.711747322
-4.436286564,40.711746654
-4.436284435,40.711746253
-4.436282247,40.711746130
-4.436280064,40.711746287
-4.436277946,40.711746722
-4.436275954,40.711747421
-4.436274144,40.711748364
-4.436272568,40.711749525
-4.436206732,40.711754279
-4.436204813,40.711753498
-4.436202749,40.711752971
-4.436200600,40.711752713
-4.436198423,40.711752731
-4.436196281,40.711753025
-4.436194234,40.711753586
-4.436192338,40.711754399
-4.436190646,40.711755441
-4.436122866,40.711760335
-4.436120914,40.711759720
-4.436118858,40.711759354
-4.436116751,40.711759245
-4.436114648,40.711759397
-4.436112606,40.711759805
-4.436110677,40.711760459
-4.436108912,40.711761343
-4.436038699,40.711766413
-4.436036833,40.711766007
-4.436034908,40.711765816
-4.436032968,40.711765846
-4.436031054,40.711766095
-4.436029211,40.711766557
-4.436027478,40.711767223
-4.435131973,40.711831883
-4.435130147,40.711830985
-4.435128151,40.711830331
-4.435126039,40.711829938
-4.435123871,40.711829818
-4.435121707,40.711829974
-4.435119608,40.711830402
-4.435117631,40.711831090
-4.435115832,40.711832019
-4.435114261,40.711833162
-4.435048326,40.711837922
-4.435049444,40.711846889
-4.435111482,40.711842410
-4.435112281,40.711844020
-4.435113434,40.711845499
-4.435114907,40.711846805
-4.435116654,40.711847897
-4.435118623,40.711848743
-4.435120754,40.711849317
-4.435122984,40.711849602
-4.435125245,40.711849589
-4.435127469,40.711849278
-4.435129589,40.711848679
-4.435131540,40.711847811
-4.435133265,40.711846698
-4.435134711,40.711845375
-4.435135834,40.711843882
-4.435136601,40.711842264
-4.435136988,40.711840568
-4.435194183,40.711836439
-4.435194849,40.711834874
-4.435195845,40.711833414
-4.435197145,40.711832100
-4.435198712,40.711830968
-4.435200505,40.711830049
-4.435202472,40.711829367
-4.435204560,40.711828943
-4.435206712,40.711828788
-4.435208868,40.711828906
-4.435210969,40.711829293
-4.435212956,40.711829940
-4.435214776,40.711830827
-4.435216377,40.711831932
-4.435217716,40.711833223
-4.435218756,40.711834665
-4.435281216,40.711830155
-4.435282830,40.711829253
-4.435284607,40.711828549
-4.435286505,40.711828062
-4.435288479,40.711827801
-4.435290482,40.711827775
-4.435292466,40.711827982
-4.435294385,40.711828418
-4.435296194,40.711829074
-4.435773029,40.711794644
-4.435773365,40.711793032
-4.435774043,40.711791484
-4.435775046,40.711790041
-4.435776347,40.711788744
-4.435777910,40.711787626
-4.435779693,40.711786719
-4.435781647,40.711786047
-4.435783720,40.711785628
-4.435785855,40.711785474
-4.435787995,40.711785589
-4.435790080,40.711785969
-4.435792056,40.711786605
-4.435793867,40.711787479
-4.435795465,40.711788567
-4.435796807,40.711789840
-4.435797856,40.711791263
-4.435798584,40.711792798
-4.435855723,40.711788673
-4.435855948,40.711786981
-4.435856551,40.711785343
-4.435857513,40.711783808
-4.435858806,40.711782420
-4.435860392,40.711781221
-4.435862224,40.711780247
-4.435864247,40.711779525
-4.435866404,40.711779077
-4.435868629,40.711778916
-4.435870857,40.711779048
-4.435873023,40.711779467
-4.435875063,40.711780162
-4.435876917,40.711781112
-4.435878530,40.711782290
-4.435879854,40.711783660
-4.435880851,40.711785182
-4.435881491,40.711786812
-4.436021245,40.711776721
-4.436021670,40.711778409
-4.436022471,40.711780015
-4.436023625,40.711781493
-4.436025098,40.711782796
-4.436026844,40.711783886
-4.436028812,40.711784730
-4.436030941,40.711785302
-4.436033169,40.711785586
-4.436035428,40.711785573
-4.436037649,40.711785263
-4.436039767,40.711784665
-4.436041717,40.711783798
-4.436043441,40.711782687
-4.436044887,40.711781367
-4.436046011,40.711779876
-4.436046779,40.711778260
-4.436047169,40.711776567
-4.436047169,40.711774849
-4.436104073,40.711770740
-4.436104600,40.711772345
-4.436105470,40.711773861
-4.436106659,40.711775245
-4.436108135,40.711776460
-4.436109855,40.711777471
-4.436111773,40.711778251
-4.436113834,40.711778776
-4.436115982,40.711779033
-4.436118156,40.711779015
-4.436120295,40.711778722
-4.436122341,40.711778162
-4.436124235,40.711777351
-4.436125926,40.711776311
-4.436127366,40.711775072
-4.436128515,40.711773667
-4.436129341,40.711772137
-4.436129821,40.711770523
-4.436129941,40.711768872
-4.436186946,40.711764755
-4.436187610,40.711766361
-4.436188622,40.711767857
-4.436189951,40.711769202
-4.436191561,40.711770356
-4.436193404,40.711771287
-4.436195427,40.711771966
-4.436197573,40.711772375
-4.436199778,40.711772502
-4.436201980,40.711772343
-4.436204115,40.711771903
-4.436206121,40.711771194
-4.436207940,40.711770237
-4.436209520,40.711769060
-4.436210816,40.711767696
-4.436211789,40.711766184
-4.436212413,40.711764570
-4.436212668,40.711762898
-4.436269865,40.711758768
-4.436270671,40.711760369
-4.436271828,40.711761840
-4.436273301,40.711763138
-4.436275046,40.711764223
-4.436277010,40.711765062
-4.436279136,40.711765632
-4.436281358,40.711765914
-4.436283611,40.711765900
-4.436285828,40.711765591
-4.436287941,40.711764996
-4.436289888,40.711764133
-4.436291609,40.711763027
-4.436293055,40.711761711
-4.436294181,40.711760226
-4.436294953,40.711758615
-4.436295349,40.711756927
-4.436352831,40.711752776
-4.436353714,40.711754273
-4.436354910,40.711755638
-4.436356385,40.711756834
-4.436358100,40.711757829
-4.436360007,40.711758594
-4.436362053,40.711759110
-4.436364184,40.711759362
-4.436366339,40.711759342
-4.436368461,40.711759053
-4.436370491,40.711758501
-4.436372374,40.711757701
-4.436374057,40.711756676
-4.436375495,40.711755454
-4.436376649,40.711754068
-4.436377486,40.711752556
-4.436377983,40.711750960
-4.436435846,40.711746782
-4.436436868,40.711748259
-4.436438201,40.711749584
-4.436439808,40.711750721
-4.436441643,40.711751636
-4.436443654,40.711752304
-4.436445783,40.711752705
-4.436447971,40.711752828
-4.436450155,40.711752671
-4.436452273,40.711752236
-4.436454265,40.711751537
-4.436456075,40.711750594
-4.436457651,40.711749432
-4.436458948,40.711748086
-4.436459930,40.711746594
-4.436460569,40.711744996
-4.436518911,40.711740783
-4.436520076,40.711742235
-4.436521550,40.711743513
-4.436523290,40.711744581
-4.436525244,40.711745407
-4.436527355,40.711745966
-4.436529560,40.711746242
-4.436531795,40.711746227
-4.436533994,40.711745922
-4.436536091,40.711745335
-4.436538026,40.711744484
-4.436539741,40.711743393
-4.436541186,40.711742095
-4.436542317,40.711740629
-4.436543103,40.711739036
-4.436602033,40.711734781
-4.436603241,40.711736104
-4.436604715,40.711737260
-4.436606416,40.711738219
-4.436608298,40.711738956
-4.436610313,40.711739451
-4.436612406,40.711739691
-4.436614523,40.711739669
-4.436616607,40.711739387
-4.436618604,40.711738852
-4.436620460,40.711738077
-4.436622127,40.711737084
-4.436623560,40.711735899
-4.436624722,40.711734552
-4.436625582,40.711733080
-4.436685214,40.711728774
-4.436686555,40.711730051
-4.436688154,40.711731143
-4.436689967,40.711732020
-4.436691945,40.711732658
-4.436694034,40.711733040
-4.436696177,40.711733155
-4.436698316,40.711733000
-4.436700392,40.711732580
-4.436702349,40.711731906
-4.436704134,40.711730997
-4.436705698,40.711729876
-4.436706999,40.711728575
-4.436708001,40.711727128
-4.436768459,40.711722762
-4.436769935,40.711723983
-4.436771658,40.711725000
-4.436773579,40.711725784
-4.436775645,40.711726313
-4.436777799,40.711726572
-4.436779978,40.711726554
-4.436782124,40.711726259
-4.436784175,40.711725697
-4.436786073,40.711724882
-4.436787767,40.711723837
-4.436789207,40.711722592
-4.436790355,40.711721181
-4.436851780,40.711716745
-4.436853390,40.711717898
-4.436855232,40.711718826
-4.436857254,40.711719505
-4.436859398,40.711719913
-4.436861602,40.711720040
-4.436863802,40.711719881
-4.436865935,40.711719441
-4.436867939,40.711718733
-4.436869758,40.711717777
-4.436871338,40.711716602
-4.436872633,40.711715239
-4.436935187,40.711710722
-4.436936927,40.711711790
-4.436938882,40.711712616
-4.436940993,40.711713176
-4.436943199,40.711713452
-4.436945434,40.711713437
-4.436947633,40.711713132
-4.436949731,40.711712545
-4.436951666,40.711711693
-4.436953382,40.711710602
-4.436954826,40.711709304
-4.437018698,40.711704691
-4.437020559,40.711705656
-4.437022611,40.711706362
-4.437024791,40.711706789
-4.437027036,40.711706923
-4.437029278,40.711706761
-4.437031449,40.711706308
-4.437033486,40.711705576
-4.437035326,40.711704589
-4.437036915,40.711703375
-4.437102337,40.711698651
-4.437104299,40.711699487
-4.437106421,40.711700055
-4.437108640,40.711700335
-4.437110889,40.711700321
-4.437113102,40.711700013
-4.437115212,40.711699420
-4.437117156,40.711698559
-4.437118876,40.711697456
-4.437186152,40.711692598
-4.437188172,40.711693274
-4.437190313,40.711693681
-4.437192514,40.711693807
-4.437194711,40.711693648
-4.437196841,40.711693209
-4.437198844,40.711692503
-4.437200661,40.711691550
-4.437270231,40.711686525
-4.437272213,40.711686999
-4.437274268,40.711687228
-4.437276345,40.711687204
-4.437278390,40.711686930
-4.437280353,40.711686412
-4.437282182,40.711685662
-4.438997664,40.711561757
-4.438997849,40.711570791
-4.435964187,40.711789888
-4.435963373,40.711788298
-4.435962212,40.711786837
-4.435960738,40.711785550
-4.435958996,40.711784474
-4.435957037,40.711783642
-4.435954920,40.711783078
-4.435952707,40.711782799
-4.435950463,40.711782813
-4.435948257,40.711783121
-4.435946152,40.711783711
-4.435944212,40.711784568
-4.435942493,40.711785666
-4.435941048,40.711786972
-4.435939919,40.711788447
-4.435939140,40.711790047
-4.435938733,40.711791726
-4.435877512,40.711796147
-4.435875855,40.711797122
-4.435874013,40.711797883
-4.435872035,40.711798409
-4.435869972,40.711798687
-4.435867877,40.711798710
-4.435865804,40.711798476
-4.435863807,40.711797992
-4.435861938,40.711797271
-4.435795632,40.711802059
-4.435794074,40.711803163
-4.435792300,40.711804058
-4.435790358,40.711804721
-4.435788299,40.711805135
-4.435786180,40.711805288
-4.435784056,40.711805176
-4.435781985,40.711804803
-4.435780021,40.711804177
-4.435778217,40.711803317
-4.435459885,40.711826302
-4.435458024,40.711825899
-4.435456106,40.711825711
-4.435454172,40.711825741
-4.435452266,40.711825988
-4.435450428,40.711826448
-4.435448701,40.711827110
-4.435383912,40.711831788
-4.435382712,40.711830435
-4.435381237,40.711829250
-4.435379526,40.711828266
-4.435377627,40.711827509
-4.435375589,40.711826999
-4.435373470,40.711826751
-4.435371325,40.711826771
-4.435369215,40.711827058
-4.435367194,40.711827606
-4.435365319,40.711828398
-4.435363641,40.711829413
-4.435362204,40.711830625
-4.435361048,40.711831999
-4.435360204,40.711833499
-4.435302729,40.711837649
-4.435302536,40.711839363
-4.435301957,40.711841026
-4.435301008,40.711842588
-4.435299719,40.711844001
-4.435298128,40.711845223
-4.435296282,40.711846217
-4.435294239,40.711846953
-4.435292059,40.711847410
-4.435289809,40.711847572
-4.435287555,40.711847436
-4.435285366,40.711847005
-4.435283308,40.711846293
-4.435281443,40.711845320
-4.435279828,40.711844117
-4.435278510,40.711842719
-4.435277530,40.711841169
-4.435276917,40.711839513
-4.435218050,40.711843763
-4.435216755,40.711845136
-4.435215173,40.711846322
-4.435213349,40.711847286
-4.435211336,40.711848000
-4.435209193,40.711848443
-4.435206982,40.711848602
-4.435204768,40.711848474
-4.435202614,40.711848061
-4.435200584,40.711847375
-4.435198737,40.711846437
-4.435197126,40.711845274
-4.435050562,40.711855856
-4.435051680,40.711864823
-4.435361984,40.711842418
-4.435363456,40.711843721
-4.435365203,40.711844811
-4.435367170,40.711845655
-4.435369300,40.711846228
-4.435371527,40.711846511
-4.435373785,40.711846498
-4.435376007,40.711846188
-4.435378124,40.711845590
-4.435380074,40.711844723
-4.435381798,40.711843613
-4.435383244,40.711842293
-4.435384368,40.711840802
-4.435442449,40.711836608
-4.435442872,40.711838297
-4.435443673,40.711839905
-4.435444827,40.711841384
-4.435446299,40.711842688
-4.435448046,40.711843779
-4.435450014,40.711844624
-4.435452144,40.711845197
-4.435454373,40.711845481
-4.435456632,40.711845468
-4.435458855,40.711845157
-4.435460973,40.711844559
-4.435462924,40.711843691
-4.435464648,40.711842580
-4.435466094,40.711841259
-4.435467218,40.711839767
-4.435467986,40.711838150
-4.435468375,40.711836456
-4.435468373,40.711834737
-4.435526350,40.711830550
-4.435527365,40.711829136
-4.435528666,40.711827866
-4.435530222,40.711826773
-4.435531989,40.711825886
-4.435533922,40.711825229
-4.435535969,40.711824819
-4.435538077,40.711824667
-4.435540189,40.711824777
-4.435542250,40.711825145
-4.435544205,40.711825763
-4.435546003,40.711826614
-4.435547595,40.711827676
-4.435548941,40.711828919
-4.435943577,40.711800424
-4.435945423,40.711801360
-4.435947451,40.711802044
-4.435949602,40.711802456
-4.435951815,40.711802584
-4.435954023,40.711802425
-4.435956164,40.711801982
-4.435958175,40.711801270
-4.435959998,40.711800308
-4.435961580,40.711799124
-4.438998035,40.711579825
-4.438998220,40.711588859
-4.435633920,40.711831831
-4.435633373,40.711830244
-4.435632490,40.711828748
-4.435631294,40.711827383
-4.435629819,40.711826187
-4.435628104,40.711825193
-4.435626198,40.711824428
-4.435624151,40.711823912
-4.435622021,40.711823661
-4.435619866,40.711823680
-4.435617744,40.711823969
-4.435615714,40.711824521
-4.435613832,40.711825321
-4.435612149,40.711826345
-4.435610710,40.711827567
-4.435609557,40.711828953
-4.435608720,40.711830464
-4.435608222,40.711832060
-4.435608077,40.711833697
-4.435550536,40.711837852
-4.435549676,40.711839323
-4.435548514,40.711840669
-4.435547081,40.711841854
-4.435545415,40.711842846
-4.435543559,40.711843620
-4.435541563,40.711844155
-4.435539479,40.711844437
-4.435537363,40.711844459
-4.435535270,40.711844219
-4.435533256,40.711843724
-4.435531374,40.711842988
-4.435529674,40.711842029
-4.435528200,40.711840874
-4.435526991,40.711839552
-4.435052798,40.711873790
-4.435053917,40.711882756
-4.435614888,40.711842253
-4.435616902,40.711842923
-4.435619035,40.711843326
-4.435621227,40.711843451
-4.435623416,40.711843293
-4.435625538,40.711842857
-4.435627533,40.711842155
-4.435629345,40.711841209
-4.438998406,40.711597893
-4.438998591,40.711606928
-4.435055035,40.711891723
-4.435056153,40.711900690
-4.438998777,40.711615962
-4.438998962,40.711624996
-4.438937556,40.711629432
-4.438935612,40.711628823
-4.438933564,40.711628461
-4.438931467,40.711628354
-4.438929374,40.711628505
-4.438927341,40.711628910
-4.438925420,40.711629559
-4.438923661,40.711630435
-4.438853381,40.711635512
-4.438851527,40.711635113
-4.438849616,40.711634927
-4.438847689,40.711634957
-4.438845790,40.711635203
-4.438843959,40.711635660
-4.438842237,40.711636317
-4.435717428,40.711861991
-4.435716874,40.711860411
-4.435715986,40.711858921
-4.435714788,40.711857564
-4.435713313,40.711856374
-4.435711601,40.711855386
-4.435709698,40.711854625
-4.435707657,40.711854113
-4.435705533,40.711853863
-4.435703384,40.711853882
-4.435701268,40.711854171
-4.435699243,40.711854720
-4.435697365,40.711855515
-4.435695685,40.711856535
-4.435694247,40.711857751
-4.435693092,40.711859130
-4.435692251,40.711860635
-4.435691747,40.711862225
-4.435691594,40.711863857
-4.435221741,40.711897782
-4.435387329,40.711894873
-4.435698318,40.711872419
-4.435700352,40.711873108
-4.435702511,40.711873524
-4.435704731,40.711873653
-4.435706947,40.711873493
-4.435709096,40.711873048
-4.435711113,40.711872331
-4.435712941,40.711871363
-4.437600622,40.711735044
-4.437602536,40.711734214
-4.437604607,40.711733640
-4.437606776,40.711733341
-4.437608980,40.711733324
-4.437611156,40.711733591
-4.437613242,40.711734133
-4.437682219,40.711729151
-4.437683837,40.711728243
-4.437685619,40.711727535
-4.437687523,40.711727045
-4.437689504,40.711726783
-4.437691514,40.711726757
-4.437693505,40.711726966
-4.437695430,40.711727406
-4.437697244,40.711728066
-4.437764050,40.711723241
-4.437765588,40.711722196
-4.437767324,40.711721350
-4.437769213,40.711720722
-4.437771209,40.711720329
-4.437773261,40.711720181
-4.437775319,40.711720281
-4.437777329,40.711720627
-4.437779243,40.711721210
-4.437781012,40.711722016
-4.437846043,40.711717319
-4.437847471,40.711716170
-4.437849120,40.711715208
-4.437850950,40.711714459
-4.437852913,40.711713940
-4.437854959,40.711713665
-4.437857037,40.711713642
-4.437859093,40.711713870
-4.437861075,40.711714345
-4.437862933,40.711715053
-4.437864619,40.711715977
-4.437928160,40.711711388
-4.437929462,40.711710158
-4.437931005,40.711709102
-4.437932748,40.711708245
-4.437934649,40.711707610
-4.437936657,40.711707213
-4.437938724,40.711707064
-4.437940795,40.711707166
-4.437942818,40.711707518
-4.437944742,40.711708110
-4.437946518,40.711708927
-4.437948102,40.711709948
-4.438010374,40.711705450
-4.438011665,40.711704048
-4.438013254,40.711702835
-4.438015094,40.711701849
-4.438017129,40.711701119
-4.438019299,40.711700666
-4.438021539,40.711700504
-4.438023782,40.711700638
-4.438025962,40.711701064
-4.438028012,40.711701769
-4.438029872,40.711702733
-4.438031487,40.711703925
-4.438092671,40.711699506
-4.438093809,40.711698060
-4.438095252,40.711696781
-4.438096960,40.711695707
-4.438098881,40.711694869
-4.438100962,40.711694290
-4.438103142,40.711693989
-4.438105357,40.711693973
-4.438107543,40.711694243
-4.438109638,40.711694791
-4.438111581,40.711695602
-4.438113314,40.711696651
-4.438114789,40.711697908
-4.438175041,40.711693557
-4.438176029,40.711692078
-4.438177327,40.711690746
-4.438178900,40.711689597
-4.438180702,40.711688664
-4.438182683,40.711687973
-4.438184789,40.711687543
-4.438186959,40.711687386
-4.438189133,40.711687507
-4.438191250,40.711687902
-4.438193250,40.711688561
-4.438195079,40.711689464
-4.438196683,40.711690586
-4.438198020,40.711691897
-4.438257475,40.711687603
-4.438258318,40.711686102
-4.438259474,40.711684727
-4.438260911,40.711683515
-4.438262589,40.711682499
-4.438264465,40.711681706
-4.438266485,40.711681159
-4.438268597,40.711680871
-4.438270742,40.711680851
-4.438272862,40.711681100
-4.438274900,40.711681610
-4.438276800,40.711682367
-4.438278510,40.711683352
-4.438279986,40.711684537
-4.438281185,40.711685890
-4.438339966,40.711681644
-4.438340732,40.711680024
-4.438341855,40.711678530
-4.438343301,40.711677206
-4.438345026,40.711676092
-4.438346978,40.711675222
-4.438349099,40.711674623
-4.438351324,40.711674312
-4.438353587,40.711674299
-4.438355818,40.711674584
-4.438357951,40.711675158
-4.438359920,40.711676005
-4.438361668,40.711677099
-4.438363140,40.711678406
-4.438364293,40.711679887
-4.438422512,40.711675682
-4.438423129,40.711674060
-4.438424099,40.711672542
-4.438425394,40.711671170
-4.438426976,40.711669986
-4.438428799,40.711669024
-4.438430811,40.711668311
-4.438432952,40.711667868
-4.438435161,40.711667709
-4.438437373,40.711667837
-4.438439525,40.711668249
-4.438441554,40.711668933
-4.438443400,40.711669870
-4.438445011,40.711671031
-4.438446339,40.711672384
-4.438447346,40.711673888
-4.438505109,40.711669716
-4.438505584,40.711668098
-4.438506407,40.711666562
-4.438507554,40.711665153
-4.438508995,40.711663909
-4.438510687,40.711662865
-4.438512585,40.711662051
-4.438514635,40.711661488
-4.438516779,40.711661194
-4.438518958,40.711661176
-4.438521110,40.711661435
-4.438523176,40.711661963
-4.438525097,40.711662746
-4.438526819,40.711663762
-4.438528294,40.711664981
-4.438529482,40.711666372
-4.438530348,40.711667893
-4.438587754,40.711663746
-4.438588092,40.711662137
-4.438588772,40.711660591
-4.438589776,40.711659150
-4.438591077,40.711657855
-4.438592640,40.711656740
-4.438594421,40.711655834
-4.438596374,40.711655163
-4.438598445,40.711654745
-4.438600578,40.711654591
-4.438602715,40.711654705
-4.438604798,40.711655085
-4.438606772,40.711655719
-4.438608582,40.711656591
-4.438610180,40.711657677
-4.438611523,40.711658947
-4.438612573,40.711660368
-4.438613303,40.711661901
-4.438670446,40.711657773
-4.438670675,40.711656083
-4.438671279,40.711654448
-4.438672242,40.711652915
-4.438673536,40.711651529
-4.438675121,40.711650333
-4.438676951,40.711649360
-4.438678973,40.711648639
-4.438681127,40.711648192
-4.438683350,40.711648031
-4.438685577,40.711648162
-4.438687741,40.711648580
-4.438689779,40.711649274
-4.438691632,40.711650222
-4.438693245,40.711651398
-4.438694570,40.711652765
-4.438695568,40.711654285
-4.438696210,40.711655912
-4.438753183,40.711651797
-4.438753276,40.711650129
-4.438753735,40.711648497
-4.438754548,40.711646946
-4.438755692,40.711645521
-4.438757134,40.711644263
-4.438758833,40.711643207
-4.438760740,40.711642382
-4.438762803,40.711641814
-4.438764962,40.711641516
-4.438767156,40.711641499
-4.438769322,40.711641763
-4.438771400,40.711642299
-4.438773329,40.711643093
-4.438775057,40.711644123
-4.438776532,40.711645358
-4.438777714,40.711646765
-4.438778569,40.711648302
-4.438779072,40.711649927
-4.438835965,40.711645817
-4.438836387,40.711647507
-4.438837187,40.711649116
-4.438838341,40.711650596
-4.438839813,40.711651901
-4.438841560,40.711652993
-4.438843529,40.711653839
-4.438845660,40.711654412
-4.438847890,40.711654697
-4.438850150,40.711654684
-4.438852374,40.711654373
-4.438854493,40.711653774
-4.438856445,40.711652906
-4.438858169,40.711651793
-4.438859615,40.711650471
-4.438860738,40.711648978
-4.438861505,40.711647360
-4.438861893,40.711645665
-4.438861889,40.711643945
-4.438918792,40.711639835
-4.438919316,40.711641442
-4.438920185,40.711642960
-4.438921373,40.711644347
-4.438922849,40.711645564
-4.438924570,40.711646577
-4.438926489,40.711647358
-4.438928552,40.711647884
-4.438930702,40.711648142
-4.438932878,40.711648124
-4.438935019,40.711647830
-4.438937067,40.711647269
-4.438938963,40.711646457
-4.438940654,40.711645415
-4.438942094,40.711644174
-4.438943243,40.711642767
-4.438944067,40.711641235
-4.438944545,40.711639619
-4.438944662,40.711637966
-4.438999148,40.711634030
-4.438999333,40.711643064
-4.438773935,40.711659346
-4.438772227,40.711660159
-4.438770374,40.711660763
-4.438768422,40.711661141
-4.438766416,40.711661286
-4.438764405,40.711661194
-4.438762437,40.711660866
-4.438760558,40.711660312
-4.438692258,40.711665245
-4.438690598,40.711666227
-4.438688751,40.711666993
-4.438686766,40.711667523
-4.438684695,40.711667802
-4.438682592,40.711667824
-4.438680512,40.711667588
-4.438678509,40.711667101
-4.438676635,40.711666374
-4.438610375,40.711671160
-4.438608815,40.711672269
-4.438607037,40.711673169
-4.438605090,40.711673836
-4.438603026,40.711674252
-4.438600901,40.711674405
-4.438598771,40.711674292
-4.438596694,40.711673916
-4.438594726,40.711673287
-4.438592919,40.711672421
-4.438528343,40.711677085
-4.438526907,40.711678291
-4.438525231,40.711679302
-4.438523361,40.711680090
-4.438521345,40.711680635
-4.438519240,40.711680921
-4.438517102,40.711680941
-4.438514988,40.711680695
-4.438512956,40.711680188
-4.438511060,40.711679436
-4.438509351,40.711678457
-4.438446197,40.711683019
-4.438444895,40.711684299
-4.438443337,40.711685400
-4.438441564,40.711686294
-4.438439624,40.711686957
-4.438437567,40.711687370
-4.438435450,40.711687523
-4.438433328,40.711687412
-4.438431259,40.711687039
-4.438429296,40.711686415
-4.438427494,40.711685556
-4.438425899,40.711684485
-4.438363957,40.711688959
-4.438362794,40.711690296
-4.438361362,40.711691473
-4.438359699,40.711692459
-4.438357849,40.711693227
-4.438355860,40.711693759
-4.438353785,40.711694039
-4.438351678,40.711694061
-4.438349593,40.711693824
-4.438347586,40.711693334
-4.438345710,40.711692604
-4.438344012,40.711691653
-4.438342539,40.711690506
-4.438281638,40.711694905
-4.438280514,40.711696395
-4.438279068,40.711697714
-4.438277345,40.711698824
-4.438275395,40.711699691
-4.438273278,40.711700288
-4.438271058,40.711700598
-4.438268800,40.711700612
-4.438266573,40.711700328
-4.438264444,40.711699756
-4.438262477,40.711698913
-4.438260731,40.711697824
-4.438259258,40.711696521
-4.438199249,40.711700856
-4.438198279,40.711702373
-4.438196984,40.711703743
-4.438195402,40.711704925
-4.438193580,40.711705887
-4.438191569,40.711706599
-4.438189429,40.711707041
-4.438187222,40.711707200
-4.438185011,40.711707073
-4.438182860,40.711706661
-4.438180833,40.711705978
-4.438178987,40.711705043
-4.438177376,40.711703883
-4.438176048,40.711702531
-4.438116799,40.711706811
-4.438115976,40.711708346
-4.438114829,40.711709756
-4.438113388,40.711711000
-4.438111695,40.711712045
-4.438109797,40.711712859
-4.438107747,40.711713421
-4.438105602,40.711713716
-4.438103423,40.711713734
-4.438101271,40.711713475
-4.438099205,40.711712947
-4.438097285,40.711712164
-4.438095562,40.711711148
-4.438094087,40.711709927
-4.438092899,40.711708537
-4.438034291,40.711712770
-4.438033611,40.711714317
-4.438032607,40.711715757
-4.438031306,40.711717053
-4.438029744,40.711718169
-4.438027962,40.711719075
-4.438026009,40.711719746
-4.438023937,40.711720164
-4.438021804,40.711720318
-4.438019666,40.711720204
-4.438017582,40.711719825
-4.438015608,40.711719190
-4.438013798,40.711718318
-4.438012200,40.711717231
-4.438010857,40.711715960
-4.438009807,40.711714539
-4.437951730,40.711718733
-4.437951140,40.711720385
-4.437950185,40.711721935
-4.437948894,40.711723337
-4.437947305,40.711724548
-4.437945466,40.711725534
-4.437943432,40.711726264
-4.437941262,40.711726716
-4.437939023,40.711726878
-4.437936781,40.711726744
-4.437934602,40.711726318
-4.437932552,40.711725614
-4.437930692,40.711724651
-4.437929077,40.711723459
-4.437927757,40.711722074
-4.437926769,40.711720536
-4.437869118,40.711724700
-4.437868673,40.711726345
-4.437867868,40.711727909
-4.437866728,40.711729347
-4.437865286,40.711730618
-4.437863582,40.711731685
-4.437861665,40.711732518
-4.437859591,40.711733092
-4.437857420,40.711733392
-4.437855213,40.711733409
-4.437853034,40.711733141
-4.437850946,40.711732597
-4.437849008,40.711731793
-4.437847277,40.711730752
-4.437845802,40.711729502
-4.437844625,40.711728082
-4.437843781,40.711726530
-4.437786460,40.711730670
-4.437786152,40.711732304
-4.437785493,40.711733876
-4.437784500,40.711735343
-4.437783201,40.711736664
-4.437781631,40.711737803
-4.437779835,40.711738727
-4.437777862,40.711739412
-4.437775767,40.711739839
-4.437773608,40.711739995
-4.437771445,40.711739876
-4.437769338,40.711739485
-4.437767346,40.711738834
-4.437765523,40.711737941
-4.437763920,40.711736829
-4.437762582,40.711735530
-4.437761545,40.711734081
-4.437760840,40.711732520
-4.437703754,40.711736643
-4.437703559,40.711738356
-4.437702978,40.711740017
-4.437702028,40.711741576
-4.437700739,40.711742987
-4.437699148,40.711744208
-4.437697304,40.711745201
-4.437695262,40.711745936
-4.437693084,40.711746392
-4.437690835,40.711746554
-4.437688583,40.711746418
-4.437686396,40.711745988
-4.437684340,40.711745277
-4.437682476,40.711744306
-4.437680860,40.711743105
-4.437679542,40.711741709
-4.437678560,40.711740161
-4.437677945,40.711738507
-4.437621004,40.711742620
-4.437620946,40.711744307
-4.437620512,40.711745963
-4.437619715,40.711747538
-4.437618579,40.711748988
-4.437617135,40.711750269
-4.437615426,40.711751346
-4.437613503,40.711752186
-4.437611419,40.711752766
-4.437609237,40.711753068
-4.437607018,40.711753084
-4.437604829,40.711752813
-4.437602731,40.711752263
-4.437600787,40.711751450
-4.437599053,40.711750398
-4.437597578,40.711749137
-4.437596406,40.711747704
-4.437595570,40.711746140
-4.437595096,40.711744491
-4.437538209,40.711748600
-4.437537756,40.711746933
-4.437536936,40.711745350
-4.437535772,40.711743897
-4.437534298,40.711742617
-4.437532558,40.711741548
-4.437530603,40.711740722
-4.437528491,40.711740162
-4.437526284,40.711739885
-4.437524048,40.711739900
-4.437521848,40.711740206
-4.437519750,40.711740793
-4.437517814,40.711741645
-4.437516098,40.711742737
-4.437514654,40.711744036
-4.437513523,40.711745504
-4.437512738,40.711747098
-4.437512324,40.711748770
-4.437512291,40.711750471
-4.437455369,40.711754582
-4.437454818,40.711753000
-4.437453931,40.711751508
-4.437452734,40.711750148
-4.437451259,40.711748956
-4.437449545,40.711747965
-4.437447641,40.711747203
-4.437445598,40.711746689
-4.437443472,40.711746439
-4.437441321,40.711746459
-4.437439203,40.711746747
-4.437437176,40.711747298
-4.437435297,40.711748094
-4.437433615,40.711749116
-4.437432177,40.711750334
-4.437431023,40.711751716
-4.437430184,40.711753223
-4.437429682,40.711754815
-4.437429531,40.711756448
-4.437372484,40.711760568
-4.437371797,40.711758988
-4.437370771,40.711757518
-4.437369436,40.711756198
-4.437367830,40.711755068
-4.437365998,40.711754158
-4.437363992,40.711753495
-4.437361868,40.711753096
-4.437359686,40.711752973
-4.437357508,40.711753131
-4.437355396,40.711753563
-4.437353408,40.711754259
-4.437351601,40.711755198
-4.437350027,40.711756354
-4.437348729,40.711757694
-4.437347745,40.711759181
-4.437347101,40.711760772
-4.437346817,40.711762422
-4.437289553,40.711766558
-4.437288726,40.711764984
-4.437287558,40.711763541
-4.437286083,40.711762270
-4.437284346,40.711761209
-4.437282396,40.711760389
-4.437280291,40.711759834
-4.437278093,40.711759560
-4.437275865,40.711759575
-4.437273673,40.711759879
-4.437271582,40.711760463
-4.437269652,40.711761309
-4.437267940,40.711762394
-4.437266496,40.711763684
-4.437265362,40.711765144
-4.437264571,40.711766728
-4.437264148,40.711768393
-4.437206575,40.711772550
-4.437205673,40.711771082
-4.437204469,40.711769745
-4.437202994,40.711768576
-4.437201289,40.711767605
-4.437199398,40.711766859
-4.437197373,40.711766357
-4.437195267,40.711766113
-4.437193137,40.711766133
-4.437191040,40.711766418
-4.437189033,40.711766959
-4.437187168,40.711767742
-4.437185495,40.711768745
-4.437184060,40.711769943
-4.437182901,40.711771303
-4.437182049,40.711772788
-4.437181526,40.711774359
-4.437123547,40.711778547
-4.437122509,40.711777100
-4.437121170,40.711775805
-4.437119568,40.711774696
-4.437117747,40.711773805
-4.437115756,40.711773156
-4.437113652,40.711772767
-4.437111492,40.711772648
-4.437109336,40.711772804
-4.437107244,40.711773229
-4.437105273,40.711773913
-4.437103479,40.711774835
-4.437101910,40.711775972
-4.437100610,40.711777290
-4.437099616,40.711778754
-4.437098954,40.711780323
-4.437040467,40.711784547
-4.437039289,40.711783129
-4.437037814,40.711781883
-4.437036084,40.711780844
-4.437034148,40.711780042
-4.437032062,40.711779500
-4.437029886,40.711779233
-4.437027682,40.711779250
-4.437025513,40.711779549
-4.437023441,40.711780122
-4.437021527,40.711780953
-4.437019824,40.711782018
-4.437018381,40.711783286
-4.437017240,40.711784721
-4.437016434,40.711786282
-4.436957331,40.711790550
-4.436956009,40.711789169
-4.436954395,40.711787982
-4.436952537,40.711787023
-4.436950490,40.711786321
-4.436948314,40.711785897
-4.436946076,40.711785764
-4.436943841,40.711785925
-4.436941675,40.711786377
-4.436939644,40.711787104
-4.436937807,40.711788087
-4.436936219,40.711789294
-4.436934927,40.711790692
-4.436933971,40.711792237
-4.436874133,40.711796559
-4.436872787,40.711795319
-4.436871195,40.711794262
-4.436869399,40.711793414
-4.436867447,40.711792799
-4.436865390,40.711792432
-4.436863282,40.711792323
-4.436861178,40.711792475
-4.436859135,40.711792884
-4.436857205,40.711793539
-4.436855440,40.711794422
-4.436853886,40.711795512
-4.436852584,40.711796778
-4.436851568,40.711798188
-4.436790867,40.711802572
-4.436789393,40.711801392
-4.436787684,40.711800412
-4.436785787,40.711799658
-4.436783753,40.711799151
-4.436781638,40.711798904
-4.436779498,40.711798924
-4.436777392,40.711799211
-4.436775375,40.711799756
-4.436773503,40.711800545
-4.436771827,40.711801557
-4.436770390,40.711802764
-4.436769233,40.711804134
-4.436707526,40.711808590
-4.436705924,40.711807483
-4.436704103,40.711806593
-4.436702114,40.711805945
-4.436700010,40.711805556
-4.436697852,40.711805438
-4.436695697,40.711805594
-4.436693606,40.711806019
-4.436691637,40.711806701
-4.436689843,40.711807623
-4.436688275,40.711808758
-4.436686975,40.711810075
-4.436624093,40.711814616
-4.436622370,40.711813597
-4.436620447,40.711812812
-4.436618379,40.711812282
-4.436616224,40.711812022
-4.436614042,40.711812040
-4.436611895,40.711812335
-4.436609842,40.711812898
-4.436607942,40.711813715
-4.436606248,40.711814761
-4.436604808,40.711816008
-4.436540551,40.711820648
-4.436538719,40.711819739
-4.436536713,40.711819075
-4.436534589,40.711818677
-4.436532408,40.711818554
-4.436530230,40.711818711
-4.436528117,40.711819144
-4.436526130,40.711819839
-4.436524324,40.711820778
-4.436522749,40.711821934
-4.436456872,40.711826691
-4.436454957,40.711825915
-4.436452899,40.711825392
-4.436450756,40.711825137
-4.436448587,40.711825155
-4.436446451,40.711825447
-4.436444410,40.711826005
-4.436442518,40.711826814
-4.436440829,40.711827850
-4.436372998,40.711832748
-4.436371054,40.711832139
-4.436369006,40.711831777
-4.436366909,40.711831670
-4.436364816,40.711831821
-4.436362783,40.711832226
-4.436360861,40.711832875
-4.436359102,40.711833751
-4.436288822,40.711838826
-4.436286968,40.711838427
-4.436285057,40.711838241
-4.436283131,40.711838271
-4.436281231,40.711838517
-4.436279400,40.711838974
-4.436277678,40.711839631
-4.435883133,40.711868121
-4.435882433,40.711866554
-4.435881400,40.711865097
-4.435880064,40.711863791
-4.435878460,40.711862673
-4.435876634,40.711861774
-4.435874636,40.711861118
-4.435872523,40.711860725
-4.435870354,40.711860605
-4.435868188,40.711860761
-4.435866087,40.711861190
-4.435864109,40.711861879
-4.435862310,40.711862808
-4.435860738,40.711863953
-4.435859440,40.711865281
-4.435858449,40.711866754
-4.435857795,40.711868333
-4.435857496,40.711869972
-4.435800195,40.711874110
-4.435799356,40.711872551
-4.435798182,40.711871122
-4.435796707,40.711869865
-4.435794974,40.711868817
-4.435793032,40.711868008
-4.435790938,40.711867460
-4.435788753,40.711867190
-4.435786539,40.711867206
-4.435784360,40.711867508
-4.435782280,40.711868085
-4.435780359,40.711868923
-4.435778652,40.711869996
-4.435777209,40.711871273
-4.435776071,40.711872719
-4.435775271,40.711874290
-4.435774833,40.711875941
-4.435552917,40.711891965
-4.435633075,40.711895225
-4.435779398,40.711884659
-4.435781078,40.711885570
-4.435782926,40.711886267
-4.435784895,40.711886733
-4.435786937,40.711886957
-4.435788999,40.711886933
-4.435791030,40.711886662
-4.435792980,40.711886150
-4.435794798,40.711885410
-4.435796441,40.711884460
-4.435797866,40.711883326
-4.435863016,40.711878621
-4.435864774,40.711879412
-4.435866674,40.711879983
-4.435868668,40.711880322
-4.435870706,40.711880419
-4.435872740,40.711880272
-4.435874718,40.711879885
-4.435876593,40.711879267
-4.435878317,40.711878434
-4.435879849,40.711877406
-4.435940548,40.711873023
-4.435941023,40.711871405
-4.435941846,40.711869870
-4.435942993,40.711868460
-4.435944434,40.711867216
-4.435946127,40.711866173
-4.435948025,40.711865358
-4.435950074,40.711864796
-4.435952219,40.711864502
-4.435954397,40.711864484
-4.435956549,40.711864743
-4.435958615,40.711865271
-4.435960535,40.711866054
-4.435962257,40.711867069
-4.435963733,40.711868289
-4.435964921,40.711869679
-4.435965787,40.711871200
-4.436023194,40.711867055
-4.436023531,40.711865445
-4.436024212,40.711863899
-4.436025216,40.711862459
-4.436026517,40.711861164
-4.436028079,40.711860048
-4.436029861,40.711859143
-4.436031813,40.711858472
-4.436033884,40.711858054
-4.436036017,40.711857900
-4.436038154,40.711858014
-4.436040238,40.711858393
-4.436042212,40.711859028
-4.436044022,40.711859900
-4.436045620,40.711860986
-4.436046962,40.711862256
-4.436048012,40.711863677
-4.436048742,40.711865210
-4.436105886,40.711861084
-4.436106115,40.711859394
-4.436106719,40.711857758
-4.436107682,40.711856225
-4.436108975,40.711854840
-4.436110561,40.711853643
-4.436112391,40.711852670
-4.436114413,40.711851949
-4.436116568,40.711851502
-4.436118791,40.711851342
-4.436121017,40.711851473
-4.436123181,40.711851891
-4.436125220,40.711852585
-4.436127072,40.711853533
-4.436128685,40.711854708
-4.436130010,40.711856076
-4.436131008,40.711857596
-4.436131650,40.711859223
-4.436188624,40.711855109
-4.436188716,40.711853441
-4.436189176,40.711851809
-4.436189989,40.711850258
-4.436191132,40.711848834
-4.436192574,40.711847575
-4.436194273,40.711846519
-4.436196181,40.711845695
-4.436198244,40.711845126
-4.436200403,40.711844829
-4.436202596,40.711844812
-4.436204763,40.711845075
-4.436206841,40.711845611
-4.436208770,40.711846406
-4.436210497,40.711847435
-4.436211973,40.711848671
-4.436213155,40.711850077
-4.436214009,40.711851615
-4.436214513,40.711853240
-4.436271406,40.711849132
-4.436271828,40.711850822
-4.436272628,40.711852431
-4.436273781,40.711853910
-4.436275254,40.711855215
-4.436277001,40.711856307
-4.436278969,40.711857153
-4.436281101,40.711857727
-4.436283330,40.711858011
-4.436285591,40.711857998
-4.436287814,40.711857687
-4.436289934,40.711857089
-4.436291885,40.711856220
-4.436293610,40.711855108
-4.436295056,40.711853786
-4.436296179,40.711852293
-4.436296946,40.711850675
-4.436297334,40.711848980
-4.436297330,40.711847260
-4.436354234,40.711843150
-4.436354758,40.711844758
-4.436355626,40.711846276
-4.436356815,40.711847663
-4.436358290,40.711848880
-4.436360011,40.711849893
-4.436361930,40.711850674
-4.436363993,40.711851200
-4.436366143,40.711851458
-4.436368319,40.711851440
-4.436370460,40.711851146
-4.436372508,40.711850585
-4.436374404,40.711849773
-4.436376095,40.711848731
-4.436377536,40.711847490
-4.436378684,40.711846084
-4.436379508,40.711844551
-4.436379986,40.711842936
-4.436380103,40.711841282
-4.436437106,40.711837166
-4.436437767,40.711838774
-4.436438778,40.711840273
-4.436440107,40.711841620
-4.436441717,40.711842776
-4.436443561,40.711843708
-4.436445586,40.711844389
-4.436447733,40.711844799
-4.436449940,40.711844926
-4.436452144,40.711844767
-4.436454281,40.711844326
-4.436456288,40.711843616
-4.436458109,40.711842657
-4.436459690,40.711841478
-4.436460985,40.711840112
-4.436461957,40.711838599
-4.436462579,40.711836982
-4.436462832,40.711835308
-4.436520023,40.711831178
-4.436520827,40.711832782
-4.436521983,40.711834256
-4.436523456,40.711835556
-4.436525201,40.711836643
-4.436527167,40.711837485
-4.436529294,40.711838056
-4.436531519,40.711838338
-4.436533775,40.711838325
-4.436535993,40.711838015
-4.436538109,40.711837419
-4.436540057,40.711836554
-4.436541779,40.711835446
-4.436543225,40.711834128
-4.436544350,40.711832641
-4.436545121,40.711831028
-4.436545514,40.711829338
-4.436602988,40.711825187
-4.436603870,40.711826686
-4.436605065,40.711828054
-4.436606540,40.711829252
-4.436608255,40.711830249
-4.436610163,40.711831016
-4.436612212,40.711831533
-4.436614345,40.711831786
-4.436616503,40.711831767
-4.436618627,40.711831477
-4.436620659,40.711830923
-4.436622543,40.711830122
-4.436624228,40.711829096
-4.436625666,40.711827871
-4.436626819,40.711826483
-4.436627654,40.711824969
-4.436628150,40.711823370
-4.436686002,40.711819192
-4.436687022,40.711820672
-4.436688355,40.711822001
-4.436689962,40.711823140
-4.436691798,40.711824057
-4.436693811,40.711824726
-4.436695943,40.711825128
-4.436698133,40.711825252
-4.436700319,40.711825095
-4.436702440,40.711824659
-4.436704434,40.711823959
-4.436706245,40.711823013
-4.436707822,40.711821850
-4.436709119,40.711820501
-4.436710100,40.711819006
-4.436710736,40.711817406
-4.436769066,40.711813194
-4.436770230,40.711814648
-4.436771704,40.711815930
-4.436773444,40.711817000
-4.436775400,40.711817828
-4.436777513,40.711818389
-4.436779721,40.711818666
-4.436781958,40.711818651
-4.436784160,40.711818345
-4.436786260,40.711817757
-4.436788197,40.711816904
-4.436789913,40.711815811
-4.436791357,40.711814510
-4.436792488,40.711813041
-4.436793272,40.711811446
-4.436852186,40.711807191
-4.436853393,40.711808517
-4.436854868,40.711809676
-4.436856569,40.711810638
-4.436858454,40.711811377
-4.436860471,40.711811873
-4.436862567,40.711812114
-4.436864686,40.711812093
-4.436866773,40.711811810
-4.436868773,40.711811274
-4.436870631,40.711810498
-4.436872299,40.711809502
-4.436873732,40.711808314
-4.436874894,40.711806964
-4.436875752,40.711805489
-4.436935365,40.711801184
-4.436936706,40.711802465
-4.436938306,40.711803560
-4.436940121,40.711804439
-4.436942101,40.711805079
-4.436944193,40.711805463
-4.436946339,40.711805578
-4.436948481,40.711805424
-4.436950560,40.711805003
-4.436952520,40.711804327
-4.436954307,40.711803415
-4.436955872,40.711802291
-4.436957172,40.711800987
-4.436958172,40.711799537
-4.437018610,40.711795173
-4.437020086,40.711796397
-4.437021810,40.711797417
-4.437023733,40.711798203
-4.437025802,40.711798734
-4.437027959,40.711798994
-4.437030142,40.711798976
-4.437032291,40.711798681
-4.437034345,40.711798117
-4.437036245,40.711797300
-4.437037940,40.711796252
-4.437039381,40.711795004
-4.437040527,40.711793590
-4.437101929,40.711789155
-4.437103539,40.711790312
-4.437105383,40.711791244
-4.437107408,40.711791925
-4.437109556,40.711792335
-4.437111763,40.711792463
-4.437113968,40.711792304
-4.437116104,40.711791862
-4.437118112,40.711791152
-4.437119933,40.711790194
-4.437121514,40.711789014
-4.437122809,40.711787647
-4.437185334,40.711783132
-4.437187075,40.711784205
-4.437189032,40.711785035
-4.437191147,40.711785597
-4.437193357,40.711785875
-4.437195598,40.711785860
-4.437197802,40.711785554
-4.437199904,40.711784964
-4.437201842,40.711784109
-4.437203559,40.711783014
-4.437205004,40.711781711
-4.437268841,40.711777101
-4.437270705,40.711778071
-4.437272761,40.711778781
-4.437274947,40.711779210
-4.437277197,40.711779346
-4.437279445,40.711779184
-4.437281621,40.711778728
-4.437283662,40.711777994
-4.437285506,40.711777002
-4.437287096,40.711775783
-4.437352477,40.711771061
-4.437354443,40.711771903
-4.437356571,40.711772474
-4.437358797,40.711772758
-4.437361053,40.711772744
-4.437363273,40.711772434
-4.437365389,40.711771838
-4.437367337,40.711770972
-4.437369060,40.711769863
-4.437436287,40.711765008
-4.437438314,40.711765691
-4.437440463,40.711766102
-4.437442673,40.711766229
-4.437444880,40.711766070
-4.437447019,40.711765628
-4.437449028,40.711764917
-4.437450850,40.711763956
-4.437520358,40.711758936
-4.437522351,40.711759417
-4.437524419,40.711759649
-4.437526509,40.711759627
-4.437528567,40.711759350
-4.437530541,40.711758826
-4.437532379,40.711758068
-4.438999519,40.711652098
-4.438999704,40.711661132
-4.436209374,40.711862658
-4.436207667,40.711863472
-4.436205814,40.711864075
-4.436203862,40.711864454
-4.436201856,40.711864599
-4.436199845,40.711864506
-4.436197877,40.711864179
-4.436195998,40.711863624
-4.436127698,40.711868556
-4.436126037,40.711869538
-4.436124190,40.711870304
-4.436122206,40.711870833
-4.436120135,40.711871113
-4.436118032,40.711871135
-4.436115952,40.711870899
-4.436113949,40.711870411
-4.436112075,40.711869684
-4.436045814,40.711874469
-4.436044254,40.711875578
-4.436042476,40.711876478
-4.436040529,40.711877145
-4.436038465,40.711877560
-4.436036340,40.711877714
-4.436034210,40.711877601
-4.436032133,40.711877225
-4.436030165,40.711876595
-4.436028358,40.711875730
-4.435963783,40.711880393
-4.435962347,40.711881599
-4.435960671,40.711882609
-4.435958800,40.711883398
-4.435956784,40.711883943
-4.435954679,40.711884229
-4.435952540,40.711884249
-4.435950426,40.711884003
-4.435948393,40.711883496
-4.435946497,40.711882743
-4.435944789,40.711881764
-4.435634193,40.711904191
-4.435625572,40.711913861
-4.438999890,40.711670167
-4.439000075,40.711679201
-4.435626690,40.711922828
-4.435627808,40.711931795
-4.439000261,40.711688235
-4.439000446,40.711697269
-4.435628926,40.711940762
-4.435630044,40.711949728
-4.439000632,40.711706303
-4.439000817,40.711715337
-4.435716573,40.711952528
-4.435715102,40.711951408
-4.435713415,40.711950481
-4.435711555,40.711949770
-4.435709570,40.711949293
-4.435707510,40.711949064
-4.435705429,40.711949087
-4.435703379,40.711949362
-4.435701413,40.711949882
-4.435699581,40.711950634
-4.435697930,40.711951599
-4.435696502,40.711952751
-4.435695334,40.711954062
-4.435631163,40.711958695
-4.435632281,40.711967662
-4.435694862,40.711963143
-4.435695918,40.711964551
-4.435697262,40.711965809
-4.435698857,40.711966883
-4.435700662,40.711967745
-4.435702626,40.711968371
-4.435704699,40.711968745
-4.435706824,40.711968857
-4.435708945,40.711968704
-4.435711005,40.711968290
-4.435712948,40.711967626
-4.435714723,40.711966729
-4.435716282,40.711965625
-4.435717583,40.711964341
-4.435718592,40.711962914
-4.435719282,40.711961380
-4.438264978,40.711777536
-4.438266761,40.711776828
-4.438268665,40.711776337
-4.438270646,40.711776076
-4.438272656,40.711776049
-4.438274648,40.711776258
-4.438276573,40.711776699
-4.438346458,40.711771651
-4.438348249,40.711770732
-4.438350215,40.711770052
-4.438352303,40.711769628
-4.438354453,40.711769473
-4.438356608,40.711769590
-4.438358707,40.711769977
-4.438360694,40.711770623
-4.438428217,40.711765745
-4.438429923,40.711764673
-4.438431844,40.711763836
-4.438433923,40.711763258
-4.438436101,40.711762957
-4.438438315,40.711762941
-4.438440500,40.711763210
-4.438442593,40.711763758
-4.438444534,40.711764567
-4.438510159,40.711759827
-4.438511742,40.711758639
-4.438513567,40.711757674
-4.438515582,40.711756958
-4.438517727,40.711756514
-4.438519940,40.711756355
-4.438522156,40.711756484
-4.438524312,40.711756897
-4.438526343,40.711757584
-4.438528191,40.711758524
-4.438592235,40.711753898
-4.438593678,40.711752623
-4.438595383,40.711751552
-4.438597303,40.711750716
-4.438599381,40.711750140
-4.438601556,40.711749839
-4.438603768,40.711749823
-4.438605951,40.711750092
-4.438608043,40.711750638
-4.438609983,40.711751445
-4.438611715,40.711752491
-4.438674416,40.711747962
-4.438675714,40.711746620
-4.438677288,40.711745463
-4.438679096,40.711744523
-4.438681084,40.711743826
-4.438683199,40.711743393
-4.438685378,40.711743236
-4.438687562,40.711743358
-4.438689687,40.711743758
-4.438691695,40.711744422
-4.438693527,40.711745334
-4.438695134,40.711746466
-4.438756686,40.711742020
-4.438757838,40.711740627
-4.438759276,40.711739400
-4.438760962,40.711738370
-4.438762849,40.711737566
-4.438764884,40.711737012
-4.438767012,40.711736721
-4.438769173,40.711736702
-4.438771309,40.711736955
-4.438773361,40.711737474
-4.438775271,40.711738244
-4.438776988,40.711739244
-4.438778463,40.711740446
-4.438839030,40.711736071
-4.438840038,40.711734642
-4.438841340,40.711733356
-4.438842899,40.711732249
-4.438844675,40.711731351
-4.438846620,40.711730686
-4.438848682,40.711730271
-4.438850805,40.711730118
-4.438852932,40.711730230
-4.438855007,40.711730605
-4.438856973,40.711731233
-4.438858779,40.711732096
-4.438860374,40.711733173
-4.438861718,40.711734433
-4.438921442,40.711730119
-4.438922389,40.711728554
-4.438923678,40.711727137
-4.438925269,40.711725912
-4.438927116,40.711724916
-4.438929162,40.711724178
-4.438931344,40.711723720
-4.438933598,40.711723557
-4.438935855,40.711723694
-4.438938047,40.711724126
-4.438940107,40.711724841
-4.438941973,40.711725816
-4.438943589,40.711727022
-4.438944906,40.711728424
-4.439001003,40.711724371
-4.439001188,40.711733406
-4.438945636,40.711737418
-4.438944628,40.711738848
-4.438943327,40.711740134
-4.438941767,40.711741240
-4.438939991,40.711742138
-4.438938046,40.711742803
-4.438935985,40.711743218
-4.438933862,40.711743372
-4.438931735,40.711743259
-4.438929660,40.711742884
-4.438927694,40.711742257
-4.438925889,40.711741393
-4.438924293,40.711740317
-4.438922949,40.711739057
-4.438863225,40.711743371
-4.438862278,40.711744936
-4.438860989,40.711746352
-4.438859397,40.711747577
-4.438857550,40.711748574
-4.438855505,40.711749312
-4.438853322,40.711749769
-4.438851069,40.711749932
-4.438848812,40.711749795
-4.438846620,40.711749363
-4.438844560,40.711748649
-4.438842694,40.711747674
-4.438841078,40.711746467
-4.438839761,40.711745066
-4.438780753,40.711749329
-4.438779958,40.711750907
-4.438778822,40.711752359
-4.438777378,40.711753643
-4.438775669,40.711754722
-4.438773743,40.711755564
-4.438771658,40.711756145
-4.438769472,40.711756448
-4.438767252,40.711756463
-4.438765060,40.711756191
-4.438762960,40.711755640
-4.438761014,40.711754825
-4.438759279,40.711753771
-4.438757804,40.711752507
-4.438756633,40.711751071
-4.438698226,40.711755290
-4.438697576,40.711756874
-4.438696589,40.711758354
-4.438695290,40.711759687
-4.438693718,40.711760837
-4.438691915,40.711761771
-4.438689932,40.711762463
-4.438687826,40.711762893
-4.438685655,40.711763050
-4.438683480,40.711762929
-4.438681362,40.711762533
-4.438679360,40.711761874
-4.438677531,40.711760970
-4.438675926,40.711759846
-4.438674591,40.711758534
-4.438673561,40.711757071
-4.438615647,40.711761255
-4.438615137,40.711762840
-4.438614293,40.711764339
-4.438613137,40.711765713
-4.438611701,40.711766924
-4.438610022,40.711767940
-4.438608148,40.711768731
-4.438606128,40.711769278
-4.438604017,40.711769566
-4.438601873,40.711769586
-4.438599754,40.711769338
-4.438597717,40.711768828
-4.438595818,40.711768072
-4.438594107,40.711767088
-4.438592632,40.711765904
-4.438591433,40.711764552
-4.438590541,40.711763068
-4.438533018,40.711767223
-4.438532610,40.711768900
-4.438531829,40.711770499
-4.438530699,40.711771972
-4.438529255,40.711773277
-4.438527537,40.711774373
-4.438525598,40.711775229
-4.438523495,40.711775819
-4.438521290,40.711776125
-4.438519048,40.711776140
-4.438516837,40.711775861
-4.438514720,40.711775299
-4.438512763,40.711774468
-4.438511021,40.711773394
-4.438509547,40.711772109
-4.438508385,40.711770650
-4.438507569,40.711769061
-4.438450343,40.711773195
-4.438450074,40.711774857
-4.438449441,40.711776461
-4.438448463,40.711777961
-4.438447166,40.711779314
-4.438445589,40.711780481
-4.438443775,40.711781430
-4.438441778,40.711782133
-4.438439653,40.711782569
-4.438437462,40.711782728
-4.438435268,40.711782603
-4.438433132,40.711782199
-4.438431116,40.711781527
-4.438429278,40.711780606
-4.438427670,40.711779462
-4.438426338,40.711778129
-4.438425320,40.711776645
-4.438424645,40.711775051
-4.438367621,40.711779170
-4.438367487,40.711780813
-4.438366998,40.711782417
-4.438366166,40.711783937
-4.438365014,40.711785331
-4.438363575,40.711786560
-4.438361889,40.711787592
-4.438360001,40.711788396
-4.438357964,40.711788952
-4.438355834,40.711789243
-4.438353671,40.711789262
-4.438351533,40.711789008
-4.438349480,40.711788488
-4.438347568,40.711787717
-4.438345851,40.711786715
-4.438344375,40.711785511
-4.438343182,40.711784137
-4.438342305,40.711782632
-4.438341767,40.711781037
-4.438284855,40.711785148
-4.438284841,40.711786859
-4.438284439,40.711788542
-4.438283664,40.711790148
-4.438282536,40.711791628
-4.438281091,40.711792939
-4.438279371,40.711794041
-4.438277427,40.711794901
-4.438275318,40.711795494
-4.438273107,40.711795803
-4.438270858,40.711795817
-4.438268640,40.711795536
-4.438266519,40.711794969
-4.438264557,40.711794133
-4.438262813,40.711793053
-4.438261340,40.711791760
-4.438260181,40.711790294
-4.438259371,40.711788698
-4.438258933,40.711787020
-4.438202044,40.711791129
-4.438201556,40.711789492
-4.438200711,40.711787941
-4.438199534,40.711786521
-4.438198058,40.711785273
-4.438196327,40.711784232
-4.438194390,40.711783428
-4.438192303,40.711782885
-4.438190124,40.711782618
-4.438187918,40.711782634
-4.438185747,40.711782934
-4.438183674,40.711783508
-4.438181758,40.711784340
-4.438180054,40.711785407
-4.438178612,40.711786677
-4.438177471,40.711788115
-4.438176667,40.711789678
-4.438176220,40.711791322
-4.438176145,40.711793000
-4.438119189,40.711797114
-4.438118560,40.711795473
-4.438117570,40.711793939
-4.438116248,40.711792557
-4.438114634,40.711791369
-4.438112775,40.711790409
-4.438110728,40.711789707
-4.438108552,40.711789283
-4.438106313,40.711789149
-4.438104077,40.711789311
-4.438101911,40.711789762
-4.438099879,40.711790490
-4.438098042,40.711791473
-4.438096454,40.711792682
-4.438095162,40.711794080
-4.438094206,40.711795626
-4.438093613,40.711797275
-4.438093401,40.711798976
-4.438036287,40.711803101
-4.438035570,40.711801555
-4.438034526,40.711800119
-4.438033186,40.711798835
-4.438031586,40.711797736
-4.438029769,40.711796853
-4.438027786,40.711796210
-4.438025690,40.711795825
-4.438023540,40.711795709
-4.438021394,40.711795864
-4.438019311,40.711796286
-4.438017348,40.711796964
-4.438015559,40.711797879
-4.438013993,40.711799006
-4.438012693,40.711800315
-4.438011694,40.711801768
-4.438011025,40.711803327
-4.438010702,40.711804949
-4.437953340,40.711809092
-4.437952484,40.711807556
-4.437951302,40.711806150
-4.437949827,40.711804916
-4.437948100,40.711803887
-4.437946171,40.711803093
-4.437944094,40.711802557
-4.437941928,40.711802294
-4.437939735,40.711802312
-4.437937577,40.711802609
-4.437935515,40.711803177
-4.437933608,40.711804001
-4.437931909,40.711805056
-4.437930468,40.711806314
-4.437929324,40.711807738
-4.437928510,40.711809287
-4.437928050,40.711810919
-4.437870344,40.711815087
-4.437869347,40.711813565
-4.437868022,40.711812196
-4.437866410,40.711811020
-4.437864556,40.711810070
-4.437862517,40.711809376
-4.437860352,40.711808957
-4.437858124,40.711808826
-4.437855900,40.711808986
-4.437853744,40.711809434
-4.437851721,40.711810155
-4.437849890,40.711811129
-4.437848305,40.711812327
-4.437847012,40.711813714
-4.437846049,40.711815248
-4.437845446,40.711816885
-4.437787298,40.711821085
-4.437786240,40.711819680
-4.437784896,40.711818425
-4.437783301,40.711817354
-4.437781498,40.711816494
-4.437779535,40.711815870
-4.437777465,40.711815497
-4.437775343,40.711815385
-4.437773225,40.711815538
-4.437771168,40.711815951
-4.437769227,40.711816614
-4.437767453,40.711817509
-4.437765895,40.711818611
-4.437764594,40.711819892
-4.437763584,40.711821317
-4.437762892,40.711822848
-4.437704198,40.711827087
-4.437703005,40.711825715
-4.437701529,40.711824512
-4.437699813,40.711823512
-4.437697902,40.711822741
-4.437695850,40.711822222
-4.437693714,40.711821969
-4.437691552,40.711821988
-4.437689424,40.711822278
-4.437687388,40.711822833
-4.437685501,40.711823637
-4.437683815,40.711824667
-4.437682377,40.711825895
-4.437681225,40.711827288
-4.437680392,40.711828806
-4.437621041,40.711833092
-4.437619709,40.711831761
-4.437618101,40.711830620
-4.437616264,40.711829701
-4.437614250,40.711829030
-4.437612116,40.711828626
-4.437609923,40.711828502
-4.437607734,40.711828660
-4.437605611,40.711829096
-4.437603615,40.711829798
-4.437601802,40.711830745
-4.437600225,40.711831911
-4.437598928,40.711833262
-4.437597949,40.711834760
-4.437537821,40.711839103
-4.437536347,40.711837823
-4.437534607,40.711836753
-4.437532652,40.711835927
-4.437530540,40.711835366
-4.437528333,40.711835090
-4.437526096,40.711835104
-4.437523896,40.711835410
-4.437521797,40.711835998
-4.437519861,40.711836850
-4.437518145,40.711837942
-4.437516701,40.711839242
-4.437515570,40.711840710
-4.437454529,40.711845118
-4.437453057,40.711843994
-4.437451368,40.711843063
-4.437449506,40.711842349
-4.437447517,40.711841871
-4.437445454,40.711841640
-4.437443368,40.711841663
-4.437441315,40.711841939
-4.437439345,40.711842461
-4.437437510,40.711843216
-4.437435857,40.711844183
-4.437434429,40.711845339
-4.437433261,40.711846654
-4.437371156,40.711851140
-4.437369567,40.711850094
-4.437367777,40.711849256
-4.437365834,40.711848647
-4.437363787,40.711848285
-4.437361690,40.711848178
-4.437359599,40.711848329
-4.437357566,40.711848735
-4.437355645,40.711849383
-4.437353887,40.711850259
-4.437352336,40.711851338
-4.437351034,40.711852593
-4.437287689,40.711857168
-4.437285991,40.711856216
-4.437284114,40.711855486
-4.437282106,40.711854995
-4.437280021,40.711854758
-4.437277913,40.711854779
-4.437275837,40.711855060
-4.437273847,40.711855592
-4.437271997,40.711856361
-4.437270334,40.711857347
-4.437268902,40.711858525
-4.437204102,40.711863204
-4.437202313,40.711862369
-4.437200372,40.711861762
-4.437198327,40.711861401
-4.437196233,40.711861295
-4.437194144,40.711861445
-4.437192114,40.711861850
-4.437190195,40.711862497
-4.437188438,40.711863371
-4.437186888,40.711864448
-4.437120360,40.711869252
-4.437118515,40.711868559
-4.437116550,40.711868095
-4.437114514,40.711867872
-4.437112457,40.711867896
-4.437110430,40.711868167
-4.437108485,40.711868677
-4.437106670,40.711869414
-4.437105030,40.711870359
-4.437036399,40.711875316
-4.437034568,40.711874798
-4.437032655,40.711874494
-4.437030705,40.711874412
-4.437028760,40.711874552
-4.437026865,40.711874912
-4.437025062,40.711875484
-4.437023391,40.711876255
-4.435881732,40.711958697
-4.435880148,40.711957675
-4.435878372,40.711956857
-4.435876446,40.711956265
-4.435874422,40.711955913
-4.435872350,40.711955810
-4.435870283,40.711955959
-4.435868273,40.711956357
-4.435866372,40.711956992
-4.435864627,40.711957850
-4.435863084,40.711958907
-4.435861782,40.711960138
-4.435798248,40.711964726
-4.435796561,40.711963801
-4.435794703,40.711963091
-4.435792720,40.711962616
-4.435790663,40.711962388
-4.435788584,40.711962411
-4.435786537,40.711962686
-4.435784573,40.711963205
-4.435782743,40.711963955
-4.435781093,40.711964917
-4.435779665,40.711966067
-4.435633399,40.711976629
-4.435634517,40.711985596
-4.435777406,40.711975278
-4.435778251,40.711976829
-4.435779428,40.711978250
-4.435780903,40.711979498
-4.435782634,40.711980540
-4.435784572,40.711981343
-4.435786659,40.711981887
-4.435788838,40.711982154
-4.435791044,40.711982138
-4.435793215,40.711981838
-4.435795289,40.711981264
-4.435797205,40.711980431
-4.435798909,40.711979364
-4.435800352,40.711978094
-4.435801492,40.711976656
-4.435802297,40.711975093
-4.435802743,40.711973449
-4.435860396,40.711969286
-4.435861384,40.711970823
-4.435862705,40.711972207
-4.435864319,40.711973399
-4.435866179,40.711974361
-4.435868229,40.711975065
-4.435870407,40.711975490
-4.435872649,40.711975624
-4.435874887,40.711975463
-4.435877056,40.711975010
-4.435879090,40.711974281
-4.435880929,40.711973296
-4.435882518,40.711972085
-4.435883809,40.711970684
-4.435884764,40.711969135
-4.435885354,40.711967483
-4.435945595,40.711963134
-4.435947178,40.711961946
-4.435949003,40.711960981
-4.435951018,40.711960266
-4.435953162,40.711959822
-4.435955375,40.711959663
-4.435957591,40.711959791
-4.435959746,40.711960205
-4.435961777,40.711960892
-4.435963625,40.711961832
-4.436027670,40.711957207
-4.436029113,40.711955932
-4.436030819,40.711954861
-4.436032739,40.711954025
-4.436034816,40.711953449
-4.436036992,40.711953148
-4.436039204,40.711953132
-4.436041387,40.711953401
-4.436043479,40.711953947
-4.436045419,40.711954754
-4.436047152,40.711955800
-4.436109852,40.711951273
-4.436111150,40.711949931
-4.436112725,40.711948774
-4.436114532,40.711947833
-4.436116521,40.711947137
-4.436118635,40.711946704
-4.436120815,40.711946546
-4.436122998,40.711946669
-4.436125124,40.711947069
-4.436127131,40.711947733
-4.436128964,40.711948645
-4.436130570,40.711949777
-4.436192122,40.711945332
-4.436193274,40.711943940
-4.436194713,40.711942712
-4.436196399,40.711941682
-4.436198286,40.711940879
-4.436200321,40.711940324
-4.436202449,40.711940033
-4.436204610,40.711940014
-4.436206746,40.711940268
-4.436208798,40.711940787
-4.436210708,40.711941557
-4.436212425,40.711942557
-4.436213900,40.711943759
-4.436274468,40.711939386
-4.436275476,40.711937956
-4.436276777,40.711936670
-4.436278337,40.711935564
-4.436280113,40.711934666
-4.436282058,40.711934000
-4.436284119,40.711933585
-4.436286242,40.711933432
-4.436288370,40.711933544
-4.436290444,40.711933920
-4.436292411,40.711934547
-4.436294216,40.711935411
-4.436295812,40.711936487
-4.436297156,40.711937747
-4.436356880,40.711933435
-4.436357827,40.711931870
-4.436359116,40.711930454
-4.436360707,40.711929228
-4.436362554,40.711928232
-4.436364600,40.711927494
-4.436366783,40.711927036
-4.436369036,40.711926873
-4.436371293,40.711927010
-4.436373485,40.711927442
-4.436375545,40.711928157
-4.436377411,40.711929132
-4.436379027,40.711930339
-4.436380344,40.711931740
-4.436439352,40.711927479
-4.436440147,40.711925901
-4.436441283,40.711924449
-4.436442726,40.711923164
-4.436444436,40.711922085
-4.436446362,40.711921243
-4.436448448,40.711920662
-4.436450633,40.711920360
-4.436452854,40.711920344
-4.436455046,40.711920616
-4.436457146,40.711921167
-4.436459092,40.711921982
-4.436460827,40.711923037
-4.436462302,40.711924301
-4.436463473,40.711925737
-4.436521880,40.711921520
-4.436522529,40.711919935
-4.436523517,40.711918455
-4.436524815,40.711917122
-4.436526388,40.711915972
-4.436528191,40.711915038
-4.436530173,40.711914346
-4.436532280,40.711913915
-4.436534451,40.711913759
-4.436536626,40.711913880
-4.436538744,40.711914276
-4.436540746,40.711914935
-4.436542575,40.711915839
-4.436544180,40.711916963
-4.436545516,40.711918275
-4.436546545,40.711919738
-4.436604459,40.711915556
-4.436604968,40.711913971
-4.436605812,40.711912471
-4.436606968,40.711911097
-4.436608405,40.711909886
-4.436610084,40.711908871
-4.436611958,40.711908079
-4.436613978,40.711907532
-4.436616089,40.711907244
-4.436618233,40.711907224
-4.436620352,40.711907473
-4.436622389,40.711907982
-4.436624289,40.711908739
-4.436625999,40.711909723
-4.436627474,40.711910907
-4.436628674,40.711912259
-4.436629566,40.711913743
-4.436687088,40.711909589
-4.436687497,40.711907912
-4.436688277,40.711906313
-4.436689407,40.711904839
-4.436690852,40.711903535
-4.436692569,40.711902439
-4.436694508,40.711901583
-4.436696612,40.711900993
-4.436698817,40.711900686
-4.436701059,40.711900672
-4.436703270,40.711900950
-4.436705387,40.711901513
-4.436707344,40.711902344
-4.436709086,40.711903418
-4.436710560,40.711904704
-4.436711722,40.711906162
-4.436712538,40.711907751
-4.436769764,40.711903619
-4.436770032,40.711901957
-4.436770665,40.711900353
-4.436771644,40.711898853
-4.436772940,40.711897499
-4.436774518,40.711896332
-4.436776332,40.711895383
-4.436778329,40.711894680
-4.436780454,40.711894243
-4.436782645,40.711894085
-4.436784840,40.711894210
-4.436786975,40.711894614
-4.436788991,40.711895287
-4.436790829,40.711896207
-4.436792437,40.711897351
-4.436793769,40.711898684
-4.436794787,40.711900169
-4.436795462,40.711901763
-4.436852486,40.711897645
-4.436852619,40.711896001
-4.436853109,40.711894398
-4.436853941,40.711892878
-4.436855093,40.711891483
-4.436856532,40.711890254
-4.436858218,40.711889222
-4.436860106,40.711888418
-4.436862143,40.711887862
-4.436864273,40.711887571
-4.436866437,40.711887552
-4.436868575,40.711887806
-4.436870628,40.711888326
-4.436872539,40.711889098
-4.436874257,40.711890099
-4.436875732,40.711891304
-4.436876925,40.711892678
-4.436877803,40.711894183
-4.436878340,40.711895778
-4.436935252,40.711891668
-4.436935267,40.711889957
-4.436935668,40.711888273
-4.436936444,40.711886667
-4.436937571,40.711885187
-4.436939016,40.711883876
-4.436940736,40.711882774
-4.436942680,40.711881914
-4.436944789,40.711881320
-4.436947001,40.711881012
-4.436949249,40.711880998
-4.436951468,40.711881279
-4.436953589,40.711881846
-4.436955551,40.711882682
-4.436957295,40.711883762
-4.436958768,40.711885055
-4.436959927,40.711886521
-4.436960737,40.711888117
-4.436961174,40.711889796
-4.437018064,40.711885687
-4.437018553,40.711887324
-4.437019398,40.711888875
-4.437020575,40.711890295
-4.437022050,40.711891543
-4.437023781,40.711892584
-4.437025718,40.711893387
-4.437027805,40.711893930
-4.437029983,40.711894197
-4.437032189,40.711894181
-4.437034360,40.711893881
-4.437036433,40.711893307
-4.437038349,40.711892475
-4.437040053,40.711891408
-4.437041495,40.711890139
-4.437042636,40.711888701
-4.437043441,40.711887139
-4.437043887,40.711885495
-4.437043963,40.711883817
-4.437100920,40.711879704
-4.437101548,40.711881344
-4.437102538,40.711882878
-4.437103860,40.711884260
-4.437105474,40.711885448
-4.437107333,40.711886408
-4.437109380,40.711887110
-4.437111556,40.711887534
-4.437113795,40.711887667
-4.437116031,40.711887506
-4.437118197,40.711887054
-4.437120229,40.711886326
-4.437122066,40.711885344
-4.437123654,40.711884135
-4.437124945,40.711882737
-4.437125902,40.711881191
-4.437126495,40.711879543
-4.437126707,40.711877841
-4.437183821,40.711873717
-4.437184539,40.711875263
-4.437185582,40.711876698
-4.437186922,40.711877983
-4.437188523,40.711879082
-4.437190339,40.711879964
-4.437192323,40.711880607
-4.437194418,40.711880992
-4.437196568,40.711881108
-4.437198714,40.711880953
-4.437200797,40.711880531
-4.437202759,40.711879853
-4.437204548,40.711878938
-4.437206114,40.711877811
-4.437207415,40.711876503
-4.437208413,40.711875050
-4.437209083,40.711873491
-4.437209406,40.711871869
-4.437266769,40.711867726
-4.437267624,40.711869263
-4.437268807,40.711870668
-4.437270282,40.711871902
-4.437272009,40.711872931
-4.437273938,40.711873725
-4.437276015,40.711874260
-4.437278180,40.711874523
-4.437280373,40.711874506
-4.437282531,40.711874209
-4.437284593,40.711873641
-4.437286500,40.711872817
-4.437288199,40.711871762
-4.437289640,40.711870504
-4.437290784,40.711869081
-4.437291598,40.711867531
-4.437292058,40.711865900
-4.437349764,40.711861732
-4.437350762,40.711863253
-4.437352087,40.711864622
-4.437353699,40.711865799
-4.437355552,40.711866748
-4.437357592,40.711867443
-4.437359757,40.711867861
-4.437361984,40.711867993
-4.437364209,40.711867832
-4.437366364,40.711867384
-4.437368387,40.711866663
-4.437370218,40.711865689
-4.437371803,40.711864491
-4.437373096,40.711863105
-4.437374059,40.711861571
-4.437374663,40.711859934
-4.437432811,40.711855734
-4.437433869,40.711857139
-4.437435213,40.711858394
-4.437436808,40.711859465
-4.437438611,40.711860324
-4.437440573,40.711860949
-4.437442643,40.711861322
-4.437444766,40.711861433
-4.437446884,40.711861280
-4.437448941,40.711860867
-4.437450882,40.711860204
-4.437452655,40.711859310
-4.437454213,40.711858208
-4.437455514,40.711856927
-4.437456525,40.711855503
-4.437457216,40.711853972
-4.437515911,40.711849733
-4.437517104,40.711851105
-4.437518580,40.711852307
-4.437520296,40.711853307
-4.437522207,40.711854077
-4.437524259,40.711854597
-4.437526395,40.711854850
-4.437528557,40.711854831
-4.437530685,40.711854540
-4.437532720,40.711853985
-4.437534607,40.711853182
-4.437536293,40.711852152
-4.437537731,40.711850924
-4.437538883,40.711849532
-4.437539716,40.711848014
-4.437599068,40.711843727
-4.437600401,40.711845058
-4.437602009,40.711846199
-4.437603846,40.711847118
-4.437605860,40.711847788
-4.437607993,40.711848192
-4.437610186,40.711848316
-4.437612375,40.711848158
-4.437614497,40.711847722
-4.437616493,40.711847021
-4.437618305,40.711846073
-4.437619882,40.711844908
-4.437621179,40.711843557
-4.437622159,40.711842059
-4.437682289,40.711837717
-4.437683762,40.711838996
-4.437685503,40.711840066
-4.437687457,40.711840892
-4.437689569,40.711841452
-4.437691776,40.711841729
-4.437694012,40.711841714
-4.437696212,40.711841409
-4.437698311,40.711840821
-4.437700247,40.711839969
-4.437701963,40.711838877
-4.437703407,40.711837578
-4.437704538,40.711836110
-4.437765580,40.711831701
-4.437767052,40.711832825
-4.437768741,40.711833756
-4.437770604,40.711834469
-4.437772592,40.711834948
-4.437774655,40.711835178
-4.437776740,40.711835155
-4.437778794,40.711834880
-4.437780763,40.711834358
-4.437782598,40.711833603
-4.437784250,40.711832636
-4.437785679,40.711831480
-4.437786847,40.711830165
-4.437848953,40.711825679
-4.437850542,40.711826725
-4.437852332,40.711827563
-4.437854275,40.711828171
-4.437856322,40.711828533
-4.437858418,40.711828640
-4.437860510,40.711828489
-4.437862542,40.711828084
-4.437864463,40.711827435
-4.437866221,40.711826560
-4.437867772,40.711825481
-4.437869074,40.711824226
-4.437932421,40.711819651
-4.437934118,40.711820602
-4.437935995,40.711821333
-4.437938003,40.711821823
-4.437940088,40.711822060
-4.437942196,40.711822038
-4.437944272,40.711821758
-4.437946261,40.711821226
-4.437948111,40.711820457
-4.437949774,40.711819471
-4.437951206,40.711818294
-4.438016008,40.711813614
-4.438017796,40.711814449
-4.438019737,40.711815055
-4.438021781,40.711815416
-4.438023875,40.711815523
-4.438025964,40.711815372
-4.438027994,40.711814968
-4.438029912,40.711814320
-4.438031669,40.711813447
-4.438033219,40.711812371
-4.438099750,40.711807565
-4.438101594,40.711808258
-4.438103558,40.711808722
-4.438105595,40.711808945
-4.438107651,40.711808920
-4.438109677,40.711808650
-4.438111622,40.711808140
-4.438113437,40.711807403
-4.438115077,40.711806458
-4.438183713,40.711801501
-4.438185543,40.711802018
-4.438187454,40.711802321
-4.438189404,40.711802403
-4.438191347,40.711802263
-4.438193241,40.711801903
-4.438195043,40.711801332
-4.438196713,40.711800562
-4.439001374,40.711742440
-4.439001559,40.711751474
-4.436955127,40.711899280
-4.436953345,40.711899987
-4.436951441,40.711900478
-4.436949461,40.711900739
-4.436947452,40.711900766
-4.436945461,40.711900557
-4.436943536,40.711900117
-4.436873648,40.711905164
-4.436871857,40.711906082
-4.436869891,40.711906762
-4.436867804,40.711907186
-4.436865654,40.711907341
-4.436863500,40.711907224
-4.436861401,40.711906837
-4.436859415,40.711906192
-4.436791889,40.711911068
-4.436790182,40.711912141
-4.436788262,40.711912978
-4.436786183,40.711913555
-4.436784005,40.711913856
-4.436781792,40.711913872
-4.436779608,40.711913603
-4.436777515,40.711913056
-4.436775574,40.711912247
-4.436709946,40.711916986
-4.436708363,40.711918173
-4.436706538,40.711919138
-4.436704524,40.711919853
-4.436702379,40.711920297
-4.436700166,40.711920457
-4.436697950,40.711920328
-4.436695795,40.711919914
-4.436693764,40.711919228
-4.436691916,40.711918288
-4.436627870,40.711922913
-4.436626427,40.711924188
-4.436624722,40.711925259
-4.436622802,40.711926094
-4.436620725,40.711926671
-4.436618549,40.711926971
-4.436616338,40.711926987
-4.436614155,40.711926719
-4.436612064,40.711926173
-4.436610124,40.711925365
-4.436608391,40.711924320
-4.436545689,40.711928848
-4.436544391,40.711930189
-4.436542816,40.711931346
-4.436541009,40.711932286
-4.436539020,40.711932983
-4.436536907,40.711933416
-4.436534727,40.711933573
-4.436532544,40.711933450
-4.436530419,40.711933051
-4.436528411,40.711932387
-4.436526579,40.711931476
-4.436524972,40.711930344
-4.436463419,40.711934789
-4.436462267,40.711936181
-4.436460828,40.711937408
-4.436459142,40.711938438
-4.436457256,40.711939241
-4.436455221,40.711939796
-4.436453093,40.711940086
-4.436450932,40.711940105
-4.436448796,40.711939852
-4.436446745,40.711939333
-4.436444834,40.711938563
-4.436443118,40.711937563
-4.436441642,40.711936361
-4.436381074,40.711940735
-4.436380065,40.711942165
-4.436378764,40.711943450
-4.436377204,40.711944557
-4.436375428,40.711945454
-4.436373484,40.711946120
-4.436371422,40.711946535
-4.436369300,40.711946688
-4.436367172,40.711946576
-4.436365098,40.711946200
-4.436363132,40.711945573
-4.436361326,40.711944709
-4.436359730,40.711943633
-4.436358387,40.711942373
-4.436298662,40.711946686
-4.436297715,40.711948251
-4.436296426,40.711949667
-4.436294834,40.711950892
-4.436292987,40.711951888
-4.436290942,40.711952626
-4.436288759,40.711953084
-4.436286505,40.711953246
-4.436284249,40.711953110
-4.436282057,40.711952677
-4.436279997,40.711951963
-4.436278131,40.711950988
-4.436276515,40.711949782
-4.436275198,40.711948381
-4.436216190,40.711952642
-4.436215395,40.711954220
-4.436214259,40.711955672
-4.436212815,40.711956956
-4.436211105,40.711958035
-4.436209180,40.711958877
-4.436207094,40.711959458
-4.436204909,40.711959760
-4.436202688,40.711959776
-4.436200496,40.711959504
-4.436198396,40.711958953
-4.436196451,40.711958138
-4.436194715,40.711957083
-4.436193241,40.711955819
-4.436192070,40.711954383
-4.436133662,40.711958601
-4.436133012,40.711960185
-4.436132025,40.711961665
-4.436130726,40.711962998
-4.436129153,40.711964148
-4.436127351,40.711965082
-4.436125368,40.711965774
-4.436123262,40.711966204
-4.436121091,40.711966361
-4.436118916,40.711966240
-4.436116798,40.711965844
-4.436114796,40.711965185
-4.436112967,40.711964281
-4.436111362,40.711963157
-4.436110027,40.711961845
-4.436108997,40.711960382
-4.436051082,40.711964564
-4.436050573,40.711966149
-4.436049729,40.711967649
-4.436048573,40.711969023
-4.436047136,40.711970233
-4.436045458,40.711971249
-4.436043583,40.711972040
-4.436041563,40.711972587
-4.436039453,40.711972875
-4.436037309,40.711972895
-4.436035190,40.711972647
-4.436033153,40.711972137
-4.436031253,40.711971380
-4.436029543,40.711970397
-4.436028068,40.711969213
-4.436026868,40.711967860
-4.436025976,40.711966377
-4.435968453,40.711970531
-4.435968045,40.711972208
-4.435967264,40.711973807
-4.435966135,40.711975280
-4.435964690,40.711976584
-4.435962972,40.711977681
-4.435961033,40.711978537
-4.435958930,40.711979127
-4.435956724,40.711979433
-4.435954483,40.711979448
-4.435952271,40.711979169
-4.435950155,40.711978606
-4.435948197,40.711977775
-4.435946455,40.711976701
-4.435944982,40.711975416
-4.435943820,40.711973957
-4.435943004,40.711972368
-4.435635635,40.711994562
-4.435627014,40.712004232
-4.439001745,40.711760508
-4.439001930,40.711769542
-4.435628132,40.712013199
-4.435629251,40.712022166
-4.439002116,40.711778576
-4.439002301,40.711787611
-4.435630369,40.712031133
-4.435631487,40.712040099
-4.439002487,40.711796645
-4.439002672,40.711805679
-4.435632605,40.712049066
-4.435633723,40.712058033
-4.435695707,40.712053557
-4.435696017,40.712051926
-4.435696679,40.712050356
-4.435697673,40.712048892
-4.435698972,40.712047573
-4.435700541,40.712046436
-4.435702336,40.712045513
-4.435704307,40.712044829
-4.435706400,40.712044404
-4.435708557,40.712044248
-4.435710718,40.712044366
-4.435712823,40.712044756
-4.435714813,40.712045405
-4.435716635,40.712046297
-4.435718238,40.712047407
-4.435719576,40.712048703
-4.435720614,40.712050150
-4.435721321,40.712051708
-4.439002858,40.711814713
-4.439003043,40.711823747
-4.438948701,40.711827672
-4.438948280,40.711825982
-4.438947480,40.711824373
-4.438946327,40.711822894
-4.438944854,40.711821588
-4.438943107,40.711820496
-4.438941138,40.711819651
-4.438939007,40.711819077
-4.438936777,40.711818792
-4.438934517,40.711818806
-4.438932293,40.711819116
-4.438930173,40.711819715
-4.438928222,40.711820584
-4.438926497,40.711821696
-4.438925052,40.711823019
-4.438923928,40.711824512
-4.438923161,40.711826130
-4.438922774,40.711827825
-4.438922777,40.711829545
-4.438865875,40.711833655
-4.438865351,40.711832048
-4.438864482,40.711830530
-4.438863294,40.711829143
-4.438861818,40.711827926
-4.438860097,40.711826913
-4.438858178,40.711826132
-4.438856115,40.711825605
-4.438853965,40.711825347
-4.438851789,40.711825365
-4.438849647,40.711825659
-4.438847600,40.711826220
-4.438845704,40.711827033
-4.438844012,40.711828074
-4.438842572,40.711829316
-4.438841424,40.711830723
-4.438840599,40.711832255
-4.438840122,40.711833871
-4.438840005,40.711835524
-4.438783003,40.711839642
-4.438782341,40.711838034
-4.438781331,40.711836535
-4.438780002,40.711835188
-4.438778392,40.711834031
-4.438776548,40.711833099
-4.438774523,40.711832418
-4.438772375,40.711832008
-4.438770168,40.711831881
-4.438767964,40.711832040
-4.438765827,40.711832481
-4.438763819,40.711833192
-4.438761999,40.711834150
-4.438760418,40.711835330
-4.438759123,40.711836696
-4.438758151,40.711838209
-4.438757529,40.711839826
-4.438757277,40.711841500
-4.438700086,40.711845631
-4.438699282,40.711844027
-4.438698126,40.711842553
-4.438696653,40.711841253
-4.438694907,40.711840166
-4.438692942,40.711839324
-4.438690814,40.711838753
-4.438688589,40.711838470
-4.438686334,40.711838484
-4.438684115,40.711838793
-4.438682000,40.711839390
-4.438680051,40.711840255
-4.438678329,40.711841363
-4.438676883,40.711842681
-4.438675758,40.711844169
-4.438674987,40.711845782
-4.438674594,40.711847472
-4.438617121,40.711851624
-4.438616240,40.711850124
-4.438615045,40.711848757
-4.438613569,40.711847558
-4.438611854,40.711846561
-4.438609945,40.711845794
-4.438607897,40.711845277
-4.438605764,40.711845024
-4.438603606,40.711845043
-4.438601481,40.711845334
-4.438599449,40.711845887
-4.438597565,40.711846688
-4.438595881,40.711847715
-4.438594442,40.711848940
-4.438593290,40.711850328
-4.438592454,40.711851842
-4.438591959,40.711853441
-4.438534108,40.711857620
-4.438533087,40.711856140
-4.438531754,40.711854811
-4.438530147,40.711853672
-4.438528311,40.711852755
-4.438526298,40.711852085
-4.438524166,40.711851683
-4.438521976,40.711851559
-4.438519789,40.711851717
-4.438517669,40.711852152
-4.438515674,40.711852853
-4.438513863,40.711853798
-4.438512286,40.711854962
-4.438510989,40.711856311
-4.438510009,40.711857807
-4.438509373,40.711859406
-4.438451043,40.711863620
-4.438449880,40.711862165
-4.438448406,40.711860883
-4.438446665,40.711859813
-4.438444710,40.711858985
-4.438442596,40.711858424
-4.438440388,40.711858147
-4.438438150,40.711858161
-4.438435949,40.711858467
-4.438433849,40.711859056
-4.438431912,40.711859909
-4.438430196,40.711861002
-4.438428751,40.711862303
-4.438427620,40.711863773
-4.438426837,40.711865368
-4.438367924,40.711869623
-4.438366716,40.711868297
-4.438365242,40.711867138
-4.438363540,40.711866176
-4.438361656,40.711865437
-4.438359639,40.711864940
-4.438357542,40.711864700
-4.438355423,40.711864721
-4.438353335,40.711865004
-4.438351336,40.711865540
-4.438349478,40.711866317
-4.438347810,40.711867312
-4.438346376,40.711868501
-4.438345215,40.711869850
-4.438344357,40.711871326
-4.438284744,40.711875631
-4.438283404,40.711874351
-4.438281804,40.711873256
-4.438279989,40.711872376
-4.438278009,40.711871736
-4.438275917,40.711871352
-4.438273770,40.711871237
-4.438271628,40.711871391
-4.438269549,40.711871812
-4.438267589,40.711872488
-4.438265802,40.711873401
-4.438264237,40.711874524
-4.438262936,40.711875829
-4.438261936,40.711877279
-4.438201500,40.711881644
-4.438200025,40.711880419
-4.438198301,40.711879399
-4.438196377,40.711878612
-4.438194308,40.711878081
-4.438192151,40.711877821
-4.438189967,40.711877839
-4.438187818,40.711878134
-4.438185764,40.711878698
-4.438183863,40.711879516
-4.438182168,40.711880564
-4.438180727,40.711881813
-4.438179581,40.711883227
-4.438118181,40.711887662
-4.438116571,40.711886505
-4.438114727,40.711885573
-4.438112702,40.711884891
-4.438110554,40.711884481
-4.438108346,40.711884354
-4.438106141,40.711884513
-4.438104004,40.711884954
-4.438101996,40.711885665
-4.438100176,40.711886624
-4.438098595,40.711887803
-4.438097300,40.711889170
-4.438034777,40.711893686
-4.438033035,40.711892613
-4.438031078,40.711891783
-4.438028963,40.711891220
-4.438026752,40.711890942
-4.438024511,40.711890957
-4.438022307,40.711891263
-4.438020205,40.711891853
-4.438018266,40.711892708
-4.438016549,40.711893804
-4.438015104,40.711895107
-4.437951269,40.711899717
-4.437949405,40.711898747
-4.437947349,40.711898037
-4.437945163,40.711897608
-4.437942912,40.711897472
-4.437940664,40.711897634
-4.437938487,40.711898090
-4.437936446,40.711898824
-4.437934603,40.711899816
-4.437933012,40.711901036
-4.437867633,40.711905758
-4.437865667,40.711904915
-4.437863539,40.711904344
-4.437861313,40.711904061
-4.437859056,40.711904074
-4.437856836,40.711904384
-4.437854720,40.711904981
-4.437852771,40.711905847
-4.437851047,40.711906956
-4.437783823,40.711911811
-4.437781796,40.711911128
-4.437779646,40.711910717
-4.437777436,40.711910589
-4.437775229,40.711910749
-4.437773089,40.711911191
-4.437771080,40.711911902
-4.437769257,40.711912863
-4.437699753,40.711917883
-4.437697760,40.711917402
-4.437695691,40.711917169
-4.437693600,40.711917192
-4.437691541,40.711917469
-4.437689566,40.711917993
-4.437687728,40.711918752
-4.435718136,40.712060985
-4.435716596,40.712062036
-4.435714856,40.712062887
-4.435712962,40.712063518
-4.435710960,40.712063913
-4.435708901,40.712064062
-4.435706837,40.712063960
-4.435704820,40.712063612
-4.435702902,40.712063024
-4.435701129,40.712062213
-4.435634841,40.712067000
-4.435635960,40.712075967
-4.435779067,40.712065633
-4.435779670,40.712063996
-4.435780632,40.712062461
-4.435781925,40.712061074
-4.435783511,40.712059876
-4.435785342,40.712058901
-4.435787366,40.712058180
-4.435789522,40.712057732
-4.435791747,40.712057571
-4.435793975,40.712057703
-4.435796140,40.712058122
-4.435798180,40.712058817
-4.435800034,40.712059767
-4.435801646,40.712060944
-4.435802971,40.712062313
-4.435803968,40.712063835
-4.435861672,40.712059669
-4.435862132,40.712058037
-4.435862945,40.712056486
-4.435864089,40.712055062
-4.435865530,40.712053804
-4.435867229,40.712052748
-4.435869137,40.712051924
-4.435871199,40.712051355
-4.435873358,40.712051058
-4.435875552,40.712051041
-4.435877718,40.712051304
-4.435879795,40.712051840
-4.435881725,40.712052634
-4.435883452,40.712053664
-4.435884927,40.712054899
-4.435886109,40.712056305
-4.435886964,40.712057842
-4.436446166,40.712017462
-4.436447874,40.712016648
-4.436449727,40.712016045
-4.436451680,40.712015666
-4.436453686,40.712015521
-4.436455698,40.712015614
-4.436457667,40.712015941
-4.436459546,40.712016496
-4.436527843,40.712011564
-4.436529504,40.712010582
-4.436531351,40.712009816
-4.436533336,40.712009286
-4.436535407,40.712009007
-4.436537511,40.712008985
-4.436539591,40.712009221
-4.436541595,40.712009709
-4.436543469,40.712010436
-4.436609727,40.712005651
-4.436611288,40.712004542
-4.436613065,40.712003642
-4.436615013,40.712002975
-4.436617077,40.712002559
-4.436619203,40.712002405
-4.436621333,40.712002518
-4.436623410,40.712002895
-4.436625379,40.712003524
-4.436627185,40.712004390
-4.436691760,40.711999727
-4.436693196,40.711998521
-4.436694872,40.711997510
-4.436696743,40.711996722
-4.436698758,40.711996177
-4.436700864,40.711995891
-4.436703002,40.711995871
-4.436705116,40.711996117
-4.436707149,40.711996624
-4.436709045,40.711997376
-4.436710754,40.711998355
-4.436773907,40.711993795
-4.436775209,40.711992515
-4.436776767,40.711991413
-4.436778540,40.711990519
-4.436780481,40.711989856
-4.436782537,40.711989443
-4.436784655,40.711989290
-4.436786777,40.711989401
-4.436788847,40.711989774
-4.436790809,40.711990399
-4.436792612,40.711991258
-4.436794207,40.711992329
-4.436856147,40.711987856
-4.436857311,40.711986518
-4.436858743,40.711985341
-4.436860406,40.711984356
-4.436862256,40.711983587
-4.436864245,40.711983055
-4.436866320,40.711982775
-4.436868428,40.711982753
-4.436870512,40.711982991
-4.436872519,40.711983481
-4.436874396,40.711984211
-4.436876094,40.711985162
-4.436877567,40.711986309
-4.436938467,40.711981911
-4.436939591,40.711980421
-4.436941037,40.711979101
-4.436942760,40.711977991
-4.436944710,40.711977124
-4.436946827,40.711976527
-4.436949048,40.711976217
-4.436951306,40.711976203
-4.436953533,40.711976487
-4.436955662,40.711977059
-4.436957629,40.711977903
-4.436959376,40.711978992
-4.436960848,40.711980295
-4.437020856,40.711975961
-4.437021826,40.711974443
-4.437023121,40.711973073
-4.437024703,40.711971890
-4.437026525,40.711970929
-4.437028536,40.711970216
-4.437030677,40.711969774
-4.437032885,40.711969615
-4.437035096,40.711969743
-4.437037247,40.711970154
-4.437039275,40.711970838
-4.437041121,40.711971773
-4.437042731,40.711972934
-4.437044060,40.711974285
-4.437103308,40.711970006
-4.437104130,40.711968471
-4.437105277,40.711967061
-4.437106718,40.711965816
-4.437108411,40.711964772
-4.437110309,40.711963958
-4.437112359,40.711963395
-4.437114504,40.711963101
-4.437116683,40.711963083
-4.437118836,40.711963342
-4.437120902,40.711963870
-4.437122823,40.711964653
-4.437124545,40.711965669
-4.437126021,40.711966890
-4.437127208,40.711968280
-4.437185816,40.711964048
-4.437186496,40.711962501
-4.437187499,40.711961060
-4.437188800,40.711959764
-4.437190363,40.711958648
-4.437192145,40.711957742
-4.437194098,40.711957071
-4.437196170,40.711956653
-4.437198303,40.711956499
-4.437200441,40.711956613
-4.437202525,40.711956993
-4.437204499,40.711957627
-4.437206310,40.711958500
-4.437207908,40.711959586
-4.437209250,40.711960858
-4.437210300,40.711962280
-4.437268377,40.711958085
-4.437268967,40.711956433
-4.437269922,40.711954883
-4.437271213,40.711953482
-4.437272802,40.711952270
-4.437274641,40.711951284
-4.437276676,40.711950554
-4.437278845,40.711950102
-4.437281084,40.711949940
-4.437283327,40.711950074
-4.437285506,40.711950500
-4.437287556,40.711951204
-4.437289416,40.711952167
-4.437291031,40.711953359
-4.437292351,40.711954745
-4.437293339,40.711956283
-4.437350989,40.711952119
-4.437351435,40.711950474
-4.437352239,40.711948910
-4.437353379,40.711947472
-4.437354822,40.711946201
-4.437356526,40.711945134
-4.437358442,40.711944301
-4.437360516,40.711943726
-4.437362688,40.711943426
-4.437364895,40.711943410
-4.437367074,40.711943677
-4.437369163,40.711944221
-4.437371100,40.711945025
-4.437372831,40.711946067
-4.437374307,40.711947316
-4.437375483,40.711948737
-4.437376328,40.711950289
-4.437433648,40.711946149
-4.437433955,40.711944516
-4.437434615,40.711942943
-4.437435608,40.711941476
-4.437436907,40.711940155
-4.437438477,40.711939016
-4.437440273,40.711938091
-4.437442246,40.711937406
-4.437444341,40.711936980
-4.437446500,40.711936824
-4.437448663,40.711936943
-4.437450770,40.711937333
-4.437452763,40.711937984
-4.437454586,40.711938878
-4.437456189,40.711939990
-4.437457527,40.711941289
-4.437458563,40.711942738
-4.437459269,40.711944299
-4.437516354,40.711940176
-4.437516549,40.711938464
-4.437517130,40.711936803
-4.437518080,40.711935243
-4.437519369,40.711933832
-4.437520960,40.711932611
-4.437522804,40.711931618
-4.437524846,40.711930883
-4.437527024,40.711930427
-4.437529273,40.711930265
-4.437531525,40.711930400
-4.437533712,40.711930830
-4.437535769,40.711931542
-4.437537633,40.711932512
-4.437539249,40.711933714
-4.437540567,40.711935110
-4.437541548,40.711936658
-4.437542163,40.711938312
-4.437599105,40.711934200
-4.437599162,40.711932512
-4.437599596,40.711930856
-4.437600393,40.711929281
-4.437601529,40.711927831
-4.437602973,40.711926549
-4.437604681,40.711925472
-4.437606606,40.711924632
-4.437608689,40.711924052
-4.437610872,40.711923750
-4.437613090,40.711923734
-4.437615280,40.711924005
-4.437617378,40.711924555
-4.437619322,40.711925368
-4.437621057,40.711926421
-4.437622532,40.711927682
-4.437623704,40.711929115
-4.437624539,40.711930679
-4.437625013,40.711932329
-4.437681900,40.711928220
-4.437682353,40.711929886
-4.437683173,40.711931469
-4.437684338,40.711932922
-4.437685812,40.711934202
-4.437687552,40.711935270
-4.437689506,40.711936097
-4.437691618,40.711936657
-4.437693824,40.711936934
-4.437696061,40.711936919
-4.437698260,40.711936613
-4.437700359,40.711936026
-4.437702295,40.711935173
-4.437704010,40.711934082
-4.437705455,40.711932783
-4.437706586,40.711931315
-4.437707370,40.711929722
-4.437707785,40.711928050
-4.437707818,40.711926348
-4.437764740,40.711922237
-4.437765292,40.711923819
-4.437766178,40.711925311
-4.437767376,40.711926671
-4.437768851,40.711927863
-4.437770564,40.711928853
-4.437772468,40.711929616
-4.437774511,40.711930129
-4.437776637,40.711930379
-4.437778788,40.711930360
-4.437780906,40.711930071
-4.437782933,40.711929521
-4.437784812,40.711928724
-4.437786494,40.711927703
-4.437787931,40.711926485
-4.437789086,40.711925103
-4.437789925,40.711923596
-4.437790427,40.711922004
-4.437790578,40.711920371
-4.437847625,40.711916251
-4.437848313,40.711917831
-4.437849339,40.711919301
-4.437850673,40.711920620
-4.437852279,40.711921750
-4.437854111,40.711922660
-4.437856117,40.711923324
-4.437858241,40.711923722
-4.437860423,40.711923845
-4.437862601,40.711923687
-4.437864713,40.711923255
-4.437866701,40.711922559
-4.437868507,40.711921620
-4.437870082,40.711920465
-4.437871380,40.711919125
-4.437872364,40.711917638
-4.437873008,40.711916047
-4.437873293,40.711914397
-4.437930556,40.711910261
-4.437931384,40.711911835
-4.437932552,40.711913278
-4.437934027,40.711914548
-4.437935764,40.711915609
-4.437937714,40.711916429
-4.437939818,40.711916984
-4.437942017,40.711917258
-4.437944244,40.711917243
-4.437946436,40.711916939
-4.437948527,40.711916355
-4.437950457,40.711915509
-4.437952169,40.711914424
-4.437953613,40.711913134
-4.437954747,40.711911675
-4.437955538,40.711910090
-4.437955962,40.711908426
-4.438013535,40.711904268
-4.438014437,40.711905736
-4.438015641,40.711907072
-4.438017116,40.711908242
-4.438018821,40.711909213
-4.438020712,40.711909959
-4.438022737,40.711910461
-4.438024842,40.711910704
-4.438026972,40.711910684
-4.438029069,40.711910399
-4.438031077,40.711909858
-4.438032942,40.711909076
-4.438034614,40.711908072
-4.438036049,40.711906874
-4.438037208,40.711905515
-4.438038060,40.711904030
-4.438038583,40.711902458
-4.438096563,40.711898271
-4.438097601,40.711899717
-4.438098940,40.711901012
-4.438100542,40.711902121
-4.438102363,40.711903012
-4.438104354,40.711903661
-4.438106458,40.711904050
-4.438108618,40.711904168
-4.438110774,40.711904013
-4.438112866,40.711903587
-4.438114836,40.711902904
-4.438116631,40.711901981
-4.438118199,40.711900845
-4.438119499,40.711899527
-4.438120493,40.711898063
-4.438121155,40.711896495
-4.438179643,40.711892270
-4.438180821,40.711893687
-4.438182297,40.711894933
-4.438184027,40.711895972
-4.438185963,40.711896774
-4.438188048,40.711897316
-4.438190224,40.711897582
-4.438192428,40.711897565
-4.438194596,40.711897266
-4.438196667,40.711896693
-4.438198582,40.711895862
-4.438200285,40.711894798
-4.438201727,40.711893530
-4.438202868,40.711892095
-4.438203675,40.711890534
-4.438262779,40.711886265
-4.438264101,40.711887646
-4.438265715,40.711888834
-4.438267573,40.711889792
-4.438269620,40.711890494
-4.438271795,40.711890918
-4.438274034,40.711891051
-4.438276269,40.711890890
-4.438278434,40.711890438
-4.438280465,40.711889711
-4.438282302,40.711888729
-4.438283890,40.711887521
-4.438285182,40.711886124
-4.438286138,40.711884578
-4.438345977,40.711880256
-4.438347323,40.711881495
-4.438348915,40.711882553
-4.438350710,40.711883400
-4.438352663,40.711884015
-4.438354720,40.711884382
-4.438356828,40.711884491
-4.438358931,40.711884339
-4.438360975,40.711883930
-4.438362904,40.711883275
-4.438364669,40.711882392
-4.438366223,40.711881302
-4.438367525,40.711880036
-4.438368541,40.711878626
-4.438429243,40.711874242
-4.438430718,40.711875421
-4.438432427,40.711876401
-4.438434323,40.711877155
-4.438436357,40.711877662
-4.438438472,40.711877908
-4.438440611,40.711877888
-4.438442718,40.711877602
-4.438444734,40.711877057
-4.438446605,40.711876268
-4.438448282,40.711875256
-4.438449718,40.711874049
-4.438450875,40.711872679
-4.438512584,40.711868222
-4.438514186,40.711869329
-4.438516007,40.711870219
-4.438517996,40.711870867
-4.438520099,40.711871255
-4.438522258,40.711871373
-4.438524412,40.711871218
-4.438526503,40.711870793
-4.438528472,40.711870110
-4.438530265,40.711869189
-4.438531834,40.711868054
-4.438533133,40.711866738
-4.438596017,40.711862196
-4.438597740,40.711863214
-4.438599662,40.711863999
-4.438601730,40.711864529
-4.438603885,40.711864788
-4.438606067,40.711864770
-4.438608214,40.711864475
-4.438610266,40.711863912
-4.438612166,40.711863096
-4.438613860,40.711862049
-4.438615301,40.711860803
-4.438679559,40.711856161
-4.438681390,40.711857071
-4.438683396,40.711857734
-4.438685520,40.711858132
-4.438687701,40.711858254
-4.438689879,40.711858097
-4.438691991,40.711857665
-4.438693978,40.711856969
-4.438695784,40.711856031
-4.438697358,40.711854875
-4.438763238,40.711850117
-4.438765153,40.711850892
-4.438767210,40.711851415
-4.438769353,40.711851671
-4.438771522,40.711851652
-4.438773657,40.711851360
-4.438775698,40.711850802
-4.438777589,40.711849994
-4.438779278,40.711848958
-4.438847112,40.711844058
-4.438849056,40.711844666
-4.438851103,40.711845029
-4.438853200,40.711845136
-4.438855292,40.711844985
-4.438857325,40.711844579
-4.438859246,40.711843930
-4.438861004,40.711843055
-4.438931288,40.711837978
-4.438933142,40.711838377
-4.438935052,40.711838563
-4.438936978,40.711838533
-4.438938876,40.711838287
-4.438940706,40.711837830
-4.438942428,40.711837173
-4.439003229,40.711832781
-4.439003414,40.711841815
-4.437619483,40.711941775
-4.437617570,40.711942605
-4.437615500,40.711943178
-4.437613333,40.711943477
-4.437611130,40.711943493
-4.437608956,40.711943227
-4.437606871,40.711942686
-4.437537888,40.711947668
-4.437536270,40.711948576
-4.437534489,40.711949284
-4.437532585,40.711949774
-4.437530605,40.711950036
-4.437528595,40.711950062
-4.437526604,40.711949853
-4.437524679,40.711949413
-4.437522866,40.711948753
-4.437456057,40.711953578
-4.437454519,40.711954623
-4.437452783,40.711955469
-4.437450894,40.711956097
-4.437448899,40.711956489
-4.437446847,40.711956637
-4.437444790,40.711956537
-4.437442779,40.711956192
-4.437440866,40.711955609
-4.437439097,40.711954803
-4.437374063,40.711959500
-4.437372636,40.711960649
-4.437370987,40.711961610
-4.437369157,40.711962360
-4.437367195,40.711962879
-4.437365149,40.711963153
-4.437363071,40.711963176
-4.437361015,40.711962948
-4.437359034,40.711962474
-4.437357176,40.711961765
-4.437355490,40.711960842
-4.437291947,40.711965431
-4.437290644,40.711966660
-4.437289102,40.711967716
-4.437287358,40.711968573
-4.437285458,40.711969208
-4.437283450,40.711969605
-4.437281384,40.711969754
-4.437279313,40.711969651
-4.437277290,40.711969300
-4.437275366,40.711968708
-4.437273590,40.711967892
-4.437272007,40.711966871
-4.437209732,40.711971368
-4.437208441,40.711972770
-4.437206852,40.711973983
-4.437205013,40.711974968
-4.437202978,40.711975699
-4.437200808,40.711976152
-4.437198568,40.711976313
-4.437196325,40.711976179
-4.437194146,40.711975753
-4.437192095,40.711975048
-4.437190235,40.711974085
-4.437188621,40.711972893
-4.437127435,40.711977312
-4.437126297,40.711978758
-4.437124854,40.711980036
-4.437123146,40.711981110
-4.437121225,40.711981948
-4.437119144,40.711982526
-4.437116965,40.711982828
-4.437114750,40.711982844
-4.437112563,40.711982574
-4.437110469,40.711982026
-4.437108526,40.711981215
-4.437106793,40.711980166
-4.437105318,40.711978909
-4.437045064,40.711983260
-4.437044076,40.711984738
-4.437042778,40.711986070
-4.437041205,40.711987219
-4.437039403,40.711988151
-4.437037422,40.711988842
-4.437035317,40.711989272
-4.437033147,40.711989429
-4.437030974,40.711989308
-4.437028857,40.711988913
-4.437026857,40.711988255
-4.437025028,40.711987352
-4.437023424,40.711986230
-4.437022088,40.711984920
-4.436962631,40.711989213
-4.436961787,40.711990714
-4.436960631,40.711992089
-4.436959194,40.711993301
-4.436957516,40.711994316
-4.436955640,40.711995109
-4.436953620,40.711995656
-4.436951508,40.711995944
-4.436949364,40.711995964
-4.436947244,40.711995715
-4.436945206,40.711995205
-4.436943306,40.711994448
-4.436941596,40.711993464
-4.436940120,40.711992279
-4.436938921,40.711990926
-4.436880138,40.711995171
-4.436879372,40.711996790
-4.436878249,40.711998285
-4.436876804,40.711999609
-4.436875078,40.712000722
-4.436873126,40.712001592
-4.436871005,40.712002191
-4.436868780,40.712002502
-4.436866518,40.712002515
-4.436864287,40.712002230
-4.436862155,40.712001656
-4.436860185,40.712000809
-4.436858438,40.711999716
-4.436856965,40.711998409
-4.436855813,40.711996927
-4.436797592,40.712001132
-4.436796975,40.712002754
-4.436796005,40.712004272
-4.436794710,40.712005643
-4.436793128,40.712006827
-4.436791305,40.712007789
-4.436789293,40.712008502
-4.436787152,40.712008945
-4.436784943,40.712009104
-4.436782731,40.712008976
-4.436780579,40.712008564
-4.436778551,40.712007880
-4.436776704,40.712006943
-4.436775094,40.712005782
-4.436773766,40.712004430
-4.436772759,40.712002925
-4.436714994,40.712007097
-4.436714520,40.712008715
-4.436713697,40.712010250
-4.436712549,40.712011659
-4.436711109,40.712012903
-4.436709416,40.712013947
-4.436707518,40.712014761
-4.436705468,40.712015323
-4.436703324,40.712015618
-4.436701145,40.712015636
-4.436698993,40.712015377
-4.436696928,40.712014849
-4.436695007,40.712014066
-4.436693285,40.712013050
-4.436691810,40.712011831
-4.436690622,40.712010441
-4.436689756,40.712008919
-4.436632349,40.712013065
-4.436632011,40.712014675
-4.436631330,40.712016221
-4.436630326,40.712017661
-4.436629025,40.712018956
-4.436627463,40.712020071
-4.436625681,40.712020976
-4.436623729,40.712021647
-4.436621658,40.712022065
-4.436619525,40.712022219
-4.436617388,40.712022105
-4.436615305,40.712021726
-4.436613331,40.712021092
-4.436611521,40.712020220
-4.436609923,40.712019134
-4.436608581,40.712017863
-4.436607531,40.712016443
-4.436606801,40.712014910
-4.436549656,40.712019036
-4.436549428,40.712020727
-4.436548823,40.712022362
-4.436547860,40.712023895
-4.436546566,40.712025280
-4.436544981,40.712026477
-4.436543151,40.712027449
-4.436541129,40.712028170
-4.436538975,40.712028617
-4.436536752,40.712028778
-4.436534526,40.712028647
-4.436532362,40.712028229
-4.436530323,40.712027535
-4.436528471,40.712026587
-4.436526858,40.712025412
-4.436525533,40.712024044
-4.436524535,40.712022524
-4.436523892,40.712020897
-4.436466918,40.712025011
-4.436466826,40.712026679
-4.436466366,40.712028311
-4.436465553,40.712029862
-4.436464409,40.712031286
-4.436462968,40.712032545
-4.436461269,40.712033601
-4.436459361,40.712034425
-4.436457298,40.712034994
-4.436455140,40.712035291
-4.436452946,40.712035308
-4.436450779,40.712035045
-4.436448702,40.712034508
-4.436446772,40.712033714
-4.436445045,40.712032685
-4.436443570,40.712031449
-4.436442388,40.712030043
-4.436441533,40.712028506
-4.436441030,40.712026881
-4.436384136,40.712030989
-4.436383714,40.712029299
-4.436382914,40.712027690
-4.436381761,40.712026210
-4.436380289,40.712024905
-4.436378542,40.712023813
-4.436376573,40.712022967
-4.436374442,40.712022393
-4.436372212,40.712022109
-4.436369951,40.712022122
-4.436367727,40.712022433
-4.436365608,40.712023031
-4.436363656,40.712023900
-4.436361932,40.712025012
-4.436360486,40.712026335
-4.436359363,40.712027828
-4.436358596,40.712029446
-4.436358208,40.712031141
-4.436358212,40.712032861
-4.436301308,40.712036970
-4.436300785,40.712035363
-4.436299916,40.712033845
-4.436298728,40.712032458
-4.436297252,40.712031240
-4.436295531,40.712030227
-4.436293612,40.712029446
-4.436291549,40.712028920
-4.436289399,40.712028662
-4.436287223,40.712028680
-4.436285081,40.712028974
-4.436283034,40.712029535
-4.436281138,40.712030347
-4.436279446,40.712031389
-4.436278006,40.712032630
-4.436276857,40.712034037
-4.436276033,40.712035569
-4.436275555,40.712037185
-4.436275438,40.712038838
-4.436218436,40.712042955
-4.436217774,40.712041347
-4.436216764,40.712039848
-4.436215435,40.712038501
-4.436213825,40.712037344
-4.436211981,40.712036412
-4.436209956,40.712035731
-4.436207809,40.712035321
-4.436205601,40.712035194
-4.436203397,40.712035353
-4.436201260,40.712035794
-4.436199253,40.712036504
-4.436197432,40.712037463
-4.436195851,40.712038642
-4.436194556,40.712040008
-4.436193584,40.712041522
-4.436192962,40.712043139
-4.436192710,40.712044812
-4.436135518,40.712048942
-4.436134714,40.712047338
-4.436133559,40.712045864
-4.436132086,40.712044564
-4.436130340,40.712043477
-4.436128374,40.712042635
-4.436126247,40.712042064
-4.436124022,40.712041781
-4.436121766,40.712041795
-4.436119548,40.712042104
-4.436117432,40.712042701
-4.436115484,40.712043566
-4.436113761,40.712044674
-4.436112316,40.712045992
-4.436111191,40.712047479
-4.436110420,40.712049093
-4.436110027,40.712050783
-4.436052553,40.712054933
-4.436051672,40.712053434
-4.436050477,40.712052066
-4.436049002,40.712050867
-4.436047286,40.712049870
-4.436045378,40.712049103
-4.436043329,40.712048586
-4.436041196,40.712048333
-4.436039038,40.712048352
-4.436036914,40.712048643
-4.436034881,40.712049196
-4.436032997,40.712049997
-4.436031313,40.712051024
-4.436029874,40.712052248
-4.436028722,40.712053637
-4.436027886,40.712055151
-4.436027391,40.712056750
-4.435969539,40.712060927
-4.435968518,40.712059447
-4.435967186,40.712058119
-4.435965578,40.712056980
-4.435963742,40.712056063
-4.435961730,40.712055394
-4.435959598,40.712054991
-4.435957408,40.712054867
-4.435955221,40.712055025
-4.435953100,40.712055460
-4.435951106,40.712056161
-4.435949295,40.712057106
-4.435947719,40.712058270
-4.435946421,40.712059618
-4.435945441,40.712061114
-4.435944804,40.712062713
-4.435884824,40.712067044
-4.435883392,40.712068221
-4.435881730,40.712069206
-4.435879881,40.712069974
-4.435877893,40.712070505
-4.435875818,40.712070785
-4.435873711,40.712070807
-4.435871628,40.712070570
-4.435869621,40.712070080
-4.435867745,40.712069350
-4.435866048,40.712068400
-4.435802693,40.712072975
-4.435801391,40.712074229
-4.435799841,40.712075307
-4.435798083,40.712076182
-4.435796163,40.712076830
-4.435794131,40.712077235
-4.435792040,40.712077386
-4.435789945,40.712077279
-4.435787899,40.712076917
-4.435785956,40.712076310
-4.435784167,40.712075472
-4.435782578,40.712074427
-4.435637078,40.712084933
-4.435629522,40.712094526
-4.435948014,40.712071529
-4.435949616,40.712072636
-4.435951437,40.712073527
-4.435953427,40.712074175
-4.435955530,40.712074563
-4.435957689,40.712074682
-4.435959843,40.712074526
-4.435961934,40.712074101
-4.435963903,40.712073418
-4.435965697,40.712072497
-4.435967266,40.712071362
-4.435968565,40.712070045
-4.436031449,40.712065504
-4.436033172,40.712066523
-4.436035094,40.712067308
-4.436037162,40.712067837
-4.436039317,40.712068097
-4.436041498,40.712068079
-4.436043645,40.712067785
-4.436045698,40.712067221
-4.436047597,40.712066405
-4.436049291,40.712065359
-4.436050732,40.712064112
-4.436114991,40.712059472
-4.436116823,40.712060381
-4.436118829,40.712061045
-4.436120952,40.712061443
-4.436123134,40.712061565
-4.436125311,40.712061408
-4.436127423,40.712060976
-4.436129410,40.712060280
-4.436131216,40.712059342
-4.436132791,40.712058187
-4.436198671,40.712053429
-4.436200586,40.712054205
-4.436202643,40.712054728
-4.436204786,40.712054983
-4.436206955,40.712054965
-4.436209090,40.712054672
-4.436211131,40.712054115
-4.436213022,40.712053307
-4.436214711,40.712052271
-4.436282546,40.712047373
-4.436284489,40.712047981
-4.436286536,40.712048343
-4.436288633,40.712048450
-4.436290725,40.712048299
-4.436292758,40.712047894
-4.436294679,40.712047245
-4.436296438,40.712046370
-4.436366722,40.712041294
-4.436368576,40.712041693
-4.436370486,40.712041879
-4.436372411,40.712041849
-4.436374310,40.712041603
-4.436376140,40.712041147
-4.436377862,40.712040490
-4.439003600,40.711850850
-4.439003785,40.711859884
-4.435630640,40.712103493
-4.435631758,40.712112460
-4.439003971,40.711868918
-4.439004156,40.711877952
-4.435632876,40.712121427
-4.435633995,40.712130394
-4.439004342,40.711886986
-4.439004527,40.711896020
-4.435721088,40.712133152
-4.435719615,40.712131852
-4.435717869,40.712130765
-4.435715904,40.712129924
-4.435713776,40.712129353
-4.435711551,40.712129070
-4.435709296,40.712129083
-4.435707077,40.712129393
-4.435704962,40.712129989
-4.435703014,40.712130854
-4.435701291,40.712131962
-4.435699846,40.712133280
-4.435698720,40.712134768
-4.435635113,40.712139360
-4.435636231,40.712148327
-4.435699162,40.712143783
-4.435700361,40.712145138
-4.435701836,40.712146325
-4.435703547,40.712147311
-4.435705448,40.712148070
-4.435707488,40.712148581
-4.435709609,40.712148830
-4.435711756,40.712148810
-4.435713869,40.712148522
-4.435715891,40.712147974
-4.435717768,40.712147181
-4.435719448,40.712146163
-4.435720885,40.712144950
-4.435722040,40.712143573
-4.435722882,40.712142070
-4.439004713,40.711905054
-4.439004898,40.711914089
-4.438948441,40.711918167
-4.438947094,40.711916937
-4.438945504,40.711915888
-4.438943713,40.711915047
-4.438941767,40.711914437
-4.438939717,40.711914074
-4.438937618,40.711913967
-4.438935523,40.711914118
-4.438933488,40.711914524
-4.438931565,40.711915174
-4.438929805,40.711916052
-4.438928253,40.711917134
-4.438926951,40.711918392
-4.438925932,40.711919793
-4.438865171,40.711924182
-4.438863696,40.711923012
-4.438861990,40.711922041
-4.438860100,40.711921295
-4.438858074,40.711920793
-4.438855969,40.711920549
-4.438853839,40.711920570
-4.438851742,40.711920854
-4.438849734,40.711921395
-4.438847869,40.711922178
-4.438846196,40.711923182
-4.438844761,40.711924380
-4.438843602,40.711925740
-4.438781823,40.711930202
-4.438780223,40.711929106
-4.438778407,40.711928226
-4.438776426,40.711927585
-4.438774334,40.711927202
-4.438772187,40.711927086
-4.438770044,40.711927241
-4.438767964,40.711927662
-4.438766003,40.711928338
-4.438764216,40.711929251
-4.438762651,40.711930376
-4.438761350,40.711931681
-4.438698385,40.711936229
-4.438696666,40.711935223
-4.438694751,40.711934448
-4.438692694,40.711933925
-4.438690552,40.711933670
-4.438688383,40.711933688
-4.438686249,40.711933980
-4.438684208,40.711934538
-4.438682317,40.711935346
-4.438680628,40.711936381
-4.438679189,40.711937616
-4.438614835,40.711942264
-4.438613010,40.711941368
-4.438611016,40.711940715
-4.438608906,40.711940323
-4.438606740,40.711940204
-4.438604579,40.711940360
-4.438602481,40.711940788
-4.438600506,40.711941474
-4.438598708,40.711942401
-4.438597138,40.711943542
-4.438531143,40.711948309
-4.438529241,40.711947549
-4.438527200,40.711947037
-4.438525076,40.711946788
-4.438522927,40.711946807
-4.438520812,40.711947096
-4.438518788,40.711947645
-4.438516911,40.711948440
-4.438515230,40.711949459
-4.438447256,40.711954369
-4.438445331,40.711953777
-4.438443308,40.711953425
-4.438441237,40.711953323
-4.438439170,40.711953472
-4.438437161,40.711953869
-4.438435261,40.711954504
-4.438433517,40.711955361
-4.438363053,40.711960450
-4.438360861,40.711960018
-4.438358604,40.711959881
-4.438356349,40.711960044
-4.438354166,40.711960502
-4.438352120,40.711961240
-4.435637349,40.712157294
-4.435638467,40.712166261
-4.435784663,40.712155705
-4.435786387,40.712154594
-4.435788336,40.712153727
-4.435790454,40.712153130
-4.435792675,40.712152820
-4.435794933,40.712152806
-4.435797161,40.712153090
-4.435799290,40.712153663
-4.435801257,40.712154506
-4.435866627,40.712149786
-4.435868218,40.712148565
-4.435870063,40.712147572
-4.435872105,40.712146837
-4.435874284,40.712146381
-4.435876533,40.712146218
-4.435878785,40.712146354
-4.435880973,40.712146784
-4.435883030,40.712147496
-4.435884894,40.712148467
-4.437110484,40.712059964
-4.437112375,40.712059155
-4.437114417,40.712058598
-4.437116551,40.712058305
-4.437118720,40.712058287
-4.437120863,40.712058542
-4.437122921,40.712059065
-4.437192060,40.712054072
-4.437193667,40.712053181
-4.437195434,40.712052486
-4.437197320,40.712052004
-4.437199280,40.712051747
-4.437201268,40.712051719
-4.437203239,40.712051923
-4.437205146,40.712052352
-4.437206945,40.712052997
-4.437273879,40.712048163
-4.437275412,40.712047133
-4.437277138,40.712046299
-4.437279014,40.712045680
-4.437280994,40.712045292
-4.437283029,40.712045145
-4.437285070,40.712045243
-4.437287066,40.712045582
-4.437288967,40.712046154
-4.437290726,40.712046947
-4.437355865,40.712042242
-4.437357290,40.712041106
-4.437358933,40.712040156
-4.437360753,40.712039415
-4.437362703,40.712038902
-4.437364736,40.712038631
-4.437366799,40.712038607
-4.437368842,40.712038831
-4.437370812,40.712039298
-4.437372661,40.712039996
-4.437374341,40.712040908
-4.437437974,40.712036312
-4.437439420,40.712034981
-4.437441148,40.712033861
-4.437443105,40.712032987
-4.437445232,40.712032384
-4.437447464,40.712032072
-4.437449733,40.712032059
-4.437451971,40.712032347
-4.437454110,40.712032925
-4.437456084,40.712033778
-4.437457833,40.712034878
-4.437520183,40.712030375
-4.437521475,40.712028984
-4.437523061,40.712027781
-4.437524895,40.712026804
-4.437526922,40.712026079
-4.437529082,40.712025630
-4.437531311,40.712025469
-4.437533544,40.712025601
-4.437535713,40.712026022
-4.437537756,40.712026720
-4.437539611,40.712027674
-4.437541225,40.712028855
-4.437602475,40.712024432
-4.437603616,40.712022995
-4.437605058,40.712021726
-4.437606762,40.712020660
-4.437608677,40.712019828
-4.437610750,40.712019254
-4.437612920,40.712018954
-4.437615125,40.712018938
-4.437617303,40.712019205
-4.437619390,40.712019748
-4.437621327,40.712020551
-4.437623057,40.712021591
-4.437624533,40.712022839
-4.437684841,40.712018483
-4.437685833,40.712017013
-4.437687132,40.712015690
-4.437688702,40.712014549
-4.437690500,40.712013622
-4.437692475,40.712012936
-4.437694572,40.712012509
-4.437696733,40.712012353
-4.437698898,40.712012472
-4.437701008,40.712012863
-4.437703002,40.712013516
-4.437704826,40.712014412
-4.437706429,40.712015526
-4.437707767,40.712016827
-4.437767271,40.712012529
-4.437768119,40.712011037
-4.437769277,40.712009669
-4.437770712,40.712008465
-4.437772388,40.712007455
-4.437774258,40.712006668
-4.437776272,40.712006124
-4.437778376,40.712005837
-4.437780513,40.712005817
-4.437782626,40.712006063
-4.437784657,40.712006569
-4.437786553,40.712007321
-4.437788261,40.712008298
-4.437789736,40.712009475
-4.437790938,40.712010820
-4.437849760,40.712006572
-4.437850531,40.712004959
-4.437851656,40.712003473
-4.437853102,40.712002156
-4.437854824,40.712001048
-4.437856772,40.712000184
-4.437858886,40.711999588
-4.437861104,40.711999279
-4.437863359,40.711999265
-4.437865583,40.711999547
-4.437867710,40.712000118
-4.437869675,40.712000959
-4.437871420,40.712002045
-4.437872893,40.712003344
-4.437874049,40.712004817
-4.437932303,40.712000610
-4.437932926,40.711998995
-4.437933899,40.711997484
-4.437935195,40.711996120
-4.437936775,40.711994942
-4.437938595,40.711993985
-4.437940601,40.711993276
-4.437942736,40.711992836
-4.437944938,40.711992676
-4.437947143,40.711992803
-4.437949289,40.711993212
-4.437951312,40.711993892
-4.437953155,40.711994822
-4.437954765,40.711995977
-4.437956095,40.711997322
-4.437957106,40.711998819
-4.438014897,40.711994645
-4.438015378,40.711993032
-4.438016205,40.711991504
-4.438017354,40.711990101
-4.438018793,40.711988863
-4.438020484,40.711987824
-4.438022377,40.711987014
-4.438024422,40.711986454
-4.438026560,40.711986161
-4.438028732,40.711986143
-4.438030879,40.711986400
-4.438032939,40.711986924
-4.438034856,40.711987703
-4.438036576,40.711988712
-4.438038052,40.711989926
-4.438039241,40.711991309
-4.438040113,40.711992823
-4.438097539,40.711988676
-4.438097884,40.711987071
-4.438098568,40.711985531
-4.438099575,40.711984097
-4.438100876,40.711982807
-4.438102437,40.711981697
-4.438104215,40.711980796
-4.438106163,40.711980128
-4.438108229,40.711979712
-4.438110356,40.711979559
-4.438112487,40.711979672
-4.438114565,40.711980049
-4.438116535,40.711980679
-4.438118342,40.711981546
-4.438119939,40.711982626
-4.438121282,40.711983891
-4.438122335,40.711985305
-4.438123070,40.711986832
-4.438180228,40.711982703
-4.438180464,40.711981018
-4.438181074,40.711979388
-4.438182040,40.711977861
-4.438183334,40.711976482
-4.438184918,40.711975290
-4.438186745,40.711974322
-4.438188763,40.711973604
-4.438190912,40.711973159
-4.438193129,40.711972999
-4.438195350,40.711973129
-4.438197509,40.711973544
-4.438199543,40.711974234
-4.438201393,40.711975178
-4.438203005,40.711976347
-4.438204331,40.711977708
-4.438205333,40.711979222
-4.438205981,40.711980843
-4.438262963,40.711976727
-4.438263064,40.711975064
-4.438263528,40.711973437
-4.438264345,40.711971892
-4.438265490,40.711970473
-4.438266931,40.711969219
-4.438268628,40.711968168
-4.438270532,40.711967347
-4.438272590,40.711966781
-4.438274744,40.711966485
-4.438276932,40.711966467
-4.438279093,40.711966729
-4.438281167,40.711967262
-4.438283093,40.711968052
-4.438284818,40.711969077
-4.438286294,40.711970306
-4.438287478,40.711971707
-4.438288337,40.711973238
-4.438288847,40.711974858
-4.438345743,40.711970748
-4.438346158,40.711972444
-4.438346953,40.711974058
-4.438348104,40.711975544
-4.438349576,40.711976855
-4.438351324,40.711977952
-4.438353296,40.711978802
-4.438355432,40.711979379
-4.438357666,40.711979665
-4.438359933,40.711979652
-4.438362161,40.711979340
-4.438364285,40.711978739
-4.438366240,40.711977867
-4.438367967,40.711976750
-4.438369413,40.711975422
-4.438370534,40.711973924
-4.438371297,40.711972300
-4.438371679,40.711970600
-4.438371667,40.711968876
-4.438428567,40.711964766
-4.438429085,40.711966379
-4.438429949,40.711967903
-4.438431136,40.711969296
-4.438432611,40.711970518
-4.438434334,40.711971537
-4.438436257,40.711972321
-4.438438324,40.711972851
-4.438440479,40.711973111
-4.438442660,40.711973093
-4.438444807,40.711972798
-4.438446859,40.711972235
-4.438448759,40.711971418
-4.438450453,40.711970372
-4.438451894,40.711969126
-4.438453041,40.711967714
-4.438453862,40.711966176
-4.438454333,40.711964555
-4.438454443,40.711962897
-4.438511436,40.711958780
-4.438512092,40.711960394
-4.438513098,40.711961900
-4.438514426,40.711963253
-4.438516037,40.711964415
-4.438517884,40.711965352
-4.438519913,40.711966037
-4.438522066,40.711966450
-4.438524279,40.711966578
-4.438526489,40.711966418
-4.438528631,40.711965975
-4.438530643,40.711965262
-4.438532467,40.711964299
-4.438534049,40.711963114
-4.438535343,40.711961742
-4.438536313,40.711960223
-4.438536929,40.711958600
-4.438537174,40.711956921
-4.438594351,40.711952791
-4.438595149,40.711954402
-4.438596302,40.711955882
-4.438597775,40.711957189
-4.438599522,40.711958282
-4.438601491,40.711959129
-4.438603624,40.711959703
-4.438605854,40.711959988
-4.438608116,40.711959975
-4.438610341,40.711959664
-4.438612461,40.711959065
-4.438614414,40.711958195
-4.438616139,40.711957082
-4.438617584,40.711955758
-4.438618707,40.711954264
-4.438619473,40.711952645
-4.438619860,40.711950949
-4.438677312,40.711946799
-4.438678189,40.711948305
-4.438679382,40.711949679
-4.438680857,40.711950884
-4.438682575,40.711951887
-4.438684487,40.711952659
-4.438686541,40.711953180
-4.438688680,40.711953434
-4.438690844,40.711953415
-4.438692975,40.711953124
-4.438695012,40.711952568
-4.438696901,40.711951762
-4.438698588,40.711950730
-4.438700026,40.711949500
-4.438701178,40.711948105
-4.438702009,40.711946584
-4.438702498,40.711944980
-4.438760322,40.711940803
-4.438761338,40.711942290
-4.438762670,40.711943626
-4.438764278,40.711944772
-4.438766118,40.711945696
-4.438768135,40.711946369
-4.438770273,40.711946775
-4.438772471,40.711946900
-4.438774664,40.711946742
-4.438776791,40.711946304
-4.438778791,40.711945600
-4.438780606,40.711944649
-4.438782184,40.711943479
-4.438783480,40.711942123
-4.438784458,40.711940620
-4.438785088,40.711939014
-4.438843383,40.711934803
-4.438844544,40.711936266
-4.438846017,40.711937555
-4.438847760,40.711938633
-4.438849720,40.711939466
-4.438851839,40.711940031
-4.438854054,40.711940311
-4.438856300,40.711940297
-4.438858508,40.711939989
-4.438860615,40.711939397
-4.438862556,40.711938539
-4.438864275,40.711937440
-4.438865720,40.711936132
-4.438866849,40.711934655
-4.438867627,40.711933052
-4.438926500,40.711928799
-4.438927705,40.711930133
-4.438929179,40.711931301
-4.438930884,40.711932269
-4.438932773,40.711933014
-4.438934796,40.711933515
-4.438936900,40.711933758
-4.438939027,40.711933737
-4.438941122,40.711933453
-4.438943128,40.711932913
-4.438944991,40.711932131
-4.438946663,40.711931130
-4.438948097,40.711929934
-4.438949257,40.711928577
-4.438950111,40.711927094
-4.439005084,40.711923123
-4.439005269,40.711932157
-4.438283793,40.711984270
-4.438282069,40.711985103
-4.438280195,40.711985721
-4.438278217,40.711986108
-4.438276184,40.711986254
-4.438274146,40.711986158
-4.438272153,40.711985819
-4.438270254,40.711985248
-4.438202100,40.711990171
-4.438200430,40.711991170
-4.438198570,40.711991948
-4.438196567,40.711992486
-4.438194477,40.711992770
-4.438192353,40.711992791
-4.438190254,40.711992549
-4.438188234,40.711992050
-4.438186347,40.711991309
-4.438120205,40.711996086
-4.438118640,40.711997209
-4.438116854,40.711998121
-4.438114894,40.711998797
-4.438112815,40.711999218
-4.438110674,40.711999373
-4.438108528,40.711999257
-4.438106436,40.711998874
-4.438104456,40.711998234
-4.438102641,40.711997355
-4.438038165,40.712002012
-4.438036727,40.712003230
-4.438035046,40.712004252
-4.438033166,40.712005049
-4.438031139,40.712005599
-4.438029021,40.712005888
-4.438026869,40.712005908
-4.438024742,40.712005657
-4.438022699,40.712005144
-4.438020795,40.712004381
-4.438019081,40.712003390
-4.437956012,40.712007945
-4.437954711,40.712009237
-4.437953150,40.712010349
-4.437951370,40.712011251
-4.437949420,40.712011920
-4.437947353,40.712012337
-4.437945224,40.712012491
-4.437943091,40.712012377
-4.437941011,40.712012000
-4.437939040,40.712011368
-4.437937231,40.712010499
-4.437935634,40.712009417
-4.437873766,40.712013885
-4.437872604,40.712015233
-4.437871171,40.712016419
-4.437869504,40.712017413
-4.437867647,40.712018188
-4.437865650,40.712018723
-4.437863565,40.712019005
-4.437861447,40.712019027
-4.437859353,40.712018787
-4.437857338,40.712018291
-4.437855455,40.712017554
-4.437853754,40.712016594
-4.437852280,40.712015437
-4.437791442,40.712019831
-4.437790320,40.712021331
-4.437788875,40.712022660
-4.437787147,40.712023778
-4.437785192,40.712024651
-4.437783067,40.712025252
-4.437780837,40.712025564
-4.437778569,40.712025577
-4.437776334,40.712025291
-4.437774197,40.712024713
-4.437772224,40.712023862
-4.437770476,40.712022764
-4.437769004,40.712021452
-4.437709048,40.712025782
-4.437708082,40.712027308
-4.437706788,40.712028687
-4.437705204,40.712029877
-4.437703377,40.712030845
-4.437701360,40.712031562
-4.437699212,40.712032007
-4.437696996,40.712032167
-4.437694776,40.712032038
-4.437692618,40.712031622
-4.437690584,40.712030933
-4.437688735,40.712029991
-4.437687123,40.712028822
-4.437685797,40.712027461
-4.437626593,40.712031737
-4.437625775,40.712033281
-4.437624630,40.712034698
-4.437623189,40.712035950
-4.437621492,40.712037000
-4.437619589,40.712037820
-4.437617533,40.712038385
-4.437615381,40.712038681
-4.437613194,40.712038699
-4.437611034,40.712038438
-4.437608962,40.712037905
-4.437607037,40.712037116
-4.437605312,40.712036093
-4.437603837,40.712034865
-4.437602652,40.712033466
-4.437544081,40.712037697
-4.437543407,40.712039250
-4.437542406,40.712040698
-4.437541105,40.712042001
-4.437539541,40.712043123
-4.437537755,40.712044034
-4.437535796,40.712044709
-4.437533719,40.712045129
-4.437531578,40.712045284
-4.437529434,40.712045168
-4.437527343,40.712044786
-4.437525364,40.712044147
-4.437523550,40.712043268
-4.437521951,40.712042175
-4.437520610,40.712040896
-4.437519563,40.712039467
-4.437461516,40.712043660
-4.437460932,40.712045318
-4.437459981,40.712046875
-4.437458691,40.712048283
-4.437457101,40.712049501
-4.437455258,40.712050492
-4.437453219,40.712051226
-4.437451043,40.712051681
-4.437448797,40.712051843
-4.437446548,40.712051707
-4.437444363,40.712051279
-4.437442308,40.712050570
-4.437440445,40.712049601
-4.437438830,40.712048402
-4.437437511,40.712047009
-4.437436528,40.712045464
-4.437378901,40.712049626
-4.437378462,40.712051277
-4.437377662,40.712052847
-4.437376524,40.712054292
-4.437375081,40.712055569
-4.437373374,40.712056642
-4.437371454,40.712057479
-4.437369374,40.712058056
-4.437367196,40.712058357
-4.437364983,40.712058373
-4.437362798,40.712058104
-4.437360705,40.712057557
-4.437358763,40.712056748
-4.437357030,40.712055700
-4.437355555,40.712054444
-4.437354381,40.712053016
-4.437353542,40.712051458
-4.437296239,40.712055596
-4.437295939,40.712057235
-4.437295284,40.712058813
-4.437294293,40.712060286
-4.437292995,40.712061613
-4.437291424,40.712062757
-4.437289624,40.712063686
-4.437287647,40.712064374
-4.437285546,40.712064803
-4.437283382,40.712064959
-4.437281213,40.712064839
-4.437279100,40.712064446
-4.437277104,40.712063791
-4.437275278,40.712062892
-4.437273674,40.712061775
-4.437272337,40.712060470
-4.437271304,40.712059014
-4.437270604,40.712057447
-4.437213530,40.712061569
-4.437213343,40.712063287
-4.437212767,40.712064953
-4.437211820,40.712066519
-4.437210531,40.712067936
-4.437208939,40.712069161
-4.437207092,40.712070159
-4.437205046,40.712070897
-4.437202863,40.712071355
-4.437200608,40.712071518
-4.437198351,40.712071381
-4.437196158,40.712070948
-4.437194098,40.712070233
-4.437192231,40.712069257
-4.437190615,40.712068050
-4.437189298,40.712066648
-4.437188321,40.712065094
-4.437187712,40.712063434
-4.437130776,40.712067546
-4.437130726,40.712069237
-4.437130298,40.712070898
-4.437129505,40.712072479
-4.437128370,40.712073934
-4.437126927,40.712075222
-4.437125216,40.712076303
-4.437123288,40.712077147
-4.437121200,40.712077729
-4.437119012,40.712078032
-4.437116788,40.712078048
-4.437114593,40.712077775
-4.437112491,40.712077222
-4.437110544,40.712076405
-4.437108807,40.712075347
-4.437107333,40.712074080
-4.437106163,40.712072641
-4.437105332,40.712071071
-4.437104865,40.712069417
-4.437047978,40.712073525
-4.437047519,40.712071864
-4.437046694,40.712070287
-4.437045527,40.712068840
-4.437044053,40.712067566
-4.437042314,40.712066502
-4.437040363,40.712065680
-4.437038255,40.712065123
-4.437036054,40.712064848
-4.437033823,40.712064863
-4.437031629,40.712065167
-4.437029535,40.712065753
-4.437027602,40.712066601
-4.437025889,40.712067688
-4.437024445,40.712068982
-4.437023312,40.712070444
-4.437022524,40.712072032
-4.437022103,40.712073699
-4.437022063,40.712075397
-4.436965135,40.712079508
-4.436964577,40.712077931
-4.436963687,40.712076445
-4.436962488,40.712075091
-4.436961013,40.712073905
-4.436959301,40.712072919
-4.436957401,40.712072161
-4.436955362,40.712071650
-4.436953241,40.712071401
-4.436951095,40.712071421
-4.436948983,40.712071709
-4.436946961,40.712072257
-4.436945085,40.712073050
-4.436943406,40.712074067
-4.436941969,40.712075280
-4.436940813,40.712076656
-4.436939970,40.712078158
-4.436939463,40.712079745
-4.436939305,40.712081373
-4.436882246,40.712085494
-4.436881553,40.712083920
-4.436880524,40.712082455
-4.436879189,40.712081143
-4.436877584,40.712080018
-4.436875754,40.712079113
-4.436873752,40.712078453
-4.436871633,40.712078057
-4.436869457,40.712077936
-4.436867285,40.712078093
-4.436865178,40.712078523
-4.436863195,40.712079216
-4.436861392,40.712080150
-4.436859819,40.712081301
-4.436858520,40.712082635
-4.436857533,40.712084116
-4.436856885,40.712085701
-4.436856593,40.712087346
-4.436799312,40.712091483
-4.436798479,40.712089916
-4.436797308,40.712088480
-4.436795833,40.712087216
-4.436794098,40.712086161
-4.436792152,40.712085346
-4.436790052,40.712084794
-4.436787860,40.712084522
-4.436785639,40.712084538
-4.436783453,40.712084840
-4.436781367,40.712085421
-4.436779442,40.712086264
-4.436777732,40.712087343
-4.436776288,40.712088627
-4.436775152,40.712090080
-4.436774357,40.712091658
-4.436773927,40.712093316
-4.436716330,40.712097476
-4.436715353,40.712095921
-4.436714036,40.712094519
-4.436712420,40.712093312
-4.436710553,40.712092336
-4.436708492,40.712091621
-4.436706300,40.712091188
-4.436704042,40.712091051
-4.436701788,40.712091214
-4.436699604,40.712091672
-4.436697558,40.712092410
-4.436695711,40.712093407
-4.436694119,40.712094633
-4.436692830,40.712096050
-4.436691884,40.712097616
-4.436691308,40.712099283
-4.436633298,40.712103472
-4.436632257,40.712102033
-4.436630917,40.712100745
-4.436629316,40.712099643
-4.436627498,40.712098758
-4.436625512,40.712098113
-4.436623414,40.712097727
-4.436621261,40.712097610
-4.436619112,40.712097765
-4.436617026,40.712098188
-4.436615061,40.712098868
-4.436613270,40.712099785
-4.436611703,40.712100915
-4.436610403,40.712102226
-4.436609406,40.712103683
-4.436608739,40.712105245
-4.436550214,40.712109471
-4.436549033,40.712108062
-4.436547558,40.712106824
-4.436545830,40.712105792
-4.436543899,40.712104996
-4.436541819,40.712104459
-4.436539650,40.712104194
-4.436537454,40.712104211
-4.436535293,40.712104509
-4.436533228,40.712105079
-4.436531318,40.712105905
-4.436529619,40.712106963
-4.436528177,40.712108224
-4.436527034,40.712109651
-4.436526222,40.712111204
-4.436467074,40.712115475
-4.436465750,40.712114103
-4.436464137,40.712112924
-4.436462282,40.712111972
-4.436460241,40.712111276
-4.436458074,40.712110856
-4.436455844,40.712110725
-4.436453617,40.712110885
-4.436451459,40.712111334
-4.436449434,40.712112057
-4.436447601,40.712113033
-4.436446015,40.712114233
-4.436444723,40.712115622
-4.436443762,40.712117159
-4.436383872,40.712121484
-4.436382525,40.712120253
-4.436380935,40.712119204
-4.436379144,40.712118364
-4.436377198,40.712117754
-4.436375148,40.712117391
-4.436373049,40.712117283
-4.436370954,40.712117434
-4.436368918,40.712117840
-4.436366995,40.712118491
-4.436365235,40.712119368
-4.436363684,40.712120450
-4.436362382,40.712121708
-4.436361363,40.712123109
-4.436300601,40.712127497
-4.436299126,40.712126327
-4.436297421,40.712125356
-4.436295530,40.712124610
-4.436293505,40.712124108
-4.436291399,40.712123864
-4.436289269,40.712123884
-4.436287172,40.712124169
-4.436285164,40.712124710
-4.436283299,40.712125493
-4.436281627,40.712126497
-4.436280192,40.712127694
-4.436279032,40.712129054
-4.436217252,40.712133515
-4.436215653,40.712132419
-4.436213837,40.712131539
-4.436211856,40.712130898
-4.436209764,40.712130515
-4.436207616,40.712130399
-4.436205473,40.712130553
-4.436203393,40.712130975
-4.436201433,40.712131651
-4.436199645,40.712132564
-4.436198080,40.712133688
-4.436196780,40.712134994
-4.436133814,40.712139540
-4.436132095,40.712138534
-4.436130181,40.712137759
-4.436128124,40.712137236
-4.436125981,40.712136981
-4.436123812,40.712136999
-4.436121678,40.712137291
-4.436119637,40.712137849
-4.436117746,40.712138657
-4.436116057,40.712139692
-4.436114617,40.712140927
-4.436050264,40.712145574
-4.436048439,40.712144677
-4.436046445,40.712144024
-4.436044335,40.712143633
-4.436042169,40.712143513
-4.436040007,40.712143669
-4.436037910,40.712144097
-4.436035935,40.712144783
-4.436034137,40.712145710
-4.436032567,40.712146851
-4.435966570,40.712151617
-4.435964668,40.712150857
-4.435962627,40.712150345
-4.435960504,40.712150096
-4.435958356,40.712150115
-4.435956241,40.712150404
-4.435954217,40.712150952
-4.435952340,40.712151747
-4.435950659,40.712152766
-4.435889581,40.712157176
-4.435889156,40.712158840
-4.435888365,40.712160424
-4.435887231,40.712161882
-4.435885787,40.712163172
-4.435884075,40.712164256
-4.435882145,40.712165102
-4.435880055,40.712165685
-4.435877864,40.712165989
-4.435875637,40.712166004
-4.435873439,40.712165731
-4.435871335,40.712165176
-4.435869385,40.712164356
-4.435867648,40.712163296
-4.435866174,40.712162026
-4.435865005,40.712160584
-4.435864177,40.712159011
-4.435806912,40.712163146
-4.435806626,40.712164796
-4.435805982,40.712166386
-4.435804997,40.712167872
-4.435803699,40.712169212
-4.435802125,40.712170367
-4.435800319,40.712171306
-4.435798332,40.712172001
-4.435796220,40.712172433
-4.435794042,40.712172591
-4.435791861,40.712172468
-4.435789737,40.712172070
-4.435787731,40.712171406
-4.435785899,40.712170497
-4.435784294,40.712169367
-4.435782959,40.712168049
-4.435781933,40.712166579
-4.435781245,40.712164999
-4.435639586,40.712175227
-4.435640704,40.712184194
-4.435946863,40.712162087
-4.435947519,40.712163701
-4.435948525,40.712165207
-4.435949853,40.712166561
-4.435951464,40.712167723
-4.435953311,40.712168660
-4.435955340,40.712169345
-4.435957493,40.712169758
-4.435959706,40.712169886
-4.435961916,40.712169727
-4.435964059,40.712169284
-4.435966071,40.712168570
-4.435967894,40.712167607
-4.435969477,40.712166422
-4.435970771,40.712165050
-4.435971741,40.712163531
-4.435972357,40.712161908
-4.435972602,40.712160229
-4.436029779,40.712156100
-4.436030578,40.712157711
-4.436031730,40.712159191
-4.436033203,40.712160498
-4.436034950,40.712161591
-4.436036919,40.712162438
-4.436039052,40.712163012
-4.436041282,40.712163297
-4.436043544,40.712163284
-4.436045769,40.712162973
-4.436047889,40.712162374
-4.436049842,40.712161505
-4.436051567,40.712160391
-4.436053012,40.712159068
-4.436054135,40.712157574
-4.436054902,40.712155954
-4.436055288,40.712154258
-4.436112741,40.712150110
-4.436113618,40.712151616
-4.436114811,40.712152990
-4.436116286,40.712154195
-4.436118004,40.712155198
-4.436119916,40.712155970
-4.436121969,40.712156490
-4.436124108,40.712156745
-4.436126273,40.712156726
-4.436128403,40.712156435
-4.436130441,40.712155879
-4.436132329,40.712155074
-4.436134016,40.712154042
-4.436135455,40.712152811
-4.436136606,40.712151416
-4.436137438,40.712149895
-4.436137927,40.712148291
-4.436195751,40.712144115
-4.436196768,40.712145603
-4.436198099,40.712146939
-4.436199708,40.712148085
-4.436201547,40.712149008
-4.436203564,40.712149682
-4.436205702,40.712150088
-4.436207900,40.712150213
-4.436210093,40.712150055
-4.436212220,40.712149617
-4.436214220,40.712148913
-4.436216035,40.712147962
-4.436217613,40.712146792
-4.436218910,40.712145436
-4.436219887,40.712143934
-4.436220518,40.712142327
-4.436278813,40.712138117
-4.436279974,40.712139580
-4.436281447,40.712140870
-4.436283190,40.712141947
-4.436285150,40.712142781
-4.436287269,40.712143346
-4.436289484,40.712143625
-4.436291729,40.712143611
-4.436293938,40.712143304
-4.436296045,40.712142712
-4.436297986,40.712141854
-4.436299705,40.712140755
-4.436301150,40.712139447
-4.436302279,40.712137970
-4.436303057,40.712136367
-4.436361930,40.712132115
-4.436363135,40.712133450
-4.436364609,40.712134617
-4.436366314,40.712135586
-4.436368203,40.712136330
-4.436370227,40.712136831
-4.436372330,40.712137074
-4.436374458,40.712137053
-4.436376552,40.712136769
-4.436378558,40.712136229
-4.436380422,40.712135448
-4.436382093,40.712134446
-4.436383528,40.712133251
-4.436384687,40.712131893
-4.436385541,40.712130410
-4.436445106,40.712126109
-4.436446445,40.712127399
-4.436448046,40.712128502
-4.436449865,40.712129389
-4.436451852,40.712130035
-4.436453952,40.712130422
-4.436456106,40.712130539
-4.436458257,40.712130384
-4.436460344,40.712129960
-4.436462311,40.712129280
-4.436464102,40.712128361
-4.436465670,40.712127230
-4.436466969,40.712125917
-4.436467966,40.712124458
-4.436528346,40.712120098
-4.436529821,40.712121333
-4.436531548,40.712122362
-4.436533478,40.712123156
-4.436535555,40.712123692
-4.436537721,40.712123955
-4.436539914,40.712123938
-4.436542073,40.712123641
-4.436544135,40.712123073
-4.436546042,40.712122249
-4.436547741,40.712121193
-4.436549183,40.712119935
-4.436550327,40.712118511
-4.436611660,40.712114082
-4.436613272,40.712115249
-4.436615121,40.712116191
-4.436617154,40.712116880
-4.436619312,40.712117295
-4.436621530,40.712117424
-4.436623746,40.712117264
-4.436625893,40.712116819
-4.436627909,40.712116103
-4.436629736,40.712115136
-4.436631319,40.712113946
-4.436632613,40.712112569
-4.436695060,40.712108059
-4.436696805,40.712109144
-4.436698769,40.712109984
-4.436700895,40.712110554
-4.436703117,40.712110836
-4.436705371,40.712110822
-4.436707587,40.712110513
-4.436709701,40.712109918
-4.436711647,40.712109054
-4.436713369,40.712107948
-4.436714815,40.712106632
-4.436778559,40.712102029
-4.436780233,40.712102926
-4.436782070,40.712103612
-4.436784026,40.712104070
-4.436786053,40.712104290
-4.436788099,40.712104265
-4.436790115,40.712103996
-4.436792051,40.712103491
-4.436793859,40.712102760
-4.436795494,40.712101824
-4.436796916,40.712100704
-4.436862187,40.712095990
-4.436863935,40.712096765
-4.436865820,40.712097325
-4.436867797,40.712097656
-4.436869816,40.712097749
-4.436871831,40.712097604
-4.436873791,40.712097223
-4.436875650,40.712096615
-4.436877363,40.712095795
-4.436878889,40.712094784
-4.436945985,40.712089938
-4.436948029,40.712090638
-4.436950201,40.712091060
-4.436952435,40.712091192
-4.436954667,40.712091031
-4.436956829,40.712090581
-4.436958857,40.712089856
-4.436960692,40.712088876
-4.437030035,40.712083868
-4.437032056,40.712084368
-4.437034158,40.712084611
-4.437036284,40.712084590
-4.437038377,40.712084306
-4.437040381,40.712083767
-4.437042243,40.712082987
-4.439005454,40.711941191
-4.439005640,40.711950225
-4.435641822,40.712193161
-4.435713968,40.712196999
-4.439005825,40.711959259
-4.439006011,40.711968293
-4.435715086,40.712205966
-4.435716204,40.712214933
-4.439006196,40.711977328
-4.439006382,40.711986362
-4.438947667,40.711990603
-4.438945802,40.711989630
-4.438943743,40.711988916
-4.438941553,40.711988485
-4.438939299,40.711988349
-4.438937047,40.711988512
-4.438934866,40.711988968
-4.438932822,40.711989705
-4.438930976,40.711990700
-4.438929385,40.711991924
-4.438864033,40.711996644
-4.438862064,40.711995798
-4.438859932,40.711995224
-4.438857702,40.711994939
-4.438855440,40.711994953
-4.438853216,40.711995263
-4.438851096,40.711995862
-4.438849144,40.711996731
-4.438847419,40.711997844
-4.438780226,40.712002698
-4.438778195,40.712002011
-4.438776039,40.712001597
-4.438773823,40.712001468
-4.438771610,40.712001628
-4.438769466,40.712002072
-4.438767451,40.712002787
-4.438765626,40.712003752
-4.438696163,40.712008770
-4.438694162,40.712008284
-4.438692085,40.712008049
-4.438689984,40.712008071
-4.438687916,40.712008350
-4.438685934,40.712008878
-4.438684089,40.712009642
-4.435717322,40.712223900
-4.435718440,40.712232866
-4.437442532,40.712108363
-4.437444244,40.712107545
-4.437446102,40.712106938
-4.437448061,40.712106557
-4.437450074,40.712106412
-4.437452092,40.712106505
-4.437454067,40.712106835
-4.437455951,40.712107394
-4.437524212,40.712102464
-4.437525875,40.712101478
-4.437527726,40.712100708
-4.437529716,40.712100177
-4.437531792,40.712099896
-4.437533901,40.712099874
-4.437535986,40.712100112
-4.437537994,40.712100602
-4.437539872,40.712101333
-4.437606099,40.712096550
-4.437607661,40.712095437
-4.437609441,40.712094534
-4.437611391,40.712093865
-4.437613459,40.712093448
-4.437615589,40.712093294
-4.437617724,40.712093407
-4.437619805,40.712093785
-4.437621776,40.712094418
-4.437623585,40.712095287
-4.437688135,40.712090625
-4.437689571,40.712089416
-4.437691249,40.712088403
-4.437693122,40.712087612
-4.437695140,40.712087066
-4.437697248,40.712086779
-4.437699390,40.712086759
-4.437701507,40.712087007
-4.437703542,40.712087515
-4.437705440,40.712088270
-4.437707150,40.712089252
-4.437770283,40.712084692
-4.437771584,40.712083409
-4.437773143,40.712082305
-4.437774918,40.712081408
-4.437776861,40.712080744
-4.437778920,40.712080330
-4.437781041,40.712080177
-4.437783166,40.712080289
-4.437785238,40.712080663
-4.437787203,40.712081289
-4.437789007,40.712082151
-4.437790603,40.712083225
-4.437852524,40.712078752
-4.437853688,40.712077412
-4.437855120,40.712076233
-4.437856784,40.712075245
-4.437858636,40.712074475
-4.437860627,40.712073942
-4.437862705,40.712073661
-4.437864815,40.712073640
-4.437866902,40.712073878
-4.437868911,40.712074369
-4.437870790,40.712075101
-4.437872488,40.712076055
-4.437873962,40.712077204
-4.437934846,40.712072807
-4.437935969,40.712071314
-4.437937415,40.712069992
-4.437939139,40.712068880
-4.437941090,40.712068012
-4.437943209,40.712067414
-4.437945433,40.712067103
-4.437947693,40.712067090
-4.437949922,40.712067374
-4.437952053,40.712067948
-4.437954021,40.712068793
-4.437955768,40.712069884
-4.437957241,40.712071189
-4.438017236,40.712066856
-4.438018205,40.712065336
-4.438019500,40.712063964
-4.438021082,40.712062779
-4.438022906,40.712061816
-4.438024918,40.712061103
-4.438027060,40.712060660
-4.438029270,40.712060500
-4.438031484,40.712060629
-4.438033636,40.712061041
-4.438035665,40.712061726
-4.438037512,40.712062663
-4.438039123,40.712063826
-4.438040451,40.712065179
-4.438099688,40.712060901
-4.438100509,40.712059363
-4.438101656,40.712057951
-4.438103097,40.712056705
-4.438104791,40.712055659
-4.438106690,40.712054843
-4.438108742,40.712054280
-4.438110889,40.712053985
-4.438113070,40.712053967
-4.438115224,40.712054227
-4.438117292,40.712054756
-4.438119214,40.712055541
-4.438120937,40.712056559
-4.438122412,40.712057781
-4.438123599,40.712059174
-4.438182197,40.712054941
-4.438182876,40.712053393
-4.438183879,40.712051950
-4.438185179,40.712050652
-4.438186743,40.712049535
-4.438188526,40.712048628
-4.438190480,40.712047955
-4.438192553,40.712047536
-4.438194689,40.712047382
-4.438196828,40.712047497
-4.438198914,40.712047877
-4.438200890,40.712048513
-4.438202701,40.712049387
-4.438204299,40.712050475
-4.438205641,40.712051749
-4.438206690,40.712053172
-4.438264760,40.712048978
-4.438265348,40.712047325
-4.438266302,40.712045773
-4.438267593,40.712044370
-4.438269182,40.712043156
-4.438271022,40.712042169
-4.438273058,40.712041438
-4.438275229,40.712040985
-4.438277470,40.712040823
-4.438279714,40.712040958
-4.438281894,40.712041384
-4.438283945,40.712042090
-4.438285806,40.712043054
-4.438287421,40.712044248
-4.438288741,40.712045635
-4.438289728,40.712047175
-4.438347372,40.712043011
-4.438347816,40.712041365
-4.438348619,40.712039799
-4.438349759,40.712038359
-4.438351202,40.712037086
-4.438352906,40.712036018
-4.438354824,40.712035184
-4.438356899,40.712034608
-4.438359073,40.712034308
-4.438361281,40.712034292
-4.438363462,40.712034560
-4.438365552,40.712035104
-4.438367490,40.712035910
-4.438369222,40.712036953
-4.438370697,40.712038204
-4.438371873,40.712039627
-4.438372716,40.712041180
-4.438430032,40.712037040
-4.438430338,40.712035405
-4.438430996,40.712033832
-4.438431988,40.712032363
-4.438433287,40.712031040
-4.438434857,40.712029900
-4.438436654,40.712028974
-4.438438628,40.712028288
-4.438440725,40.712027861
-4.438442885,40.712027705
-4.438445050,40.712027824
-4.438447158,40.712028215
-4.438449152,40.712028867
-4.438450976,40.712029763
-4.438452579,40.712030876
-4.438453917,40.712032176
-4.438454952,40.712033628
-4.438455656,40.712035190
-4.438512739,40.712031067
-4.438512932,40.712029353
-4.438513512,40.712027690
-4.438514461,40.712026129
-4.438515750,40.712024717
-4.438517341,40.712023495
-4.438519186,40.712022501
-4.438521229,40.712021765
-4.438523408,40.712021309
-4.438525658,40.712021146
-4.438527912,40.712021282
-4.438530100,40.712021713
-4.438532158,40.712022425
-4.438534022,40.712023397
-4.438535638,40.712024600
-4.438536956,40.712025997
-4.438537937,40.712027547
-4.438538550,40.712029202
-4.438595490,40.712025089
-4.438595546,40.712023401
-4.438595978,40.712021744
-4.438596774,40.712020167
-4.438597910,40.712018716
-4.438599354,40.712017433
-4.438601063,40.712016355
-4.438602988,40.712015513
-4.438605073,40.712014933
-4.438607257,40.712014631
-4.438609476,40.712014615
-4.438611667,40.712014886
-4.438613766,40.712015437
-4.438615711,40.712016251
-4.438617446,40.712017305
-4.438618921,40.712018567
-4.438620092,40.712020002
-4.438620927,40.712021567
-4.438621399,40.712023218
-4.438678286,40.712019109
-4.438678740,40.712020774
-4.438679562,40.712022355
-4.438680727,40.712023806
-4.438682201,40.712025085
-4.438683941,40.712026152
-4.438685895,40.712026978
-4.438688005,40.712027537
-4.438690211,40.712027813
-4.438692445,40.712027798
-4.438694644,40.712027493
-4.438696741,40.712026906
-4.438698676,40.712026054
-4.438700391,40.712024964
-4.438701835,40.712023666
-4.438702967,40.712022200
-4.438703752,40.712020608
-4.438704169,40.712018937
-4.438704203,40.712017237
-4.438761127,40.712013125
-4.438761680,40.712014706
-4.438762567,40.712016196
-4.438763765,40.712017555
-4.438765240,40.712018746
-4.438766953,40.712019735
-4.438768856,40.712020496
-4.438770898,40.712021009
-4.438773023,40.712021259
-4.438775173,40.712021239
-4.438777290,40.712020951
-4.438779315,40.712020401
-4.438781194,40.712019605
-4.438782875,40.712018585
-4.438784312,40.712017368
-4.438785467,40.712015988
-4.438786307,40.712014482
-4.438786810,40.712012891
-4.438786962,40.712011259
-4.438844013,40.712007138
-4.438844702,40.712008717
-4.438845728,40.712010186
-4.438847063,40.712011503
-4.438848669,40.712012632
-4.438850500,40.712013541
-4.438852505,40.712014203
-4.438854628,40.712014601
-4.438856809,40.712014723
-4.438858985,40.712014566
-4.438861096,40.712014134
-4.438863083,40.712013439
-4.438864888,40.712012501
-4.438866462,40.712011347
-4.438867760,40.712010008
-4.438868746,40.712008523
-4.438869390,40.712006933
-4.438869677,40.712005284
-4.438926945,40.712001147
-4.438927774,40.712002719
-4.438928943,40.712004161
-4.438930417,40.712005430
-4.438932154,40.712006489
-4.438934103,40.712007308
-4.438936206,40.712007862
-4.438938403,40.712008135
-4.438940629,40.712008120
-4.438942819,40.712007816
-4.438944909,40.712007233
-4.438946838,40.712006388
-4.438948549,40.712005305
-4.438949993,40.712004016
-4.438951128,40.712002558
-4.438951919,40.712000975
-4.438952345,40.711999313
-4.439006567,40.711995396
-4.439006753,40.712004430
-4.438615848,40.712032666
-4.438613940,40.712033491
-4.438611877,40.712034060
-4.438609717,40.712034358
-4.438607523,40.712034375
-4.438605356,40.712034111
-4.438603278,40.712033574
-4.438534258,40.712038560
-4.438532643,40.712039464
-4.438530864,40.712040168
-4.438528965,40.712040656
-4.438526989,40.712040917
-4.438524985,40.712040944
-4.438522999,40.712040736
-4.438521078,40.712040299
-4.438519268,40.712039642
-4.438452428,40.712044470
-4.438450891,40.712045511
-4.438449159,40.712046354
-4.438447273,40.712046979
-4.438445281,40.712047371
-4.438443234,40.712047519
-4.438441181,40.712047419
-4.438439175,40.712047075
-4.438437264,40.712046495
-4.438435498,40.712045693
-4.438370437,40.712050393
-4.438369010,40.712051538
-4.438367363,40.712052497
-4.438365536,40.712053244
-4.438363576,40.712053761
-4.438361534,40.712054035
-4.438359460,40.712054058
-4.438357407,40.712053831
-4.438355428,40.712053359
-4.438353573,40.712052653
-4.438351888,40.712051732
-4.438288323,40.712056324
-4.438287021,40.712057550
-4.438285479,40.712058604
-4.438283737,40.712059459
-4.438281839,40.712060092
-4.438279833,40.712060488
-4.438277770,40.712060638
-4.438275702,40.712060536
-4.438273681,40.712060185
-4.438271759,40.712059595
-4.438269984,40.712058781
-4.438268402,40.712057762
-4.438206109,40.712062262
-4.438204818,40.712063661
-4.438203229,40.712064871
-4.438201392,40.712065855
-4.438199359,40.712066583
-4.438197191,40.712067035
-4.438194954,40.712067197
-4.438192714,40.712067063
-4.438190537,40.712066639
-4.438188489,40.712065935
-4.438186630,40.712064975
-4.438185016,40.712063785
-4.438123813,40.712068206
-4.438122674,40.712069649
-4.438121231,40.712070926
-4.438119525,40.712071997
-4.438117605,40.712072834
-4.438115526,40.712073411
-4.438113349,40.712073712
-4.438111137,40.712073728
-4.438108953,40.712073459
-4.438106860,40.712072912
-4.438104919,40.712072104
-4.438103187,40.712071057
-4.438101712,40.712069802
-4.438041444,40.712074155
-4.438040455,40.712075631
-4.438039156,40.712076961
-4.438037585,40.712078108
-4.438035784,40.712079039
-4.438033804,40.712079729
-4.438031701,40.712080158
-4.438029533,40.712080315
-4.438027362,40.712080194
-4.438025247,40.712079800
-4.438023248,40.712079143
-4.438021420,40.712078242
-4.438019816,40.712077122
-4.438018480,40.712075814
-4.437959011,40.712080109
-4.437958167,40.712081608
-4.437957010,40.712082981
-4.437955574,40.712084191
-4.437953896,40.712085205
-4.437952022,40.712085996
-4.437950003,40.712086543
-4.437947893,40.712086830
-4.437945750,40.712086850
-4.437943632,40.712086602
-4.437941596,40.712086093
-4.437939697,40.712085337
-4.437937987,40.712084355
-4.437936512,40.712083172
-4.437935312,40.712081821
-4.437876520,40.712086067
-4.437875752,40.712087685
-4.437874629,40.712089177
-4.437873183,40.712090499
-4.437871459,40.712091611
-4.437869507,40.712092479
-4.437867388,40.712093078
-4.437865165,40.712093388
-4.437862905,40.712093402
-4.437860676,40.712093117
-4.437858545,40.712092544
-4.437856576,40.712091699
-4.437854829,40.712090607
-4.437853357,40.712089302
-4.437852203,40.712087823
-4.437793974,40.712092029
-4.437793355,40.712093649
-4.437792384,40.712095165
-4.437791089,40.712096535
-4.437789508,40.712097717
-4.437787686,40.712098678
-4.437785676,40.712099390
-4.437783536,40.712099832
-4.437781329,40.712099991
-4.437779118,40.712099863
-4.437776968,40.712099452
-4.437774941,40.712098769
-4.437773096,40.712097834
-4.437771485,40.712096675
-4.437770157,40.712095324
-4.437769148,40.712093822
-4.437711378,40.712097994
-4.437710901,40.712099611
-4.437710078,40.712101144
-4.437708930,40.712102552
-4.437707489,40.712103795
-4.437705797,40.712104837
-4.437703900,40.712105651
-4.437701852,40.712106212
-4.437699709,40.712106506
-4.437697532,40.712106524
-4.437695381,40.712106266
-4.437693317,40.712105739
-4.437691397,40.712104957
-4.437689675,40.712103943
-4.437688200,40.712102725
-4.437687012,40.712101336
-4.437686144,40.712099817
-4.437628732,40.712103963
-4.437628393,40.712105571
-4.437627711,40.712107116
-4.437626707,40.712108554
-4.437625406,40.712109848
-4.437623844,40.712110962
-4.437622063,40.712111866
-4.437620112,40.712112536
-4.437618042,40.712112954
-4.437615911,40.712113108
-4.437613775,40.712112994
-4.437611693,40.712112615
-4.437609721,40.712111982
-4.437607911,40.712111111
-4.437606314,40.712110027
-4.437604971,40.712108758
-4.437603920,40.712107339
-4.437603189,40.712105808
-4.437546041,40.712109935
-4.437545810,40.712111624
-4.437545204,40.712113258
-4.437544240,40.712114789
-4.437542947,40.712116173
-4.437541362,40.712117368
-4.437539532,40.712118340
-4.437537512,40.712119060
-4.437535359,40.712119506
-4.437533137,40.712119667
-4.437530913,40.712119536
-4.437528750,40.712119119
-4.437526713,40.712118426
-4.437524861,40.712117479
-4.437523248,40.712116305
-4.437521923,40.712114939
-4.437520924,40.712113421
-4.437520280,40.712111796
-4.437463304,40.712115911
-4.437463209,40.712117577
-4.437462748,40.712119209
-4.437461934,40.712120758
-4.437460790,40.712122181
-4.437459349,40.712123438
-4.437457650,40.712124493
-4.437455743,40.712125317
-4.437453682,40.712125885
-4.437451524,40.712126182
-4.437449332,40.712126199
-4.437447167,40.712125936
-4.437445090,40.712125400
-4.437443161,40.712124607
-4.437441435,40.712123579
-4.437439959,40.712122345
-4.437438777,40.712120940
-4.437437921,40.712119404
-4.437437416,40.712117780
-4.437380522,40.712121889
-4.437380102,40.712120198
-4.437379303,40.712118587
-4.437378150,40.712117106
-4.437376678,40.712115800
-4.437374931,40.712114706
-4.437372961,40.712113860
-4.437370829,40.712113285
-4.437368598,40.712113000
-4.437366336,40.712113013
-4.437364111,40.712113324
-4.437361990,40.712113924
-4.437360038,40.712114793
-4.437358313,40.712115906
-4.437356867,40.712117230
-4.437355744,40.712118725
-4.437354978,40.712120344
-4.437354592,40.712122040
-4.437354597,40.712123762
-4.437297695,40.712127871
-4.437297173,40.712126262
-4.437296306,40.712124742
-4.437295118,40.712123354
-4.437293642,40.712122135
-4.437291920,40.712121121
-4.437290000,40.712120339
-4.437287936,40.712119811
-4.437285785,40.712119553
-4.437283608,40.712119571
-4.437281464,40.712119865
-4.437279416,40.712120427
-4.437277519,40.712121240
-4.437275826,40.712122283
-4.437274386,40.712123526
-4.437273238,40.712124934
-4.437272415,40.712126468
-4.437271939,40.712128085
-4.437271823,40.712129740
-4.437214824,40.712133856
-4.437214163,40.712132247
-4.437213154,40.712130746
-4.437211825,40.712129397
-4.437210215,40.712128239
-4.437208370,40.712127306
-4.437206344,40.712126624
-4.437204196,40.712126213
-4.437201987,40.712126086
-4.437199781,40.712126245
-4.437197643,40.712126687
-4.437195634,40.712127398
-4.437193813,40.712128357
-4.437192232,40.712129538
-4.437190937,40.712130906
-4.437189965,40.712132421
-4.437189345,40.712134039
-4.437189094,40.712135714
-4.437131906,40.712139844
-4.437131104,40.712138239
-4.437129949,40.712136763
-4.437128476,40.712135461
-4.437126730,40.712134373
-4.437124763,40.712133530
-4.437122635,40.712132958
-4.437120408,40.712132675
-4.437118151,40.712132688
-4.437115931,40.712132998
-4.437113814,40.712133595
-4.437111865,40.712134461
-4.437110142,40.712135571
-4.437108696,40.712136890
-4.437107572,40.712138379
-4.437106802,40.712139994
-4.437106411,40.712141685
-4.437048942,40.712145836
-4.437048062,40.712144335
-4.437046868,40.712142965
-4.437045392,40.712141765
-4.437043676,40.712140766
-4.437041767,40.712139998
-4.437039717,40.712139480
-4.437037583,40.712139227
-4.437035423,40.712139246
-4.437033297,40.712139536
-4.437031263,40.712140090
-4.437029378,40.712140892
-4.437027693,40.712141921
-4.437026254,40.712143147
-4.437025102,40.712144537
-4.437024267,40.712146053
-4.437023774,40.712147653
-4.436965929,40.712151831
-4.436964910,40.712150349
-4.436963577,40.712149018
-4.436961970,40.712147877
-4.436960133,40.712146959
-4.436958119,40.712146288
-4.436955985,40.712145885
-4.436953793,40.712145760
-4.436951605,40.712145918
-4.436949482,40.712146354
-4.436947487,40.712147056
-4.436945674,40.712148003
-4.436944097,40.712149168
-4.436942801,40.712150519
-4.436941821,40.712152016
-4.436941186,40.712153618
-4.436882865,40.712157829
-4.436881702,40.712156373
-4.436880228,40.712155089
-4.436878487,40.712154017
-4.436876530,40.712153188
-4.436874416,40.712152626
-4.436872206,40.712152348
-4.436869966,40.712152363
-4.436867763,40.712152669
-4.436865661,40.712153258
-4.436863723,40.712154113
-4.436862006,40.712155207
-4.436860562,40.712156510
-4.436859431,40.712157981
-4.436858649,40.712159578
-4.436799745,40.712163832
-4.436798539,40.712162504
-4.436797064,40.712161343
-4.436795362,40.712160379
-4.436793476,40.712159639
-4.436791458,40.712159141
-4.436789360,40.712158900
-4.436787238,40.712158921
-4.436785149,40.712159204
-4.436783148,40.712159741
-4.436781289,40.712160519
-4.436779620,40.712161516
-4.436778186,40.712162706
-4.436777025,40.712164058
-4.436776168,40.712165535
-4.436716567,40.712169839
-4.436715227,40.712168556
-4.436713627,40.712167458
-4.436711811,40.712166577
-4.436709829,40.712165935
-4.436707735,40.712165551
-4.436705586,40.712165434
-4.436703442,40.712165589
-4.436701360,40.712166011
-4.436699398,40.712166688
-4.436697610,40.712167602
-4.436696045,40.712168728
-4.436694744,40.712170035
-4.436693745,40.712171487
-4.436633323,40.712175850
-4.436631848,40.712174623
-4.436630123,40.712173600
-4.436628198,40.712172812
-4.436626126,40.712172280
-4.436623967,40.712172019
-4.436621781,40.712172036
-4.436619630,40.712172332
-4.436617574,40.712172897
-4.436615671,40.712173716
-4.436613975,40.712174766
-4.436612534,40.712176017
-4.436611388,40.712177434
-4.436550005,40.712181867
-4.436548394,40.712180707
-4.436546549,40.712179773
-4.436544522,40.712179090
-4.436542372,40.712178678
-4.436540161,40.712178550
-4.436537954,40.712178710
-4.436535814,40.712179152
-4.436533804,40.712179864
-4.436531982,40.712180825
-4.436530401,40.712182007
-4.436529106,40.712183376
-4.436466602,40.712187890
-4.436464860,40.712186813
-4.436462900,40.712185981
-4.436460782,40.712185416
-4.436458569,40.712185137
-4.436456325,40.712185151
-4.436454117,40.712185459
-4.436452012,40.712186050
-4.436450071,40.712186907
-4.436448353,40.712188005
-4.436446908,40.712189312
-4.436383096,40.712193920
-4.436381230,40.712192946
-4.436379171,40.712192233
-4.436376982,40.712191802
-4.436374727,40.712191665
-4.436372475,40.712191828
-4.436370294,40.712192285
-4.436368250,40.712193022
-4.436366404,40.712194017
-4.436364813,40.712195240
-4.436299461,40.712199959
-4.436297491,40.712199113
-4.436295359,40.712198539
-4.436293129,40.712198254
-4.436290868,40.712198267
-4.436288643,40.712198578
-4.436286523,40.712199177
-4.436284571,40.712200046
-4.436282846,40.712201159
-4.436215653,40.712206011
-4.436213622,40.712205324
-4.436211467,40.712204910
-4.436209250,40.712204781
-4.436207037,40.712204941
-4.436204892,40.712205385
-4.436202878,40.712206100
-4.436201053,40.712207065
-4.436131590,40.712212081
-4.436129589,40.712211595
-4.436127511,40.712211360
-4.436125411,40.712211382
-4.436123343,40.712211661
-4.436121360,40.712212189
-4.436119515,40.712212953
-4.435719559,40.712241833
-4.435720677,40.712250800
-4.435782796,40.712246315
-4.435783240,40.712244668
-4.435784043,40.712243102
-4.435785183,40.712241662
-4.435786626,40.712240390
-4.435788330,40.712239321
-4.435790248,40.712238487
-4.435792324,40.712237912
-4.435794497,40.712237612
-4.435796706,40.712237595
-4.435798886,40.712237864
-4.435800976,40.712238408
-4.435802914,40.712239214
-4.435804646,40.712240257
-4.435806121,40.712241508
-4.435807297,40.712242931
-4.435808140,40.712244484
-4.435865457,40.712240346
-4.435865762,40.712238711
-4.435866420,40.712237137
-4.435867412,40.712235668
-4.435868712,40.712234346
-4.435870282,40.712233205
-4.435872079,40.712232279
-4.435874053,40.712231593
-4.435876149,40.712231167
-4.435878310,40.712231011
-4.435880475,40.712231130
-4.435882583,40.712231521
-4.435884577,40.712232173
-4.435886401,40.712233068
-4.435888004,40.712234182
-4.435889342,40.712235482
-4.435890377,40.712236933
-4.435891081,40.712238496
-4.435948163,40.712234374
-4.435948357,40.712232660
-4.435948937,40.712230998
-4.435949886,40.712229437
-4.435951175,40.712228024
-4.435952767,40.712226803
-4.435954611,40.712225809
-4.435956654,40.712225073
-4.435958833,40.712224617
-4.435961084,40.712224454
-4.435963337,40.712224590
-4.435965525,40.712225021
-4.435967583,40.712225733
-4.435969447,40.712226705
-4.435971063,40.712227908
-4.435972381,40.712229305
-4.435973362,40.712230855
-4.435973975,40.712232510
-4.436030915,40.712228398
-4.436030971,40.712226710
-4.436031404,40.712225053
-4.436032199,40.712223476
-4.436033336,40.712222025
-4.436034779,40.712220742
-4.436036489,40.712219664
-4.436038414,40.712218822
-4.436040498,40.712218242
-4.436042682,40.712217940
-4.436044902,40.712217924
-4.436047093,40.712218196
-4.436049192,40.712218746
-4.436051137,40.712219560
-4.436052872,40.712220614
-4.436054347,40.712221877
-4.436055518,40.712223312
-4.436056352,40.712224877
-4.436056825,40.712226527
-4.436113712,40.712222420
-4.436114166,40.712224085
-4.436114988,40.712225666
-4.436116153,40.712227117
-4.436117627,40.712228395
-4.436119367,40.712229463
-4.436121321,40.712230288
-4.436123431,40.712230848
-4.436125636,40.712231124
-4.436127871,40.712231109
-4.436130070,40.712230804
-4.436132167,40.712230217
-4.436134102,40.712229366
-4.436135817,40.712228275
-4.436137261,40.712226978
-4.436138393,40.712225511
-4.436139178,40.712223919
-4.436139595,40.712222249
-4.436139629,40.712220548
-4.436196553,40.712216438
-4.436197106,40.712218019
-4.436197994,40.712219509
-4.436199192,40.712220868
-4.436200667,40.712222058
-4.436202379,40.712223048
-4.436204283,40.712223809
-4.436206324,40.712224322
-4.436208449,40.712224572
-4.436210600,40.712224552
-4.436212716,40.712224264
-4.436214741,40.712223714
-4.436216620,40.712222918
-4.436218301,40.712221898
-4.436219738,40.712220681
-4.436220893,40.712219301
-4.436221734,40.712217795
-4.436222237,40.712216204
-4.436222389,40.712214572
-4.436279440,40.712210452
-4.436280129,40.712212031
-4.436281155,40.712213500
-4.436282490,40.712214818
-4.436284096,40.712215947
-4.436285927,40.712216855
-4.436287932,40.712217518
-4.436290055,40.712217916
-4.436292235,40.712218038
-4.436294412,40.712217881
-4.436296523,40.712217449
-4.436298510,40.712216754
-4.436300315,40.712215816
-4.436301889,40.712214662
-4.436303187,40.712213323
-4.436304173,40.712211838
-4.436304818,40.712210248
-4.436305104,40.712208599
-4.436362372,40.712204464
-4.436363201,40.712206036
-4.436364370,40.712207477
-4.436365845,40.712208746
-4.436367582,40.712209805
-4.436369530,40.712210624
-4.436371634,40.712211178
-4.436373831,40.712211452
-4.436376056,40.712211436
-4.436378246,40.712211133
-4.436380336,40.712210550
-4.436382265,40.712209704
-4.436383977,40.712208621
-4.436385421,40.712207332
-4.436386555,40.712205875
-4.436387347,40.712204292
-4.436387773,40.712202630
-4.436445352,40.712198472
-4.436446255,40.712199938
-4.436447460,40.712201273
-4.436448935,40.712202441
-4.436450639,40.712203410
-4.436452529,40.712204155
-4.436454553,40.712204656
-4.436456657,40.712204899
-4.436458785,40.712204878
-4.436460880,40.712204594
-4.436462886,40.712204054
-4.436464750,40.712203272
-4.436466422,40.712202270
-4.436467856,40.712201074
-4.436469016,40.712199716
-4.436469869,40.712198233
-4.436470394,40.712196663
-4.436528381,40.712192476
-4.436529420,40.712193920
-4.436530759,40.712195214
-4.436532361,40.712196321
-4.436534182,40.712197210
-4.436536171,40.712197858
-4.436538274,40.712198247
-4.436540432,40.712198365
-4.436542586,40.712198209
-4.436544677,40.712197784
-4.436546646,40.712197102
-4.436548439,40.712196181
-4.436550008,40.712195046
-4.436551307,40.712193730
-4.436552302,40.712192268
-4.436552966,40.712190701
-4.436611463,40.712186476
-4.436612642,40.712187892
-4.436614117,40.712189136
-4.436615847,40.712190173
-4.436617781,40.712190973
-4.436619865,40.712191514
-4.436622040,40.712191780
-4.436624242,40.712191763
-4.436626408,40.712191464
-4.436628478,40.712190892
-4.436630391,40.712190062
-4.436632093,40.712188999
-4.436633536,40.712187733
-4.436634677,40.712186300
-4.436635485,40.712184741
-4.436694601,40.712180472
-4.436695924,40.712181851
-4.436697537,40.712183036
-4.436699394,40.712183993
-4.436701440,40.712184693
-4.436703613,40.712185116
-4.436705849,40.712185249
-4.436708082,40.712185088
-4.436710245,40.712184637
-4.436712275,40.712183911
-4.436714111,40.712182930
-4.436715698,40.712181725
-4.436716990,40.712180330
-4.436717948,40.712178786
-4.436777800,40.712174464
-4.436779146,40.712175701
-4.436780737,40.712176757
-4.436782532,40.712177602
-4.436784482,40.712178216
-4.436786538,40.712178582
-4.436788644,40.712178691
-4.436790745,40.712178539
-4.436792787,40.712178131
-4.436794715,40.712177477
-4.436796478,40.712176595
-4.436798032,40.712175508
-4.436799334,40.712174243
-4.436800350,40.712172836
-4.436861067,40.712168451
-4.436862542,40.712169628
-4.436864250,40.712170606
-4.436866145,40.712171358
-4.436868177,40.712171864
-4.436870289,40.712172110
-4.436872427,40.712172089
-4.436874531,40.712171803
-4.436876545,40.712171259
-4.436878415,40.712170472
-4.436880091,40.712169462
-4.436881527,40.712168257
-4.436882684,40.712166890
-4.436944411,40.712162432
-4.436946013,40.712163536
-4.436947832,40.712164424
-4.436949819,40.712165070
-4.436951920,40.712165457
-4.436954075,40.712165575
-4.436956226,40.712165419
-4.436958314,40.712164995
-4.436960281,40.712164314
-4.436962073,40.712163395
-4.436963641,40.712162263
-4.436964941,40.712160950
-4.437027846,40.712156407
-4.437029568,40.712157422
-4.437031488,40.712158204
-4.437033553,40.712158732
-4.437035705,40.712158991
-4.437037883,40.712158973
-4.437040027,40.712158679
-4.437042076,40.712158117
-4.437043974,40.712157303
-4.437045666,40.712156259
-4.437047107,40.712155016
-4.437111389,40.712150373
-4.437113219,40.712151280
-4.437115223,40.712151940
-4.437117343,40.712152337
-4.437119520,40.712152459
-4.437121694,40.712152302
-4.437123803,40.712151871
-4.437125787,40.712151178
-4.437127591,40.712150242
-4.437129164,40.712149090
-4.437195074,40.712144330
-4.437196985,40.712145101
-4.437199038,40.712145621
-4.437201176,40.712145875
-4.437203340,40.712145857
-4.437205469,40.712145565
-4.437207506,40.712145010
-4.437209394,40.712144205
-4.437211081,40.712143174
-4.437278952,40.712138272
-4.437280890,40.712138876
-4.437282931,40.712139236
-4.437285021,40.712139341
-4.437287107,40.712139191
-4.437289133,40.712138788
-4.437291049,40.712138142
-4.437292804,40.712137272
-4.437363133,40.712132193
-4.437364978,40.712132587
-4.437366880,40.712132771
-4.437368796,40.712132740
-4.437370686,40.712132496
-4.437372508,40.712132043
-4.437374223,40.712131392
-4.439006938,40.712013464
-4.439007124,40.712022498
-4.436051273,40.712235976
-4.436049365,40.712236800
-4.436047302,40.712237369
-4.436045143,40.712237667
-4.436042948,40.712237684
-4.436040781,40.712237420
-4.436038703,40.712236884
-4.435969684,40.712241867
-4.435968068,40.712242771
-4.435966290,40.712243476
-4.435964390,40.712243965
-4.435962414,40.712244225
-4.435960409,40.712244252
-4.435958422,40.712244044
-4.435956501,40.712243607
-4.435954691,40.712242950
-4.435887852,40.712247776
-4.435886315,40.712248817
-4.435884583,40.712249660
-4.435882697,40.712250285
-4.435880705,40.712250676
-4.435878658,40.712250824
-4.435876605,40.712250725
-4.435874599,40.712250381
-4.435872688,40.712249801
-4.435870922,40.712248999
-4.435805860,40.712253697
-4.435804434,40.712254842
-4.435802786,40.712255801
-4.435800959,40.712256548
-4.435799000,40.712257065
-4.435796957,40.712257339
-4.435794883,40.712257362
-4.435792831,40.712257135
-4.435790852,40.712256662
-4.435788997,40.712255957
-4.435787312,40.712255036
-4.435721795,40.712259767
-4.435722913,40.712268733
-4.439007309,40.712031532
-4.439007495,40.712040567
-4.435819462,40.712270810
-4.437628830,40.712149194
-4.439007680,40.712049601
</coordinates>
      </LineString>
    </Placemark>
  </Document>
</kml>